Datetime,Exchange Netflow (Total)
2026-05-14T00:00:00Z,326030956.9704996
2026-05-13T00:00:00Z,-235826291.1794777
2026-05-12T00:00:00Z,-1362852694.2831395
2026-05-11T00:00:00Z,-194990934.59004146
2026-05-10T00:00:00Z,224942404.50201878
2026-05-09T00:00:00Z,-1021160866.3500661
2026-05-08T00:00:00Z,876863623.6349331
2026-05-07T00:00:00Z,414636137.7451978
2026-05-06T00:00:00Z,-176722374.0517903
2026-05-05T00:00:00Z,653802116.1050131
2026-05-04T00:00:00Z,587395016.7972423
2026-05-03T00:00:00Z,-365307945.70732135
2026-05-02T00:00:00Z,-304913092.2477345
2026-05-01T00:00:00Z,438756386.7374214
2026-04-30T00:00:00Z,-2125884466.6052313
2026-04-29T00:00:00Z,248671701.24174792
2026-04-28T00:00:00Z,-979408208.3251563
2026-04-27T00:00:00Z,763568.8061397673
2026-04-26T00:00:00Z,-117026799.84119734
2026-04-25T00:00:00Z,-203744621.6649546
2026-04-24T00:00:00Z,429202598.9288948
2026-04-23T00:00:00Z,-315464369.8414035
2026-04-22T00:00:00Z,374443902.8371107
2026-04-21T00:00:00Z,398143069.3613093
2026-04-20T00:00:00Z,71990883.78149956
2026-04-19T00:00:00Z,1047261.0149244535
2026-04-18T00:00:00Z,425953953.08645016
2026-04-17T00:00:00Z,679355162.2556067
2026-04-16T00:00:00Z,224383724.00555238
2026-04-15T00:00:00Z,-240217548.07977197
2026-04-14T00:00:00Z,440076230.99277264
2026-04-13T00:00:00Z,387836522.53473455
2026-04-12T00:00:00Z,100214152.79046455
2026-04-11T00:00:00Z,201124827.46879622
2026-04-10T00:00:00Z,449202920.19367164
2026-04-09T00:00:00Z,136624244.400864
2026-04-08T00:00:00Z,-31569153.388202403
2026-04-07T00:00:00Z,41745006.139475964
2026-04-06T00:00:00Z,157807953.15950623
2026-04-05T00:00:00Z,104596833.2668012
2026-04-04T00:00:00Z,-185952810.97293666
2026-04-03T00:00:00Z,622874329.1169801
2026-04-02T00:00:00Z,107731447.57138002
2026-04-01T00:00:00Z,-111516933.76505156
2026-03-31T00:00:00Z,224660316.15427956
2026-03-30T00:00:00Z,130308538.37715483
2026-03-29T00:00:00Z,-30646831.95150661
2026-03-28T00:00:00Z,341946613.6955062
2026-03-27T00:00:00Z,-122161230.64749177
2026-03-26T00:00:00Z,-229532475.967019
2026-03-25T00:00:00Z,-18856056.728616305
2026-03-24T00:00:00Z,131900742.5467272
2026-03-23T00:00:00Z,97813209.09510961
2026-03-22T00:00:00Z,-2260363361.644854
2026-03-21T00:00:00Z,-495569083.59282076
2026-03-20T00:00:00Z,-987345035.9954338
2026-03-19T00:00:00Z,-93965193.99504988
2026-03-18T00:00:00Z,243296595.96830058
2026-03-17T00:00:00Z,2359855435.6328125
2026-03-16T00:00:00Z,638549436.7375228
2026-03-15T00:00:00Z,-53524788.736760594
2026-03-14T00:00:00Z,-70987946.322149
2026-03-13T00:00:00Z,451377330.7002917
2026-03-12T00:00:00Z,-206355763.65145552
2026-03-11T00:00:00Z,-611924745.9728395
2026-03-10T00:00:00Z,1243541177.2629535
2026-03-09T00:00:00Z,756335566.3289604
2026-03-08T00:00:00Z,-1394471992.4356894
2026-03-07T00:00:00Z,-615075305.1884212
2026-03-06T00:00:00Z,157550239.8576504
2026-03-05T00:00:00Z,-565698995.4034935
2026-03-04T00:00:00Z,207077854.11307648
2026-03-03T00:00:00Z,1165610011.1532245
2026-03-02T00:00:00Z,251315550.87156725
2026-03-01T00:00:00Z,82427286.46937808
2026-02-28T00:00:00Z,48395243.7905919
2026-02-27T00:00:00Z,150680412.8145903
2026-02-26T00:00:00Z,-5257205.880609913
2026-02-25T00:00:00Z,46613795.7438487
2026-02-24T00:00:00Z,-6082431.046618924
2026-02-23T00:00:00Z,275889377.14856344
2026-02-22T00:00:00Z,-374850395.0608007
2026-02-21T00:00:00Z,110395921.64222431
2026-02-20T00:00:00Z,-555609146.1147038
2026-02-19T00:00:00Z,150474048.7354169
2026-02-18T00:00:00Z,8456300.121017206
2026-02-17T00:00:00Z,123563999.93228337
2026-02-16T00:00:00Z,30474883.74154778
2026-02-15T00:00:00Z,23896849.50801865
2026-02-14T00:00:00Z,-507396804.62001437
2026-02-13T00:00:00Z,154520719.3203425
2026-02-12T00:00:00Z,-1082870452.9751139
2026-02-11T00:00:00Z,-15312878.111857783
2026-02-10T00:00:00Z,-732903169.1972398
2026-02-09T00:00:00Z,808674414.8497471
2026-02-08T00:00:00Z,-299633177.6378538
2026-02-07T00:00:00Z,-336447704.5690094
2026-02-06T00:00:00Z,-690916048.2022684
2026-02-05T00:00:00Z,118913133.1902318
2026-02-04T00:00:00Z,-642704360.6457517
2026-02-03T00:00:00Z,-194695890.03478822
2026-02-02T00:00:00Z,598205698.0954382
2026-02-01T00:00:00Z,216205412.23701808
2026-01-31T00:00:00Z,-16789729.954780586
2026-01-30T00:00:00Z,249320512.3534183
2026-01-29T00:00:00Z,-772643761.9798533
2026-01-28T00:00:00Z,-76460591.97549143
2026-01-27T00:00:00Z,301804492.2793238
2026-01-26T00:00:00Z,-123357679.55168013
2026-01-25T00:00:00Z,-20754116.088599753
2026-01-24T00:00:00Z,-527958434.7226139
2026-01-23T00:00:00Z,-1380229607.097988
2026-01-22T00:00:00Z,-878468029.0530825
2026-01-21T00:00:00Z,-479366103.5526769
2026-01-20T00:00:00Z,-759898791.629043
2026-01-19T00:00:00Z,-582323253.4025854
2026-01-18T00:00:00Z,-87733473.59686211
2026-01-17T00:00:00Z,57781307.281221606
2026-01-16T00:00:00Z,452373256.963628
2026-01-15T00:00:00Z,175181299.86457995
2026-01-14T00:00:00Z,-93571320.81398687
2026-01-13T00:00:00Z,444174091.60747164
2026-01-12T00:00:00Z,-347614182.9775472
2026-01-11T00:00:00Z,-109028248.8930132
2026-01-10T00:00:00Z,-23071289.59697645
2026-01-09T00:00:00Z,-1621073949.7572043
2026-01-08T00:00:00Z,831504940.4997494
2026-01-07T00:00:00Z,402225173.10154516
2026-01-06T00:00:00Z,477540389.61854625
2026-01-05T00:00:00Z,-120003109.18724376
2026-01-04T00:00:00Z,239230788.86999884
2026-01-03T00:00:00Z,-275307669.29305243
2026-01-02T00:00:00Z,-133157319.84220964
2026-01-01T00:00:00Z,76259003.14778718
2025-12-31T00:00:00Z,-971303959.8828715
2025-12-30T00:00:00Z,186941915.95187432
2025-12-29T00:00:00Z,22323696.899177372
2025-12-28T00:00:00Z,140319813.0489675
2025-12-27T00:00:00Z,-82445996.18571968
2025-12-26T00:00:00Z,349079788.15072477
2025-12-25T00:00:00Z,81665707.63716067
2025-12-24T00:00:00Z,-90225088.11125685
2025-12-23T00:00:00Z,132547234.332929
2025-12-22T00:00:00Z,97801103.6134998
2025-12-21T00:00:00Z,67994081.54307565
2025-12-20T00:00:00Z,-132407043.37698185
2025-12-19T00:00:00Z,40003142.987608396
2025-12-18T00:00:00Z,-330406427.7646903
2025-12-17T00:00:00Z,313816003.3894936
2025-12-16T00:00:00Z,-341128006.1273634
2025-12-15T00:00:00Z,129069229.18920726
2025-12-14T00:00:00Z,-1045345951.051752
2025-12-13T00:00:00Z,221977380.11582828
2025-12-12T00:00:00Z,-22851502.922149546
2025-12-11T00:00:00Z,485241417.2508883
2025-12-10T00:00:00Z,-183505410.5031181
2025-12-09T00:00:00Z,800248911.3811854
2025-12-08T00:00:00Z,-390806031.11550015
2025-12-07T00:00:00Z,-121477364.23879932
2025-12-06T00:00:00Z,-495322470.19696224
2025-12-05T00:00:00Z,-986619933.9244068
2025-12-04T00:00:00Z,-274155214.3365148
2025-12-03T00:00:00Z,446687660.54369843
2025-12-02T00:00:00Z,322590348.0630837
2025-12-01T00:00:00Z,211496105.0550697
2025-11-30T00:00:00Z,-206506664.35617298
2025-11-29T00:00:00Z,-27856853.99172115
2025-11-28T00:00:00Z,-408595349.38045144
2025-11-27T00:00:00Z,116058830.59344733
2025-11-26T00:00:00Z,-48900167.8097583
2025-11-25T00:00:00Z,-381037170.9462023
2025-11-24T00:00:00Z,343107281.82337046
2025-11-23T00:00:00Z,-249733332.0606104
2025-11-22T00:00:00Z,488542146.1575998
2025-11-21T00:00:00Z,-83945710.88828827
2025-11-20T00:00:00Z,413988684.1295082
2025-11-19T00:00:00Z,-264483302.16117036
2025-11-18T00:00:00Z,116227256.31888537
2025-11-17T00:00:00Z,-352600395.0488829
2025-11-16T00:00:00Z,-670684966.6580505
2025-11-15T00:00:00Z,290149855.4458597
2025-11-14T00:00:00Z,-143790115.38817945
2025-11-13T00:00:00Z,-528666562.6234432
2025-11-12T00:00:00Z,84723495.14627856
2025-11-11T00:00:00Z,162562017.4191699
2025-11-10T00:00:00Z,1282782896.7012162
2025-11-09T00:00:00Z,-50372960.340678126
2025-11-08T00:00:00Z,-225681170.4920673
2025-11-07T00:00:00Z,-114222596.02494027
2025-11-06T00:00:00Z,35591579.23806487
2025-11-05T00:00:00Z,1745816142.6362908
2025-11-04T00:00:00Z,950266212.5675299
2025-11-03T00:00:00Z,-60945218.013776846
2025-11-02T00:00:00Z,-21339422.161757093
2025-11-01T00:00:00Z,241873377.4973548
2025-10-31T00:00:00Z,1765278771.26559
2025-10-30T00:00:00Z,483973734.29334664
2025-10-29T00:00:00Z,-179610151.08594498
2025-10-28T00:00:00Z,353447955.097123
2025-10-27T00:00:00Z,485628199.4554779
2025-10-26T00:00:00Z,-482109563.0263539
2025-10-25T00:00:00Z,107520985.44937517
2025-10-24T00:00:00Z,-48114441.80185776
2025-10-23T00:00:00Z,-474810614.9684283
2025-10-22T00:00:00Z,424572067.528738
2025-10-21T00:00:00Z,494996593.0362777
2025-10-20T00:00:00Z,252861500.71236154
2025-10-19T00:00:00Z,-246213260.92606407
2025-10-18T00:00:00Z,122805038.70519498
2025-10-17T00:00:00Z,649205131.1743207
2025-10-16T00:00:00Z,606017517.885166
2025-10-15T00:00:00Z,93840088.28816034
2025-10-14T00:00:00Z,1416298119.8223279
2025-10-13T00:00:00Z,-79291092.9366439
2025-10-12T00:00:00Z,-839225532.6336837
2025-10-11T00:00:00Z,734214462.5873947
2025-10-10T00:00:00Z,230701059.91550326
2025-10-09T00:00:00Z,748021374.4844979
2025-10-08T00:00:00Z,-293298142.9529902
2025-10-07T00:00:00Z,287195497.25176036
2025-10-06T00:00:00Z,329525149.58934796
2025-10-05T00:00:00Z,-163452098.03888923
2025-10-04T00:00:00Z,201817855.40359375
2025-10-03T00:00:00Z,652042103.7444814
2025-10-02T00:00:00Z,92605747.56513815
2025-10-01T00:00:00Z,687367811.964232
2025-09-30T00:00:00Z,208773827.6190333
2025-09-29T00:00:00Z,-491256044.69589436
2025-09-28T00:00:00Z,-369651524.96821874
2025-09-27T00:00:00Z,-156498427.70704198
2025-09-26T00:00:00Z,-471915367.18031496
2025-09-25T00:00:00Z,-1153169093.6670697
2025-09-24T00:00:00Z,-552612936.8750647
2025-09-23T00:00:00Z,-399211185.1391579
2025-09-22T00:00:00Z,930128770.2475536
2025-09-21T00:00:00Z,-211198624.82185304
2025-09-20T00:00:00Z,-367278693.4075161
2025-09-19T00:00:00Z,437577116.6963313
2025-09-18T00:00:00Z,726722127.991474
2025-09-17T00:00:00Z,187002677.64559907
2025-09-16T00:00:00Z,2428264831.3029213
2025-09-15T00:00:00Z,-188885367.64880463
2025-09-14T00:00:00Z,-32938999.910900924
2025-09-13T00:00:00Z,143655718.5736658
2025-09-12T00:00:00Z,816007397.739567
2025-09-11T00:00:00Z,-52922305.70741994
2025-09-10T00:00:00Z,168141430.05786037
2025-09-09T00:00:00Z,155628130.69666854
2025-09-08T00:00:00Z,271731156.1070068
2025-09-07T00:00:00Z,-1098696792.2574716
2025-09-06T00:00:00Z,-39684185.42875459
2025-09-05T00:00:00Z,156952535.0103111
2025-09-04T00:00:00Z,1893261806.2007358
2025-09-03T00:00:00Z,364443370.96274275
2025-09-02T00:00:00Z,-509776360.1099476
2025-09-01T00:00:00Z,-319267772.34866744
2025-08-31T00:00:00Z,101799625.38523023
2025-08-30T00:00:00Z,265534096.9201725
2025-08-29T00:00:00Z,167276826.37810615
2025-08-28T00:00:00Z,1087095031.9464667
2025-08-27T00:00:00Z,231275177.20091623
2025-08-26T00:00:00Z,945154013.7460637
2025-08-25T00:00:00Z,338233580.75016654
2025-08-24T00:00:00Z,-214174961.99768424
2025-08-23T00:00:00Z,-945014533.0496916
2025-08-22T00:00:00Z,657066476.715133
2025-08-21T00:00:00Z,246755816.80399463
2025-08-20T00:00:00Z,161995007.03090438
2025-08-19T00:00:00Z,-523393872.88795465
2025-08-18T00:00:00Z,271960477.5379747
2025-08-17T00:00:00Z,-267250929.76972988
2025-08-16T00:00:00Z,-402799765.3897082
2025-08-15T00:00:00Z,830259888.7990936
2025-08-14T00:00:00Z,1642633126.5204835
2025-08-13T00:00:00Z,153176477.28286177
2025-08-12T00:00:00Z,723865173.082086
2025-08-11T00:00:00Z,550076552.5964733
2025-08-10T00:00:00Z,-134144314.83611986
2025-08-09T00:00:00Z,-66237598.86466406
2025-08-08T00:00:00Z,-187381559.2506542
2025-08-07T00:00:00Z,231475648.7008826
2025-08-06T00:00:00Z,-1199245795.713557
2025-08-05T00:00:00Z,277811681.6089691
2025-08-04T00:00:00Z,-134362629.83459353
2025-08-03T00:00:00Z,50861570.7179633
2025-08-02T00:00:00Z,1195144.178696525
2025-08-01T00:00:00Z,-190221213.89728105
2025-07-31T00:00:00Z,-173019201.8457925
2025-07-30T00:00:00Z,147733310.6734197
2025-07-29T00:00:00Z,372866234.45923823
2025-07-28T00:00:00Z,-502841232.69636166
2025-07-27T00:00:00Z,-375347104.32733357
2025-07-26T00:00:00Z,92545441.31695683
2025-07-25T00:00:00Z,-1189898402.9036431
2025-07-24T00:00:00Z,431732992.5408193
2025-07-23T00:00:00Z,-521551403.0175288
2025-07-22T00:00:00Z,350871545.3408025
2025-07-21T00:00:00Z,481941741.88429266
2025-07-20T00:00:00Z,-786985732.2877563
2025-07-19T00:00:00Z,-488495477.7002899
2025-07-18T00:00:00Z,811140349.8001244
2025-07-17T00:00:00Z,223194409.37034154
2025-07-16T00:00:00Z,2779719812.2426095
2025-07-15T00:00:00Z,-1039329993.9418437
2025-07-14T00:00:00Z,-488149784.8122864
2025-07-13T00:00:00Z,-307079335.1783118
2025-07-12T00:00:00Z,558330396.2304801
2025-07-11T00:00:00Z,788724660.3699224
2025-07-10T00:00:00Z,314880537.7785147
2025-07-09T00:00:00Z,361450170.04090726
2025-07-08T00:00:00Z,-156557465.26493093
2025-07-07T00:00:00Z,-203258767.6746714
2025-07-06T00:00:00Z,96421501.27309574
2025-07-05T00:00:00Z,82001797.69656172
2025-07-04T00:00:00Z,-431433437.6026162
2025-07-03T00:00:00Z,499294721.0332123
2025-07-02T00:00:00Z,142431767.78482983
2025-07-01T00:00:00Z,-115397621.12419812
2025-06-30T00:00:00Z,284065901.3255717
2025-06-29T00:00:00Z,-70481150.63173927
2025-06-28T00:00:00Z,-46026798.47998673
2025-06-27T00:00:00Z,-530694489.2018258
2025-06-26T00:00:00Z,114989469.54798433
2025-06-25T00:00:00Z,82380206.27587304
2025-06-24T00:00:00Z,325695277.38082016
2025-06-23T00:00:00Z,-1217794974.1744857
2025-06-22T00:00:00Z,880052228.7319509
2025-06-21T00:00:00Z,311348904.55953515
2025-06-20T00:00:00Z,-354188252.0835502
2025-06-19T00:00:00Z,23992532.503318302
2025-06-18T00:00:00Z,-29321521.732581686
2025-06-17T00:00:00Z,309378329.3464353
2025-06-16T00:00:00Z,507729488.5100153
2025-06-15T00:00:00Z,-29342666.87318405
2025-06-14T00:00:00Z,-106049389.19598387
2025-06-13T00:00:00Z,696457268.1764299
2025-06-12T00:00:00Z,-365749107.6149128
2025-06-11T00:00:00Z,435813208.11556786
2025-06-10T00:00:00Z,-766416756.5342321
2025-06-09T00:00:00Z,682904401.5811368
2025-06-08T00:00:00Z,-162276875.58179337
2025-06-07T00:00:00Z,-43313040.79209907
2025-06-06T00:00:00Z,414592297.11057323
2025-06-05T00:00:00Z,-502951358.17991865
2025-06-04T00:00:00Z,2720321.7678862303
2025-06-03T00:00:00Z,425881585.9054017
2025-06-02T00:00:00Z,411553888.0695955
2025-06-01T00:00:00Z,265732598.3405219
2025-05-31T00:00:00Z,93091932.82779722
2025-05-30T00:00:00Z,-72291776.10753618
2025-05-29T00:00:00Z,-655671556.0863439
2025-05-28T00:00:00Z,-171021608.18873042
2025-05-27T00:00:00Z,170051994.98684928
2025-05-26T00:00:00Z,-224628831.37270445
2025-05-25T00:00:00Z,-6110342.34993175
2025-05-24T00:00:00Z,-71596298.14976226
2025-05-23T00:00:00Z,691119902.6376314
2025-05-22T00:00:00Z,-582218016.2266493
2025-05-21T00:00:00Z,1397586653.2282875
2025-05-20T00:00:00Z,339233792.27963203
2025-05-19T00:00:00Z,-233631436.153071
2025-05-18T00:00:00Z,-441666154.54341346
2025-05-17T00:00:00Z,-298820127.3263824
2025-05-16T00:00:00Z,1222561842.9805686
2025-05-15T00:00:00Z,-516684898.0535563
2025-05-14T00:00:00Z,453710956.85151017
2025-05-13T00:00:00Z,154839509.11181992
2025-05-12T00:00:00Z,242475887.6743646
2025-05-11T00:00:00Z,349464912.8287963
2025-05-10T00:00:00Z,-112228704.83613639
2025-05-09T00:00:00Z,-145242310.3432956
2025-05-08T00:00:00Z,-222885264.295449
2025-05-07T00:00:00Z,331862650.8798231
2025-05-06T00:00:00Z,691299022.9405502
2025-05-05T00:00:00Z,238572922.19946453
2025-05-04T00:00:00Z,-521662243.96242905
2025-05-03T00:00:00Z,-96852429.63408177
2025-05-02T00:00:00Z,-94540353.99497719
2025-05-01T00:00:00Z,254612051.98219252
2025-04-30T00:00:00Z,-173493818.08200946
2025-04-29T00:00:00Z,-33705634.77478936
2025-04-28T00:00:00Z,587239825.208092
2025-04-27T00:00:00Z,-289814887.90270203
2025-04-26T00:00:00Z,260369326.1638591
2025-04-25T00:00:00Z,349892760.8181508
2025-04-24T00:00:00Z,-208574991.64760956
2025-04-23T00:00:00Z,-238944315.46118513
2025-04-22T00:00:00Z,598047347.857398
2025-04-21T00:00:00Z,-6716380.881643286
2025-04-20T00:00:00Z,-77125694.80425854
2025-04-19T00:00:00Z,-67448531.15989345
2025-04-18T00:00:00Z,211704484.0701935
2025-04-17T00:00:00Z,266233072.72031897
2025-04-16T00:00:00Z,-51430658.13584715
2025-04-15T00:00:00Z,-285055724.9602119
2025-04-14T00:00:00Z,-163070225.99498576
2025-04-13T00:00:00Z,-338014112.3600596
2025-04-12T00:00:00Z,-144196210.8134728
2025-04-11T00:00:00Z,820597478.408893
2025-04-10T00:00:00Z,412661271.3704072
2025-04-09T00:00:00Z,355306606.66184455
2025-04-08T00:00:00Z,184010895.74159718
2025-04-07T00:00:00Z,-264587161.1556231
2025-04-06T00:00:00Z,-376000644.2041974
2025-04-05T00:00:00Z,-449359091.9913887
2025-04-04T00:00:00Z,20227569.094499595
2025-04-03T00:00:00Z,-590019848.6234672
2025-04-02T00:00:00Z,-190171143.8456144
2025-04-01T00:00:00Z,61703447.00407995
2025-03-31T00:00:00Z,-1636141102.9907725
2025-03-30T00:00:00Z,24491059.98339523
2025-03-29T00:00:00Z,-118812295.17020148
2025-03-28T00:00:00Z,-274564413.85508376
2025-03-27T00:00:00Z,993677230.491196
2025-03-26T00:00:00Z,-461783837.1296474
2025-03-25T00:00:00Z,366874811.116377
2025-03-24T00:00:00Z,-402377501.284988
2025-03-23T00:00:00Z,-233643014.50073746
2025-03-22T00:00:00Z,-109888932.57818398
2025-03-21T00:00:00Z,373968404.84385717
2025-03-20T00:00:00Z,31187486.406881936
2025-03-19T00:00:00Z,43516184.44923795
2025-03-18T00:00:00Z,-227285970.79478705
2025-03-17T00:00:00Z,-224430429.83498868
2025-03-16T00:00:00Z,97046158.30565001
2025-03-15T00:00:00Z,-36329396.38256614
2025-03-14T00:00:00Z,53140929.146888845
2025-03-13T00:00:00Z,-19304699.174468394
2025-03-12T00:00:00Z,371022838.8674275
2025-03-11T00:00:00Z,100048260.38796358
2025-03-10T00:00:00Z,-21354418.565148935
2025-03-09T00:00:00Z,133607539.40367898
2025-03-08T00:00:00Z,-76169137.93430875
2025-03-07T00:00:00Z,-322036602.04284817
2025-03-06T00:00:00Z,55559806.41036703
2025-03-05T00:00:00Z,156089666.9490279
2025-03-04T00:00:00Z,331673214.571995
2025-03-03T00:00:00Z,-526464312.20073605
2025-03-02T00:00:00Z,851929719.2884574
2025-03-01T00:00:00Z,169965195.4059431
2025-02-28T00:00:00Z,-248161248.57617474
2025-02-27T00:00:00Z,-135613865.6911921
2025-02-26T00:00:00Z,328276729.4163464
2025-02-25T00:00:00Z,-149671175.5185917
2025-02-24T00:00:00Z,-289188231.6824056
2025-02-23T00:00:00Z,-327396326.1281496
2025-02-22T00:00:00Z,-955247141.614422
2025-02-21T00:00:00Z,-20351443.474962596
2025-02-20T00:00:00Z,447341822.0323008
2025-02-19T00:00:00Z,139781692.6682057
2025-02-18T00:00:00Z,-262588110.2762759
2025-02-17T00:00:00Z,-41112502.507003725
2025-02-16T00:00:00Z,44180853.29849743
2025-02-15T00:00:00Z,-47479178.839310095
2025-02-14T00:00:00Z,-35476345.8417489
2025-02-13T00:00:00Z,200691520.18160912
2025-02-12T00:00:00Z,1038274848.8940638
2025-02-11T00:00:00Z,-243300121.97499278
2025-02-10T00:00:00Z,-247585604.10577118
2025-02-09T00:00:00Z,7633345.731305419
2025-02-08T00:00:00Z,-581467785.6405826
2025-02-07T00:00:00Z,-193002462.49158058
2025-02-06T00:00:00Z,-238247042.92069483
2025-02-05T00:00:00Z,268648472.43384045
2025-02-04T00:00:00Z,240836873.0721592
2025-02-03T00:00:00Z,824972004.5800374
2025-02-02T00:00:00Z,157038950.80586377
2025-02-01T00:00:00Z,-226985317.78535792
2025-01-31T00:00:00Z,-222808521.1387193
2025-01-30T00:00:00Z,282251280.5856322
2025-01-29T00:00:00Z,38699300.95786991
2025-01-28T00:00:00Z,-516280175.3368288
2025-01-27T00:00:00Z,-150230809.77596468
2025-01-26T00:00:00Z,183017556.63051683
2025-01-25T00:00:00Z,-370396046.11705613
2025-01-24T00:00:00Z,246105913.25773948
2025-01-23T00:00:00Z,313509034.99200785
2025-01-22T00:00:00Z,-370437258.456856
2025-01-21T00:00:00Z,242438648.23644507
2025-01-20T00:00:00Z,-391284323.99322534
2025-01-19T00:00:00Z,-486675587.2003064
2025-01-18T00:00:00Z,-483395289.48047763
2025-01-17T00:00:00Z,616288370.299379
2025-01-16T00:00:00Z,243682053.59231234
2025-01-15T00:00:00Z,381194805.3612068
2025-01-14T00:00:00Z,113580438.61303481
2025-01-13T00:00:00Z,261967970.49111903
2025-01-12T00:00:00Z,-15753513.515610024
2025-01-11T00:00:00Z,-165642007.64184606
2025-01-10T00:00:00Z,99862162.76653336
2025-01-09T00:00:00Z,-47103183.92860433
2025-01-08T00:00:00Z,-398767128.5985423
2025-01-07T00:00:00Z,262795067.9517879
2025-01-06T00:00:00Z,398692083.4658151
2025-01-05T00:00:00Z,54783844.321753725
2025-01-04T00:00:00Z,-107882215.3886112
2025-01-03T00:00:00Z,311124974.35704535
2025-01-02T00:00:00Z,-99294916.83349551
2025-01-01T00:00:00Z,27676554.54083181
2024-12-31T00:00:00Z,-530209295.73580974
2024-12-30T00:00:00Z,591088570.5323205
2024-12-29T00:00:00Z,147439788.89090928
2024-12-28T00:00:00Z,-129369379.1809965
2024-12-27T00:00:00Z,364644092.40166074
2024-12-26T00:00:00Z,90001709.53281279
2024-12-25T00:00:00Z,-98157675.00139093
2024-12-24T00:00:00Z,-95403494.98592472
2024-12-23T00:00:00Z,-677083816.9250613
2024-12-22T00:00:00Z,-254265364.48844218
2024-12-21T00:00:00Z,-166208383.08880177
2024-12-20T00:00:00Z,486262161.5509568
2024-12-19T00:00:00Z,-132210088.32437585
2024-12-18T00:00:00Z,-320267844.68798584
2024-12-17T00:00:00Z,-5180611.592342529
2024-12-16T00:00:00Z,-249451769.5509703
2024-12-15T00:00:00Z,140426281.54460245
2024-12-14T00:00:00Z,-189987836.56960198
2024-12-13T00:00:00Z,901439085.9153944
2024-12-12T00:00:00Z,-77677159.6942833
2024-12-11T00:00:00Z,1082138412.050422
2024-12-10T00:00:00Z,686615906.0364007
2024-12-09T00:00:00Z,-51726840.67684709
2024-12-08T00:00:00Z,-95710797.81684972
2024-12-07T00:00:00Z,339977509.7179293
2024-12-06T00:00:00Z,1213687308.4969938
2024-12-05T00:00:00Z,333641498.0924786
2024-12-04T00:00:00Z,598551619.3380443
2024-12-03T00:00:00Z,520544592.68200374
2024-12-02T00:00:00Z,163825513.28657964
2024-12-01T00:00:00Z,147625171.35519648
2024-11-30T00:00:00Z,-110489893.94733155
2024-11-29T00:00:00Z,474390101.15242314
2024-11-28T00:00:00Z,514219226.80997604
2024-11-27T00:00:00Z,1321867025.2964518
2024-11-26T00:00:00Z,17952453.83279983
2024-11-25T00:00:00Z,-126638312.49333565
2024-11-24T00:00:00Z,241716695.0302823
2024-11-23T00:00:00Z,406514876.9163081
2024-11-22T00:00:00Z,1502028219.551959
2024-11-21T00:00:00Z,-388069671.34870964
2024-11-20T00:00:00Z,1048311158.9781761
2024-11-19T00:00:00Z,81128374.40974686
2024-11-18T00:00:00Z,1605344543.3114977
2024-11-17T00:00:00Z,11709672.523789281
2024-11-16T00:00:00Z,198927603.83051714
2024-11-15T00:00:00Z,30892090.43002299
2024-11-14T00:00:00Z,496344494.99522156
2024-11-13T00:00:00Z,910136909.4267871
2024-11-12T00:00:00Z,1781783757.3650272
2024-11-11T00:00:00Z,692689001.9406922
2024-11-10T00:00:00Z,329867868.4386606
2024-11-09T00:00:00Z,209805469.0616545
2024-11-08T00:00:00Z,904789215.3977532
2024-11-07T00:00:00Z,194548084.14747876
2024-11-06T00:00:00Z,2032758650.1822984
2024-11-05T00:00:00Z,197287961.00255692
2024-11-04T00:00:00Z,467258649.5695775
2024-11-03T00:00:00Z,19150088.726571783
2024-11-02T00:00:00Z,-27803267.6731994
2024-11-01T00:00:00Z,222270582.0741741
2024-10-31T00:00:00Z,-138628565.1261122
2024-10-30T00:00:00Z,-184611257.65397695
2024-10-29T00:00:00Z,260594485.16771173
2024-10-28T00:00:00Z,274162213.52462006
2024-10-27T00:00:00Z,24665106.14587613
2024-10-26T00:00:00Z,-43108069.29333292
2024-10-25T00:00:00Z,538151018.8624318
2024-10-24T00:00:00Z,-38130163.26505319
2024-10-23T00:00:00Z,-415395472.6022537
2024-10-22T00:00:00Z,-4840716.479731574
2024-10-21T00:00:00Z,-138165968.8747959
2024-10-20T00:00:00Z,-16069885.025239216
2024-10-19T00:00:00Z,25267043.718881436
2024-10-18T00:00:00Z,289804053.4996331
2024-10-17T00:00:00Z,17387306.742068622
2024-10-16T00:00:00Z,167173144.00092417
2024-10-15T00:00:00Z,238626654.557153
2024-10-14T00:00:00Z,149128404.86534724
2024-10-13T00:00:00Z,-9490349.758794116
2024-10-12T00:00:00Z,30523478.6089996
2024-10-11T00:00:00Z,592602858.8023076
2024-10-10T00:00:00Z,-12437450.98330921
2024-10-09T00:00:00Z,-441835213.2894263
2024-10-08T00:00:00Z,-220622578.38915375
2024-10-07T00:00:00Z,-51526349.064313404
2024-10-06T00:00:00Z,-12095395.607244382
2024-10-05T00:00:00Z,22639046.940167673
2024-10-04T00:00:00Z,227571631.46561497
2024-10-03T00:00:00Z,3577672.9839588474
2024-10-02T00:00:00Z,124412996.10928175
2024-10-01T00:00:00Z,-31153892.626256604
2024-09-30T00:00:00Z,-352443640.5471644
2024-09-29T00:00:00Z,-155535725.0751131
2024-09-28T00:00:00Z,174566582.16182482
2024-09-27T00:00:00Z,31352166.345879506
2024-09-26T00:00:00Z,286767252.9238412
2024-09-25T00:00:00Z,41929979.2267249
2024-09-24T00:00:00Z,221641742.0671556
2024-09-23T00:00:00Z,-74512150.01732214
2024-09-22T00:00:00Z,-42977801.546253815
2024-09-21T00:00:00Z,88136242.06388475
2024-09-20T00:00:00Z,-336381987.44623387
2024-09-19T00:00:00Z,-87133477.4340514
2024-09-18T00:00:00Z,-174120224.19720325
2024-09-17T00:00:00Z,301314607.3442199
2024-09-16T00:00:00Z,-113863995.2675966
2024-09-15T00:00:00Z,-32667583.810672756
2024-09-14T00:00:00Z,-70960554.54455099
2024-09-13T00:00:00Z,-30020791.396532886
2024-09-12T00:00:00Z,-131074388.12382524
2024-09-11T00:00:00Z,134863944.1357593
2024-09-10T00:00:00Z,531764943.6210606
2024-09-09T00:00:00Z,199409536.24261004
2024-09-08T00:00:00Z,57271231.09751813
2024-09-07T00:00:00Z,174555873.9899771
2024-09-06T00:00:00Z,-240559837.2137347
2024-09-05T00:00:00Z,-84166066.62933607
2024-09-04T00:00:00Z,332686294.74427277
2024-09-03T00:00:00Z,-189039505.13032418
2024-09-02T00:00:00Z,18583351.59831017
2024-09-01T00:00:00Z,38252744.855601996
2024-08-31T00:00:00Z,-74731374.34080912
2024-08-30T00:00:00Z,-278161562.5895206
2024-08-29T00:00:00Z,269092647.41769713
2024-08-28T00:00:00Z,127619116.21998358
2024-08-27T00:00:00Z,-173139119.13194543
2024-08-26T00:00:00Z,-16986322.945856504
2024-08-25T00:00:00Z,177577813.55534664
2024-08-24T00:00:00Z,-906252.0553066024
2024-08-23T00:00:00Z,295464820.5835248
2024-08-22T00:00:00Z,-52764800.393834494
2024-08-21T00:00:00Z,75057768.46393399
2024-08-20T00:00:00Z,287702123.8891134
2024-08-19T00:00:00Z,200784913.40221542
2024-08-18T00:00:00Z,-34506055.00868093
2024-08-17T00:00:00Z,186522236.2712994
2024-08-16T00:00:00Z,291258529.83896995
2024-08-15T00:00:00Z,167944306.74655586
2024-08-14T00:00:00Z,291364763.448689
2024-08-13T00:00:00Z,351261570.843223
2024-08-12T00:00:00Z,164820941.53693113
2024-08-11T00:00:00Z,-29931399.479087334
2024-08-10T00:00:00Z,-31575864.142217472
2024-08-09T00:00:00Z,221431641.57885623
2024-08-08T00:00:00Z,558421438.4894775
2024-08-07T00:00:00Z,523984866.5926144
2024-08-06T00:00:00Z,691368856.6558136
2024-08-05T00:00:00Z,91296974.39353912
2024-08-04T00:00:00Z,48413272.31516111
2024-08-03T00:00:00Z,86531756.44281162
2024-08-02T00:00:00Z,-294758949.374284
2024-08-01T00:00:00Z,-390700829.00750315
2024-07-31T00:00:00Z,-249886361.51041168
2024-07-30T00:00:00Z,-150726736.23069838
2024-07-29T00:00:00Z,-366919649.0615774
2024-07-28T00:00:00Z,1848802.7937578622
2024-07-27T00:00:00Z,156870340.3685475
2024-07-26T00:00:00Z,265129475.86715043
2024-07-25T00:00:00Z,-167378094.61329347
2024-07-24T00:00:00Z,-62380700.94146382
2024-07-23T00:00:00Z,-163778472.56376988
2024-07-22T00:00:00Z,-79843072.1156234
2024-07-21T00:00:00Z,72885470.71563125
2024-07-20T00:00:00Z,10606234.76776021
2024-07-19T00:00:00Z,196322577.80217063
2024-07-18T00:00:00Z,10315219.490050072
2024-07-17T00:00:00Z,102344222.05806768
2024-07-16T00:00:00Z,367429876.32271224
2024-07-15T00:00:00Z,215842594.65105122
2024-07-14T00:00:00Z,42207964.08619162
2024-07-13T00:00:00Z,3519459.3748615403
2024-07-12T00:00:00Z,-45737822.03979559
2024-07-11T00:00:00Z,-86280949.75948697
2024-07-10T00:00:00Z,41604542.59602402
2024-07-09T00:00:00Z,-98738618.420583
2024-07-08T00:00:00Z,66610068.159265295
2024-07-07T00:00:00Z,22020563.550901785
2024-07-06T00:00:00Z,207888370.94568297
2024-07-05T00:00:00Z,461254971.40986556
2024-07-04T00:00:00Z,-27696684.37886145
2024-07-03T00:00:00Z,-8630590.68182879
2024-07-02T00:00:00Z,-6535407.549958817
2024-07-01T00:00:00Z,89112032.50837506
2024-06-30T00:00:00Z,-161900529.6555427
2024-06-29T00:00:00Z,110798521.65098654
2024-06-28T00:00:00Z,-29145266.147419643
2024-06-27T00:00:00Z,-155535524.21636668
2024-06-26T00:00:00Z,48602805.00681438
2024-06-25T00:00:00Z,-30237946.774345905
2024-06-24T00:00:00Z,-276381854.86351955
2024-06-23T00:00:00Z,-17747716.186194897
2024-06-22T00:00:00Z,-88033526.45538823
2024-06-21T00:00:00Z,-38477968.44630786
2024-06-20T00:00:00Z,70412946.52869003
2024-06-19T00:00:00Z,-83685624.04054217
2024-06-18T00:00:00Z,346320714.8223368
2024-06-17T00:00:00Z,458337732.7725206
2024-06-16T00:00:00Z,-56618779.9664488
2024-06-15T00:00:00Z,-127067887.90071443
2024-06-14T00:00:00Z,-19488118.648087468
2024-06-13T00:00:00Z,29612481.349433783
2024-06-12T00:00:00Z,175838883.63042
2024-06-11T00:00:00Z,87282799.43108983
2024-06-10T00:00:00Z,31047913.495896585
2024-06-09T00:00:00Z,-113356705.18143988
2024-06-08T00:00:00Z,-102576743.98050155
2024-06-07T00:00:00Z,-190902899.44754985
2024-06-06T00:00:00Z,111840946.21967815
2024-06-05T00:00:00Z,-4366491.726700741
2024-06-04T00:00:00Z,152089558.3499022
2024-06-03T00:00:00Z,219724879.74642238
2024-06-02T00:00:00Z,-53434253.56305683
2024-06-01T00:00:00Z,-41412316.46448081
2024-05-31T00:00:00Z,6649955.985526541
2024-05-30T00:00:00Z,195737785.65629333
2024-05-29T00:00:00Z,-148518904.8646342
2024-05-28T00:00:00Z,-198546859.74093363
2024-05-27T00:00:00Z,-99492973.99080347
2024-05-26T00:00:00Z,-181279245.18460763
2024-05-25T00:00:00Z,-12597750.474608844
2024-05-24T00:00:00Z,387822194.22361726
2024-05-23T00:00:00Z,-178072681.24827248
2024-05-22T00:00:00Z,-28490517.332531054
2024-05-21T00:00:00Z,-516783247.62683547
2024-05-20T00:00:00Z,45117383.26351475
2024-05-19T00:00:00Z,102315674.12626098
2024-05-18T00:00:00Z,6619860.411684375
2024-05-17T00:00:00Z,149687926.10164025
2024-05-16T00:00:00Z,306242029.6772818
2024-05-15T00:00:00Z,608175224.3385104
2024-05-14T00:00:00Z,102336568.10036358
2024-05-13T00:00:00Z,-36874079.38743191
2024-05-12T00:00:00Z,-48874666.97944197
2024-05-11T00:00:00Z,25723919.762651365
2024-05-10T00:00:00Z,-241510690.09813297
2024-05-09T00:00:00Z,-188617273.72133267
2024-05-08T00:00:00Z,-63233212.06218064
2024-05-07T00:00:00Z,-48294124.67803196
2024-05-06T00:00:00Z,-109016477.0126655
2024-05-05T00:00:00Z,46242224.06893396
2024-05-04T00:00:00Z,-323654736.4088702
2024-05-03T00:00:00Z,330057046.9745571
2024-05-02T00:00:00Z,358771130.16928047
2024-05-01T00:00:00Z,-150652103.09694397
2024-04-30T00:00:00Z,-365841370.2820053
2024-04-29T00:00:00Z,-4200590.934401439
2024-04-28T00:00:00Z,-77341678.04242261
2024-04-27T00:00:00Z,-170781392.38224095
2024-04-26T00:00:00Z,-151033056.77145445
2024-04-25T00:00:00Z,-737240409.9178365
2024-04-24T00:00:00Z,-551050599.4860967
2024-04-23T00:00:00Z,84690525.84154436
2024-04-22T00:00:00Z,181315072.9663865
2024-04-21T00:00:00Z,102077.89116890327
2024-04-20T00:00:00Z,-266837812.8741478
2024-04-19T00:00:00Z,335204150.9758469
2024-04-18T00:00:00Z,984524563.1039594
2024-04-17T00:00:00Z,131958181.60125393
2024-04-16T00:00:00Z,-58768541.33452501
2024-04-15T00:00:00Z,151791269.50577754
2024-04-14T00:00:00Z,305728631.6987156
2024-04-13T00:00:00Z,187202130.48095307
2024-04-12T00:00:00Z,-332594084.068132
2024-04-11T00:00:00Z,27955724.007781498
2024-04-10T00:00:00Z,-153969237.57691273
2024-04-09T00:00:00Z,87445474.64090677
2024-04-08T00:00:00Z,-385768335.95687914
2024-04-07T00:00:00Z,174608525.93029281
2024-04-06T00:00:00Z,-29240507.279411145
2024-04-05T00:00:00Z,-236858875.91206995
2024-04-04T00:00:00Z,121312149.7032019
2024-04-03T00:00:00Z,604501069.5185823
2024-04-02T00:00:00Z,-108345666.03982708
2024-04-01T00:00:00Z,-239991820.1904017
2024-03-31T00:00:00Z,-250748299.52877554
2024-03-30T00:00:00Z,54115034.862601936
2024-03-29T00:00:00Z,-359409423.61161226
2024-03-28T00:00:00Z,-55190490.79325062
2024-03-27T00:00:00Z,-550387497.1260738
2024-03-26T00:00:00Z,-441102843.8976989
2024-03-25T00:00:00Z,386776641.9092739
2024-03-24T00:00:00Z,-104818790.63942324
2024-03-23T00:00:00Z,-21510730.26969803
2024-03-22T00:00:00Z,-193301933.81534952
2024-03-21T00:00:00Z,388854703.76920676
2024-03-20T00:00:00Z,157199066.60840318
2024-03-19T00:00:00Z,13235098.961548079
2024-03-18T00:00:00Z,-9885271.475615276
2024-03-17T00:00:00Z,-31941213.245508604
2024-03-16T00:00:00Z,102112590.31187035
2024-03-15T00:00:00Z,271650112.46270305
2024-03-14T00:00:00Z,-175540900.542501
2024-03-13T00:00:00Z,365594311.0957492
2024-03-12T00:00:00Z,97052661.09325328
2024-03-11T00:00:00Z,-30915634.086858355
2024-03-10T00:00:00Z,8789464.068903048
2024-03-09T00:00:00Z,583670574.5208278
2024-03-08T00:00:00Z,610011116.0810192
2024-03-07T00:00:00Z,429323843.9688178
2024-03-06T00:00:00Z,321153233.7189577
2024-03-05T00:00:00Z,-68527867.04146928
2024-03-04T00:00:00Z,228876947.95260638
2024-03-03T00:00:00Z,115341590.74442245
2024-03-02T00:00:00Z,181666314.35937586
2024-03-01T00:00:00Z,201738199.350912
2024-02-29T00:00:00Z,-92450803.66850457
2024-02-28T00:00:00Z,186841310.9400893
2024-02-27T00:00:00Z,216239512.66893286
2024-02-26T00:00:00Z,199357463.32637608
2024-02-25T00:00:00Z,-27508208.029353566
2024-02-24T00:00:00Z,-13001834.95359091
2024-02-23T00:00:00Z,-115931013.4853442
2024-02-22T00:00:00Z,-205422655.1698676
2024-02-21T00:00:00Z,-311361289.2889185
2024-02-20T00:00:00Z,-7675099.664981588
2024-02-19T00:00:00Z,-26990549.21455376
2024-02-18T00:00:00Z,-106301554.22269809
2024-02-17T00:00:00Z,-3906685.5517748
2024-02-16T00:00:00Z,75514543.1202757
2024-02-15T00:00:00Z,304023807.4686923
2024-02-14T00:00:00Z,297980223.4397617
2024-02-13T00:00:00Z,-148441108.72825015
2024-02-12T00:00:00Z,-35699384.4304771
2024-02-11T00:00:00Z,-6277233.440675036
2024-02-10T00:00:00Z,38876459.124130845
2024-02-09T00:00:00Z,-362178557.3283591
2024-02-08T00:00:00Z,378547920.9142958
2024-02-07T00:00:00Z,72161297.23897615
2024-02-06T00:00:00Z,21283887.44314497
2024-02-05T00:00:00Z,-1855365.2164353742
2024-02-04T00:00:00Z,46182365.32490167
2024-02-03T00:00:00Z,63970514.00816549
2024-02-02T00:00:00Z,-108743671.6352773
2024-02-01T00:00:00Z,-201868492.44181675
2024-01-31T00:00:00Z,174285536.80749512
2024-01-30T00:00:00Z,-322553706.0181866
2024-01-29T00:00:00Z,18458210.1451737
2024-01-28T00:00:00Z,64661514.76637429
2024-01-27T00:00:00Z,16795964.508779515
2024-01-26T00:00:00Z,468295379.1154026
2024-01-25T00:00:00Z,81114127.4240415
2024-01-24T00:00:00Z,121110798.33201003
2024-01-23T00:00:00Z,-39057156.33060203
2024-01-22T00:00:00Z,3347004.246686713
2024-01-21T00:00:00Z,-112513959.96743588
2024-01-20T00:00:00Z,-222222803.84878623
2024-01-19T00:00:00Z,-481385843.95108736
2024-01-18T00:00:00Z,-206108709.8317141
2024-01-17T00:00:00Z,225523748.4412666
2024-01-16T00:00:00Z,215065561.84372342
2024-01-15T00:00:00Z,-4043795.616150608
2024-01-14T00:00:00Z,51731686.68486906
2024-01-13T00:00:00Z,-59818599.27315704
2024-01-12T00:00:00Z,-232898072.78844938
2024-01-11T00:00:00Z,41536128.38013239
2024-01-10T00:00:00Z,-93769800.97230625
2024-01-09T00:00:00Z,-43847300.201106235
2024-01-08T00:00:00Z,17536469.48659146
2024-01-07T00:00:00Z,217685656.27442276
2024-01-06T00:00:00Z,14528438.929658312
2024-01-05T00:00:00Z,363753787.88921744
2024-01-04T00:00:00Z,283375051.39686793
2024-01-03T00:00:00Z,485714599.7031593
2024-01-02T00:00:00Z,570732668.2442396
2024-01-01T00:00:00Z,-171067284.22350204
2023-12-31T00:00:00Z,-126139444.6920164
2023-12-30T00:00:00Z,-89962971.46314831
2023-12-29T00:00:00Z,-36283277.94648301
2023-12-28T00:00:00Z,279506037.54019827
2023-12-27T00:00:00Z,213358894.29572526
2023-12-26T00:00:00Z,-194368851.61810726
2023-12-25T00:00:00Z,102003619.99935263
2023-12-24T00:00:00Z,47640597.400376834
2023-12-23T00:00:00Z,133304527.44033921
2023-12-22T00:00:00Z,132181526.3710633
2023-12-21T00:00:00Z,34373762.58149615
2023-12-20T00:00:00Z,121803368.03329341
2023-12-19T00:00:00Z,36572829.01517074
2023-12-18T00:00:00Z,-103828041.72723974
2023-12-17T00:00:00Z,10984785.211831124
2023-12-16T00:00:00Z,-29158155.021759707
2023-12-15T00:00:00Z,-100736703.71680665
2023-12-14T00:00:00Z,45216143.80342374
2023-12-13T00:00:00Z,-8000919.714516695
2023-12-12T00:00:00Z,-215706241.22594965
2023-12-11T00:00:00Z,-67168524.5145148
2023-12-10T00:00:00Z,-119912998.62206511
2023-12-09T00:00:00Z,38677158.28646451
2023-12-08T00:00:00Z,240864027.74601865
2023-12-07T00:00:00Z,96992845.42691271
2023-12-06T00:00:00Z,-95844883.07866845
2023-12-05T00:00:00Z,36174891.62497046
2023-12-04T00:00:00Z,-34909181.184778884
2023-12-03T00:00:00Z,191502682.05263776
2023-12-02T00:00:00Z,-67938480.00024714
2023-12-01T00:00:00Z,183853754.1813865
2023-11-30T00:00:00Z,-82608314.05626282
2023-11-29T00:00:00Z,12474350.700795196
2023-11-28T00:00:00Z,149710919.053247
2023-11-27T00:00:00Z,-131425359.56322235
2023-11-26T00:00:00Z,-7643890.930587616
2023-11-25T00:00:00Z,-2849498.2812410076
2023-11-24T00:00:00Z,213140283.33681053
2023-11-23T00:00:00Z,179047773.13559568
2023-11-22T00:00:00Z,-37143591.60559635
2023-11-21T00:00:00Z,-139327038.25302938
2023-11-20T00:00:00Z,126432492.11250965
2023-11-19T00:00:00Z,42808218.79286455
2023-11-18T00:00:00Z,67967666.04765882
2023-11-17T00:00:00Z,7050003.6694585
2023-11-16T00:00:00Z,16792345.920996234
2023-11-15T00:00:00Z,45379994.33015443
2023-11-14T00:00:00Z,11172008.918763319
2023-11-13T00:00:00Z,-182805266.58211112
2023-11-12T00:00:00Z,22627894.55461271
2023-11-11T00:00:00Z,-44504509.084690616
2023-11-10T00:00:00Z,157240571.18405557
2023-11-09T00:00:00Z,-12996007.639418667
2023-11-08T00:00:00Z,-22052841.2099529
2023-11-07T00:00:00Z,48089843.33201466
2023-11-06T00:00:00Z,22374084.50989053
2023-11-05T00:00:00Z,29756337.337852746
2023-11-04T00:00:00Z,81489085.71517688
2023-11-03T00:00:00Z,99931473.97498181
2023-11-02T00:00:00Z,338410.7493628759
2023-11-01T00:00:00Z,19625086.383882787
2023-10-31T00:00:00Z,-245925634.59468287
2023-10-30T00:00:00Z,-32585317.84076474
2023-10-29T00:00:00Z,29696157.91374113
2023-10-28T00:00:00Z,19361326.98998752
2023-10-27T00:00:00Z,-45568360.75073791
2023-10-26T00:00:00Z,-29775133.995976806
2023-10-25T00:00:00Z,55930793.901416674
2023-10-24T00:00:00Z,-213754019.7439664
2023-10-23T00:00:00Z,122212252.66233741
2023-10-22T00:00:00Z,131679381.17653853
2023-10-21T00:00:00Z,-10742210.106755553
2023-10-20T00:00:00Z,83979539.43355606
2023-10-19T00:00:00Z,34149751.91206376
2023-10-18T00:00:00Z,-22542098.116768517
2023-10-17T00:00:00Z,44509734.89041735
2023-10-16T00:00:00Z,243518122.34103274
2023-10-15T00:00:00Z,95841951.7729974
2023-10-14T00:00:00Z,18144097.532426987
2023-10-13T00:00:00Z,-45420987.0192865
2023-10-12T00:00:00Z,-57906698.497564904
2023-10-11T00:00:00Z,-138910594.87464154
2023-10-10T00:00:00Z,-27108806.07987111
2023-10-09T00:00:00Z,13993486.093022095
2023-10-08T00:00:00Z,-291176.3520135895
2023-10-07T00:00:00Z,7446917.704571246
2023-10-06T00:00:00Z,-15125510.019461531
2023-10-05T00:00:00Z,82429247.89059067
2023-10-04T00:00:00Z,-105086082.67317137
2023-10-03T00:00:00Z,-129518469.59397632
2023-10-02T00:00:00Z,324179020.4542622
2023-10-01T00:00:00Z,24109997.06924353
2023-09-30T00:00:00Z,75124010.55740868
2023-09-29T00:00:00Z,-140787231.27401516
2023-09-28T00:00:00Z,165750583.6853107
2023-09-27T00:00:00Z,-82241111.10087131
2023-09-26T00:00:00Z,2201723.093913978
2023-09-25T00:00:00Z,-172980575.6891987
2023-09-24T00:00:00Z,-15143760.813256277
2023-09-23T00:00:00Z,-11265488.16747663
2023-09-22T00:00:00Z,-36931127.80605696
2023-09-21T00:00:00Z,-95567806.31576107
2023-09-20T00:00:00Z,-129063608.88395101
2023-09-19T00:00:00Z,126153893.59218413
2023-09-18T00:00:00Z,-34272085.15203228
2023-09-17T00:00:00Z,10618909.964062138
2023-09-16T00:00:00Z,42249251.75945336
2023-09-15T00:00:00Z,-172014518.51652864
2023-09-14T00:00:00Z,101394064.52354248
2023-09-13T00:00:00Z,35504378.97050336
2023-09-12T00:00:00Z,-118665131.81279023
2023-09-11T00:00:00Z,120103777.37020957
2023-09-10T00:00:00Z,24405936.25275919
2023-09-09T00:00:00Z,49794125.17535136
2023-09-08T00:00:00Z,-13102193.463053906
2023-09-07T00:00:00Z,-151102193.25236654
2023-09-06T00:00:00Z,-109426418.79955618
2023-09-05T00:00:00Z,-91974064.89044642
2023-09-04T00:00:00Z,15035130.603844302
2023-09-03T00:00:00Z,45089857.19370616
2023-09-02T00:00:00Z,-22572857.275013715
2023-09-01T00:00:00Z,-134404775.26799887
2023-08-31T00:00:00Z,-191805749.03737065
2023-08-30T00:00:00Z,23913158.82918382
2023-08-29T00:00:00Z,303388214.32917863
2023-08-28T00:00:00Z,215211482.94347715
2023-08-27T00:00:00Z,2843902.634150812
2023-08-26T00:00:00Z,64379219.27972461
2023-08-25T00:00:00Z,-130925862.30424921
2023-08-24T00:00:00Z,-70229530.72039561
2023-08-23T00:00:00Z,157385585.10685173
2023-08-22T00:00:00Z,-5918148.027397073
2023-08-21T00:00:00Z,104919026.79445608
2023-08-20T00:00:00Z,29104216.25541929
2023-08-19T00:00:00Z,181165812.18839976
2023-08-18T00:00:00Z,-57736674.656327024
2023-08-17T00:00:00Z,-187960941.5502225
2023-08-16T00:00:00Z,-20927047.351805445
2023-08-15T00:00:00Z,57797298.67003864
2023-08-14T00:00:00Z,-75545580.09109767
2023-08-13T00:00:00Z,-25243006.97981772
2023-08-12T00:00:00Z,-14680031.837203268
2023-08-11T00:00:00Z,36861627.601594
2023-08-10T00:00:00Z,-183851971.57312182
2023-08-09T00:00:00Z,-23559071.266625177
2023-08-08T00:00:00Z,202756808.6621266
2023-08-07T00:00:00Z,-13502187.889880067
2023-08-06T00:00:00Z,-69817978.93445203
2023-08-05T00:00:00Z,-22643657.620327555
2023-08-04T00:00:00Z,-241966261.3537057
2023-08-03T00:00:00Z,112094243.95593517
2023-08-02T00:00:00Z,-45120664.64498622
2023-08-01T00:00:00Z,-17824255.703110877
2023-07-31T00:00:00Z,-80996961.11549224
2023-07-30T00:00:00Z,25087563.55427927
2023-07-29T00:00:00Z,114083344.82364842
2023-07-28T00:00:00Z,-15233714.5982231
2023-07-27T00:00:00Z,51252730.897416
2023-07-26T00:00:00Z,63441163.91561795
2023-07-25T00:00:00Z,32954732.22521186
2023-07-24T00:00:00Z,-15341452.114073107
2023-07-23T00:00:00Z,-19417641.30905936
2023-07-22T00:00:00Z,88612829.79523994
2023-07-21T00:00:00Z,30894129.491263214
2023-07-20T00:00:00Z,69223346.37707514
2023-07-19T00:00:00Z,54176656.55328481
2023-07-18T00:00:00Z,-106605303.18453841
2023-07-17T00:00:00Z,-154017320.7396128
2023-07-16T00:00:00Z,68076527.89414497
2023-07-15T00:00:00Z,-36808430.01321879
2023-07-14T00:00:00Z,42350016.50391304
2023-07-13T00:00:00Z,160039580.87053543
2023-07-12T00:00:00Z,-308661060.637611
2023-07-11T00:00:00Z,127668645.18193029
2023-07-10T00:00:00Z,-31453405.539957818
2023-07-09T00:00:00Z,17886822.804603767
2023-07-08T00:00:00Z,-6049833.19459023
2023-07-07T00:00:00Z,-81883867.51165102
2023-07-06T00:00:00Z,-12340005.228921374
2023-07-05T00:00:00Z,35881107.89446523
2023-07-04T00:00:00Z,20936452.544533882
2023-07-03T00:00:00Z,407011250.8307045
2023-07-02T00:00:00Z,42854425.843007624
2023-07-01T00:00:00Z,74532929.70400175
2023-06-30T00:00:00Z,-473101992.7775591
2023-06-29T00:00:00Z,26030257.87062372
2023-06-28T00:00:00Z,-58078385.1534129
2023-06-27T00:00:00Z,-148969157.74182463
2023-06-26T00:00:00Z,118003637.50951873
2023-06-25T00:00:00Z,-62860834.468954824
2023-06-24T00:00:00Z,-5567969.737617777
2023-06-23T00:00:00Z,-29486352.344731137
2023-06-22T00:00:00Z,62031879.03647851
2023-06-21T00:00:00Z,112741996.19414736
2023-06-20T00:00:00Z,406060397.9709238
2023-06-19T00:00:00Z,211430196.11045521
2023-06-18T00:00:00Z,51721298.18114369
2023-06-17T00:00:00Z,-11276897.613173125
2023-06-16T00:00:00Z,1300291638.1619484
2023-06-15T00:00:00Z,526066374.5215262
2023-06-14T00:00:00Z,-71187981.25638299
2023-06-13T00:00:00Z,40992588.05903073
2023-06-12T00:00:00Z,562179986.8921623
2023-06-11T00:00:00Z,-178477137.82246894
2023-06-10T00:00:00Z,-65527485.057644635
2023-06-09T00:00:00Z,-289818698.2491655
2023-06-08T00:00:00Z,-3314491.8254078445
2023-06-07T00:00:00Z,-335106562.28752416
2023-06-06T00:00:00Z,-269460719.09025455
2023-06-05T00:00:00Z,-278309617.87635136
2023-06-04T00:00:00Z,-11570370.358497543
2023-06-03T00:00:00Z,-46598952.618522555
2023-06-02T00:00:00Z,-67778056.33577555
2023-06-01T00:00:00Z,25053187.171905857
2023-05-31T00:00:00Z,-284910143.01493233
2023-05-30T00:00:00Z,27043479.34920832
2023-05-29T00:00:00Z,42085827.36860594
2023-05-28T00:00:00Z,-52708412.799266115
2023-05-27T00:00:00Z,15588606.711099753
2023-05-26T00:00:00Z,425754618.8789539
2023-05-25T00:00:00Z,9868293.09445221
2023-05-24T00:00:00Z,158431745.3740001
2023-05-23T00:00:00Z,-59462628.188983954
2023-05-22T00:00:00Z,83235909.62526605
2023-05-21T00:00:00Z,118487407.13640243
2023-05-20T00:00:00Z,82677009.86010686
2023-05-19T00:00:00Z,-88336912.16714436
2023-05-18T00:00:00Z,-82671976.70117208
2023-05-17T00:00:00Z,-190170212.01474887
2023-05-16T00:00:00Z,-249661134.57806695
2023-05-15T00:00:00Z,-81598141.3444955
2023-05-14T00:00:00Z,-3567012.019609924
2023-05-13T00:00:00Z,81567210.21051535
2023-05-12T00:00:00Z,31062050.965351
2023-05-11T00:00:00Z,-56009895.33542649
2023-05-10T00:00:00Z,-174970646.58438098
2023-05-09T00:00:00Z,-225789473.1253315
2023-05-08T00:00:00Z,15746549.465850329
2023-05-07T00:00:00Z,-65168168.65795158
2023-05-06T00:00:00Z,-82409760.73392966
2023-05-05T00:00:00Z,227493583.28428808
2023-05-04T00:00:00Z,-66790253.79368344
2023-05-03T00:00:00Z,-182908046.00797674
2023-05-02T00:00:00Z,-68763464.43806766
2023-05-01T00:00:00Z,-49229954.174793415
2023-04-30T00:00:00Z,-35942608.65207773
2023-04-29T00:00:00Z,109689489.51034015
2023-04-28T00:00:00Z,-213183798.10485438
2023-04-27T00:00:00Z,-336939786.27215195
2023-04-26T00:00:00Z,28708869.813772652
2023-04-25T00:00:00Z,-9250011.374453627
2023-04-24T00:00:00Z,-33387176.373757523
2023-04-23T00:00:00Z,11148013.521160461
2023-04-22T00:00:00Z,-98507340.26014665
2023-04-21T00:00:00Z,-209389250.3751643
2023-04-20T00:00:00Z,47147436.851518646
2023-04-19T00:00:00Z,66021103.372587405
2023-04-18T00:00:00Z,-191240980.35206974
2023-04-17T00:00:00Z,30744772.0946217
2023-04-16T00:00:00Z,-47106460.91209181
2023-04-15T00:00:00Z,94872450.51690683
2023-04-14T00:00:00Z,-251768639.92678174
2023-04-13T00:00:00Z,-38383878.73851038
2023-04-12T00:00:00Z,12385004.550514778
2023-04-11T00:00:00Z,138857785.21337616
2023-04-10T00:00:00Z,322413910.46886986
2023-04-09T00:00:00Z,-79746238.54123719
2023-04-08T00:00:00Z,8044134.41824732
2023-04-07T00:00:00Z,30390689.406736493
2023-04-06T00:00:00Z,170609204.25139707
2023-04-05T00:00:00Z,21196234.647568315
2023-04-04T00:00:00Z,70434062.54757361
2023-04-03T00:00:00Z,-214966740.52279976
2023-04-02T00:00:00Z,-43264979.3681341
2023-04-01T00:00:00Z,-137562160.86644593
2023-03-31T00:00:00Z,-144705402.86590794
2023-03-30T00:00:00Z,-298346641.2892236
2023-03-29T00:00:00Z,-350443013.0208214
2023-03-28T00:00:00Z,-57740898.57496097
2023-03-27T00:00:00Z,-614076141.1927944
2023-03-26T00:00:00Z,-29833974.558792487
2023-03-25T00:00:00Z,3114874.7022620887
2023-03-24T00:00:00Z,-532049054.05195624
2023-03-23T00:00:00Z,-705899738.1413386
2023-03-22T00:00:00Z,-92255652.71906327
2023-03-21T00:00:00Z,-385697982.7343868
2023-03-20T00:00:00Z,-486170737.463332
2023-03-19T00:00:00Z,-4131575.960996298
2023-03-18T00:00:00Z,54549426.25264294
2023-03-17T00:00:00Z,-677767134.741805
2023-03-16T00:00:00Z,-32077174.82032306
2023-03-15T00:00:00Z,-514556997.5492754
2023-03-14T00:00:00Z,-234453477.94080356
2023-03-13T00:00:00Z,-730233921.7731495
2023-03-12T00:00:00Z,26641081.18707103
2023-03-11T00:00:00Z,883887639.9520053
2023-03-10T00:00:00Z,-218220108.9898665
2023-03-09T00:00:00Z,-255373129.06565937
2023-03-08T00:00:00Z,-75331006.35047586
2023-03-07T00:00:00Z,-287281675.785768
2023-03-06T00:00:00Z,-272049819.87579465
2023-03-05T00:00:00Z,65466318.22015889
2023-03-04T00:00:00Z,1367796874.3296325
2023-03-03T00:00:00Z,352017398.8480563
2023-03-02T00:00:00Z,-823138.1383716577
2023-03-01T00:00:00Z,-191180331.58036998
2023-02-28T00:00:00Z,-111889813.13986066
2023-02-27T00:00:00Z,-196908829.9897375
2023-02-26T00:00:00Z,53380172.680987135
2023-02-25T00:00:00Z,-56302141.12239851
2023-02-24T00:00:00Z,-304909669.395426
2023-02-23T00:00:00Z,-114784883.42476228
2023-02-22T00:00:00Z,-488746036.93506736
2023-02-21T00:00:00Z,-200319830.84709093
2023-02-20T00:00:00Z,-110609797.81110737
2023-02-19T00:00:00Z,3219345.6621338925
2023-02-18T00:00:00Z,38326366.534817375
2023-02-17T00:00:00Z,-401371011.22100097
2023-02-16T00:00:00Z,-85396107.43487716
2023-02-15T00:00:00Z,-437650971.4842916
2023-02-14T00:00:00Z,-153455368.1385814
2023-02-13T00:00:00Z,-616171755.6468244
2023-02-12T00:00:00Z,-35584542.14151888
2023-02-11T00:00:00Z,-143755678.15677506
2023-02-10T00:00:00Z,112359626.01506692
2023-02-09T00:00:00Z,-247089881.1447886
2023-02-08T00:00:00Z,-274337406.1785118
2023-02-07T00:00:00Z,-25386814.09480867
2023-02-06T00:00:00Z,-466496009.79149467
2023-02-05T00:00:00Z,114198174.46140437
2023-02-04T00:00:00Z,-13530935.245149486
2023-02-03T00:00:00Z,-159070881.8377178
2023-02-02T00:00:00Z,84018459.9210665
2023-02-01T00:00:00Z,196992008.2780993
2023-01-31T00:00:00Z,-8877210.292254565
2023-01-30T00:00:00Z,-296129999.4876613
2023-01-29T00:00:00Z,-88833999.16501896
2023-01-28T00:00:00Z,-133199252.4858644
2023-01-27T00:00:00Z,-243115691.55151218
2023-01-26T00:00:00Z,271008382.87320554
2023-01-25T00:00:00Z,-13594410.86498327
2023-01-24T00:00:00Z,-251331840.1076387
2023-01-23T00:00:00Z,-300626861.5054196
2023-01-22T00:00:00Z,-296359197.7708958
2023-01-21T00:00:00Z,80343366.61933662
2023-01-20T00:00:00Z,128250191.93677428
2023-01-19T00:00:00Z,-193774690.69392928
2023-01-18T00:00:00Z,-325202878.072058
2023-01-17T00:00:00Z,-345288185.5946108
2023-01-16T00:00:00Z,90496980.8528431
2023-01-15T00:00:00Z,80290865.82852232
2023-01-14T00:00:00Z,-4768183.718753728
2023-01-13T00:00:00Z,-704620188.8532681
2023-01-12T00:00:00Z,309563634.7748714
2023-01-11T00:00:00Z,31614204.51629928
2023-01-10T00:00:00Z,60298288.754445225
2023-01-09T00:00:00Z,-294934612.4878359
2023-01-08T00:00:00Z,24384694.889950935
2023-01-07T00:00:00Z,25297991.06072669
2023-01-06T00:00:00Z,-390182875.33938515
2023-01-05T00:00:00Z,-73362112.91950448
2023-01-04T00:00:00Z,235796485.4249592
2023-01-03T00:00:00Z,-157479585.70491216
2023-01-02T00:00:00Z,284620317.21736014
2023-01-01T00:00:00Z,90039694.92874642
2022-12-31T00:00:00Z,-47748883.585950114
2022-12-30T00:00:00Z,-26235025.350018546
2022-12-29T00:00:00Z,-161403154.5596491
2022-12-28T00:00:00Z,74552402.77495736
2022-12-27T00:00:00Z,-130694704.42658581
2022-12-26T00:00:00Z,113347504.21483028
2022-12-25T00:00:00Z,-191374547.54683453
2022-12-24T00:00:00Z,161049070.1775537
2022-12-23T00:00:00Z,-392317062.23155093
2022-12-22T00:00:00Z,-139876341.0979119
2022-12-21T00:00:00Z,-107200752.30416332
2022-12-20T00:00:00Z,-212077219.68708456
2022-12-19T00:00:00Z,-280366409.13348615
2022-12-18T00:00:00Z,-59407020.20140326
2022-12-17T00:00:00Z,-166221911.86920154
2022-12-16T00:00:00Z,-543905441.0200826
2022-12-15T00:00:00Z,-77061456.2054602
2022-12-14T00:00:00Z,-506574847.7699326
2022-12-13T00:00:00Z,767645288.3527141
2022-12-12T00:00:00Z,-858838932.3769609
2022-12-11T00:00:00Z,-25175379.126539215
2022-12-10T00:00:00Z,164444400.42594406
2022-12-09T00:00:00Z,-92167594.30713029
2022-12-08T00:00:00Z,26780103.2412121
2022-12-07T00:00:00Z,-118160710.38126379
2022-12-06T00:00:00Z,14171073.841671014
2022-12-05T00:00:00Z,-140674332.44125122
2022-12-04T00:00:00Z,-34209981.78524717
2022-12-03T00:00:00Z,56823839.151856415
2022-12-02T00:00:00Z,167950723.14677227
2022-12-01T00:00:00Z,-139640349.18808892
2022-11-30T00:00:00Z,74863153.09335
2022-11-29T00:00:00Z,-415746658.83809876
2022-11-28T00:00:00Z,-563825485.5771698
2022-11-27T00:00:00Z,-17443005.222371604
2022-11-26T00:00:00Z,234867402.73880738
2022-11-25T00:00:00Z,-389799730.4292965
2022-11-24T00:00:00Z,11647276.711387256
2022-11-23T00:00:00Z,57480918.498478495
2022-11-22T00:00:00Z,239734384.850326
2022-11-21T00:00:00Z,-189425668.3926936
2022-11-20T00:00:00Z,61588173.89389677
2022-11-19T00:00:00Z,-212337655.06080493
2022-11-18T00:00:00Z,1481995312.4604661
2022-11-17T00:00:00Z,-175864846.3168953
2022-11-16T00:00:00Z,-873193545.3371325
2022-11-15T00:00:00Z,292487442.85572463
2022-11-14T00:00:00Z,22410739.664937906
2022-11-13T00:00:00Z,-1006034956.691305
2022-11-12T00:00:00Z,-666951705.7160766
2022-11-11T00:00:00Z,-93815600.88663009
2022-11-10T00:00:00Z,288982437.96828455
2022-11-09T00:00:00Z,-578003746.6269104
2022-11-08T00:00:00Z,-244949369.5881485
2022-11-07T00:00:00Z,15574222.086494423
2022-11-06T00:00:00Z,-283082895.36427826
2022-11-05T00:00:00Z,-394866261.9896225
2022-11-04T00:00:00Z,281613678.58930486
2022-11-03T00:00:00Z,446950717.89816964
2022-11-02T00:00:00Z,-354346983.4633045
2022-11-01T00:00:00Z,392755301.4359474
2022-10-31T00:00:00Z,-143468171.5999194
2022-10-30T00:00:00Z,-16110256.18240997
2022-10-29T00:00:00Z,39115004.6345285
2022-10-28T00:00:00Z,400697566.59907305
2022-10-27T00:00:00Z,-230798462.97575063
2022-10-26T00:00:00Z,-44899721.156755045
2022-10-25T00:00:00Z,63057436.12560255
2022-10-24T00:00:00Z,48153340.709714174
2022-10-23T00:00:00Z,37734257.73690873
2022-10-22T00:00:00Z,109232548.38373591
2022-10-21T00:00:00Z,-96261678.0452752
2022-10-20T00:00:00Z,-235089514.65481684
2022-10-19T00:00:00Z,224970658.695892
2022-10-18T00:00:00Z,113895478.86724219
2022-10-17T00:00:00Z,73315924.37292963
2022-10-16T00:00:00Z,-82797824.35740273
2022-10-15T00:00:00Z,6758465.879266248
2022-10-14T00:00:00Z,-148988404.3746079
2022-10-13T00:00:00Z,440299986.22732306
2022-10-12T00:00:00Z,-384265391.75232583
2022-10-11T00:00:00Z,514511970.09720844
2022-10-10T00:00:00Z,-181046307.0970984
2022-10-09T00:00:00Z,28790165.41820541
2022-10-08T00:00:00Z,-183134817.34667766
2022-10-07T00:00:00Z,244676017.36236122
2022-10-06T00:00:00Z,-468381707.73095423
2022-10-05T00:00:00Z,249847859.87629142
2022-10-04T00:00:00Z,263508992.453243
2022-10-03T00:00:00Z,45594968.33984976
2022-10-02T00:00:00Z,156888299.4902356
2022-10-01T00:00:00Z,18492885.798132505
2022-09-30T00:00:00Z,-236141590.7268079
2022-09-29T00:00:00Z,-498934354.9677406
2022-09-28T00:00:00Z,-367527252.4775243
2022-09-27T00:00:00Z,204685484.10681382
2022-09-26T00:00:00Z,26136385.94263208
2022-09-25T00:00:00Z,-184101551.82041925
2022-09-24T00:00:00Z,-63938923.20803113
2022-09-23T00:00:00Z,-189366693.6168334
2022-09-22T00:00:00Z,138689761.8583899
2022-09-21T00:00:00Z,141207158.19697428
2022-09-20T00:00:00Z,57069720.869960435
2022-09-19T00:00:00Z,415388013.10686666
2022-09-18T00:00:00Z,-16448256.199585754
2022-09-17T00:00:00Z,23292535.21134476
2022-09-16T00:00:00Z,-55423540.46584647
2022-09-15T00:00:00Z,529199528.3403007
2022-09-14T00:00:00Z,-203267780.15760547
2022-09-13T00:00:00Z,58028166.49874937
2022-09-12T00:00:00Z,-146755550.1288153
2022-09-11T00:00:00Z,-7907615.115574702
2022-09-10T00:00:00Z,-53425907.27253479
2022-09-09T00:00:00Z,163560338.42173293
2022-09-08T00:00:00Z,286187291.9006945
2022-09-07T00:00:00Z,-119734055.81334935
2022-09-06T00:00:00Z,204520258.8866178
2022-09-05T00:00:00Z,64223219.02018121
2022-09-04T00:00:00Z,-134125992.29537599
2022-09-03T00:00:00Z,24694309.92379918
2022-09-02T00:00:00Z,107847804.35533167
2022-09-01T00:00:00Z,-5352763.772182452
2022-08-31T00:00:00Z,-31728615.81729764
2022-08-30T00:00:00Z,77951263.92313999
2022-08-29T00:00:00Z,213494698.7410718
2022-08-28T00:00:00Z,-253636711.82918066
2022-08-27T00:00:00Z,116740529.9229815
2022-08-26T00:00:00Z,170318705.6599129
2022-08-25T00:00:00Z,-119450861.86693686
2022-08-24T00:00:00Z,-83803776.50328636
2022-08-23T00:00:00Z,-139801483.69431722
2022-08-22T00:00:00Z,-76513390.32512943
2022-08-21T00:00:00Z,-58341384.42274702
2022-08-20T00:00:00Z,-89107182.11178057
2022-08-19T00:00:00Z,-241219811.3750204
2022-08-18T00:00:00Z,-253405541.89840648
2022-08-17T00:00:00Z,185145352.445723
2022-08-16T00:00:00Z,-354935035.52568704
2022-08-15T00:00:00Z,270444493.9202587
2022-08-14T00:00:00Z,-64574797.5679665
2022-08-13T00:00:00Z,-91407209.07177973
2022-08-12T00:00:00Z,-229643677.19317424
2022-08-11T00:00:00Z,28124810.252564672
2022-08-10T00:00:00Z,327008673.03189063
2022-08-09T00:00:00Z,16334327.090264149
2022-08-08T00:00:00Z,36148301.30187155
2022-08-07T00:00:00Z,-60383069.41260153
2022-08-06T00:00:00Z,-38028215.37804354
2022-08-05T00:00:00Z,21643928.767198004
2022-08-04T00:00:00Z,-131310434.35788265
2022-08-03T00:00:00Z,-30301197.79556272
2022-08-02T00:00:00Z,93537401.1077462
2022-08-01T00:00:00Z,132422088.56219262
2022-07-31T00:00:00Z,13540217.001002602
2022-07-30T00:00:00Z,-14041961.223475257
2022-07-29T00:00:00Z,174645201.51898345
2022-07-28T00:00:00Z,-75411714.45083177
2022-07-27T00:00:00Z,-20207863.808459725
2022-07-26T00:00:00Z,-143554896.30133504
2022-07-25T00:00:00Z,195011198.57711327
2022-07-24T00:00:00Z,-117050941.86758192
2022-07-23T00:00:00Z,49038981.8872712
2022-07-22T00:00:00Z,248825112.54456276
2022-07-21T00:00:00Z,-139018049.14791876
2022-07-20T00:00:00Z,-135622647.54978338
2022-07-19T00:00:00Z,-96688360.26922151
2022-07-18T00:00:00Z,56804368.200016424
2022-07-17T00:00:00Z,-2802612.953179751
2022-07-16T00:00:00Z,16530790.558312055
2022-07-15T00:00:00Z,-501579513.11350405
2022-07-14T00:00:00Z,7245589.824195024
2022-07-13T00:00:00Z,278090125.7590929
2022-07-12T00:00:00Z,51836154.650595434
2022-07-11T00:00:00Z,-31243759.540712435
2022-07-10T00:00:00Z,61579444.878559925
2022-07-09T00:00:00Z,33961117.70228509
2022-07-08T00:00:00Z,184384407.96603066
2022-07-07T00:00:00Z,-41963831.7297815
2022-07-06T00:00:00Z,203754631.66409397
2022-07-05T00:00:00Z,19168553.253626052
2022-07-04T00:00:00Z,1368759.435738597
2022-07-03T00:00:00Z,-55257599.38899365
2022-07-02T00:00:00Z,-385330871.40896034
2022-07-01T00:00:00Z,7377078.833918887
2022-06-30T00:00:00Z,140558243.866054
2022-06-29T00:00:00Z,276386201.91989183
2022-06-28T00:00:00Z,-211575199.7344372
2022-06-27T00:00:00Z,254836418.73890376
2022-06-26T00:00:00Z,5779240.735117882
2022-06-25T00:00:00Z,225137885.62140906
2022-06-24T00:00:00Z,-2263835.71944223
2022-06-23T00:00:00Z,-355237195.6618992
2022-06-22T00:00:00Z,-560043612.6576045
2022-06-21T00:00:00Z,295377049.9651567
2022-06-20T00:00:00Z,-179636090.0640009
2022-06-19T00:00:00Z,24718805.75784352
2022-06-18T00:00:00Z,-355310924.5747081
2022-06-17T00:00:00Z,-829739738.1966734
2022-06-16T00:00:00Z,557454031.7581762
2022-06-15T00:00:00Z,-953069.7516829248
2022-06-14T00:00:00Z,-68303206.66035426
2022-06-13T00:00:00Z,-62669896.82862531
2022-06-12T00:00:00Z,-220649184.64124593
2022-06-11T00:00:00Z,106114461.74697359
2022-06-10T00:00:00Z,108780265.22532523
2022-06-09T00:00:00Z,-83653535.62965612
2022-06-08T00:00:00Z,-63402963.56788737
2022-06-07T00:00:00Z,256649678.98962894
2022-06-06T00:00:00Z,43497579.49377965
2022-06-05T00:00:00Z,-58547499.92461559
2022-06-04T00:00:00Z,-75113530.28860073
2022-06-03T00:00:00Z,-247755813.76175243
2022-06-02T00:00:00Z,-217283684.54703537
2022-06-01T00:00:00Z,-33741659.606793724
2022-05-31T00:00:00Z,348261773.9575502
2022-05-30T00:00:00Z,238506822.85864687
2022-05-29T00:00:00Z,-78113143.3955563
2022-05-28T00:00:00Z,34333400.51745682
2022-05-27T00:00:00Z,-352668413.072712
2022-05-26T00:00:00Z,-380992929.8071732
2022-05-25T00:00:00Z,-94998003.63964559
2022-05-24T00:00:00Z,102288208.99382968
2022-05-23T00:00:00Z,-507847879.8457596
2022-05-22T00:00:00Z,-526436369.1311255
2022-05-21T00:00:00Z,355408240.29508406
2022-05-20T00:00:00Z,-405515187.52611464
2022-05-19T00:00:00Z,414895995.1628563
2022-05-18T00:00:00Z,429067676.85328394
2022-05-17T00:00:00Z,-787773421.938794
2022-05-16T00:00:00Z,862927679.5731887
2022-05-15T00:00:00Z,72110446.221763
2022-05-14T00:00:00Z,382309143.4320345
2022-05-13T00:00:00Z,-192545415.3592017
2022-05-12T00:00:00Z,2434422880.983283
2022-05-11T00:00:00Z,79763690.13008487
2022-05-10T00:00:00Z,-46577035.83311081
2022-05-09T00:00:00Z,-657344656.5122007
2022-05-08T00:00:00Z,13079685.751035204
2022-05-07T00:00:00Z,87216101.88789873
2022-05-06T00:00:00Z,-208917212.43992198
2022-05-05T00:00:00Z,210629468.9623712
2022-05-04T00:00:00Z,-131274710.52227032
2022-05-03T00:00:00Z,-335759195.2177295
2022-05-02T00:00:00Z,74807808.95075864
2022-05-01T00:00:00Z,89871613.39320795
2022-04-30T00:00:00Z,155521955.5117301
2022-04-29T00:00:00Z,103530248.04069845
2022-04-28T00:00:00Z,108405055.64993507
2022-04-27T00:00:00Z,-189158605.81307662
2022-04-26T00:00:00Z,-653142408.0355881
2022-04-25T00:00:00Z,-30792631.666649487
2022-04-24T00:00:00Z,-513349808.7463836
2022-04-23T00:00:00Z,87430490.69359343
2022-04-22T00:00:00Z,316363964.7341641
2022-04-21T00:00:00Z,78584901.36951767
2022-04-20T00:00:00Z,594031510.2976389
2022-04-19T00:00:00Z,-54910577.02550986
2022-04-18T00:00:00Z,-43270846.0972968
2022-04-17T00:00:00Z,35934988.76303973
2022-04-16T00:00:00Z,-51595083.6661383
2022-04-15T00:00:00Z,-96339246.01147401
2022-04-14T00:00:00Z,-23777047.350046966
2022-04-13T00:00:00Z,-351358711.43305707
2022-04-12T00:00:00Z,-6002409.854204749
2022-04-11T00:00:00Z,-165439934.04610816
2022-04-10T00:00:00Z,183862061.04738742
2022-04-09T00:00:00Z,190458551.91752276
2022-04-08T00:00:00Z,-207787379.6267474
2022-04-07T00:00:00Z,-126376669.12036784
2022-04-06T00:00:00Z,-69490197.12483378
2022-04-05T00:00:00Z,-120897769.71469375
2022-04-04T00:00:00Z,-246043826.19193205
2022-04-03T00:00:00Z,15283217.815013725
2022-04-02T00:00:00Z,107342179.87597463
2022-04-01T00:00:00Z,730365971.588752
2022-03-31T00:00:00Z,-166490541.47753853
2022-03-30T00:00:00Z,218294166.06712544
2022-03-29T00:00:00Z,-73582873.42018716
2022-03-28T00:00:00Z,4894139.374291128
2022-03-27T00:00:00Z,190655872.856597
2022-03-26T00:00:00Z,-83422340.09906037
2022-03-25T00:00:00Z,-220889638.29546407
2022-03-24T00:00:00Z,43909101.52033693
2022-03-23T00:00:00Z,-150201169.63108996
2022-03-22T00:00:00Z,-71649626.24919784
2022-03-21T00:00:00Z,22402242.35560447
2022-03-20T00:00:00Z,-83478477.82967381
2022-03-19T00:00:00Z,120395110.33333123
2022-03-18T00:00:00Z,252156530.4219865
2022-03-17T00:00:00Z,-189907112.76354825
2022-03-16T00:00:00Z,38408777.840164274
2022-03-15T00:00:00Z,-200882827.1496411
2022-03-14T00:00:00Z,-82041779.2414246
2022-03-13T00:00:00Z,195422559.55892256
2022-03-12T00:00:00Z,-58822994.99169744
2022-03-11T00:00:00Z,-8328677.93503937
2022-03-10T00:00:00Z,249649381.3901062
2022-03-09T00:00:00Z,-186405108.90138632
2022-03-08T00:00:00Z,207747322.00347036
2022-03-07T00:00:00Z,-234995980.9822797
2022-03-06T00:00:00Z,93946365.03583296
2022-03-05T00:00:00Z,-197416534.717788
2022-03-04T00:00:00Z,-136027363.17039856
2022-03-03T00:00:00Z,-487766602.5285111
2022-03-02T00:00:00Z,-437834857.6420453
2022-03-01T00:00:00Z,-201565702.66887555
2022-02-28T00:00:00Z,-222216982.3090505
2022-02-27T00:00:00Z,-51451547.60917509
2022-02-26T00:00:00Z,-117858942.91114043
2022-02-25T00:00:00Z,-420558646.7254346
2022-02-24T00:00:00Z,451398921.7892929
2022-02-23T00:00:00Z,85011996.68686992
2022-02-22T00:00:00Z,96929814.98588064
2022-02-21T00:00:00Z,-277645507.53622794
2022-02-20T00:00:00Z,28614178.894978426
2022-02-19T00:00:00Z,-54659811.74984565
2022-02-18T00:00:00Z,130143435.84406371
2022-02-17T00:00:00Z,395627605.3044827
2022-02-16T00:00:00Z,-192578835.60310197
2022-02-15T00:00:00Z,199954577.419659
2022-02-14T00:00:00Z,-377102363.1301014
2022-02-13T00:00:00Z,37099998.10693664
2022-02-12T00:00:00Z,-304133367.9370029
2022-02-11T00:00:00Z,179040775.06050363
2022-02-10T00:00:00Z,147943697.39107445
2022-02-09T00:00:00Z,30947851.423430823
2022-02-08T00:00:00Z,219199926.76392883
2022-02-07T00:00:00Z,264419456.9219484
2022-02-06T00:00:00Z,-71705919.86537465
2022-02-05T00:00:00Z,-120177963.44717555
2022-02-04T00:00:00Z,182190992.7076831
2022-02-03T00:00:00Z,287410192.5307439
2022-02-02T00:00:00Z,482226724.2411307
2022-02-01T00:00:00Z,212986033.51448083
2022-01-31T00:00:00Z,273129007.9224954
2022-01-30T00:00:00Z,30653441.83022868
2022-01-29T00:00:00Z,603132437.6252815
2022-01-28T00:00:00Z,535225920.21894795
2022-01-27T00:00:00Z,364773030.1311246
2022-01-26T00:00:00Z,378882662.8692683
2022-01-25T00:00:00Z,371022336.2323345
2022-01-24T00:00:00Z,874700876.9667869
2022-01-23T00:00:00Z,-84997326.35173903
2022-01-22T00:00:00Z,1882935534.3399234
2022-01-21T00:00:00Z,-226445609.89142638
2022-01-20T00:00:00Z,-112683929.72564259
2022-01-19T00:00:00Z,-124764135.87897806
2022-01-18T00:00:00Z,-100958683.16267355
2022-01-17T00:00:00Z,-104868165.97573513
2022-01-16T00:00:00Z,-142825753.54175872
2022-01-15T00:00:00Z,19905467.42287075
2022-01-14T00:00:00Z,37790394.545391284
2022-01-13T00:00:00Z,161097259.34910306
2022-01-12T00:00:00Z,262788915.0104793
2022-01-11T00:00:00Z,38363924.712436035
2022-01-10T00:00:00Z,-139314636.45461434
2022-01-09T00:00:00Z,-136022901.2215731
2022-01-08T00:00:00Z,30953505.70885223
2022-01-07T00:00:00Z,52555313.57228052
2022-01-06T00:00:00Z,153894550.24714112
2022-01-05T00:00:00Z,49503010.89094928
2022-01-04T00:00:00Z,-92427627.92407256
2022-01-03T00:00:00Z,-207224537.48944023
2022-01-02T00:00:00Z,-126512485.30189385
2022-01-01T00:00:00Z,198515941.5722699
2021-12-31T00:00:00Z,-773946738.0586818
2021-12-30T00:00:00Z,-784480994.377263
2021-12-29T00:00:00Z,-573756164.8115287
2021-12-28T00:00:00Z,368494736.25162816
2021-12-27T00:00:00Z,175440616.08195198
2021-12-26T00:00:00Z,-191484089.05064553
2021-12-25T00:00:00Z,-412781016.21361804
2021-12-24T00:00:00Z,641206746.9634148
2021-12-23T00:00:00Z,965511277.8178859
2021-12-22T00:00:00Z,507586464.67542356
2021-12-21T00:00:00Z,-68450869.32669276
2021-12-20T00:00:00Z,-265216992.3093736
2021-12-19T00:00:00Z,-68874092.93071407
2021-12-18T00:00:00Z,101833993.09011349
2021-12-17T00:00:00Z,188817597.887836
2021-12-16T00:00:00Z,-268733668.2182484
2021-12-15T00:00:00Z,87714510.00033298
2021-12-14T00:00:00Z,-35919695.18470503
2021-12-13T00:00:00Z,137532724.42549336
2021-12-12T00:00:00Z,-127027543.33368345
2021-12-11T00:00:00Z,50106681.19547159
2021-12-10T00:00:00Z,217510614.78804013
2021-12-09T00:00:00Z,1707572210.9998376
2021-12-08T00:00:00Z,-145381949.09240696
2021-12-07T00:00:00Z,100388721.87526761
2021-12-06T00:00:00Z,-856780265.310748
2021-12-05T00:00:00Z,-70070665.35221553
2021-12-04T00:00:00Z,738735618.6479907
2021-12-03T00:00:00Z,644174348.5569438
2021-12-02T00:00:00Z,-43961477.91689043
2021-12-01T00:00:00Z,423942397.5185922
2021-11-30T00:00:00Z,934320071.9520764
2021-11-29T00:00:00Z,-117499277.17806146
2021-11-28T00:00:00Z,-104840806.3509611
2021-11-27T00:00:00Z,258535089.37126982
2021-11-26T00:00:00Z,631909685.0834628
2021-11-25T00:00:00Z,-113982914.20842302
2021-11-24T00:00:00Z,102312173.02475494
2021-11-23T00:00:00Z,-455263338.0421149
2021-11-22T00:00:00Z,15469582.246001428
2021-11-21T00:00:00Z,452195380.08268553
2021-11-20T00:00:00Z,-70515568.48020045
2021-11-19T00:00:00Z,-577712218.2575731
2021-11-18T00:00:00Z,-416176410.73648393
2021-11-17T00:00:00Z,-411049821.5570874
2021-11-16T00:00:00Z,395920404.48993164
2021-11-15T00:00:00Z,-521492482.05940604
2021-11-14T00:00:00Z,83716710.72842683
2021-11-13T00:00:00Z,-129504637.88940226
2021-11-12T00:00:00Z,-205642635.17215517
2021-11-11T00:00:00Z,-255971342.66062042
2021-11-10T00:00:00Z,-653091873.5235378
2021-11-09T00:00:00Z,2202653897.570744
2021-11-08T00:00:00Z,-410763989.48732835
2021-11-07T00:00:00Z,-290845908.51170766
2021-11-06T00:00:00Z,-10402506.131564297
2021-11-05T00:00:00Z,457961351.1008811
2021-11-04T00:00:00Z,241772110.98481432
2021-11-03T00:00:00Z,208438191.03120124
2021-11-02T00:00:00Z,410616592.36164373
2021-11-01T00:00:00Z,71320138.04726417
2021-10-31T00:00:00Z,120402731.08036019
2021-10-30T00:00:00Z,93748023.32650575
2021-10-29T00:00:00Z,74120420.67663778
2021-10-28T00:00:00Z,89905946.92390157
2021-10-27T00:00:00Z,331198528.38193107
2021-10-26T00:00:00Z,-82609729.19927144
2021-10-25T00:00:00Z,-139277649.45474523
2021-10-24T00:00:00Z,13308815.660531132
2021-10-23T00:00:00Z,-60351370.486376815
2021-10-22T00:00:00Z,79081419.66901258
2021-10-21T00:00:00Z,120626993.38090806
2021-10-20T00:00:00Z,341493013.7652959
2021-10-19T00:00:00Z,-224294354.97258282
2021-10-18T00:00:00Z,-290040724.2134963
2021-10-17T00:00:00Z,6551789.558008242
2021-10-16T00:00:00Z,179439493.67561597
2021-10-15T00:00:00Z,-49165994.07324373
2021-10-14T00:00:00Z,157363988.40593883
2021-10-13T00:00:00Z,-397762885.11581147
2021-10-12T00:00:00Z,47225951.03678529
2021-10-11T00:00:00Z,702896629.2765347
2021-10-10T00:00:00Z,79740512.50572237
2021-10-09T00:00:00Z,44608463.15796149
2021-10-08T00:00:00Z,-46784332.58171279
2021-10-07T00:00:00Z,-517047556.1688039
2021-10-06T00:00:00Z,-114890844.67748791
2021-10-05T00:00:00Z,-389220636.7393347
2021-10-04T00:00:00Z,-154373287.13968548
2021-10-03T00:00:00Z,-184462981.04983383
2021-10-02T00:00:00Z,40798628.74229631
2021-10-01T00:00:00Z,90177578.00812005
2021-09-30T00:00:00Z,-1093320138.4177666
2021-09-29T00:00:00Z,-239083940.99954984
2021-09-28T00:00:00Z,-483074628.9384024
2021-09-27T00:00:00Z,-447205478.7156064
2021-09-26T00:00:00Z,18986264.383155886
2021-09-25T00:00:00Z,21563856.269009676
2021-09-24T00:00:00Z,420437706.77957594
2021-09-23T00:00:00Z,-79067081.7031306
2021-09-22T00:00:00Z,485125594.8064846
2021-09-21T00:00:00Z,122658269.97807398
2021-09-20T00:00:00Z,1028436731.1125338
2021-09-19T00:00:00Z,83680910.19459935
2021-09-18T00:00:00Z,202054993.48299593
2021-09-17T00:00:00Z,202968372.40677154
2021-09-16T00:00:00Z,-16449824.304441482
2021-09-15T00:00:00Z,-233290110.34992862
2021-09-14T00:00:00Z,210062334.07598516
2021-09-13T00:00:00Z,-128555942.83545163
2021-09-12T00:00:00Z,-135781371.41886887
2021-09-11T00:00:00Z,-132483710.86217654
2021-09-10T00:00:00Z,-144801236.69695812
2021-09-09T00:00:00Z,-444864441.0719491
2021-09-08T00:00:00Z,-138385044.08478966
2021-09-07T00:00:00Z,399723941.80356276
2021-09-06T00:00:00Z,49375921.96620598
2021-09-05T00:00:00Z,-136426995.14217967
2021-09-04T00:00:00Z,-6199776.121689855
2021-09-03T00:00:00Z,-10728353.708244208
2021-09-02T00:00:00Z,207741411.00437725
2021-09-01T00:00:00Z,60793709.75262427
2021-08-31T00:00:00Z,-53778857.95757883
2021-08-30T00:00:00Z,-119679069.57442242
2021-08-29T00:00:00Z,33326344.17897739
2021-08-28T00:00:00Z,-21260598.215164937
2021-08-27T00:00:00Z,-32688231.987528425
2021-08-26T00:00:00Z,-67743292.29952517
2021-08-25T00:00:00Z,183667492.72135398
2021-08-24T00:00:00Z,1806988006.0902483
2021-08-23T00:00:00Z,-202334080.02265966
2021-08-22T00:00:00Z,75721700.81585853
2021-08-21T00:00:00Z,11350650.688608099
2021-08-20T00:00:00Z,492858461.01677245
2021-08-19T00:00:00Z,-284714292.87195164
2021-08-18T00:00:00Z,229125543.86755297
2021-08-17T00:00:00Z,-22312567.407099962
2021-08-16T00:00:00Z,-179421770.71595165
2021-08-15T00:00:00Z,-55292834.047735386
2021-08-14T00:00:00Z,107169547.44345729
2021-08-13T00:00:00Z,-80484514.73383236
2021-08-12T00:00:00Z,-23022765.5101535
2021-08-11T00:00:00Z,-102259996.09878583
2021-08-10T00:00:00Z,174997175.1577151
2021-08-09T00:00:00Z,-296742753.82622653
2021-08-08T00:00:00Z,-21825080.092912998
2021-08-07T00:00:00Z,-82555946.65119462
2021-08-06T00:00:00Z,28317510.263507415
2021-08-05T00:00:00Z,858693041.450525
2021-08-04T00:00:00Z,-186335293.94474363
2021-08-03T00:00:00Z,-297717020.5898196
2021-08-02T00:00:00Z,-101923826.81971613
2021-08-01T00:00:00Z,-156535868.97635752
2021-07-31T00:00:00Z,-75028437.24011533
2021-07-30T00:00:00Z,88012931.27139914
2021-07-29T00:00:00Z,-171008744.43040484
2021-07-28T00:00:00Z,29204203.578788817
2021-07-27T00:00:00Z,225496767.19852823
2021-07-26T00:00:00Z,-157631060.37269098
2021-07-25T00:00:00Z,-17221529.15811275
2021-07-24T00:00:00Z,76437060.18335831
2021-07-23T00:00:00Z,45338059.639942154
2021-07-22T00:00:00Z,186797984.5263359
2021-07-21T00:00:00Z,-132107901.18125737
2021-07-20T00:00:00Z,411045791.3731446
2021-07-19T00:00:00Z,170135521.79781812
2021-07-18T00:00:00Z,126992964.94713336
2021-07-17T00:00:00Z,-15819598.761273546
2021-07-16T00:00:00Z,-114431137.38658299
2021-07-15T00:00:00Z,267072046.25441328
2021-07-14T00:00:00Z,532856180.2088774
2021-07-13T00:00:00Z,-585964663.4202836
2021-07-12T00:00:00Z,-621870057.3810291
2021-07-11T00:00:00Z,-124703408.7553847
2021-07-10T00:00:00Z,-153512715.5710048
2021-07-09T00:00:00Z,-26719929.84793034
2021-07-08T00:00:00Z,232441793.81750652
2021-07-07T00:00:00Z,103310071.6636904
2021-07-06T00:00:00Z,-159536163.60952142
2021-07-05T00:00:00Z,-11032420.733865332
2021-07-04T00:00:00Z,-27490050.482523005
2021-07-03T00:00:00Z,42839266.73851217
2021-07-02T00:00:00Z,163677760.0060887
2021-07-01T00:00:00Z,249420905.5356258
2021-06-30T00:00:00Z,-159565594.9871506
2021-06-29T00:00:00Z,-280990075.9613699
2021-06-28T00:00:00Z,-183300681.52403635
2021-06-27T00:00:00Z,-114873963.93524265
2021-06-26T00:00:00Z,252768372.62962
2021-06-25T00:00:00Z,-169826768.15410727
2021-06-24T00:00:00Z,435590390.8890065
2021-06-23T00:00:00Z,21775084.85403538
2021-06-22T00:00:00Z,560530984.9512441
2021-06-21T00:00:00Z,300960303.12308073
2021-06-20T00:00:00Z,122276235.63912603
2021-06-19T00:00:00Z,17448745.7605402
2021-06-18T00:00:00Z,144206818.1739528
2021-06-17T00:00:00Z,-148226059.09789187
2021-06-16T00:00:00Z,-98726236.56098461
2021-06-15T00:00:00Z,-108695244.30335431
2021-06-14T00:00:00Z,-158620900.80637774
2021-06-13T00:00:00Z,17915713.28120311
2021-06-12T00:00:00Z,116791810.86549856
2021-06-11T00:00:00Z,363452543.03526896
2021-06-10T00:00:00Z,-279475342.70434976
2021-06-09T00:00:00Z,-60985912.87080457
2021-06-08T00:00:00Z,127599126.7696762
2021-06-07T00:00:00Z,-65337857.86789082
2021-06-06T00:00:00Z,-44063843.38661746
2021-06-05T00:00:00Z,128223732.6835671
2021-06-04T00:00:00Z,619003450.4121357
2021-06-03T00:00:00Z,-82919833.78670245
2021-06-02T00:00:00Z,8038796.2465460915
2021-06-01T00:00:00Z,823797196.584494
2021-05-31T00:00:00Z,2004954965.1038542
2021-05-30T00:00:00Z,-127007988.15392363
2021-05-29T00:00:00Z,-561946841.09024
2021-05-28T00:00:00Z,-49094558.14962625
2021-05-27T00:00:00Z,-355989637.854867
2021-05-26T00:00:00Z,-280216301.17674863
2021-05-25T00:00:00Z,282564347.5274392
2021-05-24T00:00:00Z,-160937978.06543973
2021-05-23T00:00:00Z,-409042687.8270159
2021-05-22T00:00:00Z,1005471.6656575005
2021-05-21T00:00:00Z,577348196.1237662
2021-05-20T00:00:00Z,532668703.953122
2021-05-19T00:00:00Z,866360131.8434469
2021-05-18T00:00:00Z,-336638280.58252835
2021-05-17T00:00:00Z,1138710350.8674576
2021-05-16T00:00:00Z,-323683072.89436775
2021-05-15T00:00:00Z,-63057809.590369634
2021-05-14T00:00:00Z,600190437.8038939
2021-05-13T00:00:00Z,140788483.71828333
2021-05-12T00:00:00Z,-441374316.3889639
2021-05-11T00:00:00Z,-89372422.94981809
2021-05-10T00:00:00Z,587973682.2974571
2021-05-09T00:00:00Z,-94071863.29173228
2021-05-08T00:00:00Z,-144290739.47156447
2021-05-07T00:00:00Z,-305736594.8179554
2021-05-06T00:00:00Z,354246155.54139155
2021-05-05T00:00:00Z,711823515.2409543
2021-05-04T00:00:00Z,121768913.83342198
2021-05-03T00:00:00Z,-197661056.3215316
2021-05-02T00:00:00Z,319785797.7551658
2021-05-01T00:00:00Z,163115973.58496267
2021-04-30T00:00:00Z,577935443.236435
2021-04-29T00:00:00Z,146682045.21912828
2021-04-28T00:00:00Z,-426437006.92534226
2021-04-27T00:00:00Z,22163896.0406002
2021-04-26T00:00:00Z,-13331740.478258254
2021-04-25T00:00:00Z,549682282.009584
2021-04-24T00:00:00Z,176561245.88321838
2021-04-23T00:00:00Z,287022105.57668936
2021-04-22T00:00:00Z,-564417312.3285949
2021-04-21T00:00:00Z,347601027.0869238
2021-04-20T00:00:00Z,447890843.732376
2021-04-19T00:00:00Z,-174917833.96598488
2021-04-18T00:00:00Z,251507292.59550002
2021-04-17T00:00:00Z,459557776.569687
2021-04-16T00:00:00Z,1180075451.518577
2021-04-15T00:00:00Z,277382919.57354856
2021-04-14T00:00:00Z,419308252.2891237
2021-04-13T00:00:00Z,-135785154.28094703
2021-04-12T00:00:00Z,-177018638.55962232
2021-04-11T00:00:00Z,123218218.75761119
2021-04-10T00:00:00Z,-37154534.43815244
2021-04-09T00:00:00Z,502932212.90633124
2021-04-08T00:00:00Z,753862444.2908843
2021-04-07T00:00:00Z,298385570.00879383
2021-04-06T00:00:00Z,-9549941.872553432
2021-04-05T00:00:00Z,-205141519.47311434
2021-04-04T00:00:00Z,263699705.67500612
2021-04-03T00:00:00Z,236573902.5821853
2021-04-02T00:00:00Z,489136750.5079694
2021-04-01T00:00:00Z,25474682.918136097
2021-03-31T00:00:00Z,-252037521.50060928
2021-03-30T00:00:00Z,70099665.9925156
2021-03-29T00:00:00Z,-205039540.15118662
2021-03-28T00:00:00Z,73004687.79614058
2021-03-27T00:00:00Z,724085219.4068983
2021-03-26T00:00:00Z,700717355.3394842
2021-03-25T00:00:00Z,68783201.56792967
2021-03-24T00:00:00Z,-44458599.461366534
2021-03-23T00:00:00Z,164488416.7366123
2021-03-22T00:00:00Z,82861111.42478305
2021-03-21T00:00:00Z,-33944109.42734214
2021-03-20T00:00:00Z,329459001.1867144
2021-03-19T00:00:00Z,-311214341.44975954
2021-03-18T00:00:00Z,-31030638.568909585
2021-03-17T00:00:00Z,220210438.41997567
2021-03-16T00:00:00Z,309319924.4225003
2021-03-15T00:00:00Z,276165244.5725786
2021-03-14T00:00:00Z,56563679.71077721
2021-03-13T00:00:00Z,-231868671.9106581
2021-03-12T00:00:00Z,339182630.321356
2021-03-11T00:00:00Z,-332443581.35220385
2021-03-10T00:00:00Z,295588383.6110986
2021-03-09T00:00:00Z,-11592384.593629235
2021-03-08T00:00:00Z,-326923068.1708379
2021-03-07T00:00:00Z,-769408000.766668
2021-03-06T00:00:00Z,-3624697.113233947
2021-03-05T00:00:00Z,277219959.1039803
2021-03-04T00:00:00Z,-176947858.07713494
2021-03-03T00:00:00Z,-287678815.25980943
2021-03-02T00:00:00Z,323156984.8453907
2021-03-01T00:00:00Z,258682853.44842672
2021-02-28T00:00:00Z,175677318.88420814
2021-02-27T00:00:00Z,204625406.6331328
2021-02-26T00:00:00Z,208410285.8119486
2021-02-25T00:00:00Z,-47996175.25661663
2021-02-24T00:00:00Z,446277312.328506
2021-02-23T00:00:00Z,-88051014.51573552
2021-02-22T00:00:00Z,353866643.5622971
2021-02-21T00:00:00Z,129418136.55119266
2021-02-20T00:00:00Z,219916972.13995665
2021-02-19T00:00:00Z,317417348.3582527
2021-02-18T00:00:00Z,-159740787.1669797
2021-02-17T00:00:00Z,155319200.41068643
2021-02-16T00:00:00Z,-98820919.39906205
2021-02-15T00:00:00Z,-82241902.2396126
2021-02-14T00:00:00Z,101008980.7117244
2021-02-13T00:00:00Z,141630721.71337917
2021-02-12T00:00:00Z,-29271127.101016875
2021-02-11T00:00:00Z,247884273.85470316
2021-02-10T00:00:00Z,133045497.94039826
2021-02-09T00:00:00Z,65748619.29054516
2021-02-08T00:00:00Z,-181635651.88726002
2021-02-07T00:00:00Z,382819710.3476481
2021-02-06T00:00:00Z,-63110990.008267306
2021-02-05T00:00:00Z,90200541.33329694
2021-02-04T00:00:00Z,81181028.54722455
2021-02-03T00:00:00Z,2347450421.0161734
2021-02-02T00:00:00Z,70866834.3736815
2021-02-01T00:00:00Z,-161887678.3776098
2021-01-31T00:00:00Z,-28733697.366926722
2021-01-30T00:00:00Z,147807852.2652334
2021-01-29T00:00:00Z,131846233.40467325
2021-01-28T00:00:00Z,-3399103.345587582
2021-01-27T00:00:00Z,418182907.65685177
2021-01-26T00:00:00Z,289774853.975484
2021-01-25T00:00:00Z,-12736360.05349579
2021-01-24T00:00:00Z,123359339.13286053
2021-01-23T00:00:00Z,31972120.203978725
2021-01-22T00:00:00Z,224319656.95659158
2021-01-21T00:00:00Z,-63767126.23096037
2021-01-20T00:00:00Z,-15151450.02320792
2021-01-19T00:00:00Z,-121901386.06578699
2021-01-18T00:00:00Z,-62788517.12192253
2021-01-17T00:00:00Z,-11265791.84768306
2021-01-16T00:00:00Z,105085946.20263906
2021-01-15T00:00:00Z,237370603.4514512
2021-01-14T00:00:00Z,-177934447.630011
2021-01-13T00:00:00Z,5029074.280217257
2021-01-12T00:00:00Z,234973845.65151125
2021-01-11T00:00:00Z,182170832.65968406
2021-01-10T00:00:00Z,-12850439.290846687
2021-01-09T00:00:00Z,105680119.53584738
2021-01-08T00:00:00Z,114522473.28119203
2021-01-07T00:00:00Z,-26325128.073571756
2021-01-06T00:00:00Z,90449089.2244895
2021-01-05T00:00:00Z,54082261.93486823
2021-01-04T00:00:00Z,196659518.59115633
2021-01-03T00:00:00Z,-53126382.68990003
2021-01-02T00:00:00Z,28566756.62937868
2021-01-01T00:00:00Z,319968234.1968344
2020-12-31T00:00:00Z,176167850.48971486
2020-12-30T00:00:00Z,45432936.641279675
2020-12-29T00:00:00Z,150675450.98892143
2020-12-28T00:00:00Z,-72436205.76228377
2020-12-27T00:00:00Z,-71291793.04500397
2020-12-26T00:00:00Z,-5321196.1240936145
2020-12-25T00:00:00Z,-86667894.18555978
2020-12-24T00:00:00Z,170611103.3832629
2020-12-23T00:00:00Z,138398455.54082552
2020-12-22T00:00:00Z,-173880607.19485435
2020-12-21T00:00:00Z,53033266.71470831
2020-12-20T00:00:00Z,-44229799.29088419
2020-12-19T00:00:00Z,187213111.07984945
2020-12-18T00:00:00Z,-11560792.894658044
2020-12-17T00:00:00Z,-78192953.8416188
2020-12-16T00:00:00Z,16515305.450378995
2020-12-15T00:00:00Z,121858017.10573669
2020-12-14T00:00:00Z,-78270995.28538842
2020-12-13T00:00:00Z,-141303314.57587242
2020-12-12T00:00:00Z,31338438.160146974
2020-12-11T00:00:00Z,55455033.43826858
2020-12-10T00:00:00Z,-78380680.77061953
2020-12-09T00:00:00Z,67289939.28821422
2020-12-08T00:00:00Z,31542808.179817248
2020-12-07T00:00:00Z,-30236494.05757727
2020-12-06T00:00:00Z,-483159.3516438045
2020-12-05T00:00:00Z,4959315.7684199065
2020-12-04T00:00:00Z,-21727519.27200679
2020-12-03T00:00:00Z,404302.3641614902
2020-12-02T00:00:00Z,-57454968.90313923
2020-12-01T00:00:00Z,-41116324.85672835
2020-11-30T00:00:00Z,-28788601.240733873
2020-11-29T00:00:00Z,-46386094.90400201
2020-11-28T00:00:00Z,40550711.17812471
2020-11-27T00:00:00Z,-95148672.57390735
2020-11-26T00:00:00Z,-68517599.47333604
2020-11-25T00:00:00Z,52564351.590050586
2020-11-24T00:00:00Z,104505110.29992482
2020-11-23T00:00:00Z,314522434.8725813
2020-11-22T00:00:00Z,119566150.44226806
2020-11-21T00:00:00Z,-38085898.994980775
2020-11-20T00:00:00Z,-37903257.11981939
2020-11-19T00:00:00Z,-39333431.640477486
2020-11-18T00:00:00Z,112242207.69331624
2020-11-17T00:00:00Z,-84136116.39197119
2020-11-16T00:00:00Z,28281242.89279506
2020-11-15T00:00:00Z,-18475516.332397163
2020-11-14T00:00:00Z,-29340647.377708208
2020-11-13T00:00:00Z,-51468835.13321873
2020-11-12T00:00:00Z,-40097122.012599505
2020-11-11T00:00:00Z,61132732.70880436
2020-11-10T00:00:00Z,-18759926.594719917
2020-11-09T00:00:00Z,90213868.51899135
2020-11-08T00:00:00Z,-68687307.54577857
2020-11-07T00:00:00Z,-16591381.882087642
2020-11-06T00:00:00Z,-17311037.875294533
2020-11-05T00:00:00Z,-44826219.06338403
2020-11-04T00:00:00Z,-104685372.18951522
2020-11-03T00:00:00Z,69468525.33700237
2020-11-02T00:00:00Z,-42051345.499092825
2020-11-01T00:00:00Z,-12325371.199689992
2020-10-31T00:00:00Z,-37857770.61944317
2020-10-30T00:00:00Z,33196332.006911933
2020-10-29T00:00:00Z,-21906741.91871174
2020-10-28T00:00:00Z,122164895.57862593
2020-10-27T00:00:00Z,1663190.1615031478
2020-10-26T00:00:00Z,126560083.49095765
2020-10-25T00:00:00Z,-62352624.602706194
2020-10-24T00:00:00Z,33445209.19431509
2020-10-23T00:00:00Z,-19831344.983159255
2020-10-22T00:00:00Z,44361461.727084294
2020-10-21T00:00:00Z,45681674.022051714
2020-10-20T00:00:00Z,23806175.339736287
2020-10-19T00:00:00Z,-6544024.66492158
2020-10-18T00:00:00Z,-55233004.44503434
2020-10-17T00:00:00Z,-15042506.808270019
2020-10-16T00:00:00Z,-90537103.89053227
2020-10-15T00:00:00Z,-2853983.5011266265
2020-10-14T00:00:00Z,86240072.8934743
2020-10-13T00:00:00Z,84885847.63361734
2020-10-12T00:00:00Z,4504880.085691243
2020-10-11T00:00:00Z,-1638933.1927463033
2020-10-10T00:00:00Z,-18561487.66594485
2020-10-09T00:00:00Z,46548318.18286074
2020-10-08T00:00:00Z,-7710859.394092511
2020-10-07T00:00:00Z,-33340277.09417812
2020-10-06T00:00:00Z,32770558.700711053
2020-10-05T00:00:00Z,116153431.6985249
2020-10-04T00:00:00Z,20941465.311475176
2020-10-03T00:00:00Z,96854266.99258623
2020-10-02T00:00:00Z,36716640.92583672
2020-10-01T00:00:00Z,53842811.27386612
2020-09-30T00:00:00Z,45829523.37405839
2020-09-29T00:00:00Z,-25505418.114613533
2020-09-28T00:00:00Z,7028497.818136638
2020-09-27T00:00:00Z,-76391723.42306092
2020-09-26T00:00:00Z,-37909399.830191076
2020-09-25T00:00:00Z,-75888531.27582316
2020-09-24T00:00:00Z,2046314.7229666414
2020-09-23T00:00:00Z,33129464.993090935
2020-09-22T00:00:00Z,3080949.060698826
2020-09-21T00:00:00Z,182185920.2182014
2020-09-20T00:00:00Z,-57894180.20276733
2020-09-19T00:00:00Z,46217972.3213011
2020-09-18T00:00:00Z,19603762.171446294
2020-09-17T00:00:00Z,-100004005.36384392
2020-09-16T00:00:00Z,-5245619.536550171
2020-09-15T00:00:00Z,872411836.7763062
2020-09-14T00:00:00Z,30732697.11737439
2020-09-13T00:00:00Z,-39508787.97584188
2020-09-12T00:00:00Z,-36283329.33999723
2020-09-11T00:00:00Z,-40967392.23454703
2020-09-10T00:00:00Z,-6872568.107931529
2020-09-09T00:00:00Z,-51012874.64241749
2020-09-08T00:00:00Z,42569242.90294955
2020-09-07T00:00:00Z,-26069680.146460757
2020-09-06T00:00:00Z,54467426.85880071
2020-09-05T00:00:00Z,-78010813.68177086
2020-09-04T00:00:00Z,200611276.13899326
2020-09-03T00:00:00Z,-37915897.38889633
2020-09-02T00:00:00Z,-53938872.53532533
2020-09-01T00:00:00Z,-182028581.83866426
2020-08-31T00:00:00Z,-68854144.8479969
2020-08-30T00:00:00Z,-124654446.98485641
2020-08-29T00:00:00Z,-60807675.157065585
2020-08-28T00:00:00Z,-116735846.86962253
2020-08-27T00:00:00Z,-38176056.83639596
2020-08-26T00:00:00Z,-12686841.62289418
2020-08-25T00:00:00Z,-74480270.3876414
2020-08-24T00:00:00Z,-94906935.00779362
2020-08-23T00:00:00Z,-28973436.069505922
2020-08-22T00:00:00Z,-31743724.77202717
2020-08-21T00:00:00Z,53308435.65666205
2020-08-20T00:00:00Z,949577234.3371713
2020-08-19T00:00:00Z,20870027.748673715
2020-08-18T00:00:00Z,-56175747.405283056
2020-08-17T00:00:00Z,-18761498.05688627
2020-08-16T00:00:00Z,-28356747.94313151
2020-08-15T00:00:00Z,-101053505.23655662
2020-08-14T00:00:00Z,-64209844.631229214
2020-08-13T00:00:00Z,92478001.304453
2020-08-12T00:00:00Z,-119487319.54251134
2020-08-11T00:00:00Z,17708856.141730987
2020-08-10T00:00:00Z,306991712.9226465
2020-08-09T00:00:00Z,-45181520.85831958
2020-08-08T00:00:00Z,-18054519.808684774
2020-08-07T00:00:00Z,-17658612.229961194
2020-08-06T00:00:00Z,53549287.89416292
2020-08-05T00:00:00Z,-19602780.030624826
2020-08-04T00:00:00Z,15811709.947608346
2020-08-03T00:00:00Z,9236453.844727656
2020-08-02T00:00:00Z,8308939.630383587
2020-08-01T00:00:00Z,48425758.714432195
2020-07-31T00:00:00Z,-65100639.575515255
2020-07-30T00:00:00Z,-84639295.12285793
2020-07-29T00:00:00Z,-78629104.80577756
2020-07-28T00:00:00Z,-5894940.078889405
2020-07-27T00:00:00Z,52882872.10089439
2020-07-26T00:00:00Z,18213305.068412237
2020-07-25T00:00:00Z,-63507324.636809066
2020-07-24T00:00:00Z,-51919670.491335265
2020-07-23T00:00:00Z,-48528747.37297204
2020-07-22T00:00:00Z,33393565.099783704
2020-07-21T00:00:00Z,-32383685.200943492
2020-07-20T00:00:00Z,-53147967.61858653
2020-07-19T00:00:00Z,-47683420.91083684
2020-07-18T00:00:00Z,2998664.181609105
2020-07-17T00:00:00Z,-13300604.34687243
2020-07-16T00:00:00Z,-33364662.105641853
2020-07-15T00:00:00Z,-21388913.003603123
2020-07-14T00:00:00Z,91655383.92105986
2020-07-13T00:00:00Z,-59686735.0887218
2020-07-12T00:00:00Z,-37056340.457638815
2020-07-11T00:00:00Z,942168.0881557993
2020-07-10T00:00:00Z,-20526229.208550923
2020-07-09T00:00:00Z,-52792204.88395007
2020-07-08T00:00:00Z,-22263511.203646615
2020-07-07T00:00:00Z,-24707996.667396083
2020-07-06T00:00:00Z,-49929085.49121125
2020-07-05T00:00:00Z,-20720276.068175353
2020-07-04T00:00:00Z,-32165287.607435398
2020-07-03T00:00:00Z,-20129148.97310662
2020-07-02T00:00:00Z,-7779208.652851354
2020-07-01T00:00:00Z,-10597365.468742622
2020-06-30T00:00:00Z,-32875991.36210633
2020-06-29T00:00:00Z,311437392.8956122
2020-06-28T00:00:00Z,1492106.784492396
2020-06-27T00:00:00Z,10358772.394249786
2020-06-26T00:00:00Z,12750103.706412205
2020-06-25T00:00:00Z,10994675.054076677
2020-06-24T00:00:00Z,46712415.45529205
2020-06-23T00:00:00Z,-61930340.30857258
2020-06-22T00:00:00Z,-2177202.0561643373
2020-06-21T00:00:00Z,-9184380.674910508
2020-06-20T00:00:00Z,-9784022.707344685
2020-06-19T00:00:00Z,30051976.69597296
2020-06-18T00:00:00Z,15378242.823084582
2020-06-17T00:00:00Z,-26221693.03851036
2020-06-16T00:00:00Z,-1866045.728735865
2020-06-15T00:00:00Z,3456288.0915429834
2020-06-14T00:00:00Z,-15449871.732228532
2020-06-13T00:00:00Z,-7950619.469556043
2020-06-12T00:00:00Z,36371621.59431655
2020-06-11T00:00:00Z,-64462.72934303834
2020-06-10T00:00:00Z,-9588524.390922531
2020-06-09T00:00:00Z,-16842641.78318498
2020-06-08T00:00:00Z,-20889820.050299317
2020-06-07T00:00:00Z,-12060375.062397016
2020-06-06T00:00:00Z,-25473390.140508108
2020-06-05T00:00:00Z,-1062773.5198578045
2020-06-04T00:00:00Z,-10452172.82151649
2020-06-03T00:00:00Z,-908638.8486114967
2020-06-02T00:00:00Z,61936858.71894122
2020-06-01T00:00:00Z,-12911760.959227
2020-05-31T00:00:00Z,-18576282.583943877
2020-05-30T00:00:00Z,23033142.442818627
2020-05-29T00:00:00Z,-36303419.87524237
2020-05-28T00:00:00Z,14189647.909939468
2020-05-27T00:00:00Z,434990.1216687498
2020-05-26T00:00:00Z,-24797265.876752317
2020-05-25T00:00:00Z,-35437937.4406581
2020-05-24T00:00:00Z,-12277329.794546645
2020-05-23T00:00:00Z,11225148.904877413
2020-05-22T00:00:00Z,-28205222.337842394
2020-05-21T00:00:00Z,-41305350.19838218
2020-05-20T00:00:00Z,-26234140.110494353
2020-05-19T00:00:00Z,-60451538.84243855
2020-05-18T00:00:00Z,-36607599.81754331
2020-05-17T00:00:00Z,-15690214.857323019
2020-05-16T00:00:00Z,12396772.014170907
2020-05-15T00:00:00Z,-67871209.04583196
2020-05-14T00:00:00Z,-68027578.7423519
2020-05-13T00:00:00Z,-46168430.254067615
2020-05-12T00:00:00Z,1598494.1539727156
2020-05-11T00:00:00Z,-14883616.414908139
2020-05-10T00:00:00Z,66050797.26275756
2020-05-09T00:00:00Z,-51825726.251729324
2020-05-08T00:00:00Z,-30355627.18109426
2020-05-07T00:00:00Z,11230620.354071273
2020-05-06T00:00:00Z,2929513.903760046
2020-05-05T00:00:00Z,20212098.222597107
2020-05-04T00:00:00Z,-14101776.992161512
2020-05-03T00:00:00Z,-3233409.7964483732
2020-05-02T00:00:00Z,-4667047.64363676
2020-05-01T00:00:00Z,-56158868.84708929
2020-04-30T00:00:00Z,-174813353.49409506
2020-04-29T00:00:00Z,28074520.67924927
2020-04-28T00:00:00Z,-9084641.644831782
2020-04-27T00:00:00Z,5930489.34416641
2020-04-26T00:00:00Z,-10469516.770361543
2020-04-25T00:00:00Z,-13291155.251382245
2020-04-24T00:00:00Z,-77733920.72062393
2020-04-23T00:00:00Z,-4069779.013319602
2020-04-22T00:00:00Z,58674480.83802334
2020-04-21T00:00:00Z,102967336.53366081
2020-04-20T00:00:00Z,16486985.300771298
2020-04-19T00:00:00Z,-12187548.156925062
2020-04-18T00:00:00Z,4653350.297065959
2020-04-17T00:00:00Z,26812288.603690356
2020-04-16T00:00:00Z,-18393813.35956735
2020-04-15T00:00:00Z,3730888.641037241
2020-04-14T00:00:00Z,55230956.840967
2020-04-13T00:00:00Z,59291707.67357278
2020-04-12T00:00:00Z,24029870.768246096
2020-04-11T00:00:00Z,13458165.763682207
2020-04-10T00:00:00Z,6206053.579895585
2020-04-09T00:00:00Z,3122636.3138712225
2020-04-08T00:00:00Z,-11110695.838899663
2020-04-07T00:00:00Z,-4419856.190851743
2020-04-06T00:00:00Z,8722237.675925516
2020-04-05T00:00:00Z,-20912207.581299942
2020-04-04T00:00:00Z,-4564709.984990548
2020-04-03T00:00:00Z,12113489.756325731
2020-04-02T00:00:00Z,11670561.648898382
2020-04-01T00:00:00Z,82756862.09420379
2020-03-31T00:00:00Z,19012337.34971344
2020-03-30T00:00:00Z,52959093.280465886
2020-03-29T00:00:00Z,-46407202.988529235
2020-03-28T00:00:00Z,36078867.784182295
2020-03-27T00:00:00Z,16574526.626815418
2020-03-26T00:00:00Z,40325581.255750686
2020-03-25T00:00:00Z,91598024.76932901
2020-03-24T00:00:00Z,66090674.1002117
2020-03-23T00:00:00Z,21563059.75404288
2020-03-22T00:00:00Z,-19641568.005141024
2020-03-21T00:00:00Z,-7424099.820554461
2020-03-20T00:00:00Z,58878050.71158654
2020-03-19T00:00:00Z,91915223.18338074
2020-03-18T00:00:00Z,56835836.454856135
2020-03-17T00:00:00Z,93693322.64629813
2020-03-16T00:00:00Z,106216682.46478355
2020-03-15T00:00:00Z,-36953426.82667719
2020-03-14T00:00:00Z,72865437.38176377
2020-03-13T00:00:00Z,205853643.14351344
2020-03-12T00:00:00Z,33835987.884482026
2020-03-11T00:00:00Z,23080241.800089747
2020-03-10T00:00:00Z,21455961.86967068
2020-03-09T00:00:00Z,58305243.47640025
2020-03-08T00:00:00Z,27631992.540741883
2020-03-07T00:00:00Z,-477807.16944613715
2020-03-06T00:00:00Z,23881039.00489483
2020-03-05T00:00:00Z,192669793.51788124
2020-03-04T00:00:00Z,4563629.116686819
2020-03-03T00:00:00Z,1465033.8501710403
2020-03-02T00:00:00Z,60972865.639246725
2020-03-01T00:00:00Z,-13590237.216983294
2020-02-29T00:00:00Z,-17587808.779162943
2020-02-28T00:00:00Z,-2375806.8484057337
2020-02-27T00:00:00Z,5361628.64604834
2020-02-26T00:00:00Z,-10741461.07377043
2020-02-25T00:00:00Z,-5027998.667965914
2020-02-24T00:00:00Z,-26837099.658306755
2020-02-23T00:00:00Z,-19576117.997643057
2020-02-22T00:00:00Z,-48437723.353474975
2020-02-21T00:00:00Z,29177396.48861399
2020-02-20T00:00:00Z,319000999.15300643
2020-02-19T00:00:00Z,-4536607.625411463
2020-02-18T00:00:00Z,2542969.75201347
2020-02-17T00:00:00Z,22986972.136147533
2020-02-16T00:00:00Z,3746105.421182106
2020-02-15T00:00:00Z,-5672626.97868814
2020-02-14T00:00:00Z,4708835.101642552
2020-02-13T00:00:00Z,-2830314.4560461766
2020-02-12T00:00:00Z,3024727.702009951
2020-02-11T00:00:00Z,37682277.7957291
2020-02-10T00:00:00Z,-25575478.908782844
2020-02-09T00:00:00Z,-4208759.943815387
2020-02-08T00:00:00Z,3450708.1516443337
2020-02-07T00:00:00Z,-10987377.021712208
2020-02-06T00:00:00Z,21053407.91517395
2020-02-05T00:00:00Z,-3237443.497145511
2020-02-04T00:00:00Z,3535306.9073304045
2020-02-03T00:00:00Z,5134420.303673605
2020-02-02T00:00:00Z,-14012400.191787986
2020-02-01T00:00:00Z,-11230825.15263924
2020-01-31T00:00:00Z,6707052.63440118
2020-01-30T00:00:00Z,-574675.2633543467
2020-01-29T00:00:00Z,1306317.3402381274
2020-01-28T00:00:00Z,-5390769.499430876
2020-01-27T00:00:00Z,-4860129.555363931
2020-01-26T00:00:00Z,-5058940.1046923455
2020-01-25T00:00:00Z,-2289331.4711644994
2020-01-24T00:00:00Z,843472.7566864971
2020-01-23T00:00:00Z,-37708793.6008622
2020-01-22T00:00:00Z,16700664.401713481
2020-01-21T00:00:00Z,-9445058.737248972
2020-01-20T00:00:00Z,-49674257.72789481
2020-01-19T00:00:00Z,4461432.717246326
2020-01-18T00:00:00Z,-16190887.851244142
2020-01-17T00:00:00Z,-25068399.56990903
2020-01-16T00:00:00Z,22915328.985149015
2020-01-15T00:00:00Z,-25900814.566945735
2020-01-14T00:00:00Z,15557863.95846184
2020-01-13T00:00:00Z,2236219.300456588
2020-01-12T00:00:00Z,-3844231.1196375266
2020-01-11T00:00:00Z,-5883103.087430156
2020-01-10T00:00:00Z,-30174918.477073506
2020-01-09T00:00:00Z,-24832968.666019607
2020-01-08T00:00:00Z,1332854.7905272464
2020-01-07T00:00:00Z,-7571518.667505927
2020-01-06T00:00:00Z,-6074580.826450751
2020-01-05T00:00:00Z,-12824058.343952836
2020-01-04T00:00:00Z,-60531298.10636445
2020-01-03T00:00:00Z,13992570.747756634
2020-01-02T00:00:00Z,-75829.04531869982
2020-01-01T00:00:00Z,-9667594.914163617
2019-12-31T00:00:00Z,-4671526.645316693
2019-12-30T00:00:00Z,-4363787.496266718
2019-12-29T00:00:00Z,4120970.363738576
2019-12-28T00:00:00Z,-3699942.17491569
2019-12-27T00:00:00Z,-2836897.7586647784
2019-12-26T00:00:00Z,-3617558.9606278394
2019-12-25T00:00:00Z,-17609296.3438122
2019-12-24T00:00:00Z,-6618857.304661568
2019-12-23T00:00:00Z,21135201.828317583
2019-12-22T00:00:00Z,-12658549.451396165
2019-12-21T00:00:00Z,-3330790.0144964405
2019-12-20T00:00:00Z,-20029076.704223715
2019-12-19T00:00:00Z,7151428.48130465
2019-12-18T00:00:00Z,10443837.844111418
2019-12-17T00:00:00Z,15513790.144228753
2019-12-16T00:00:00Z,3996938.8701328966
2019-12-15T00:00:00Z,-165436.4090037658
2019-12-14T00:00:00Z,-9463807.189857177
2019-12-13T00:00:00Z,-10803022.487143038
2019-12-12T00:00:00Z,7670348.029700468
2019-12-11T00:00:00Z,-30251624.620192673
2019-12-10T00:00:00Z,209490814.87816298
2019-12-09T00:00:00Z,1151644.651876388
2019-12-08T00:00:00Z,-17533879.092056714
2019-12-07T00:00:00Z,7314646.056165882
2019-12-06T00:00:00Z,4931337.374635619
2019-12-05T00:00:00Z,-3779774.246319312
2019-12-04T00:00:00Z,-8778270.047879146
2019-12-03T00:00:00Z,-22371356.19272697
2019-12-02T00:00:00Z,-10551444.26750649
2019-12-01T00:00:00Z,-41806950.30223748
2019-11-30T00:00:00Z,-5137569.603559067
2019-11-29T00:00:00Z,77254785.91190784
2019-11-28T00:00:00Z,-5340189.354660827
2019-11-27T00:00:00Z,-16275186.240482988
2019-11-26T00:00:00Z,-3110933.9813739792
2019-11-25T00:00:00Z,19110428.89697083
2019-11-24T00:00:00Z,-6200115.573886571
2019-11-23T00:00:00Z,-22475162.79938706
2019-11-22T00:00:00Z,15842909.638104035
2019-11-21T00:00:00Z,11156220.688874653
2019-11-20T00:00:00Z,-11328982.20531869
2019-11-19T00:00:00Z,9241321.988717612
2019-11-18T00:00:00Z,-16065391.535607064
2019-11-17T00:00:00Z,-8775756.770886868
2019-11-16T00:00:00Z,-5611728.920812133
2019-11-15T00:00:00Z,-19339219.268663563
2019-11-14T00:00:00Z,-8524536.854194911
2019-11-13T00:00:00Z,4360307.276011098
2019-11-12T00:00:00Z,74974225.45105885
2019-11-11T00:00:00Z,1874508.919329638
2019-11-10T00:00:00Z,-4241243.630557374
2019-11-09T00:00:00Z,12984480.694188079
2019-11-08T00:00:00Z,-18320426.550897256
2019-11-07T00:00:00Z,-17460808.502327476
2019-11-06T00:00:00Z,-12411943.270073274
2019-11-05T00:00:00Z,-12450660.030546961
2019-11-04T00:00:00Z,-19674674.69941111
2019-11-03T00:00:00Z,-36926229.93420461
2019-11-02T00:00:00Z,-18407133.81435198
2019-11-01T00:00:00Z,-23946666.609904733
2019-10-31T00:00:00Z,-51187706.29918179
2019-10-30T00:00:00Z,-25514810.892750308
2019-10-29T00:00:00Z,325146747.6597911
2019-10-28T00:00:00Z,10776905.927601531
2019-10-27T00:00:00Z,-43367779.36128518
2019-10-26T00:00:00Z,-97452543.28335191
2019-10-25T00:00:00Z,-160091736.6350054
2019-10-24T00:00:00Z,-87798967.13583489
2019-10-23T00:00:00Z,-42950475.203184284
2019-10-22T00:00:00Z,-41718337.861396514
2019-10-21T00:00:00Z,-24907460.82216243
2019-10-20T00:00:00Z,5686298.37995332
2019-10-19T00:00:00Z,-7661995.749155295
2019-10-18T00:00:00Z,-35617659.34665821
2019-10-17T00:00:00Z,-5371963.973979939
2019-10-16T00:00:00Z,-1436430.5430403973
2019-10-15T00:00:00Z,-22262440.714620978
2019-10-14T00:00:00Z,-16032160.910701195
2019-10-13T00:00:00Z,-721436.863970229
2019-10-12T00:00:00Z,5249043.471556824
2019-10-11T00:00:00Z,362771.35472309426
2019-10-10T00:00:00Z,1299191.7770109118
2019-10-09T00:00:00Z,-11415665.724603219
2019-10-08T00:00:00Z,-1715513.0682696495
2019-10-07T00:00:00Z,-1695811.8294656624
2019-10-06T00:00:00Z,5561133.521893771
2019-10-05T00:00:00Z,-6057960.664885161
2019-10-04T00:00:00Z,-7964276.114133112
2019-10-03T00:00:00Z,-15426671.051660046
2019-10-02T00:00:00Z,1968330.3861203485
2019-10-01T00:00:00Z,7938124.725021898
2019-09-30T00:00:00Z,-8587532.098267788
2019-09-29T00:00:00Z,-6563310.471315163
2019-09-28T00:00:00Z,2202672.563950479
2019-09-27T00:00:00Z,-14202030.234311515
2019-09-26T00:00:00Z,-19831042.5373994
2019-09-25T00:00:00Z,93044604.3361006
2019-09-24T00:00:00Z,24418148.429877985
2019-09-23T00:00:00Z,-14709774.018751217
2019-09-22T00:00:00Z,-9153013.503513321
2019-09-21T00:00:00Z,-12565322.775351593
2019-09-20T00:00:00Z,-1174070.2760465317
2019-09-19T00:00:00Z,3199453.291532334
2019-09-18T00:00:00Z,-45713510.79680987
2019-09-17T00:00:00Z,10659180.214267196
2019-09-16T00:00:00Z,51075729.231886365
2019-09-15T00:00:00Z,-7020749.273897954
2019-09-14T00:00:00Z,-14831961.057104658
2019-09-13T00:00:00Z,18543543.23903622
2019-09-12T00:00:00Z,279353465.0664754
2019-09-11T00:00:00Z,-45878631.7919078
2019-09-10T00:00:00Z,-7747662.139341408
2019-09-09T00:00:00Z,-17162391.88369171
2019-09-08T00:00:00Z,-23256150.972170107
2019-09-07T00:00:00Z,-4841373.998962723
2019-09-06T00:00:00Z,12892973.250154104
2019-09-05T00:00:00Z,-542918.2291753925
2019-09-04T00:00:00Z,-4834465.571086233
2019-09-03T00:00:00Z,10945771.38306145
2019-09-02T00:00:00Z,20232959.19070638
2019-09-01T00:00:00Z,-17826400.362366352
2019-08-31T00:00:00Z,-9323863.396466047
2019-08-30T00:00:00Z,3168149.6758813057
2019-08-29T00:00:00Z,-6234172.269217198
2019-08-28T00:00:00Z,-12925603.56901407
2019-08-27T00:00:00Z,-28868003.113345366
2019-08-26T00:00:00Z,-32907196.441173606
2019-08-25T00:00:00Z,-15418545.688515091
2019-08-24T00:00:00Z,3418112.8899693256
2019-08-23T00:00:00Z,-5710939.723687906
2019-08-22T00:00:00Z,-5472202.412707891
2019-08-21T00:00:00Z,14186969.352489065
2019-08-20T00:00:00Z,-21199986.987956624
2019-08-19T00:00:00Z,-8203164.795736854
2019-08-18T00:00:00Z,-6998257.143155579
2019-08-17T00:00:00Z,-11497519.540138338
2019-08-16T00:00:00Z,19067565.64025095
2019-08-15T00:00:00Z,-10021327.390710732
2019-08-14T00:00:00Z,-25654563.62860415
2019-08-13T00:00:00Z,-21230966.694302406
2019-08-12T00:00:00Z,-18360579.063661207
2019-08-11T00:00:00Z,10245121.768096028
2019-08-10T00:00:00Z,20543186.61479649
2019-08-09T00:00:00Z,-39884754.819523335
2019-08-08T00:00:00Z,-19502498.46140925
2019-08-07T00:00:00Z,-8530938.544769658
2019-08-06T00:00:00Z,-21563017.44894543
2019-08-05T00:00:00Z,48444450.00718337
2019-08-04T00:00:00Z,1858368.6916529422
2019-08-03T00:00:00Z,819969.7957102084
2019-08-02T00:00:00Z,9342214.062215017
2019-08-01T00:00:00Z,-40764931.08885636
2019-07-31T00:00:00Z,-6844065.265789155
2019-07-30T00:00:00Z,28988347.00709346
2019-07-29T00:00:00Z,-14556679.304107036
2019-07-28T00:00:00Z,572500.1466941297
2019-07-27T00:00:00Z,33079521.84040053
2019-07-26T00:00:00Z,6199775.243449984
2019-07-25T00:00:00Z,-31091000.118715234
2019-07-24T00:00:00Z,-509146.5116975738
2019-07-23T00:00:00Z,-26210983.713501345
2019-07-22T00:00:00Z,-2065750.8975132692
2019-07-21T00:00:00Z,2340891.876080517
2019-07-20T00:00:00Z,46546031.52637225
2019-07-19T00:00:00Z,-47227056.57659644
2019-07-18T00:00:00Z,-14227775.174097113
2019-07-17T00:00:00Z,40051660.826281264
2019-07-16T00:00:00Z,-47768729.806038454
2019-07-15T00:00:00Z,11669201.576958468
2019-07-14T00:00:00Z,8034955.044487945
2019-07-13T00:00:00Z,4066796.16911377
2019-07-12T00:00:00Z,-1246720.6186930772
2019-07-11T00:00:00Z,48123340.44126365
2019-07-10T00:00:00Z,-31650975.582866043
2019-07-09T00:00:00Z,8825012.838519014
2019-07-08T00:00:00Z,43375123.88389573
2019-07-07T00:00:00Z,990105.4637778985
2019-07-06T00:00:00Z,34242978.635574386
2019-07-05T00:00:00Z,41682632.171580344
2019-07-04T00:00:00Z,23084985.408865195
2019-07-03T00:00:00Z,44620482.31385011
2019-07-02T00:00:00Z,16001742.100242442
2019-07-01T00:00:00Z,20511024.471597653
2019-06-30T00:00:00Z,-1039014.1547774024
2019-06-29T00:00:00Z,22773286.583494447
2019-06-28T00:00:00Z,23492525.688578304
2019-06-27T00:00:00Z,17444929.766057916
2019-06-26T00:00:00Z,6977456.893181761
2019-06-25T00:00:00Z,11410405.83159079
2019-06-24T00:00:00Z,-5798454.132733512
2019-06-23T00:00:00Z,7308352.308061356
2019-06-22T00:00:00Z,21796086.728291325
2019-06-21T00:00:00Z,13059879.868718887
2019-06-20T00:00:00Z,19141392.877576444
2019-06-19T00:00:00Z,-18905648.193610076
2019-06-18T00:00:00Z,5824744.859035056
2019-06-17T00:00:00Z,26660453.146923363
2019-06-16T00:00:00Z,-3019206.6123316265
2019-06-15T00:00:00Z,14338834.9065804
2019-06-14T00:00:00Z,30833290.72077297
2019-06-13T00:00:00Z,19296435.79234594
2019-06-12T00:00:00Z,24298663.242987163
2019-06-11T00:00:00Z,20721705.09387733
2019-06-10T00:00:00Z,25606658.37092006
2019-06-09T00:00:00Z,-2550066.7707838933
2019-06-08T00:00:00Z,4583621.061978925
2019-06-07T00:00:00Z,15850964.870294396
2019-06-06T00:00:00Z,20315484.160725858
2019-06-05T00:00:00Z,37460140.4179499
2019-06-04T00:00:00Z,30259835.916958176
2019-06-03T00:00:00Z,-3900207.2791814967
2019-06-02T00:00:00Z,2728365.979563997
2019-06-01T00:00:00Z,11153307.217741363
2019-05-31T00:00:00Z,22879930.012359973
2019-05-30T00:00:00Z,-4464918.170523973
2019-05-29T00:00:00Z,20502477.16621764
2019-05-28T00:00:00Z,1356796.548368713
2019-05-27T00:00:00Z,-9708838.749245454
2019-05-26T00:00:00Z,8200204.198716366
2019-05-25T00:00:00Z,15869996.931701444
2019-05-24T00:00:00Z,17758005.6873027
2019-05-23T00:00:00Z,16066342.690043034
2019-05-22T00:00:00Z,5536033.531006548
2019-05-21T00:00:00Z,21364705.950596366
2019-05-20T00:00:00Z,16659579.927676091
2019-05-19T00:00:00Z,-844159.428753399
2019-05-18T00:00:00Z,-582539.103421105
2019-05-17T00:00:00Z,11340819.587385032
2019-05-16T00:00:00Z,-5564703.475977979
2019-05-15T00:00:00Z,1195994.828577595
2019-05-14T00:00:00Z,15012424.145350449
2019-05-13T00:00:00Z,-3427893.429267286
2019-05-12T00:00:00Z,3661330.8529472994
2019-05-11T00:00:00Z,8758322.581639811
2019-05-10T00:00:00Z,6136890.20081164
2019-05-09T00:00:00Z,-1096234.5505165362
2019-05-08T00:00:00Z,8614329.361037679
2019-05-07T00:00:00Z,-3192061.341179099
2019-05-06T00:00:00Z,1159147.8315061105
2019-05-05T00:00:00Z,-5917549.862492475
2019-05-04T00:00:00Z,8684641.51031163
2019-05-03T00:00:00Z,26466218.924620107
2019-05-02T00:00:00Z,4418157.990003804
2019-05-01T00:00:00Z,9685923.023500131
2019-04-30T00:00:00Z,41134278.12567403
2019-04-29T00:00:00Z,-11776933.730873983
2019-04-28T00:00:00Z,-7244279.227376215
2019-04-27T00:00:00Z,-519684.2191798981
2019-04-26T00:00:00Z,1971260.9731439399
2019-04-25T00:00:00Z,60300222.02322747
2019-04-24T00:00:00Z,26933748.686068736
2019-04-23T00:00:00Z,6976531.219707948
2019-04-22T00:00:00Z,6461497.872618456
2019-04-21T00:00:00Z,-4868576.308039884
2019-04-20T00:00:00Z,-6107064.511468725
2019-04-19T00:00:00Z,6272616.663469849
2019-04-18T00:00:00Z,20171622.74984558
2019-04-17T00:00:00Z,9348830.6734931
2019-04-16T00:00:00Z,5749876.579561687
2019-04-15T00:00:00Z,13389877.044262951
2019-04-14T00:00:00Z,-5187311.212699316
2019-04-13T00:00:00Z,-849431.2950242511
2019-04-12T00:00:00Z,10607559.43521377
2019-04-11T00:00:00Z,15588426.12320912
2019-04-10T00:00:00Z,26500260.490418952
2019-04-09T00:00:00Z,8978896.055326913
2019-04-08T00:00:00Z,18854738.34640101
2019-04-07T00:00:00Z,-3791963.90458259
2019-04-06T00:00:00Z,-1619217.8923152727
2019-04-05T00:00:00Z,5856442.214877288
2019-04-04T00:00:00Z,-4217961.514760572
2019-04-03T00:00:00Z,5706849.9208194725
2019-04-02T00:00:00Z,13337805.538119052
2019-04-01T00:00:00Z,3195083.5851421193
2019-03-31T00:00:00Z,-694058.4826088788
2019-03-30T00:00:00Z,-486386.1641647551
2019-03-29T00:00:00Z,-5446417.580332913
2019-03-28T00:00:00Z,-987686.0340617821
2019-03-27T00:00:00Z,-2361786.459476424
2019-03-26T00:00:00Z,-1545119.8330579614
2019-03-25T00:00:00Z,-6320458.825835348
2019-03-24T00:00:00Z,-251697.49336355866
2019-03-23T00:00:00Z,-518907.10504054575
2019-03-22T00:00:00Z,1314439.2746372651
2019-03-21T00:00:00Z,6988976.741478564
2019-03-20T00:00:00Z,3518627.453100054
2019-03-19T00:00:00Z,-331368.1261404736
2019-03-18T00:00:00Z,8465819.913216654
2019-03-17T00:00:00Z,820021.0804075282
2019-03-16T00:00:00Z,-1467521.5615359854
2019-03-15T00:00:00Z,-1055882.5822094823
2019-03-14T00:00:00Z,-2376645.686223774
2019-03-13T00:00:00Z,5267396.636233842
2019-03-12T00:00:00Z,-2849647.310901906
2019-03-11T00:00:00Z,-4152499.714911029
2019-03-10T00:00:00Z,-2975028.6208712696
2019-03-09T00:00:00Z,3504895.7526164963
2019-03-08T00:00:00Z,2337204.7420807555
2019-03-07T00:00:00Z,-2543869.035121652
2019-03-06T00:00:00Z,-4546425.387496694
2019-03-05T00:00:00Z,-2121619.8562328387
2019-03-04T00:00:00Z,-4097083.2629547664
2019-03-03T00:00:00Z,-2151280.633653323
2019-03-02T00:00:00Z,2264654.8905155184
2019-03-01T00:00:00Z,1766773.1776323342
2019-02-28T00:00:00Z,-8047648.411686749
2019-02-27T00:00:00Z,8674285.97520658
2019-02-26T00:00:00Z,1459038.0886261698
2019-02-25T00:00:00Z,-645914.2343334582
2019-02-24T00:00:00Z,-5883254.980609235
2019-02-23T00:00:00Z,-3554751.4175800704
2019-02-22T00:00:00Z,29581586.13129689
2019-02-21T00:00:00Z,-7634788.9395422675
2019-02-20T00:00:00Z,-7874493.89206744
2019-02-19T00:00:00Z,998777.4157160117
2019-02-18T00:00:00Z,-2597555.221419454
2019-02-17T00:00:00Z,-1608390.1947335363
2019-02-16T00:00:00Z,-2708062.0128806517
2019-02-15T00:00:00Z,4587062.336569357
2019-02-14T00:00:00Z,-1497870.3441613917
2019-02-13T00:00:00Z,-1079204.5685377412
2019-02-12T00:00:00Z,-3315254.45663265
2019-02-11T00:00:00Z,-2210602.5587498005
2019-02-10T00:00:00Z,-1407775.3388071954
2019-02-09T00:00:00Z,-2090694.986689864
2019-02-08T00:00:00Z,-3990906.6122025554
2019-02-07T00:00:00Z,845092.2153113544
2019-02-06T00:00:00Z,-1110136.7203631245
2019-02-05T00:00:00Z,2497347.714848413
2019-02-04T00:00:00Z,-4753153.770218928
2019-02-03T00:00:00Z,-812692.4901463023
2019-02-02T00:00:00Z,-4457936.118755419
2019-02-01T00:00:00Z,5058879.029146356
2019-01-31T00:00:00Z,251746.82553593197
2019-01-30T00:00:00Z,-12436254.390199356
2019-01-29T00:00:00Z,-9211000.524353327
2019-01-28T00:00:00Z,-4519480.946958279
2019-01-27T00:00:00Z,-870177.8087554071
2019-01-26T00:00:00Z,-1812947.2222108287
2019-01-25T00:00:00Z,-4612244.132359582
2019-01-24T00:00:00Z,1893347.5924310344
2019-01-23T00:00:00Z,-1095696.246288178
2019-01-22T00:00:00Z,-1829188.895015201
2019-01-21T00:00:00Z,-2903596.3855134607
2019-01-20T00:00:00Z,-2828352.877993618
2019-01-19T00:00:00Z,-2913599.2519557104
2019-01-18T00:00:00Z,-7890477.269946092
2019-01-17T00:00:00Z,11871800.815763362
2019-01-16T00:00:00Z,-3282448.5892561576
2019-01-15T00:00:00Z,11828676.361484071
2019-01-14T00:00:00Z,5509254.573628297
2019-01-13T00:00:00Z,47350.86963476067
2019-01-12T00:00:00Z,-2656512.536228828
2019-01-11T00:00:00Z,2455955.687406427
2019-01-10T00:00:00Z,3626938.855061933
2019-01-09T00:00:00Z,7331134.241171018
2019-01-08T00:00:00Z,3880833.1953785913
2019-01-07T00:00:00Z,108571.69514698599
2019-01-06T00:00:00Z,592133.5998880411
2019-01-05T00:00:00Z,-3797007.788351029
2019-01-04T00:00:00Z,-2661529.009527726
2019-01-03T00:00:00Z,-137272.10803970371
2019-01-02T00:00:00Z,4426201.685229644
2019-01-01T00:00:00Z,4823560.721484217
2018-12-31T00:00:00Z,-4002296.259429473
2018-12-30T00:00:00Z,1160597.160891997
2018-12-29T00:00:00Z,-3490850.4345564703
2018-12-28T00:00:00Z,-9395634.301125325
2018-12-27T00:00:00Z,-7453450.597716318
2018-12-26T00:00:00Z,-5648003.646827643
2018-12-25T00:00:00Z,-6402678.276409909
2018-12-24T00:00:00Z,116105.12215102646
2018-12-23T00:00:00Z,1100603.8112438256
2018-12-22T00:00:00Z,-4023326.1877499986
2018-12-21T00:00:00Z,-3773044.313037023
2018-12-20T00:00:00Z,7678275.706670106
2018-12-19T00:00:00Z,16325291.847929077
2018-12-18T00:00:00Z,1752456.583556267
2018-12-17T00:00:00Z,9539336.062713068
2018-12-16T00:00:00Z,-3106547.5229669334
2018-12-15T00:00:00Z,-4621255.042779298
2018-12-14T00:00:00Z,1724298.4262448763
2018-12-13T00:00:00Z,-8443096.852606773
2018-12-12T00:00:00Z,-1941796.7595395946
2018-12-11T00:00:00Z,-3963941.9510963513
2018-12-10T00:00:00Z,8943607.628572904
2018-12-09T00:00:00Z,1496013.3214712373
2018-12-08T00:00:00Z,13112958.913607797
2018-12-07T00:00:00Z,9583802.217405165
2018-12-06T00:00:00Z,8919935.413404701
2018-12-05T00:00:00Z,-3254488.2580014733
2018-12-04T00:00:00Z,5000939.833565022
2018-12-03T00:00:00Z,19446627.031707216
2018-12-02T00:00:00Z,-2378014.6696223663
2018-12-01T00:00:00Z,57354.85284377032
2018-11-30T00:00:00Z,19646450.070162892
2018-11-29T00:00:00Z,20367292.100802522
2018-11-28T00:00:00Z,17297791.897560537
2018-11-27T00:00:00Z,14788586.820795015
2018-11-26T00:00:00Z,2656466.3125542593
2018-11-25T00:00:00Z,-1973901.299745435
2018-11-24T00:00:00Z,4252933.485180106
2018-11-23T00:00:00Z,3455214.0989457504
2018-11-22T00:00:00Z,8164767.553361943
2018-11-21T00:00:00Z,9887354.850285662
2018-11-20T00:00:00Z,13736801.398398919
2018-11-19T00:00:00Z,-379871.8543303659
2018-11-18T00:00:00Z,658611.4619791253
2018-11-17T00:00:00Z,1546634.8907727292
2018-11-16T00:00:00Z,8250674.731938698
2018-11-15T00:00:00Z,-3029353.5334338965
2018-11-14T00:00:00Z,8991216.631815135
2018-11-13T00:00:00Z,5866200.186695537
2018-11-12T00:00:00Z,3167733.529333011
2018-11-11T00:00:00Z,-6795065.218624096
2018-11-10T00:00:00Z,-3547607.0380311096
2018-11-09T00:00:00Z,-195807.6515064218
2018-11-08T00:00:00Z,-9071864.895307913
2018-11-07T00:00:00Z,-8172354.280905892
2018-11-06T00:00:00Z,3078974.568882781
2018-11-05T00:00:00Z,14887.490958839375
2018-11-04T00:00:00Z,-4185306.873831354
2018-11-03T00:00:00Z,3520516.2644148986
2018-11-02T00:00:00Z,15534057.41922881
2018-11-01T00:00:00Z,-3115971.9006433496
2018-10-31T00:00:00Z,2880846.7527978905
2018-10-30T00:00:00Z,-3732180.845719023
2018-10-29T00:00:00Z,818425.1122711059
2018-10-28T00:00:00Z,4391232.231125584
2018-10-27T00:00:00Z,2099574.0616467344
2018-10-26T00:00:00Z,7412810.81853371
2018-10-25T00:00:00Z,-2329409.3809853187
2018-10-24T00:00:00Z,3312333.1488492307
2018-10-23T00:00:00Z,15667570.295962414
2018-10-22T00:00:00Z,8120400.998528549
2018-10-21T00:00:00Z,-3423374.7966713104
2018-10-20T00:00:00Z,8016207.784155365
2018-10-19T00:00:00Z,12607461.01909897
2018-10-18T00:00:00Z,-4639405.664304507
2018-10-17T00:00:00Z,452188.2351161718
2018-10-16T00:00:00Z,14170517.051072638
2018-10-15T00:00:00Z,38253218.88752675
2018-10-14T00:00:00Z,-513859.25368374586
2018-10-13T00:00:00Z,3851205.3181928
2018-10-12T00:00:00Z,17156574.623155173
2018-10-11T00:00:00Z,3863736.4595621177
2018-10-10T00:00:00Z,-106808.59671532515
2018-10-09T00:00:00Z,2597756.396226753
2018-10-08T00:00:00Z,96385.7799409484
2018-10-07T00:00:00Z,-324051.8075304716
2018-10-06T00:00:00Z,-2369052.3830334432
2018-10-05T00:00:00Z,6093525.840153627
2018-10-04T00:00:00Z,2285200.9544703127
2018-10-03T00:00:00Z,21016227.177538075
2018-10-02T00:00:00Z,-978391.5172107606
2018-10-01T00:00:00Z,5459362.22304453
2018-09-30T00:00:00Z,359873.8574914653
2018-09-29T00:00:00Z,-1949937.5969877655
2018-09-28T00:00:00Z,11012452.019821135
2018-09-27T00:00:00Z,460797.5551538219
2018-09-26T00:00:00Z,1822667.2135438258
2018-09-25T00:00:00Z,-548792.037819027
2018-09-24T00:00:00Z,470007.62848514674
2018-09-23T00:00:00Z,171829.07959952354
2018-09-22T00:00:00Z,305121.8103645506
2018-09-21T00:00:00Z,-211265.55162362658
2018-09-20T00:00:00Z,1512188.7612428563
2018-09-19T00:00:00Z,-65844.4870604203
2018-09-18T00:00:00Z,5775258.806940048
2018-09-17T00:00:00Z,-1075577.3452105122
2018-09-16T00:00:00Z,-868546.0560885478
2018-09-15T00:00:00Z,396070.09157758986
2018-09-14T00:00:00Z,2702534.8386026127
2018-09-13T00:00:00Z,-1301894.6495207443
2018-09-12T00:00:00Z,-1769020.766050304
2018-09-11T00:00:00Z,3052395.991954646
2018-09-10T00:00:00Z,-1927312.13781313
2018-09-09T00:00:00Z,479275.687375129
2018-09-08T00:00:00Z,-1025220.9317202888
2018-09-07T00:00:00Z,753848.911606585
2018-09-06T00:00:00Z,-193549.66744790212
2018-09-05T00:00:00Z,9992522.644044941
2018-09-04T00:00:00Z,-610533.6830932517
2018-09-03T00:00:00Z,-2186244.046464326
2018-09-02T00:00:00Z,-324692.707312478
2018-09-01T00:00:00Z,55007.6660905832
2018-08-31T00:00:00Z,482036.1115664669
2018-08-30T00:00:00Z,-808351.6330455968
2018-08-29T00:00:00Z,-113127.76513549096
2018-08-28T00:00:00Z,-915096.0815770946
2018-08-27T00:00:00Z,348828.6218493313
2018-08-26T00:00:00Z,-785070.0163690782
2018-08-25T00:00:00Z,3744947.844166761
2018-08-24T00:00:00Z,-109473.99805799394
2018-08-23T00:00:00Z,2328067.1084808814
2018-08-22T00:00:00Z,-228334.8579419825
2018-08-21T00:00:00Z,-379514.97672957
2018-08-20T00:00:00Z,-391622.28338301
2018-08-19T00:00:00Z,967872.50318197
2018-08-18T00:00:00Z,236939.7203286257
2018-08-17T00:00:00Z,-327736.96709952207
2018-08-16T00:00:00Z,4592758.57434842
2018-08-15T00:00:00Z,-370800.52340518945
2018-08-14T00:00:00Z,-1854551.6851414894
2018-08-13T00:00:00Z,77088.79255812323
2018-08-12T00:00:00Z,173660.38718885864
2018-08-11T00:00:00Z,-347639.9872233448
2018-08-10T00:00:00Z,416480.71509347
2018-08-09T00:00:00Z,-485737.63365870906
2018-08-08T00:00:00Z,-226976.06053986
2018-08-07T00:00:00Z,-2139.8673759650756
2018-08-06T00:00:00Z,-927255.2606037199
2018-08-05T00:00:00Z,265611.37531786
2018-08-04T00:00:00Z,-440662.85468852497
2018-08-03T00:00:00Z,1113508.11423176
2018-08-02T00:00:00Z,2843081.9350274387
2018-08-01T00:00:00Z,1657160.81817247
2018-07-31T00:00:00Z,-600948.68142339
2018-07-30T00:00:00Z,-16510112.37079516
2018-07-29T00:00:00Z,-625841.15281221
2018-07-28T00:00:00Z,-30318874.91615065
2018-07-27T00:00:00Z,-7482198.31118749
2018-07-26T00:00:00Z,-2763494.65156861
2018-07-25T00:00:00Z,543181.9669538403
2018-07-24T00:00:00Z,-915772.61232752
2018-07-23T00:00:00Z,-1183391.40828712
2018-07-22T00:00:00Z,172251.60921538
2018-07-21T00:00:00Z,-1614806.76751383
2018-07-20T00:00:00Z,2310561.209284108
2018-07-19T00:00:00Z,-1495916.828730913
2018-07-18T00:00:00Z,-1096689.58436774
2018-07-17T00:00:00Z,-697906.85935563
2018-07-16T00:00:00Z,-833486.75774829
2018-07-15T00:00:00Z,-1666507.92338426
2018-07-14T00:00:00Z,105888.60452025528
2018-07-13T00:00:00Z,-343050.90628237
2018-07-12T00:00:00Z,-627311.69277334
2018-07-11T00:00:00Z,-771389.28254489
2018-07-10T00:00:00Z,-5348531.5843393
2018-07-09T00:00:00Z,-4626374.178698433
2018-07-08T00:00:00Z,2508943.21212387
2018-07-07T00:00:00Z,2717959.374491446
2018-07-06T00:00:00Z,-2985908.44236503
2018-07-05T00:00:00Z,1440140.673074735
2018-07-04T00:00:00Z,-1866721.68098796
2018-07-03T00:00:00Z,-1395025.93186377
2018-07-02T00:00:00Z,3748165.4745019767
2018-07-01T00:00:00Z,-544139.647459094
2018-06-30T00:00:00Z,20591481.79288662
2018-06-29T00:00:00Z,3406235.784967418
2018-06-28T00:00:00Z,-609084.10361813
2018-06-27T00:00:00Z,-1066760.767363178
2018-06-26T00:00:00Z,6388618.168240616
2018-06-25T00:00:00Z,64230.1079006184
2018-06-24T00:00:00Z,1961066.99682546
2018-06-23T00:00:00Z,5146527.0860127
2018-06-22T00:00:00Z,2529479.8517030952
2018-06-21T00:00:00Z,-3498838.2762644
2018-06-20T00:00:00Z,-724899.687449869
2018-06-19T00:00:00Z,963737.7468912696
2018-06-18T00:00:00Z,12063364.48245455
2018-06-17T00:00:00Z,-508062.2957747016
2018-06-16T00:00:00Z,-524551.1681556709
2018-06-15T00:00:00Z,256636.8779413356
2018-06-14T00:00:00Z,449376.3438888046
2018-06-13T00:00:00Z,3128620.8336896114
2018-06-12T00:00:00Z,-19702853.076434813
2018-06-11T00:00:00Z,-576447.33742985
2018-06-10T00:00:00Z,-501141.01967018
2018-06-09T00:00:00Z,-245190.05516824
2018-06-08T00:00:00Z,177332.87867180293
2018-06-07T00:00:00Z,223104.63424017
2018-06-06T00:00:00Z,42159.64984088
2018-06-05T00:00:00Z,1713007.820567742
2018-06-04T00:00:00Z,-480513.21374011
2018-06-03T00:00:00Z,-245610.95650331
2018-06-02T00:00:00Z,-334392.02106619213
2018-06-01T00:00:00Z,1066932.22163527
2018-05-31T00:00:00Z,2780678.92432823
2018-05-30T00:00:00Z,-1652224.00685855
2018-05-29T00:00:00Z,1641341.06574325
2018-05-28T00:00:00Z,-393697.28934546
2018-05-27T00:00:00Z,-390877.5132396
2018-05-26T00:00:00Z,3606398.00970817
2018-05-25T00:00:00Z,-721538.4714082128
2018-05-24T00:00:00Z,811259.9506811654
2018-05-23T00:00:00Z,-2743662.915349961
2018-05-22T00:00:00Z,-176522.23808299
2018-05-21T00:00:00Z,17014513.35025951
2018-05-20T00:00:00Z,-285034.7338282
2018-05-19T00:00:00Z,475955.46266315324
2018-05-18T00:00:00Z,453232.74162746
2018-05-17T00:00:00Z,-481991.9743842034
2018-05-16T00:00:00Z,5869865.4153149435
2018-05-15T00:00:00Z,343406.62113565
2018-05-14T00:00:00Z,-632591.37408203
2018-05-13T00:00:00Z,313344.98668102
2018-05-12T00:00:00Z,639207.489845751
2018-05-11T00:00:00Z,-233903.72545011
2018-05-10T00:00:00Z,-925398.48729333
2018-05-09T00:00:00Z,739720.6849377637
2018-05-08T00:00:00Z,-1655168.173198279
2018-05-07T00:00:00Z,32057.0539768275
2018-05-06T00:00:00Z,-142384.86295457158
2018-05-05T00:00:00Z,-249872.82928396
2018-05-04T00:00:00Z,321216.40944871
2018-05-03T00:00:00Z,-107618.44679771
2018-05-02T00:00:00Z,347159.07179558254
2018-05-01T00:00:00Z,389052.06863571773
2018-04-30T00:00:00Z,96948.09519563268
2018-04-29T00:00:00Z,-349166.26775561
2018-04-28T00:00:00Z,-413086.0763419145
2018-04-27T00:00:00Z,-822546.3173400837
2018-04-26T00:00:00Z,1218897.7847378447
2018-04-25T00:00:00Z,-1204797.68391451
2018-04-24T00:00:00Z,-4338202.741967104
2018-04-23T00:00:00Z,-180207.2779631396
2018-04-22T00:00:00Z,-305185.567431178
2018-04-21T00:00:00Z,10457274.11609225
2018-04-20T00:00:00Z,688724.26576976
2018-04-19T00:00:00Z,158306.416542216
2018-04-18T00:00:00Z,85487.6600358
2018-04-17T00:00:00Z,33468.20423317
2018-04-16T00:00:00Z,-778571.3364306716
2018-04-15T00:00:00Z,-1363555.80896316
2018-04-14T00:00:00Z,-3102833.23486246
2018-04-13T00:00:00Z,-313929.28931825
2018-04-12T00:00:00Z,-2428791.35409671
2018-04-11T00:00:00Z,-2149470.814733018
2018-04-10T00:00:00Z,-428008.96766715
2018-04-09T00:00:00Z,649947.0587026273
2018-04-08T00:00:00Z,150104.54054157293
2018-04-07T00:00:00Z,281463.8150197448
2018-04-06T00:00:00Z,302179.26293036
2018-04-05T00:00:00Z,238880.74914065
2018-04-04T00:00:00Z,1252166.60057979
2018-04-03T00:00:00Z,-1141515.1702383235
2018-04-02T00:00:00Z,-202995.90463953
2018-04-01T00:00:00Z,558186.74402176
2018-03-31T00:00:00Z,-117968.75649191
2018-03-30T00:00:00Z,2649706.90006842
2018-03-29T00:00:00Z,1533561.84090574
2018-03-28T00:00:00Z,317856.96899182
2018-03-27T00:00:00Z,-1585439.15995222
2018-03-26T00:00:00Z,-261726.57982274
2018-03-25T00:00:00Z,-2370295.10676902
2018-03-24T00:00:00Z,-142815.73722525
2018-03-23T00:00:00Z,2880910.502759946
2018-03-22T00:00:00Z,410165.91481342
2018-03-21T00:00:00Z,462429.41776659
2018-03-20T00:00:00Z,-36891.93903888
2018-03-19T00:00:00Z,-105044.90222243361
2018-03-18T00:00:00Z,893830.0013571923
2018-03-17T00:00:00Z,1137857.60790685
2018-03-16T00:00:00Z,318144.78754948
2018-03-15T00:00:00Z,3101129.62019843
2018-03-14T00:00:00Z,1206965.88114275
2018-03-13T00:00:00Z,-965737.12670386
2018-03-12T00:00:00Z,-272017.99401446
2018-03-11T00:00:00Z,1102694.55608379
2018-03-10T00:00:00Z,-1903708.49390925
2018-03-09T00:00:00Z,2552291.58514882
2018-03-08T00:00:00Z,127945.86690653
2018-03-07T00:00:00Z,656650.10786464
2018-03-06T00:00:00Z,5693451.33919567
2018-03-05T00:00:00Z,104051.08536073
2018-03-04T00:00:00Z,409731.44077113
2018-03-03T00:00:00Z,329942.0039924
2018-03-02T00:00:00Z,225356.18483609
2018-03-01T00:00:00Z,1646568.1022939135
2018-02-28T00:00:00Z,165244.09472454
2018-02-27T00:00:00Z,-250659.37105625
2018-02-26T00:00:00Z,150378.00690142
2018-02-25T00:00:00Z,216510.3394908
2018-02-24T00:00:00Z,1548847.5688599404
2018-02-23T00:00:00Z,-50570.80854641
2018-02-22T00:00:00Z,2150590.785460092
2018-02-21T00:00:00Z,1940858.75597547
2018-02-20T00:00:00Z,469451.30962746
2018-02-19T00:00:00Z,293590.47388836
2018-02-18T00:00:00Z,660727.16611136
2018-02-17T00:00:00Z,-515192.32023504
2018-02-16T00:00:00Z,-89607.09162571
2018-02-15T00:00:00Z,-593589.16773616
2018-02-14T00:00:00Z,1009002.0518981139
2018-02-13T00:00:00Z,791302.12505996
2018-02-12T00:00:00Z,-151555.559757939
2018-02-11T00:00:00Z,708928.96823722
2018-02-10T00:00:00Z,-511191.54562443
2018-02-09T00:00:00Z,1507637.52740644
2018-02-08T00:00:00Z,-147649.85513506
2018-02-07T00:00:00Z,-399866.05069637
2018-02-06T00:00:00Z,1461885.37369814
2018-02-05T00:00:00Z,3681099.878110846
2018-02-04T00:00:00Z,2235308.3411512594
2018-02-03T00:00:00Z,-770618.16720665
2018-02-02T00:00:00Z,8990511.72069924
2018-02-01T00:00:00Z,283225.95729957
2018-01-31T00:00:00Z,1320905.542131449
2018-01-30T00:00:00Z,-13002821.037162155
2018-01-29T00:00:00Z,-362966.86642519
2018-01-28T00:00:00Z,24056624.85957118
2018-01-27T00:00:00Z,-8971881.70257748
2018-01-26T00:00:00Z,-11563454.8920752
2018-01-25T00:00:00Z,-2122167.72817351
2018-01-24T00:00:00Z,-1152122.3160458459
2018-01-23T00:00:00Z,-1063703.58591582
2018-01-22T00:00:00Z,29924795.6816834
2018-01-21T00:00:00Z,-55758.21658253
2018-01-20T00:00:00Z,-75517.34558895
2018-01-19T00:00:00Z,186824.28113005
2018-01-18T00:00:00Z,-79635.77469418
2018-01-17T00:00:00Z,-8535.42305825
2018-01-16T00:00:00Z,-52041
2018-01-15T00:00:00Z,-64368.41810845
2018-01-14T00:00:00Z,-26500
2018-01-13T00:00:00Z,-66315.94265251
2018-01-12T00:00:00Z,56548.84400168
2018-01-11T00:00:00Z,130828.30102074
2018-01-10T00:00:00Z,-116464.31821134
2018-01-09T00:00:00Z,-21488.64479396
2018-01-08T00:00:00Z,776120.76650365
2018-01-07T00:00:00Z,-8384.71344
2018-01-06T00:00:00Z,-35236.78384232
2018-01-05T00:00:00Z,35293.38062324
2018-01-04T00:00:00Z,-34190.07209944
2018-01-03T00:00:00Z,-30416.5603
2018-01-02T00:00:00Z,-30708.21943222
2018-01-01T00:00:00Z,-27927.8725125
2017-12-31T00:00:00Z,-27167.9865
2017-12-30T00:00:00Z,-26000
2017-12-29T00:00:00Z,-31038.41200935
2017-12-28T00:00:00Z,-50095.7311958
2017-12-27T00:00:00Z,-102828.82530038
2017-12-26T00:00:00Z,305628.2543484282
2017-12-25T00:00:00Z,-10252.04036858
2017-12-24T00:00:00Z,-9216.03873434
2017-12-23T00:00:00Z,-87276.76961871
2017-12-22T00:00:00Z,-26131.72035955
2017-12-21T00:00:00Z,0
2017-12-20T00:00:00Z,200000
