specification,analysis_group,sample_type,lag_criterion,candidate_lag,aic,bic,hqic,fpe,nobs,df_resid,fit_error,selected_by_aic,selected_by_bic,selected_by_hqic,selected_by_fpe,selected_for_model,selection_criterion,maximum_lag_considered,common_selection_sample
primary_bic_stablecoin_supply_daily_log_chg,primary,common_business_day,bic,1,-56.71159576379695,-56.51117275393942,-56.6368832851372,2.346752122357151e-25,1481,1473,,False,True,False,False,True,bic,10,True
primary_bic_stablecoin_supply_daily_log_chg,primary,common_business_day,bic,2,-56.82616309407288,-56.45036995059002,-56.686077196585856,2.0927292590831237e-25,1481,1466,,False,False,False,False,False,bic,10,True
primary_bic_stablecoin_supply_daily_log_chg,primary,common_business_day,bic,3,-56.88752157526707,-56.33635829815888,-56.68206225895277,1.968203206684719e-25,1481,1459,,False,False,False,False,False,bic,10,True
primary_bic_stablecoin_supply_daily_log_chg,primary,common_business_day,bic,4,-56.99995289039761,-56.27341947966407,-56.72912015525602,1.758936702577162e-25,1481,1452,,False,False,False,False,False,bic,10,True
primary_bic_stablecoin_supply_daily_log_chg,primary,common_business_day,bic,5,-57.05497593549358,-56.153072391134714,-56.71876978152471,1.6648223816033884e-25,1481,1445,,False,False,False,False,False,bic,10,True
primary_bic_stablecoin_supply_daily_log_chg,primary,common_business_day,bic,6,-57.13480065336949,-56.05752697538528,-56.733221080573344,1.5371667520265392e-25,1481,1438,,False,False,True,False,False,bic,10,True
primary_bic_stablecoin_supply_daily_log_chg,primary,common_business_day,bic,7,-57.12239373980686,-55.86974992819732,-56.65544074818344,1.556458869142734e-25,1481,1431,,False,False,False,False,False,bic,10,True
primary_bic_stablecoin_supply_daily_log_chg,primary,common_business_day,bic,8,-57.14309632967115,-55.71508238443627,-56.61076991922045,1.5246994118875543e-25,1481,1424,,False,False,False,False,False,bic,10,True
primary_bic_stablecoin_supply_daily_log_chg,primary,common_business_day,bic,9,-57.159803516143974,-55.556419437283765,-56.562103686865996,1.4996036386532518e-25,1481,1417,,False,False,False,True,False,bic,10,True
primary_bic_stablecoin_supply_daily_log_chg,primary,common_business_day,bic,10,-57.159896938871825,-55.38114272638628,-56.49682369076656,1.4996702909798295e-25,1481,1410,,True,False,False,False,False,bic,10,True
lag_robustness_aic_stablecoin_supply_daily_log_chg,lag_robustness,common_business_day,aic,1,-56.71159576379695,-56.51117275393942,-56.6368832851372,2.346752122357151e-25,1481,1473,,False,True,False,False,False,aic,10,True
lag_robustness_aic_stablecoin_supply_daily_log_chg,lag_robustness,common_business_day,aic,2,-56.82616309407288,-56.45036995059002,-56.686077196585856,2.0927292590831237e-25,1481,1466,,False,False,False,False,False,aic,10,True
lag_robustness_aic_stablecoin_supply_daily_log_chg,lag_robustness,common_business_day,aic,3,-56.88752157526707,-56.33635829815888,-56.68206225895277,1.968203206684719e-25,1481,1459,,False,False,False,False,False,aic,10,True
lag_robustness_aic_stablecoin_supply_daily_log_chg,lag_robustness,common_business_day,aic,4,-56.99995289039761,-56.27341947966407,-56.72912015525602,1.758936702577162e-25,1481,1452,,False,False,False,False,False,aic,10,True
lag_robustness_aic_stablecoin_supply_daily_log_chg,lag_robustness,common_business_day,aic,5,-57.05497593549358,-56.153072391134714,-56.71876978152471,1.6648223816033884e-25,1481,1445,,False,False,False,False,False,aic,10,True
lag_robustness_aic_stablecoin_supply_daily_log_chg,lag_robustness,common_business_day,aic,6,-57.13480065336949,-56.05752697538528,-56.733221080573344,1.5371667520265392e-25,1481,1438,,False,False,True,False,False,aic,10,True
lag_robustness_aic_stablecoin_supply_daily_log_chg,lag_robustness,common_business_day,aic,7,-57.12239373980686,-55.86974992819732,-56.65544074818344,1.556458869142734e-25,1481,1431,,False,False,False,False,False,aic,10,True
lag_robustness_aic_stablecoin_supply_daily_log_chg,lag_robustness,common_business_day,aic,8,-57.14309632967115,-55.71508238443627,-56.61076991922045,1.5246994118875543e-25,1481,1424,,False,False,False,False,False,aic,10,True
lag_robustness_aic_stablecoin_supply_daily_log_chg,lag_robustness,common_business_day,aic,9,-57.159803516143974,-55.556419437283765,-56.562103686865996,1.4996036386532518e-25,1481,1417,,False,False,False,True,False,aic,10,True
lag_robustness_aic_stablecoin_supply_daily_log_chg,lag_robustness,common_business_day,aic,10,-57.159896938871825,-55.38114272638628,-56.49682369076656,1.4996702909798295e-25,1481,1410,,True,False,False,False,True,aic,10,True
lag_robustness_hqic_stablecoin_supply_daily_log_chg,lag_robustness,common_business_day,hqic,1,-56.71159576379695,-56.51117275393942,-56.6368832851372,2.346752122357151e-25,1481,1473,,False,True,False,False,False,hqic,10,True
lag_robustness_hqic_stablecoin_supply_daily_log_chg,lag_robustness,common_business_day,hqic,2,-56.82616309407288,-56.45036995059002,-56.686077196585856,2.0927292590831237e-25,1481,1466,,False,False,False,False,False,hqic,10,True
lag_robustness_hqic_stablecoin_supply_daily_log_chg,lag_robustness,common_business_day,hqic,3,-56.88752157526707,-56.33635829815888,-56.68206225895277,1.968203206684719e-25,1481,1459,,False,False,False,False,False,hqic,10,True
lag_robustness_hqic_stablecoin_supply_daily_log_chg,lag_robustness,common_business_day,hqic,4,-56.99995289039761,-56.27341947966407,-56.72912015525602,1.758936702577162e-25,1481,1452,,False,False,False,False,False,hqic,10,True
lag_robustness_hqic_stablecoin_supply_daily_log_chg,lag_robustness,common_business_day,hqic,5,-57.05497593549358,-56.153072391134714,-56.71876978152471,1.6648223816033884e-25,1481,1445,,False,False,False,False,False,hqic,10,True
lag_robustness_hqic_stablecoin_supply_daily_log_chg,lag_robustness,common_business_day,hqic,6,-57.13480065336949,-56.05752697538528,-56.733221080573344,1.5371667520265392e-25,1481,1438,,False,False,True,False,True,hqic,10,True
lag_robustness_hqic_stablecoin_supply_daily_log_chg,lag_robustness,common_business_day,hqic,7,-57.12239373980686,-55.86974992819732,-56.65544074818344,1.556458869142734e-25,1481,1431,,False,False,False,False,False,hqic,10,True
lag_robustness_hqic_stablecoin_supply_daily_log_chg,lag_robustness,common_business_day,hqic,8,-57.14309632967115,-55.71508238443627,-56.61076991922045,1.5246994118875543e-25,1481,1424,,False,False,False,False,False,hqic,10,True
lag_robustness_hqic_stablecoin_supply_daily_log_chg,lag_robustness,common_business_day,hqic,9,-57.159803516143974,-55.556419437283765,-56.562103686865996,1.4996036386532518e-25,1481,1417,,False,False,False,True,False,hqic,10,True
lag_robustness_hqic_stablecoin_supply_daily_log_chg,lag_robustness,common_business_day,hqic,10,-57.159896938871825,-55.38114272638628,-56.49682369076656,1.4996702909798295e-25,1481,1410,,True,False,False,False,False,hqic,10,True
primary_bic_stablecoin_exchange_netflow_scaled,primary,common_business_day,bic,1,-56.082965697011595,-55.88254268715407,-56.00825321835185,4.400254426255114e-25,1481,1473,,False,True,True,False,True,bic,10,True
primary_bic_stablecoin_exchange_netflow_scaled,primary,common_business_day,bic,2,-56.118780616778636,-55.74298747329578,-55.97869471929161,4.245465859960868e-25,1481,1466,,False,False,False,False,False,bic,10,True
primary_bic_stablecoin_exchange_netflow_scaled,primary,common_business_day,bic,3,-56.13428520782187,-55.58312193071367,-55.928825891507564,4.180192993539324e-25,1481,1459,,False,False,False,False,False,bic,10,True
primary_bic_stablecoin_exchange_netflow_scaled,primary,common_business_day,bic,4,-56.22611831010232,-55.499584899368784,-55.95528557496073,3.8134872548860503e-25,1481,1452,,False,False,False,False,False,bic,10,True
primary_bic_stablecoin_exchange_netflow_scaled,primary,common_business_day,bic,5,-56.25072045130051,-55.34881690694164,-55.91451429733164,3.720931068573336e-25,1481,1445,,False,False,False,False,False,bic,10,True
primary_bic_stablecoin_exchange_netflow_scaled,primary,common_business_day,bic,6,-56.31303253093146,-55.23575885294725,-55.911452958135314,3.4963133087808266e-25,1481,1438,,False,False,False,False,False,bic,10,True
primary_bic_stablecoin_exchange_netflow_scaled,primary,common_business_day,bic,7,-56.299342173992855,-55.04669836238332,-55.83238918236943,3.544740129683411e-25,1481,1431,,False,False,False,False,False,bic,10,True
primary_bic_stablecoin_exchange_netflow_scaled,primary,common_business_day,bic,8,-56.299304437428546,-54.871290492193666,-55.766978026977846,3.545180856087847e-25,1481,1424,,False,False,False,False,False,bic,10,True
primary_bic_stablecoin_exchange_netflow_scaled,primary,common_business_day,bic,9,-56.31522210607387,-54.71183802721366,-55.71752227679589,3.4895829913731333e-25,1481,1417,,False,False,False,False,False,bic,10,True
primary_bic_stablecoin_exchange_netflow_scaled,primary,common_business_day,bic,10,-56.33035403621779,-54.551599823732246,-55.66728078811253,3.4376502825183985e-25,1481,1410,,True,False,False,True,False,bic,10,True
lag_robustness_aic_stablecoin_exchange_netflow_scaled,lag_robustness,common_business_day,aic,1,-56.082965697011595,-55.88254268715407,-56.00825321835185,4.400254426255114e-25,1481,1473,,False,True,True,False,False,aic,10,True
lag_robustness_aic_stablecoin_exchange_netflow_scaled,lag_robustness,common_business_day,aic,2,-56.118780616778636,-55.74298747329578,-55.97869471929161,4.245465859960868e-25,1481,1466,,False,False,False,False,False,aic,10,True
lag_robustness_aic_stablecoin_exchange_netflow_scaled,lag_robustness,common_business_day,aic,3,-56.13428520782187,-55.58312193071367,-55.928825891507564,4.180192993539324e-25,1481,1459,,False,False,False,False,False,aic,10,True
lag_robustness_aic_stablecoin_exchange_netflow_scaled,lag_robustness,common_business_day,aic,4,-56.22611831010232,-55.499584899368784,-55.95528557496073,3.8134872548860503e-25,1481,1452,,False,False,False,False,False,aic,10,True
lag_robustness_aic_stablecoin_exchange_netflow_scaled,lag_robustness,common_business_day,aic,5,-56.25072045130051,-55.34881690694164,-55.91451429733164,3.720931068573336e-25,1481,1445,,False,False,False,False,False,aic,10,True
lag_robustness_aic_stablecoin_exchange_netflow_scaled,lag_robustness,common_business_day,aic,6,-56.31303253093146,-55.23575885294725,-55.911452958135314,3.4963133087808266e-25,1481,1438,,False,False,False,False,False,aic,10,True
lag_robustness_aic_stablecoin_exchange_netflow_scaled,lag_robustness,common_business_day,aic,7,-56.299342173992855,-55.04669836238332,-55.83238918236943,3.544740129683411e-25,1481,1431,,False,False,False,False,False,aic,10,True
lag_robustness_aic_stablecoin_exchange_netflow_scaled,lag_robustness,common_business_day,aic,8,-56.299304437428546,-54.871290492193666,-55.766978026977846,3.545180856087847e-25,1481,1424,,False,False,False,False,False,aic,10,True
lag_robustness_aic_stablecoin_exchange_netflow_scaled,lag_robustness,common_business_day,aic,9,-56.31522210607387,-54.71183802721366,-55.71752227679589,3.4895829913731333e-25,1481,1417,,False,False,False,False,False,aic,10,True
lag_robustness_aic_stablecoin_exchange_netflow_scaled,lag_robustness,common_business_day,aic,10,-56.33035403621779,-54.551599823732246,-55.66728078811253,3.4376502825183985e-25,1481,1410,,True,False,False,True,True,aic,10,True
lag_robustness_hqic_stablecoin_exchange_netflow_scaled,lag_robustness,common_business_day,hqic,1,-56.082965697011595,-55.88254268715407,-56.00825321835185,4.400254426255114e-25,1481,1473,,False,True,True,False,True,hqic,10,True
lag_robustness_hqic_stablecoin_exchange_netflow_scaled,lag_robustness,common_business_day,hqic,2,-56.118780616778636,-55.74298747329578,-55.97869471929161,4.245465859960868e-25,1481,1466,,False,False,False,False,False,hqic,10,True
lag_robustness_hqic_stablecoin_exchange_netflow_scaled,lag_robustness,common_business_day,hqic,3,-56.13428520782187,-55.58312193071367,-55.928825891507564,4.180192993539324e-25,1481,1459,,False,False,False,False,False,hqic,10,True
lag_robustness_hqic_stablecoin_exchange_netflow_scaled,lag_robustness,common_business_day,hqic,4,-56.22611831010232,-55.499584899368784,-55.95528557496073,3.8134872548860503e-25,1481,1452,,False,False,False,False,False,hqic,10,True
lag_robustness_hqic_stablecoin_exchange_netflow_scaled,lag_robustness,common_business_day,hqic,5,-56.25072045130051,-55.34881690694164,-55.91451429733164,3.720931068573336e-25,1481,1445,,False,False,False,False,False,hqic,10,True
lag_robustness_hqic_stablecoin_exchange_netflow_scaled,lag_robustness,common_business_day,hqic,6,-56.31303253093146,-55.23575885294725,-55.911452958135314,3.4963133087808266e-25,1481,1438,,False,False,False,False,False,hqic,10,True
lag_robustness_hqic_stablecoin_exchange_netflow_scaled,lag_robustness,common_business_day,hqic,7,-56.299342173992855,-55.04669836238332,-55.83238918236943,3.544740129683411e-25,1481,1431,,False,False,False,False,False,hqic,10,True
lag_robustness_hqic_stablecoin_exchange_netflow_scaled,lag_robustness,common_business_day,hqic,8,-56.299304437428546,-54.871290492193666,-55.766978026977846,3.545180856087847e-25,1481,1424,,False,False,False,False,False,hqic,10,True
lag_robustness_hqic_stablecoin_exchange_netflow_scaled,lag_robustness,common_business_day,hqic,9,-56.31522210607387,-54.71183802721366,-55.71752227679589,3.4895829913731333e-25,1481,1417,,False,False,False,False,False,hqic,10,True
lag_robustness_hqic_stablecoin_exchange_netflow_scaled,lag_robustness,common_business_day,hqic,10,-56.33035403621779,-54.551599823732246,-55.66728078811253,3.4376502825183985e-25,1481,1410,,True,False,False,True,False,hqic,10,True
primary_bic_stablecoin_exchange_reserve_daily_log_chg,primary,common_business_day,bic,1,-53.92849065470576,-53.72806764484824,-53.85377817604601,3.794498720689513e-24,1481,1473,,False,True,True,False,True,bic,10,True
primary_bic_stablecoin_exchange_reserve_daily_log_chg,primary,common_business_day,bic,2,-53.96517275181455,-53.58937960833169,-53.82508685432752,3.657845558701305e-24,1481,1466,,False,False,False,False,False,bic,10,True
primary_bic_stablecoin_exchange_reserve_daily_log_chg,primary,common_business_day,bic,3,-53.97991625445879,-53.4287529773506,-53.77445693814449,3.604349377149709e-24,1481,1459,,False,False,False,False,False,bic,10,True
primary_bic_stablecoin_exchange_reserve_daily_log_chg,primary,common_business_day,bic,4,-54.07189639484827,-53.34536298411473,-53.80106365970668,3.2876758375228636e-24,1481,1452,,False,False,False,False,False,bic,10,True
primary_bic_stablecoin_exchange_reserve_daily_log_chg,primary,common_business_day,bic,5,-54.09806030243748,-53.196156758078615,-53.761854148468615,3.202875436026689e-24,1481,1445,,False,False,False,False,False,bic,10,True
primary_bic_stablecoin_exchange_reserve_daily_log_chg,primary,common_business_day,bic,6,-54.162313524101954,-53.085039846117745,-53.76073395130581,3.0036943673439324e-24,1481,1438,,False,False,False,False,False,bic,10,True
primary_bic_stablecoin_exchange_reserve_daily_log_chg,primary,common_business_day,bic,7,-54.15040599144283,-52.89776217983329,-53.68345299981941,3.039873615480624e-24,1481,1431,,False,False,False,False,False,bic,10,True
primary_bic_stablecoin_exchange_reserve_daily_log_chg,primary,common_business_day,bic,8,-54.15065525789636,-52.72264131266148,-53.61832884744566,3.039379134395015e-24,1481,1424,,False,False,False,False,False,bic,10,True
primary_bic_stablecoin_exchange_reserve_daily_log_chg,primary,common_business_day,bic,9,-54.165843821678344,-52.562459742818135,-53.568143992400366,2.99389565423186e-24,1481,1417,,False,False,False,False,False,bic,10,True
primary_bic_stablecoin_exchange_reserve_daily_log_chg,primary,common_business_day,bic,10,-54.178613227006984,-52.39985901452144,-53.51553997890172,2.9563159947210264e-24,1481,1410,,True,False,False,True,False,bic,10,True
lag_robustness_aic_stablecoin_exchange_reserve_daily_log_chg,lag_robustness,common_business_day,aic,1,-53.92849065470576,-53.72806764484824,-53.85377817604601,3.794498720689513e-24,1481,1473,,False,True,True,False,False,aic,10,True
lag_robustness_aic_stablecoin_exchange_reserve_daily_log_chg,lag_robustness,common_business_day,aic,2,-53.96517275181455,-53.58937960833169,-53.82508685432752,3.657845558701305e-24,1481,1466,,False,False,False,False,False,aic,10,True
lag_robustness_aic_stablecoin_exchange_reserve_daily_log_chg,lag_robustness,common_business_day,aic,3,-53.97991625445879,-53.4287529773506,-53.77445693814449,3.604349377149709e-24,1481,1459,,False,False,False,False,False,aic,10,True
lag_robustness_aic_stablecoin_exchange_reserve_daily_log_chg,lag_robustness,common_business_day,aic,4,-54.07189639484827,-53.34536298411473,-53.80106365970668,3.2876758375228636e-24,1481,1452,,False,False,False,False,False,aic,10,True
lag_robustness_aic_stablecoin_exchange_reserve_daily_log_chg,lag_robustness,common_business_day,aic,5,-54.09806030243748,-53.196156758078615,-53.761854148468615,3.202875436026689e-24,1481,1445,,False,False,False,False,False,aic,10,True
lag_robustness_aic_stablecoin_exchange_reserve_daily_log_chg,lag_robustness,common_business_day,aic,6,-54.162313524101954,-53.085039846117745,-53.76073395130581,3.0036943673439324e-24,1481,1438,,False,False,False,False,False,aic,10,True
lag_robustness_aic_stablecoin_exchange_reserve_daily_log_chg,lag_robustness,common_business_day,aic,7,-54.15040599144283,-52.89776217983329,-53.68345299981941,3.039873615480624e-24,1481,1431,,False,False,False,False,False,aic,10,True
lag_robustness_aic_stablecoin_exchange_reserve_daily_log_chg,lag_robustness,common_business_day,aic,8,-54.15065525789636,-52.72264131266148,-53.61832884744566,3.039379134395015e-24,1481,1424,,False,False,False,False,False,aic,10,True
lag_robustness_aic_stablecoin_exchange_reserve_daily_log_chg,lag_robustness,common_business_day,aic,9,-54.165843821678344,-52.562459742818135,-53.568143992400366,2.99389565423186e-24,1481,1417,,False,False,False,False,False,aic,10,True
lag_robustness_aic_stablecoin_exchange_reserve_daily_log_chg,lag_robustness,common_business_day,aic,10,-54.178613227006984,-52.39985901452144,-53.51553997890172,2.9563159947210264e-24,1481,1410,,True,False,False,True,True,aic,10,True
lag_robustness_hqic_stablecoin_exchange_reserve_daily_log_chg,lag_robustness,common_business_day,hqic,1,-53.92849065470576,-53.72806764484824,-53.85377817604601,3.794498720689513e-24,1481,1473,,False,True,True,False,True,hqic,10,True
lag_robustness_hqic_stablecoin_exchange_reserve_daily_log_chg,lag_robustness,common_business_day,hqic,2,-53.96517275181455,-53.58937960833169,-53.82508685432752,3.657845558701305e-24,1481,1466,,False,False,False,False,False,hqic,10,True
lag_robustness_hqic_stablecoin_exchange_reserve_daily_log_chg,lag_robustness,common_business_day,hqic,3,-53.97991625445879,-53.4287529773506,-53.77445693814449,3.604349377149709e-24,1481,1459,,False,False,False,False,False,hqic,10,True
lag_robustness_hqic_stablecoin_exchange_reserve_daily_log_chg,lag_robustness,common_business_day,hqic,4,-54.07189639484827,-53.34536298411473,-53.80106365970668,3.2876758375228636e-24,1481,1452,,False,False,False,False,False,hqic,10,True
lag_robustness_hqic_stablecoin_exchange_reserve_daily_log_chg,lag_robustness,common_business_day,hqic,5,-54.09806030243748,-53.196156758078615,-53.761854148468615,3.202875436026689e-24,1481,1445,,False,False,False,False,False,hqic,10,True
lag_robustness_hqic_stablecoin_exchange_reserve_daily_log_chg,lag_robustness,common_business_day,hqic,6,-54.162313524101954,-53.085039846117745,-53.76073395130581,3.0036943673439324e-24,1481,1438,,False,False,False,False,False,hqic,10,True
lag_robustness_hqic_stablecoin_exchange_reserve_daily_log_chg,lag_robustness,common_business_day,hqic,7,-54.15040599144283,-52.89776217983329,-53.68345299981941,3.039873615480624e-24,1481,1431,,False,False,False,False,False,hqic,10,True
lag_robustness_hqic_stablecoin_exchange_reserve_daily_log_chg,lag_robustness,common_business_day,hqic,8,-54.15065525789636,-52.72264131266148,-53.61832884744566,3.039379134395015e-24,1481,1424,,False,False,False,False,False,hqic,10,True
lag_robustness_hqic_stablecoin_exchange_reserve_daily_log_chg,lag_robustness,common_business_day,hqic,9,-54.165843821678344,-52.562459742818135,-53.568143992400366,2.99389565423186e-24,1481,1417,,False,False,False,False,False,hqic,10,True
lag_robustness_hqic_stablecoin_exchange_reserve_daily_log_chg,lag_robustness,common_business_day,hqic,10,-54.178613227006984,-52.39985901452144,-53.51553997890172,2.9563159947210264e-24,1481,1410,,True,False,False,True,False,hqic,10,True
primary_bic_btc_eth_open_interest_daily_log_chg,primary,common_business_day,bic,1,-53.08071365667081,-52.88029064681328,-53.00600117801106,8.858073568184192e-24,1481,1473,,False,True,True,False,True,bic,10,True
primary_bic_btc_eth_open_interest_daily_log_chg,primary,common_business_day,bic,2,-53.141714827463474,-52.765921683980615,-53.00162892997645,8.333905995351419e-24,1481,1466,,False,False,False,False,False,bic,10,True
primary_bic_btc_eth_open_interest_daily_log_chg,primary,common_business_day,bic,3,-53.17017339431038,-52.61901011720219,-52.96471407799608,8.100162609238021e-24,1481,1459,,False,False,False,False,False,bic,10,True
primary_bic_btc_eth_open_interest_daily_log_chg,primary,common_business_day,bic,4,-53.24669088610616,-52.52015747537262,-52.97585815096457,7.503626158611809e-24,1481,1452,,False,False,False,False,False,bic,10,True
primary_bic_btc_eth_open_interest_daily_log_chg,primary,common_business_day,bic,5,-53.26846523505393,-52.366561690695065,-52.932259081085064,7.342240545460742e-24,1481,1445,,False,False,False,False,False,bic,10,True
primary_bic_btc_eth_open_interest_daily_log_chg,primary,common_business_day,bic,6,-53.35167687205958,-52.27440319407537,-52.95009729926343,6.756328619335326e-24,1481,1438,,False,False,False,False,False,bic,10,True
primary_bic_btc_eth_open_interest_daily_log_chg,primary,common_business_day,bic,7,-53.33669875623965,-52.08405494463011,-52.869745764616226,6.858736052821433e-24,1481,1431,,False,False,False,False,False,bic,10,True
primary_bic_btc_eth_open_interest_daily_log_chg,primary,common_business_day,bic,8,-53.33473191365431,-51.90671796841943,-52.80240550320361,6.872834462734125e-24,1481,1424,,False,False,False,False,False,bic,10,True
primary_bic_btc_eth_open_interest_daily_log_chg,primary,common_business_day,bic,9,-53.356809565821386,-51.75342548696118,-52.75910973654341,6.723505629853201e-24,1481,1417,,False,False,False,False,False,bic,10,True
primary_bic_btc_eth_open_interest_daily_log_chg,primary,common_business_day,bic,10,-53.36174907682267,-51.582994864337124,-52.698675828717406,6.691299142483543e-24,1481,1410,,True,False,False,True,False,bic,10,True
lag_robustness_aic_btc_eth_open_interest_daily_log_chg,lag_robustness,common_business_day,aic,1,-53.08071365667081,-52.88029064681328,-53.00600117801106,8.858073568184192e-24,1481,1473,,False,True,True,False,False,aic,10,True
lag_robustness_aic_btc_eth_open_interest_daily_log_chg,lag_robustness,common_business_day,aic,2,-53.141714827463474,-52.765921683980615,-53.00162892997645,8.333905995351419e-24,1481,1466,,False,False,False,False,False,aic,10,True
lag_robustness_aic_btc_eth_open_interest_daily_log_chg,lag_robustness,common_business_day,aic,3,-53.17017339431038,-52.61901011720219,-52.96471407799608,8.100162609238021e-24,1481,1459,,False,False,False,False,False,aic,10,True
lag_robustness_aic_btc_eth_open_interest_daily_log_chg,lag_robustness,common_business_day,aic,4,-53.24669088610616,-52.52015747537262,-52.97585815096457,7.503626158611809e-24,1481,1452,,False,False,False,False,False,aic,10,True
lag_robustness_aic_btc_eth_open_interest_daily_log_chg,lag_robustness,common_business_day,aic,5,-53.26846523505393,-52.366561690695065,-52.932259081085064,7.342240545460742e-24,1481,1445,,False,False,False,False,False,aic,10,True
lag_robustness_aic_btc_eth_open_interest_daily_log_chg,lag_robustness,common_business_day,aic,6,-53.35167687205958,-52.27440319407537,-52.95009729926343,6.756328619335326e-24,1481,1438,,False,False,False,False,False,aic,10,True
lag_robustness_aic_btc_eth_open_interest_daily_log_chg,lag_robustness,common_business_day,aic,7,-53.33669875623965,-52.08405494463011,-52.869745764616226,6.858736052821433e-24,1481,1431,,False,False,False,False,False,aic,10,True
lag_robustness_aic_btc_eth_open_interest_daily_log_chg,lag_robustness,common_business_day,aic,8,-53.33473191365431,-51.90671796841943,-52.80240550320361,6.872834462734125e-24,1481,1424,,False,False,False,False,False,aic,10,True
lag_robustness_aic_btc_eth_open_interest_daily_log_chg,lag_robustness,common_business_day,aic,9,-53.356809565821386,-51.75342548696118,-52.75910973654341,6.723505629853201e-24,1481,1417,,False,False,False,False,False,aic,10,True
lag_robustness_aic_btc_eth_open_interest_daily_log_chg,lag_robustness,common_business_day,aic,10,-53.36174907682267,-51.582994864337124,-52.698675828717406,6.691299142483543e-24,1481,1410,,True,False,False,True,True,aic,10,True
lag_robustness_hqic_btc_eth_open_interest_daily_log_chg,lag_robustness,common_business_day,hqic,1,-53.08071365667081,-52.88029064681328,-53.00600117801106,8.858073568184192e-24,1481,1473,,False,True,True,False,True,hqic,10,True
lag_robustness_hqic_btc_eth_open_interest_daily_log_chg,lag_robustness,common_business_day,hqic,2,-53.141714827463474,-52.765921683980615,-53.00162892997645,8.333905995351419e-24,1481,1466,,False,False,False,False,False,hqic,10,True
lag_robustness_hqic_btc_eth_open_interest_daily_log_chg,lag_robustness,common_business_day,hqic,3,-53.17017339431038,-52.61901011720219,-52.96471407799608,8.100162609238021e-24,1481,1459,,False,False,False,False,False,hqic,10,True
lag_robustness_hqic_btc_eth_open_interest_daily_log_chg,lag_robustness,common_business_day,hqic,4,-53.24669088610616,-52.52015747537262,-52.97585815096457,7.503626158611809e-24,1481,1452,,False,False,False,False,False,hqic,10,True
lag_robustness_hqic_btc_eth_open_interest_daily_log_chg,lag_robustness,common_business_day,hqic,5,-53.26846523505393,-52.366561690695065,-52.932259081085064,7.342240545460742e-24,1481,1445,,False,False,False,False,False,hqic,10,True
lag_robustness_hqic_btc_eth_open_interest_daily_log_chg,lag_robustness,common_business_day,hqic,6,-53.35167687205958,-52.27440319407537,-52.95009729926343,6.756328619335326e-24,1481,1438,,False,False,False,False,False,hqic,10,True
lag_robustness_hqic_btc_eth_open_interest_daily_log_chg,lag_robustness,common_business_day,hqic,7,-53.33669875623965,-52.08405494463011,-52.869745764616226,6.858736052821433e-24,1481,1431,,False,False,False,False,False,hqic,10,True
lag_robustness_hqic_btc_eth_open_interest_daily_log_chg,lag_robustness,common_business_day,hqic,8,-53.33473191365431,-51.90671796841943,-52.80240550320361,6.872834462734125e-24,1481,1424,,False,False,False,False,False,hqic,10,True
lag_robustness_hqic_btc_eth_open_interest_daily_log_chg,lag_robustness,common_business_day,hqic,9,-53.356809565821386,-51.75342548696118,-52.75910973654341,6.723505629853201e-24,1481,1417,,False,False,False,False,False,hqic,10,True
lag_robustness_hqic_btc_eth_open_interest_daily_log_chg,lag_robustness,common_business_day,hqic,10,-53.36174907682267,-51.582994864337124,-52.698675828717406,6.691299142483543e-24,1481,1410,,True,False,False,True,False,hqic,10,True
primary_bic_btc_eth_funding_rate_avg,primary,common_business_day,bic,1,-55.219713453211774,-55.01929044335425,-55.145000974552026,1.0432381839228058e-24,1481,1473,,False,True,False,False,True,bic,10,True
primary_bic_btc_eth_funding_rate_avg,primary,common_business_day,bic,2,-55.37221058824342,-54.99641744476056,-55.23212469075639,8.956876716720419e-25,1481,1466,,False,False,False,False,False,bic,10,True
primary_bic_btc_eth_funding_rate_avg,primary,common_business_day,bic,3,-55.397501836174364,-54.84633855906617,-55.19204251986006,8.733278014152417e-25,1481,1459,,False,False,False,False,False,bic,10,True
primary_bic_btc_eth_funding_rate_avg,primary,common_business_day,bic,4,-55.52935321221033,-54.802819801476794,-55.25852047706874,7.6546182492710475e-25,1481,1452,,False,False,True,False,False,bic,10,True
primary_bic_btc_eth_funding_rate_avg,primary,common_business_day,bic,5,-55.57528224620274,-54.67337870184387,-55.23907609223387,7.311234438327968e-25,1481,1445,,False,False,False,False,False,bic,10,True
primary_bic_btc_eth_funding_rate_avg,primary,common_business_day,bic,6,-55.64226965268949,-54.56499597470528,-55.24069007989335,6.837840403072883e-25,1481,1438,,False,False,False,False,False,bic,10,True
primary_bic_btc_eth_funding_rate_avg,primary,common_business_day,bic,7,-55.64343927869901,-54.390795467089475,-55.17648628707559,6.830294193928803e-25,1481,1431,,False,False,False,False,False,bic,10,True
primary_bic_btc_eth_funding_rate_avg,primary,common_business_day,bic,8,-55.643321833338675,-54.215307888103794,-55.110995422887974,6.831687945405044e-25,1481,1424,,False,False,False,False,False,bic,10,True
primary_bic_btc_eth_funding_rate_avg,primary,common_business_day,bic,9,-55.658688511042065,-54.055304432181856,-55.06098868176409,6.728255095097737e-25,1481,1417,,False,False,False,False,False,bic,10,True
primary_bic_btc_eth_funding_rate_avg,primary,common_business_day,bic,10,-55.663201189717974,-53.88444697723243,-55.00012794161271,6.698884547491743e-25,1481,1410,,True,False,False,True,False,bic,10,True
lag_robustness_aic_btc_eth_funding_rate_avg,lag_robustness,common_business_day,aic,1,-55.219713453211774,-55.01929044335425,-55.145000974552026,1.0432381839228058e-24,1481,1473,,False,True,False,False,False,aic,10,True
lag_robustness_aic_btc_eth_funding_rate_avg,lag_robustness,common_business_day,aic,2,-55.37221058824342,-54.99641744476056,-55.23212469075639,8.956876716720419e-25,1481,1466,,False,False,False,False,False,aic,10,True
lag_robustness_aic_btc_eth_funding_rate_avg,lag_robustness,common_business_day,aic,3,-55.397501836174364,-54.84633855906617,-55.19204251986006,8.733278014152417e-25,1481,1459,,False,False,False,False,False,aic,10,True
lag_robustness_aic_btc_eth_funding_rate_avg,lag_robustness,common_business_day,aic,4,-55.52935321221033,-54.802819801476794,-55.25852047706874,7.6546182492710475e-25,1481,1452,,False,False,True,False,False,aic,10,True
lag_robustness_aic_btc_eth_funding_rate_avg,lag_robustness,common_business_day,aic,5,-55.57528224620274,-54.67337870184387,-55.23907609223387,7.311234438327968e-25,1481,1445,,False,False,False,False,False,aic,10,True
lag_robustness_aic_btc_eth_funding_rate_avg,lag_robustness,common_business_day,aic,6,-55.64226965268949,-54.56499597470528,-55.24069007989335,6.837840403072883e-25,1481,1438,,False,False,False,False,False,aic,10,True
lag_robustness_aic_btc_eth_funding_rate_avg,lag_robustness,common_business_day,aic,7,-55.64343927869901,-54.390795467089475,-55.17648628707559,6.830294193928803e-25,1481,1431,,False,False,False,False,False,aic,10,True
lag_robustness_aic_btc_eth_funding_rate_avg,lag_robustness,common_business_day,aic,8,-55.643321833338675,-54.215307888103794,-55.110995422887974,6.831687945405044e-25,1481,1424,,False,False,False,False,False,aic,10,True
lag_robustness_aic_btc_eth_funding_rate_avg,lag_robustness,common_business_day,aic,9,-55.658688511042065,-54.055304432181856,-55.06098868176409,6.728255095097737e-25,1481,1417,,False,False,False,False,False,aic,10,True
lag_robustness_aic_btc_eth_funding_rate_avg,lag_robustness,common_business_day,aic,10,-55.663201189717974,-53.88444697723243,-55.00012794161271,6.698884547491743e-25,1481,1410,,True,False,False,True,True,aic,10,True
lag_robustness_hqic_btc_eth_funding_rate_avg,lag_robustness,common_business_day,hqic,1,-55.219713453211774,-55.01929044335425,-55.145000974552026,1.0432381839228058e-24,1481,1473,,False,True,False,False,False,hqic,10,True
lag_robustness_hqic_btc_eth_funding_rate_avg,lag_robustness,common_business_day,hqic,2,-55.37221058824342,-54.99641744476056,-55.23212469075639,8.956876716720419e-25,1481,1466,,False,False,False,False,False,hqic,10,True
lag_robustness_hqic_btc_eth_funding_rate_avg,lag_robustness,common_business_day,hqic,3,-55.397501836174364,-54.84633855906617,-55.19204251986006,8.733278014152417e-25,1481,1459,,False,False,False,False,False,hqic,10,True
lag_robustness_hqic_btc_eth_funding_rate_avg,lag_robustness,common_business_day,hqic,4,-55.52935321221033,-54.802819801476794,-55.25852047706874,7.6546182492710475e-25,1481,1452,,False,False,True,False,True,hqic,10,True
lag_robustness_hqic_btc_eth_funding_rate_avg,lag_robustness,common_business_day,hqic,5,-55.57528224620274,-54.67337870184387,-55.23907609223387,7.311234438327968e-25,1481,1445,,False,False,False,False,False,hqic,10,True
lag_robustness_hqic_btc_eth_funding_rate_avg,lag_robustness,common_business_day,hqic,6,-55.64226965268949,-54.56499597470528,-55.24069007989335,6.837840403072883e-25,1481,1438,,False,False,False,False,False,hqic,10,True
lag_robustness_hqic_btc_eth_funding_rate_avg,lag_robustness,common_business_day,hqic,7,-55.64343927869901,-54.390795467089475,-55.17648628707559,6.830294193928803e-25,1481,1431,,False,False,False,False,False,hqic,10,True
lag_robustness_hqic_btc_eth_funding_rate_avg,lag_robustness,common_business_day,hqic,8,-55.643321833338675,-54.215307888103794,-55.110995422887974,6.831687945405044e-25,1481,1424,,False,False,False,False,False,hqic,10,True
lag_robustness_hqic_btc_eth_funding_rate_avg,lag_robustness,common_business_day,hqic,9,-55.658688511042065,-54.055304432181856,-55.06098868176409,6.728255095097737e-25,1481,1417,,False,False,False,False,False,hqic,10,True
lag_robustness_hqic_btc_eth_funding_rate_avg,lag_robustness,common_business_day,hqic,10,-55.663201189717974,-53.88444697723243,-55.00012794161271,6.698884547491743e-25,1481,1410,,True,False,False,True,False,hqic,10,True
primary_bic_tradingVol_btc+eth_daily_log_chg,primary,common_business_day,bic,1,-48.75743037890802,-48.557007369050496,-48.68271790024827,6.682167443584477e-22,1481,1473,,False,True,False,False,True,bic,10,True
primary_bic_tradingVol_btc+eth_daily_log_chg,primary,common_business_day,bic,2,-48.82409323233797,-48.44830008885511,-48.684007334850946,6.251263869461361e-22,1481,1466,,False,False,False,False,False,bic,10,True
primary_bic_tradingVol_btc+eth_daily_log_chg,primary,common_business_day,bic,3,-48.86821098837214,-48.317047711263946,-48.66275167205784,5.981529811946776e-22,1481,1459,,False,False,False,False,False,bic,10,True
primary_bic_tradingVol_btc+eth_daily_log_chg,primary,common_business_day,bic,4,-48.94692754368204,-48.2203941329485,-48.67609480854045,5.52884840018723e-22,1481,1452,,False,False,False,False,False,bic,10,True
primary_bic_tradingVol_btc+eth_daily_log_chg,primary,common_business_day,bic,5,-49.026883995301894,-48.12498045094303,-48.69067784133303,5.10415595608929e-22,1481,1445,,False,False,False,False,False,bic,10,True
primary_bic_tradingVol_btc+eth_daily_log_chg,primary,common_business_day,bic,6,-49.0954499179545,-48.01817623997029,-48.69387034515835,4.76613835094534e-22,1481,1438,,False,False,True,False,False,bic,10,True
primary_bic_tradingVol_btc+eth_daily_log_chg,primary,common_business_day,bic,7,-49.088537703492875,-47.83589389188334,-48.62158471186945,4.799511023692716e-22,1481,1431,,False,False,False,False,False,bic,10,True
primary_bic_tradingVol_btc+eth_daily_log_chg,primary,common_business_day,bic,8,-49.09186574019027,-47.66385179495539,-48.55953932973957,4.783978842915272e-22,1481,1424,,False,False,False,False,False,bic,10,True
primary_bic_tradingVol_btc+eth_daily_log_chg,primary,common_business_day,bic,9,-49.116858221993944,-47.513474143133735,-48.519158392715966,4.6664137705814515e-22,1481,1417,,False,False,False,False,False,bic,10,True
primary_bic_tradingVol_btc+eth_daily_log_chg,primary,common_business_day,bic,10,-49.13230631131189,-47.35355209882635,-48.46923306320663,4.595514074639193e-22,1481,1410,,True,False,False,True,False,bic,10,True
lag_robustness_aic_tradingVol_btc+eth_daily_log_chg,lag_robustness,common_business_day,aic,1,-48.75743037890802,-48.557007369050496,-48.68271790024827,6.682167443584477e-22,1481,1473,,False,True,False,False,False,aic,10,True
lag_robustness_aic_tradingVol_btc+eth_daily_log_chg,lag_robustness,common_business_day,aic,2,-48.82409323233797,-48.44830008885511,-48.684007334850946,6.251263869461361e-22,1481,1466,,False,False,False,False,False,aic,10,True
lag_robustness_aic_tradingVol_btc+eth_daily_log_chg,lag_robustness,common_business_day,aic,3,-48.86821098837214,-48.317047711263946,-48.66275167205784,5.981529811946776e-22,1481,1459,,False,False,False,False,False,aic,10,True
lag_robustness_aic_tradingVol_btc+eth_daily_log_chg,lag_robustness,common_business_day,aic,4,-48.94692754368204,-48.2203941329485,-48.67609480854045,5.52884840018723e-22,1481,1452,,False,False,False,False,False,aic,10,True
lag_robustness_aic_tradingVol_btc+eth_daily_log_chg,lag_robustness,common_business_day,aic,5,-49.026883995301894,-48.12498045094303,-48.69067784133303,5.10415595608929e-22,1481,1445,,False,False,False,False,False,aic,10,True
lag_robustness_aic_tradingVol_btc+eth_daily_log_chg,lag_robustness,common_business_day,aic,6,-49.0954499179545,-48.01817623997029,-48.69387034515835,4.76613835094534e-22,1481,1438,,False,False,True,False,False,aic,10,True
lag_robustness_aic_tradingVol_btc+eth_daily_log_chg,lag_robustness,common_business_day,aic,7,-49.088537703492875,-47.83589389188334,-48.62158471186945,4.799511023692716e-22,1481,1431,,False,False,False,False,False,aic,10,True
lag_robustness_aic_tradingVol_btc+eth_daily_log_chg,lag_robustness,common_business_day,aic,8,-49.09186574019027,-47.66385179495539,-48.55953932973957,4.783978842915272e-22,1481,1424,,False,False,False,False,False,aic,10,True
lag_robustness_aic_tradingVol_btc+eth_daily_log_chg,lag_robustness,common_business_day,aic,9,-49.116858221993944,-47.513474143133735,-48.519158392715966,4.6664137705814515e-22,1481,1417,,False,False,False,False,False,aic,10,True
lag_robustness_aic_tradingVol_btc+eth_daily_log_chg,lag_robustness,common_business_day,aic,10,-49.13230631131189,-47.35355209882635,-48.46923306320663,4.595514074639193e-22,1481,1410,,True,False,False,True,True,aic,10,True
lag_robustness_hqic_tradingVol_btc+eth_daily_log_chg,lag_robustness,common_business_day,hqic,1,-48.75743037890802,-48.557007369050496,-48.68271790024827,6.682167443584477e-22,1481,1473,,False,True,False,False,False,hqic,10,True
lag_robustness_hqic_tradingVol_btc+eth_daily_log_chg,lag_robustness,common_business_day,hqic,2,-48.82409323233797,-48.44830008885511,-48.684007334850946,6.251263869461361e-22,1481,1466,,False,False,False,False,False,hqic,10,True
lag_robustness_hqic_tradingVol_btc+eth_daily_log_chg,lag_robustness,common_business_day,hqic,3,-48.86821098837214,-48.317047711263946,-48.66275167205784,5.981529811946776e-22,1481,1459,,False,False,False,False,False,hqic,10,True
lag_robustness_hqic_tradingVol_btc+eth_daily_log_chg,lag_robustness,common_business_day,hqic,4,-48.94692754368204,-48.2203941329485,-48.67609480854045,5.52884840018723e-22,1481,1452,,False,False,False,False,False,hqic,10,True
lag_robustness_hqic_tradingVol_btc+eth_daily_log_chg,lag_robustness,common_business_day,hqic,5,-49.026883995301894,-48.12498045094303,-48.69067784133303,5.10415595608929e-22,1481,1445,,False,False,False,False,False,hqic,10,True
lag_robustness_hqic_tradingVol_btc+eth_daily_log_chg,lag_robustness,common_business_day,hqic,6,-49.0954499179545,-48.01817623997029,-48.69387034515835,4.76613835094534e-22,1481,1438,,False,False,True,False,True,hqic,10,True
lag_robustness_hqic_tradingVol_btc+eth_daily_log_chg,lag_robustness,common_business_day,hqic,7,-49.088537703492875,-47.83589389188334,-48.62158471186945,4.799511023692716e-22,1481,1431,,False,False,False,False,False,hqic,10,True
lag_robustness_hqic_tradingVol_btc+eth_daily_log_chg,lag_robustness,common_business_day,hqic,8,-49.09186574019027,-47.66385179495539,-48.55953932973957,4.783978842915272e-22,1481,1424,,False,False,False,False,False,hqic,10,True
lag_robustness_hqic_tradingVol_btc+eth_daily_log_chg,lag_robustness,common_business_day,hqic,9,-49.116858221993944,-47.513474143133735,-48.519158392715966,4.6664137705814515e-22,1481,1417,,False,False,False,False,False,hqic,10,True
lag_robustness_hqic_tradingVol_btc+eth_daily_log_chg,lag_robustness,common_business_day,hqic,10,-49.13230631131189,-47.35355209882635,-48.46923306320663,4.595514074639193e-22,1481,1410,,True,False,False,True,False,hqic,10,True
coverage_max_bic_stablecoin_supply_daily_log_chg,coverage_robustness,predictor_specific_maximum,bic,1,-56.71159576379695,-56.51117275393942,-56.6368832851372,2.346752122357151e-25,1481,1473,,False,True,False,False,True,bic,10,True
coverage_max_bic_stablecoin_supply_daily_log_chg,coverage_robustness,predictor_specific_maximum,bic,2,-56.82616309407288,-56.45036995059002,-56.686077196585856,2.0927292590831237e-25,1481,1466,,False,False,False,False,False,bic,10,True
coverage_max_bic_stablecoin_supply_daily_log_chg,coverage_robustness,predictor_specific_maximum,bic,3,-56.88752157526707,-56.33635829815888,-56.68206225895277,1.968203206684719e-25,1481,1459,,False,False,False,False,False,bic,10,True
coverage_max_bic_stablecoin_supply_daily_log_chg,coverage_robustness,predictor_specific_maximum,bic,4,-56.99995289039761,-56.27341947966407,-56.72912015525602,1.758936702577162e-25,1481,1452,,False,False,False,False,False,bic,10,True
coverage_max_bic_stablecoin_supply_daily_log_chg,coverage_robustness,predictor_specific_maximum,bic,5,-57.05497593549358,-56.153072391134714,-56.71876978152471,1.6648223816033884e-25,1481,1445,,False,False,False,False,False,bic,10,True
coverage_max_bic_stablecoin_supply_daily_log_chg,coverage_robustness,predictor_specific_maximum,bic,6,-57.13480065336949,-56.05752697538528,-56.733221080573344,1.5371667520265392e-25,1481,1438,,False,False,True,False,False,bic,10,True
coverage_max_bic_stablecoin_supply_daily_log_chg,coverage_robustness,predictor_specific_maximum,bic,7,-57.12239373980686,-55.86974992819732,-56.65544074818344,1.556458869142734e-25,1481,1431,,False,False,False,False,False,bic,10,True
coverage_max_bic_stablecoin_supply_daily_log_chg,coverage_robustness,predictor_specific_maximum,bic,8,-57.14309632967115,-55.71508238443627,-56.61076991922045,1.5246994118875543e-25,1481,1424,,False,False,False,False,False,bic,10,True
coverage_max_bic_stablecoin_supply_daily_log_chg,coverage_robustness,predictor_specific_maximum,bic,9,-57.159803516143974,-55.556419437283765,-56.562103686865996,1.4996036386532518e-25,1481,1417,,False,False,False,True,False,bic,10,True
coverage_max_bic_stablecoin_supply_daily_log_chg,coverage_robustness,predictor_specific_maximum,bic,10,-57.159896938871825,-55.38114272638628,-56.49682369076656,1.4996702909798295e-25,1481,1410,,True,False,False,False,False,bic,10,True
coverage_max_bic_stablecoin_exchange_netflow_scaled,coverage_robustness,predictor_specific_maximum,bic,1,-56.082965697011595,-55.88254268715407,-56.00825321835185,4.400254426255114e-25,1481,1473,,False,True,True,False,True,bic,10,True
coverage_max_bic_stablecoin_exchange_netflow_scaled,coverage_robustness,predictor_specific_maximum,bic,2,-56.118780616778636,-55.74298747329578,-55.97869471929161,4.245465859960868e-25,1481,1466,,False,False,False,False,False,bic,10,True
coverage_max_bic_stablecoin_exchange_netflow_scaled,coverage_robustness,predictor_specific_maximum,bic,3,-56.13428520782187,-55.58312193071367,-55.928825891507564,4.180192993539324e-25,1481,1459,,False,False,False,False,False,bic,10,True
coverage_max_bic_stablecoin_exchange_netflow_scaled,coverage_robustness,predictor_specific_maximum,bic,4,-56.22611831010232,-55.499584899368784,-55.95528557496073,3.8134872548860503e-25,1481,1452,,False,False,False,False,False,bic,10,True
coverage_max_bic_stablecoin_exchange_netflow_scaled,coverage_robustness,predictor_specific_maximum,bic,5,-56.25072045130051,-55.34881690694164,-55.91451429733164,3.720931068573336e-25,1481,1445,,False,False,False,False,False,bic,10,True
coverage_max_bic_stablecoin_exchange_netflow_scaled,coverage_robustness,predictor_specific_maximum,bic,6,-56.31303253093146,-55.23575885294725,-55.911452958135314,3.4963133087808266e-25,1481,1438,,False,False,False,False,False,bic,10,True
coverage_max_bic_stablecoin_exchange_netflow_scaled,coverage_robustness,predictor_specific_maximum,bic,7,-56.299342173992855,-55.04669836238332,-55.83238918236943,3.544740129683411e-25,1481,1431,,False,False,False,False,False,bic,10,True
coverage_max_bic_stablecoin_exchange_netflow_scaled,coverage_robustness,predictor_specific_maximum,bic,8,-56.299304437428546,-54.871290492193666,-55.766978026977846,3.545180856087847e-25,1481,1424,,False,False,False,False,False,bic,10,True
coverage_max_bic_stablecoin_exchange_netflow_scaled,coverage_robustness,predictor_specific_maximum,bic,9,-56.31522210607387,-54.71183802721366,-55.71752227679589,3.4895829913731333e-25,1481,1417,,False,False,False,False,False,bic,10,True
coverage_max_bic_stablecoin_exchange_netflow_scaled,coverage_robustness,predictor_specific_maximum,bic,10,-56.33035403621779,-54.551599823732246,-55.66728078811253,3.4376502825183985e-25,1481,1410,,True,False,False,True,False,bic,10,True
coverage_max_bic_stablecoin_exchange_reserve_daily_log_chg,coverage_robustness,predictor_specific_maximum,bic,1,-53.92849065470576,-53.72806764484824,-53.85377817604601,3.794498720689513e-24,1481,1473,,False,True,True,False,True,bic,10,True
coverage_max_bic_stablecoin_exchange_reserve_daily_log_chg,coverage_robustness,predictor_specific_maximum,bic,2,-53.96517275181455,-53.58937960833169,-53.82508685432752,3.657845558701305e-24,1481,1466,,False,False,False,False,False,bic,10,True
coverage_max_bic_stablecoin_exchange_reserve_daily_log_chg,coverage_robustness,predictor_specific_maximum,bic,3,-53.97991625445879,-53.4287529773506,-53.77445693814449,3.604349377149709e-24,1481,1459,,False,False,False,False,False,bic,10,True
coverage_max_bic_stablecoin_exchange_reserve_daily_log_chg,coverage_robustness,predictor_specific_maximum,bic,4,-54.07189639484827,-53.34536298411473,-53.80106365970668,3.2876758375228636e-24,1481,1452,,False,False,False,False,False,bic,10,True
coverage_max_bic_stablecoin_exchange_reserve_daily_log_chg,coverage_robustness,predictor_specific_maximum,bic,5,-54.09806030243748,-53.196156758078615,-53.761854148468615,3.202875436026689e-24,1481,1445,,False,False,False,False,False,bic,10,True
coverage_max_bic_stablecoin_exchange_reserve_daily_log_chg,coverage_robustness,predictor_specific_maximum,bic,6,-54.162313524101954,-53.085039846117745,-53.76073395130581,3.0036943673439324e-24,1481,1438,,False,False,False,False,False,bic,10,True
coverage_max_bic_stablecoin_exchange_reserve_daily_log_chg,coverage_robustness,predictor_specific_maximum,bic,7,-54.15040599144283,-52.89776217983329,-53.68345299981941,3.039873615480624e-24,1481,1431,,False,False,False,False,False,bic,10,True
coverage_max_bic_stablecoin_exchange_reserve_daily_log_chg,coverage_robustness,predictor_specific_maximum,bic,8,-54.15065525789636,-52.72264131266148,-53.61832884744566,3.039379134395015e-24,1481,1424,,False,False,False,False,False,bic,10,True
coverage_max_bic_stablecoin_exchange_reserve_daily_log_chg,coverage_robustness,predictor_specific_maximum,bic,9,-54.165843821678344,-52.562459742818135,-53.568143992400366,2.99389565423186e-24,1481,1417,,False,False,False,False,False,bic,10,True
coverage_max_bic_stablecoin_exchange_reserve_daily_log_chg,coverage_robustness,predictor_specific_maximum,bic,10,-54.178613227006984,-52.39985901452144,-53.51553997890172,2.9563159947210264e-24,1481,1410,,True,False,False,True,False,bic,10,True
coverage_max_bic_btc_eth_open_interest_daily_log_chg,coverage_robustness,predictor_specific_maximum,bic,1,-53.08071365667081,-52.88029064681328,-53.00600117801106,8.858073568184192e-24,1481,1473,,False,True,True,False,True,bic,10,True
coverage_max_bic_btc_eth_open_interest_daily_log_chg,coverage_robustness,predictor_specific_maximum,bic,2,-53.141714827463474,-52.765921683980615,-53.00162892997645,8.333905995351419e-24,1481,1466,,False,False,False,False,False,bic,10,True
coverage_max_bic_btc_eth_open_interest_daily_log_chg,coverage_robustness,predictor_specific_maximum,bic,3,-53.17017339431038,-52.61901011720219,-52.96471407799608,8.100162609238021e-24,1481,1459,,False,False,False,False,False,bic,10,True
coverage_max_bic_btc_eth_open_interest_daily_log_chg,coverage_robustness,predictor_specific_maximum,bic,4,-53.24669088610616,-52.52015747537262,-52.97585815096457,7.503626158611809e-24,1481,1452,,False,False,False,False,False,bic,10,True
coverage_max_bic_btc_eth_open_interest_daily_log_chg,coverage_robustness,predictor_specific_maximum,bic,5,-53.26846523505393,-52.366561690695065,-52.932259081085064,7.342240545460742e-24,1481,1445,,False,False,False,False,False,bic,10,True
coverage_max_bic_btc_eth_open_interest_daily_log_chg,coverage_robustness,predictor_specific_maximum,bic,6,-53.35167687205958,-52.27440319407537,-52.95009729926343,6.756328619335326e-24,1481,1438,,False,False,False,False,False,bic,10,True
coverage_max_bic_btc_eth_open_interest_daily_log_chg,coverage_robustness,predictor_specific_maximum,bic,7,-53.33669875623965,-52.08405494463011,-52.869745764616226,6.858736052821433e-24,1481,1431,,False,False,False,False,False,bic,10,True
coverage_max_bic_btc_eth_open_interest_daily_log_chg,coverage_robustness,predictor_specific_maximum,bic,8,-53.33473191365431,-51.90671796841943,-52.80240550320361,6.872834462734125e-24,1481,1424,,False,False,False,False,False,bic,10,True
coverage_max_bic_btc_eth_open_interest_daily_log_chg,coverage_robustness,predictor_specific_maximum,bic,9,-53.356809565821386,-51.75342548696118,-52.75910973654341,6.723505629853201e-24,1481,1417,,False,False,False,False,False,bic,10,True
coverage_max_bic_btc_eth_open_interest_daily_log_chg,coverage_robustness,predictor_specific_maximum,bic,10,-53.36174907682267,-51.582994864337124,-52.698675828717406,6.691299142483543e-24,1481,1410,,True,False,False,True,False,bic,10,True
coverage_max_bic_btc_eth_funding_rate_avg,coverage_robustness,predictor_specific_maximum,bic,1,-55.219713453211774,-55.01929044335425,-55.145000974552026,1.0432381839228058e-24,1481,1473,,False,True,False,False,True,bic,10,True
coverage_max_bic_btc_eth_funding_rate_avg,coverage_robustness,predictor_specific_maximum,bic,2,-55.37221058824342,-54.99641744476056,-55.23212469075639,8.956876716720419e-25,1481,1466,,False,False,False,False,False,bic,10,True
coverage_max_bic_btc_eth_funding_rate_avg,coverage_robustness,predictor_specific_maximum,bic,3,-55.397501836174364,-54.84633855906617,-55.19204251986006,8.733278014152417e-25,1481,1459,,False,False,False,False,False,bic,10,True
coverage_max_bic_btc_eth_funding_rate_avg,coverage_robustness,predictor_specific_maximum,bic,4,-55.52935321221033,-54.802819801476794,-55.25852047706874,7.6546182492710475e-25,1481,1452,,False,False,True,False,False,bic,10,True
coverage_max_bic_btc_eth_funding_rate_avg,coverage_robustness,predictor_specific_maximum,bic,5,-55.57528224620274,-54.67337870184387,-55.23907609223387,7.311234438327968e-25,1481,1445,,False,False,False,False,False,bic,10,True
coverage_max_bic_btc_eth_funding_rate_avg,coverage_robustness,predictor_specific_maximum,bic,6,-55.64226965268949,-54.56499597470528,-55.24069007989335,6.837840403072883e-25,1481,1438,,False,False,False,False,False,bic,10,True
coverage_max_bic_btc_eth_funding_rate_avg,coverage_robustness,predictor_specific_maximum,bic,7,-55.64343927869901,-54.390795467089475,-55.17648628707559,6.830294193928803e-25,1481,1431,,False,False,False,False,False,bic,10,True
coverage_max_bic_btc_eth_funding_rate_avg,coverage_robustness,predictor_specific_maximum,bic,8,-55.643321833338675,-54.215307888103794,-55.110995422887974,6.831687945405044e-25,1481,1424,,False,False,False,False,False,bic,10,True
coverage_max_bic_btc_eth_funding_rate_avg,coverage_robustness,predictor_specific_maximum,bic,9,-55.658688511042065,-54.055304432181856,-55.06098868176409,6.728255095097737e-25,1481,1417,,False,False,False,False,False,bic,10,True
coverage_max_bic_btc_eth_funding_rate_avg,coverage_robustness,predictor_specific_maximum,bic,10,-55.663201189717974,-53.88444697723243,-55.00012794161271,6.698884547491743e-25,1481,1410,,True,False,False,True,False,bic,10,True
coverage_max_bic_tradingVol_btc+eth_daily_log_chg,coverage_robustness,predictor_specific_maximum,bic,1,-48.75743037890802,-48.557007369050496,-48.68271790024827,6.682167443584477e-22,1481,1473,,False,True,False,False,True,bic,10,True
coverage_max_bic_tradingVol_btc+eth_daily_log_chg,coverage_robustness,predictor_specific_maximum,bic,2,-48.82409323233797,-48.44830008885511,-48.684007334850946,6.251263869461361e-22,1481,1466,,False,False,False,False,False,bic,10,True
coverage_max_bic_tradingVol_btc+eth_daily_log_chg,coverage_robustness,predictor_specific_maximum,bic,3,-48.86821098837214,-48.317047711263946,-48.66275167205784,5.981529811946776e-22,1481,1459,,False,False,False,False,False,bic,10,True
coverage_max_bic_tradingVol_btc+eth_daily_log_chg,coverage_robustness,predictor_specific_maximum,bic,4,-48.94692754368204,-48.2203941329485,-48.67609480854045,5.52884840018723e-22,1481,1452,,False,False,False,False,False,bic,10,True
coverage_max_bic_tradingVol_btc+eth_daily_log_chg,coverage_robustness,predictor_specific_maximum,bic,5,-49.026883995301894,-48.12498045094303,-48.69067784133303,5.10415595608929e-22,1481,1445,,False,False,False,False,False,bic,10,True
coverage_max_bic_tradingVol_btc+eth_daily_log_chg,coverage_robustness,predictor_specific_maximum,bic,6,-49.0954499179545,-48.01817623997029,-48.69387034515835,4.76613835094534e-22,1481,1438,,False,False,True,False,False,bic,10,True
coverage_max_bic_tradingVol_btc+eth_daily_log_chg,coverage_robustness,predictor_specific_maximum,bic,7,-49.088537703492875,-47.83589389188334,-48.62158471186945,4.799511023692716e-22,1481,1431,,False,False,False,False,False,bic,10,True
coverage_max_bic_tradingVol_btc+eth_daily_log_chg,coverage_robustness,predictor_specific_maximum,bic,8,-49.09186574019027,-47.66385179495539,-48.55953932973957,4.783978842915272e-22,1481,1424,,False,False,False,False,False,bic,10,True
coverage_max_bic_tradingVol_btc+eth_daily_log_chg,coverage_robustness,predictor_specific_maximum,bic,9,-49.116858221993944,-47.513474143133735,-48.519158392715966,4.6664137705814515e-22,1481,1417,,False,False,False,False,False,bic,10,True
coverage_max_bic_tradingVol_btc+eth_daily_log_chg,coverage_robustness,predictor_specific_maximum,bic,10,-49.13230631131189,-47.35355209882635,-48.46923306320663,4.595514074639193e-22,1481,1410,,True,False,False,True,False,bic,10,True
broader_risk_bic_stablecoin_supply_daily_log_chg,broader_risk_robustness,broader_risk_common_business_day,bic,1,-72.03947347362804,-71.71718849862248,-71.9193299694643,5.17195806637338e-32,1480,1470,,False,True,False,False,True,bic,10,True
broader_risk_bic_stablecoin_supply_daily_log_chg,broader_risk_robustness,broader_risk_common_business_day,bic,2,-72.157151027447,-71.54480957493644,-71.9288783695359,4.5978308799684386e-32,1480,1461,,False,False,True,False,False,bic,10,True
broader_risk_bic_stablecoin_supply_daily_log_chg,broader_risk_robustness,broader_risk_common_business_day,bic,3,-72.22112535771782,-71.31872742770224,-71.88472354605936,4.313019574740814e-32,1480,1452,,False,False,False,False,False,bic,10,True
broader_risk_bic_stablecoin_supply_daily_log_chg,broader_risk_robustness,broader_risk_common_business_day,bic,4,-72.34801156266855,-71.15555715514796,-71.90348059726271,3.7992557728936707e-32,1480,1443,,False,False,False,False,False,bic,10,True
broader_risk_bic_stablecoin_supply_daily_log_chg,broader_risk_robustness,broader_risk_common_business_day,bic,5,-72.31668095121742,-70.83417006619183,-71.76402083206422,3.920512093221455e-32,1480,1434,,False,False,False,False,False,bic,10,True
broader_risk_bic_stablecoin_supply_daily_log_chg,broader_risk_robustness,broader_risk_common_business_day,bic,6,-72.47482312136817,-70.70225575883758,-71.8140338484676,3.3474807278488866e-32,1480,1425,,False,False,False,False,False,bic,10,True
broader_risk_bic_stablecoin_supply_daily_log_chg,broader_risk_robustness,broader_risk_common_business_day,bic,7,-72.46723371718367,-70.40460987714806,-71.69831529053573,3.3735816604069416e-32,1480,1416,,False,False,False,False,False,bic,10,True
broader_risk_bic_stablecoin_supply_daily_log_chg,broader_risk_robustness,broader_risk_common_business_day,bic,8,-72.47978104863155,-70.12710073109093,-71.60273346823625,3.3323007577076387e-32,1480,1407,,False,False,False,False,False,bic,10,True
broader_risk_bic_stablecoin_supply_daily_log_chg,broader_risk_robustness,broader_risk_common_business_day,bic,9,-72.50474075398468,-69.86200395893906,-71.51956401984201,3.2511363877029477e-32,1480,1398,,True,False,False,True,False,bic,10,True
broader_risk_bic_stablecoin_supply_daily_log_chg,broader_risk_robustness,broader_risk_common_business_day,bic,10,-72.49717778230135,-69.56438450975071,-71.40387189441131,3.277048259247174e-32,1480,1389,,False,False,False,False,False,bic,10,True
broader_risk_bic_stablecoin_exchange_netflow_scaled,broader_risk_robustness,broader_risk_common_business_day,bic,1,-71.41599607194249,-71.09371109693693,-71.29585256777875,9.647788853524849e-32,1480,1470,,False,True,True,False,True,bic,10,True
broader_risk_bic_stablecoin_exchange_netflow_scaled,broader_risk_robustness,broader_risk_common_business_day,bic,2,-71.4549604527578,-70.84261900024724,-71.2266877948467,9.279198913889438e-32,1480,1461,,False,False,False,False,False,bic,10,True
broader_risk_bic_stablecoin_exchange_netflow_scaled,broader_risk_robustness,broader_risk_common_business_day,bic,3,-71.46925689438889,-70.56685896437331,-71.13285508273043,9.147738767659805e-32,1480,1452,,False,False,False,False,False,bic,10,True
broader_risk_bic_stablecoin_exchange_netflow_scaled,broader_risk_robustness,broader_risk_common_business_day,bic,4,-71.25966160595257,-70.06720719843199,-70.81513064054674,1.1281397779653607e-31,1480,1443,,False,False,False,False,False,bic,10,True
broader_risk_bic_stablecoin_exchange_netflow_scaled,broader_risk_robustness,broader_risk_common_business_day,bic,5,-71.58971594728168,-70.10720506225609,-71.03705582812847,8.110725205140162e-32,1480,1434,,False,False,False,False,False,bic,10,True
broader_risk_bic_stablecoin_exchange_netflow_scaled,broader_risk_robustness,broader_risk_common_business_day,bic,6,-71.65330264470694,-69.88073528217635,-70.99251337180637,7.612019552334815e-32,1480,1425,,True,False,False,True,False,bic,10,True
broader_risk_bic_stablecoin_exchange_netflow_scaled,broader_risk_robustness,broader_risk_common_business_day,bic,7,-71.64483078286938,-69.58220694283376,-70.87591235622143,7.678144539423387e-32,1480,1416,,False,False,False,False,False,bic,10,True
broader_risk_bic_stablecoin_exchange_netflow_scaled,broader_risk_robustness,broader_risk_common_business_day,bic,8,-71.63032328322836,-69.27764296568775,-70.75327570283306,7.792180641783528e-32,1480,1407,,False,False,False,False,False,bic,10,True
broader_risk_bic_stablecoin_exchange_netflow_scaled,broader_risk_robustness,broader_risk_common_business_day,bic,9,-71.64048973784591,-68.99775294280029,-70.65531300370324,7.715687616931364e-32,1480,1398,,False,False,False,False,False,bic,10,True
broader_risk_bic_stablecoin_exchange_netflow_scaled,broader_risk_robustness,broader_risk_common_business_day,bic,10,-71.64987367591894,-68.7170804033683,-70.5565677880289,7.646493698057234e-32,1480,1389,,False,False,False,False,False,bic,10,True
broader_risk_bic_stablecoin_exchange_reserve_daily_log_chg,broader_risk_robustness,broader_risk_common_business_day,bic,1,-69.26052400478152,-68.93823902977596,-69.14038050061778,8.327936687454381e-31,1480,1470,,False,True,True,False,True,bic,10,True
broader_risk_bic_stablecoin_exchange_reserve_daily_log_chg,broader_risk_robustness,broader_risk_common_business_day,bic,2,-69.29998245029849,-68.68764099778792,-69.07170979238738,8.005814807610494e-31,1480,1461,,False,False,False,False,False,bic,10,True
broader_risk_bic_stablecoin_exchange_reserve_daily_log_chg,broader_risk_robustness,broader_risk_common_business_day,bic,3,-69.3143332347167,-68.41193530470112,-68.97793142305824,7.891966049053978e-31,1480,1452,,False,False,False,False,False,bic,10,True
broader_risk_bic_stablecoin_exchange_reserve_daily_log_chg,broader_risk_robustness,broader_risk_common_business_day,bic,4,-69.41872428163255,-68.22626987411196,-68.97419331622672,7.11003656355105e-31,1480,1443,,False,False,False,False,False,bic,10,True
broader_risk_bic_stablecoin_exchange_reserve_daily_log_chg,broader_risk_robustness,broader_risk_common_business_day,bic,5,-69.43737910314756,-67.95486821812197,-68.88471898399436,6.979233076927214e-31,1480,1434,,False,False,False,False,False,bic,10,True
broader_risk_bic_stablecoin_exchange_reserve_daily_log_chg,broader_risk_robustness,broader_risk_common_business_day,bic,6,-69.50173886918911,-67.72917150665852,-68.84094959628854,6.545037969045566e-31,1480,1425,,True,False,False,True,False,bic,10,True
broader_risk_bic_stablecoin_exchange_reserve_daily_log_chg,broader_risk_robustness,broader_risk_common_business_day,bic,7,-69.49450321758435,-67.43187937754874,-68.72558479093641,6.593737888320041e-31,1480,1416,,False,False,False,False,False,bic,10,True
broader_risk_bic_stablecoin_exchange_reserve_daily_log_chg,broader_risk_robustness,broader_risk_common_business_day,bic,8,-69.47983099975556,-67.12715068221495,-68.60278341936026,6.692770671042773e-31,1480,1407,,False,False,False,False,False,bic,10,True
broader_risk_bic_stablecoin_exchange_reserve_daily_log_chg,broader_risk_robustness,broader_risk_common_business_day,bic,9,-69.48884881626262,-66.846112021217,-68.50367208211995,6.634686635847338e-31,1480,1398,,False,False,False,False,False,bic,10,True
broader_risk_bic_stablecoin_exchange_reserve_daily_log_chg,broader_risk_robustness,broader_risk_common_business_day,bic,10,-69.49555310499494,-66.5627598324443,-68.4022472171049,6.592829905721863e-31,1480,1389,,False,False,False,False,False,bic,10,True
broader_risk_bic_btc_eth_open_interest_daily_log_chg,broader_risk_robustness,broader_risk_common_business_day,bic,1,-68.4180947652083,-68.09580979020274,-68.29795126104456,1.9337475878162568e-30,1480,1470,,False,True,True,False,True,bic,10,True
broader_risk_bic_btc_eth_open_interest_daily_log_chg,broader_risk_robustness,broader_risk_common_business_day,bic,2,-68.4757878167924,-67.86344636428184,-68.2475151588813,1.8253608054581384e-30,1480,1461,,False,False,False,False,False,bic,10,True
broader_risk_bic_btc_eth_open_interest_daily_log_chg,broader_risk_robustness,broader_risk_common_business_day,bic,3,-68.50788562405361,-67.60548769403803,-68.17148381239515,1.7677504461332015e-30,1480,1452,,False,False,False,False,False,bic,10,True
broader_risk_bic_btc_eth_open_interest_daily_log_chg,broader_risk_robustness,broader_risk_common_business_day,bic,4,-68.59393205139031,-67.40147764386973,-68.14940108598448,1.6220885115645996e-30,1480,1443,,False,False,False,False,False,bic,10,True
broader_risk_bic_btc_eth_open_interest_daily_log_chg,broader_risk_robustness,broader_risk_common_business_day,bic,5,-68.61092147176711,-67.12841058674152,-68.05826135261391,1.5949008555233372e-30,1480,1434,,False,False,False,False,False,bic,10,True
broader_risk_bic_btc_eth_open_interest_daily_log_chg,broader_risk_robustness,broader_risk_common_business_day,bic,6,-68.6978500574534,-66.9252826949228,-68.03706078455282,1.4623005566688805e-30,1480,1425,,True,False,False,True,False,bic,10,True
broader_risk_bic_btc_eth_open_interest_daily_log_chg,broader_risk_robustness,broader_risk_common_business_day,bic,7,-68.68405045721501,-66.6214266171794,-67.91513203056707,1.4828828447384762e-30,1480,1416,,False,False,False,False,False,bic,10,True
broader_risk_bic_btc_eth_open_interest_daily_log_chg,broader_risk_robustness,broader_risk_common_business_day,bic,8,-68.67487743657888,-66.32219711903826,-67.79782985618358,1.4969001598304323e-30,1480,1407,,False,False,False,False,False,bic,10,True
broader_risk_bic_btc_eth_open_interest_daily_log_chg,broader_risk_robustness,broader_risk_common_business_day,bic,9,-68.69120331040803,-66.0484665153624,-67.70602657626536,1.4731041640621061e-30,1480,1398,,False,False,False,False,False,bic,10,True
broader_risk_bic_btc_eth_open_interest_daily_log_chg,broader_risk_robustness,broader_risk_common_business_day,bic,10,-68.69110502653466,-65.75831175398402,-67.59779913864462,1.4738023089905559e-30,1480,1389,,False,False,False,False,False,bic,10,True
broader_risk_bic_btc_eth_funding_rate_avg,broader_risk_robustness,broader_risk_common_business_day,bic,1,-70.55244293614699,-70.23015796114143,-70.43229943198325,2.288042840981154e-31,1480,1470,,False,True,False,False,True,bic,10,True
broader_risk_bic_btc_eth_funding_rate_avg,broader_risk_robustness,broader_risk_common_business_day,bic,2,-70.71155468445374,-70.09921323194318,-70.48328202654264,1.9514952906637106e-31,1480,1461,,False,False,True,False,False,bic,10,True
broader_risk_bic_btc_eth_funding_rate_avg,broader_risk_robustness,broader_risk_common_business_day,bic,3,-70.73739564300111,-69.83499771298553,-70.40099383134265,1.9017659044529685e-31,1480,1452,,False,False,False,False,False,bic,10,True
broader_risk_bic_btc_eth_funding_rate_avg,broader_risk_robustness,broader_risk_common_business_day,bic,4,-70.88516163333908,-69.6927072258185,-70.44063066793325,1.6406131347975234e-31,1480,1443,,False,False,False,False,False,bic,10,True
broader_risk_bic_btc_eth_funding_rate_avg,broader_risk_robustness,broader_risk_common_business_day,bic,5,-70.94325685552353,-69.46074597049794,-70.39059673637033,1.5481509510258049e-31,1480,1434,,False,False,False,False,False,bic,10,True
broader_risk_bic_btc_eth_funding_rate_avg,broader_risk_robustness,broader_risk_common_business_day,bic,6,-71.01440006409774,-69.24183270156715,-70.35361079119717,1.4420215822913148e-31,1480,1425,,False,False,False,False,False,bic,10,True
broader_risk_bic_btc_eth_funding_rate_avg,broader_risk_robustness,broader_risk_common_business_day,bic,7,-71.02006061432253,-68.95743677428692,-70.25114218767459,1.434136602056291e-31,1480,1416,,True,False,False,True,False,bic,10,True
broader_risk_bic_btc_eth_funding_rate_avg,broader_risk_robustness,broader_risk_common_business_day,bic,8,-71.00323367240688,-68.65055335486626,-70.12618609201158,1.458816173698761e-31,1480,1407,,False,False,False,False,False,bic,10,True
broader_risk_bic_btc_eth_funding_rate_avg,broader_risk_robustness,broader_risk_common_business_day,bic,9,-71.01635311905895,-68.37361632401333,-70.03117638491628,1.4402362100779868e-31,1480,1398,,False,False,False,False,False,bic,10,True
broader_risk_bic_btc_eth_funding_rate_avg,broader_risk_robustness,broader_risk_common_business_day,bic,10,-71.01351324580264,-68.080719973252,-69.9202073579126,1.4448746057445612e-31,1480,1389,,False,False,False,False,False,bic,10,True
broader_risk_bic_tradingVol_btc+eth_daily_log_chg,broader_risk_robustness,broader_risk_common_business_day,bic,1,-64.09286776686886,-63.770582791863305,-63.97272426270513,1.4615780202760717e-28,1480,1470,,False,True,True,False,True,bic,10,True
broader_risk_bic_tradingVol_btc+eth_daily_log_chg,broader_risk_robustness,broader_risk_common_business_day,bic,2,-64.16131149468593,-63.54897004217537,-63.933038836774834,1.364903602458115e-28,1480,1461,,False,False,False,False,False,bic,10,True
broader_risk_bic_tradingVol_btc+eth_daily_log_chg,broader_risk_robustness,broader_risk_common_business_day,bic,3,-64.20635026839757,-63.303952338382,-63.8699484567391,1.3048302733016546e-28,1480,1452,,False,False,False,False,False,bic,10,True
broader_risk_bic_tradingVol_btc+eth_daily_log_chg,broader_risk_robustness,broader_risk_common_business_day,bic,4,-64.30684550943387,-63.114391101913284,-63.86231454402804,1.180137408490509e-28,1480,1443,,False,False,False,False,False,bic,10,True
broader_risk_bic_tradingVol_btc+eth_daily_log_chg,broader_risk_robustness,broader_risk_common_business_day,bic,5,-64.37674172037423,-62.89423083534864,-63.824081601221025,1.100562200013405e-28,1480,1434,,False,False,False,False,False,bic,10,True
broader_risk_bic_tradingVol_btc+eth_daily_log_chg,broader_risk_robustness,broader_risk_common_business_day,bic,6,-64.4463767820789,-62.6738094195483,-63.78558750917833,1.0266632790675284e-28,1480,1425,,False,False,False,False,False,bic,10,True
broader_risk_bic_tradingVol_btc+eth_daily_log_chg,broader_risk_robustness,broader_risk_common_business_day,bic,7,-64.43913801144383,-62.37651417140822,-63.670219584795895,1.0343056385938294e-28,1480,1416,,False,False,False,False,False,bic,10,True
broader_risk_bic_tradingVol_btc+eth_daily_log_chg,broader_risk_robustness,broader_risk_common_business_day,bic,8,-64.4289243290092,-62.07624401146859,-63.5518767486139,1.0451697697314856e-28,1480,1407,,False,False,False,False,False,bic,10,True
broader_risk_bic_tradingVol_btc+eth_daily_log_chg,broader_risk_robustness,broader_risk_common_business_day,bic,9,-64.4488619066766,-61.80612511163097,-63.46368517253393,1.0248467285756633e-28,1480,1398,,False,False,False,False,False,bic,10,True
broader_risk_bic_tradingVol_btc+eth_daily_log_chg,broader_risk_robustness,broader_risk_common_business_day,bic,10,-64.46308657344055,-61.530293300889916,-63.36978068555051,1.0107513176233842e-28,1480,1389,,True,False,False,True,False,bic,10,True
nfci_bic_stablecoin_supply_daily_log_chg,nfci_robustness,nfci_common_business_day,bic,1,-65.62177012312883,-65.36408339616915,-65.52571122199487,3.168311419193091e-29,1481,1472,,False,False,False,False,False,bic,10,True
nfci_bic_stablecoin_supply_daily_log_chg,nfci_robustness,nfci_common_business_day,bic,2,-65.88823464495663,-65.40149304958834,-65.7067900539258,2.4272067702148634e-29,1481,1464,,False,False,False,False,False,bic,10,True
nfci_bic_stablecoin_supply_daily_log_chg,nfci_robustness,nfci_common_business_day,bic,3,-65.98680490789731,-65.27100844412043,-65.71997462696964,2.1994084706380198e-29,1481,1456,,False,False,False,False,False,bic,10,True
nfci_bic_stablecoin_supply_daily_log_chg,nfci_robustness,nfci_common_business_day,bic,4,-66.14785673697885,-65.20300540479337,-65.79564076615434,1.872304416722278e-29,1481,1448,,False,False,False,False,False,bic,10,True
nfci_bic_stablecoin_supply_daily_log_chg,nfci_robustness,nfci_common_business_day,bic,5,-66.22759189541271,-65.05368569481863,-65.78999023469133,1.7289062989348747e-29,1481,1440,,False,False,False,False,False,bic,10,True
nfci_bic_stablecoin_supply_daily_log_chg,nfci_robustness,nfci_common_business_day,bic,6,-67.67155751810081,-66.26859644909813,-67.14857016748257,4.08037363215899e-30,1481,1432,,False,True,False,False,True,bic,10,True
nfci_bic_stablecoin_supply_daily_log_chg,nfci_robustness,nfci_common_business_day,bic,7,-67.76168762141621,-66.12967168400492,-67.15331458090112,3.729109622703333e-30,1481,1424,,False,False,True,False,False,bic,10,True
nfci_bic_stablecoin_supply_daily_log_chg,nfci_robustness,nfci_common_business_day,bic,8,-67.78494806256167,-65.92387725674178,-67.09118933214972,3.643905850600693e-30,1481,1416,,False,False,False,False,False,bic,10,True
nfci_bic_stablecoin_supply_daily_log_chg,nfci_robustness,nfci_common_business_day,bic,9,-67.7857495233979,-65.69562384916941,-67.0066051030891,3.6416719634198495e-30,1481,1408,,True,False,False,True,False,bic,10,True
nfci_bic_stablecoin_supply_daily_log_chg,nfci_robustness,nfci_common_business_day,bic,10,-67.77620204127163,-65.45702149863453,-66.91167193106598,3.677469443763806e-30,1481,1400,,False,False,False,False,False,bic,10,True
nfci_bic_stablecoin_exchange_netflow_scaled,nfci_robustness,nfci_common_business_day,bic,1,-64.99280508247303,-64.73511835551335,-64.89674618133907,5.942701400902932e-29,1481,1472,,False,False,False,False,False,bic,10,True
nfci_bic_stablecoin_exchange_netflow_scaled,nfci_robustness,nfci_common_business_day,bic,2,-65.16821879844822,-64.68147720307994,-64.9867742074174,4.986613217611263e-29,1481,1464,,False,False,False,False,False,bic,10,True
nfci_bic_stablecoin_exchange_netflow_scaled,nfci_robustness,nfci_common_business_day,bic,3,-65.22733244646767,-64.51153598269079,-64.96050216554,4.7004625024787535e-29,1481,1456,,False,False,False,False,False,bic,10,True
nfci_bic_stablecoin_exchange_netflow_scaled,nfci_robustness,nfci_common_business_day,bic,4,-65.31036306768313,-64.36551173549765,-64.95814709685861,4.3260879154667846e-29,1481,1448,,False,False,False,False,False,bic,10,True
nfci_bic_stablecoin_exchange_netflow_scaled,nfci_robustness,nfci_common_business_day,bic,5,-65.4201187839803,-64.24621258338621,-64.98251712325892,3.876614118849901e-29,1481,1440,,False,False,False,False,False,bic,10,True
nfci_bic_stablecoin_exchange_netflow_scaled,nfci_robustness,nfci_common_business_day,bic,6,-66.853037487558,-65.45007641855531,-66.33005013693976,9.250786651146754e-30,1481,1432,,False,True,False,False,True,bic,10,True
nfci_bic_stablecoin_exchange_netflow_scaled,nfci_robustness,nfci_common_business_day,bic,7,-66.94886882359518,-65.31685288618388,-66.34049578308009,8.406357761498416e-30,1481,1424,,False,False,True,False,False,bic,10,True
nfci_bic_stablecoin_exchange_netflow_scaled,nfci_robustness,nfci_common_business_day,bic,8,-66.94991429242457,-65.08884348660467,-66.25615556201262,8.398809019242744e-30,1481,1416,,False,False,False,False,False,bic,10,True
nfci_bic_stablecoin_exchange_netflow_scaled,nfci_robustness,nfci_common_business_day,bic,9,-66.94590252623186,-64.85577685200337,-66.16675810592307,8.434158127513382e-30,1481,1408,,False,False,False,False,False,bic,10,True
nfci_bic_stablecoin_exchange_netflow_scaled,nfci_robustness,nfci_common_business_day,bic,10,-66.95201354859104,-64.63283300595394,-66.08748343838539,8.384739749525263e-30,1481,1400,,True,False,False,True,False,bic,10,True
nfci_bic_stablecoin_exchange_reserve_daily_log_chg,nfci_robustness,nfci_common_business_day,bic,1,-62.838279648626106,-62.58059292166642,-62.74222074749214,5.12486484076245e-28,1481,1472,,False,False,False,False,False,bic,10,True
nfci_bic_stablecoin_exchange_reserve_daily_log_chg,nfci_robustness,nfci_common_business_day,bic,2,-63.01618426337781,-62.52944266800954,-62.834739672347,4.289655417718037e-28,1481,1464,,False,False,False,False,False,bic,10,True
nfci_bic_stablecoin_exchange_reserve_daily_log_chg,nfci_robustness,nfci_common_business_day,bic,3,-63.074687390281774,-62.3588909265049,-62.8078571093541,4.045968170662326e-28,1481,1456,,False,False,False,False,False,bic,10,True
nfci_bic_stablecoin_exchange_reserve_daily_log_chg,nfci_robustness,nfci_common_business_day,bic,4,-63.22340386648257,-62.27855253429709,-62.871187895658046,3.486986018601877e-28,1481,1448,,False,False,False,False,False,bic,10,True
nfci_bic_stablecoin_exchange_reserve_daily_log_chg,nfci_robustness,nfci_common_business_day,bic,5,-63.27150189373978,-62.09759569314569,-62.8339002330184,3.3234184942249187e-28,1481,1440,,False,False,False,False,False,bic,10,True
nfci_bic_stablecoin_exchange_reserve_daily_log_chg,nfci_robustness,nfci_common_business_day,bic,6,-64.70586151390795,-63.30290044490526,-64.18287416328971,7.919273500876295e-29,1481,1432,,False,True,False,False,True,bic,10,True
nfci_bic_stablecoin_exchange_reserve_daily_log_chg,nfci_robustness,nfci_common_business_day,bic,7,-64.80421588588852,-63.17219994847723,-64.19584284537343,7.178253731845896e-29,1481,1424,,False,False,True,False,False,bic,10,True
nfci_bic_stablecoin_exchange_reserve_daily_log_chg,nfci_robustness,nfci_common_business_day,bic,8,-64.80463983895955,-62.94356903313965,-64.1108811085476,7.176266579631245e-29,1481,1416,,True,False,False,True,False,bic,10,True
nfci_bic_stablecoin_exchange_reserve_daily_log_chg,nfci_robustness,nfci_common_business_day,bic,9,-64.79924132805172,-62.70911565382323,-64.02009690774292,7.216470688982861e-29,1481,1408,,False,False,False,False,False,bic,10,True
nfci_bic_stablecoin_exchange_reserve_daily_log_chg,nfci_robustness,nfci_common_business_day,bic,10,-64.8021560901547,-62.4829755475176,-63.93762597994904,7.197154377927702e-29,1481,1400,,False,False,False,False,False,bic,10,True
nfci_bic_btc_eth_open_interest_daily_log_chg,nfci_robustness,nfci_common_business_day,bic,1,-61.992550560631486,-61.73486383367181,-61.89649165949752,1.1939273260260016e-27,1481,1472,,False,False,False,False,False,bic,10,True
nfci_bic_btc_eth_open_interest_daily_log_chg,nfci_robustness,nfci_common_business_day,bic,2,-62.20723907193817,-61.72049747656989,-62.02579448090736,9.632584780100766e-28,1481,1464,,False,False,False,False,False,bic,10,True
nfci_bic_btc_eth_open_interest_daily_log_chg,nfci_robustness,nfci_common_business_day,bic,3,-62.253846636159565,-61.53805017238268,-61.987016355231894,9.194096800341375e-28,1481,1456,,False,False,False,False,False,bic,10,True
nfci_bic_btc_eth_open_interest_daily_log_chg,nfci_robustness,nfci_common_business_day,bic,4,-62.39435558366393,-61.449504251478444,-62.04213961283941,7.989163340180603e-28,1481,1448,,False,False,False,False,False,bic,10,True
nfci_bic_btc_eth_open_interest_daily_log_chg,nfci_robustness,nfci_common_business_day,bic,5,-62.44005372831526,-61.266147527721174,-62.00245206759388,7.632703331881319e-28,1481,1440,,False,False,False,False,False,bic,10,True
nfci_bic_btc_eth_open_interest_daily_log_chg,nfci_robustness,nfci_common_business_day,bic,6,-63.8879894064887,-62.485028337486014,-63.36500205587047,1.7942488858226468e-28,1481,1432,,False,True,True,False,True,bic,10,True
nfci_bic_btc_eth_open_interest_daily_log_chg,nfci_robustness,nfci_common_business_day,bic,7,-63.965560896463025,-62.333544959051736,-63.357187855947934,1.6605120805816984e-28,1481,1424,,False,False,False,False,False,bic,10,True
nfci_bic_btc_eth_open_interest_daily_log_chg,nfci_robustness,nfci_common_business_day,bic,8,-63.97280640700781,-62.11173560118792,-63.279047676595866,1.6487667954942965e-28,1481,1416,,True,False,False,True,False,bic,10,True
nfci_bic_btc_eth_open_interest_daily_log_chg,nfci_robustness,nfci_common_business_day,bic,9,-63.97151646817874,-61.881390793950246,-63.192372047869945,1.6512057457310096e-28,1481,1408,,False,False,False,False,False,bic,10,True
nfci_bic_btc_eth_open_interest_daily_log_chg,nfci_robustness,nfci_common_business_day,bic,10,-63.96780098983862,-61.64862044720152,-63.103270879632966,1.6577408304585439e-28,1481,1400,,False,False,False,False,False,bic,10,True
nfci_bic_btc_eth_funding_rate_avg,nfci_robustness,nfci_common_business_day,bic,1,-64.15367565138973,-63.89598892443006,-64.05761675025578,1.3753498696127519e-28,1481,1472,,False,False,False,False,False,bic,10,True
nfci_bic_btc_eth_funding_rate_avg,nfci_robustness,nfci_common_business_day,bic,2,-64.43140614100031,-63.94466454563202,-64.24996154996948,1.0418359880942873e-28,1481,1464,,False,False,False,False,False,bic,10,True
nfci_bic_btc_eth_funding_rate_avg,nfci_robustness,nfci_common_business_day,bic,3,-64.51429186746986,-63.79849540369298,-64.2474615865422,9.589813943910888e-29,1481,1456,,False,False,False,False,False,bic,10,True
nfci_bic_btc_eth_funding_rate_avg,nfci_robustness,nfci_common_business_day,bic,4,-64.67713997541955,-63.73228864323407,-64.32492400459503,8.148930911657478e-29,1481,1448,,False,False,False,False,False,bic,10,True
nfci_bic_btc_eth_funding_rate_avg,nfci_robustness,nfci_common_business_day,bic,5,-64.75048802768433,-63.57658182709024,-64.31288636696294,7.573027179833838e-29,1481,1440,,False,False,False,False,False,bic,10,True
nfci_bic_btc_eth_funding_rate_avg,nfci_robustness,nfci_common_business_day,bic,6,-66.17032631473043,-64.76736524572775,-65.6473389641122,1.8309494750151176e-29,1481,1432,,False,True,False,False,True,bic,10,True
nfci_bic_btc_eth_funding_rate_avg,nfci_robustness,nfci_common_business_day,bic,7,-66.26997420774339,-64.63795827033209,-65.6616011672283,1.6574790753739192e-29,1481,1424,,False,False,True,False,False,bic,10,True
nfci_bic_btc_eth_funding_rate_avg,nfci_robustness,nfci_common_business_day,bic,8,-66.27584988943346,-64.41477908361357,-65.58209115902152,1.6480111914137546e-29,1481,1416,,True,False,False,True,False,bic,10,True
nfci_bic_btc_eth_funding_rate_avg,nfci_robustness,nfci_common_business_day,bic,9,-66.27107019011711,-64.18094451588863,-65.49192576980832,1.656218757345921e-29,1481,1408,,False,False,False,False,False,bic,10,True
nfci_bic_btc_eth_funding_rate_avg,nfci_robustness,nfci_common_business_day,bic,10,-66.2696947686349,-63.95051422599781,-65.40516465842926,1.658887246452018e-29,1481,1400,,False,False,False,False,False,bic,10,True
nfci_bic_tradingVol_btc+eth_daily_log_chg,nfci_robustness,nfci_common_business_day,bic,1,-57.66923825616315,-57.411551529203464,-57.57317935502918,9.006759568692123e-26,1481,1472,,False,False,False,False,False,bic,10,True
nfci_bic_tradingVol_btc+eth_daily_log_chg,nfci_robustness,nfci_common_business_day,bic,2,-57.870988471017874,-57.384246875649595,-57.68954387998706,7.361266626129756e-26,1481,1464,,False,False,False,False,False,bic,10,True
nfci_bic_tradingVol_btc+eth_daily_log_chg,nfci_robustness,nfci_common_business_day,bic,3,-57.95626223064324,-57.240465766866365,-57.68943194971557,6.759681986286731e-26,1481,1456,,False,False,False,False,False,bic,10,True
nfci_bic_tradingVol_btc+eth_daily_log_chg,nfci_robustness,nfci_common_business_day,bic,4,-58.08477409490255,-57.13992276271706,-57.732558124078025,5.944683815003417e-26,1481,1448,,False,False,False,False,False,bic,10,True
nfci_bic_tradingVol_btc+eth_daily_log_chg,nfci_robustness,nfci_common_business_day,bic,5,-58.18302368070575,-57.00911748011167,-57.74542201998437,5.3886880301999e-26,1481,1440,,False,False,False,False,False,bic,10,True
nfci_bic_tradingVol_btc+eth_daily_log_chg,nfci_robustness,nfci_common_business_day,bic,6,-59.61840506785885,-58.21544399885617,-59.09541771724062,1.2827428527403487e-26,1481,1432,,False,True,False,False,True,bic,10,True
nfci_bic_tradingVol_btc+eth_daily_log_chg,nfci_robustness,nfci_common_business_day,bic,7,-59.711759004280296,-58.079743066869014,-59.103385963765206,1.1685430813718299e-26,1481,1424,,False,False,True,False,False,bic,10,True
nfci_bic_tradingVol_btc+eth_daily_log_chg,nfci_robustness,nfci_common_business_day,bic,8,-59.71955210707034,-57.85848130125045,-59.0257933766584,1.1596424510499801e-26,1481,1416,,False,False,False,False,False,bic,10,True
nfci_bic_tradingVol_btc+eth_daily_log_chg,nfci_robustness,nfci_common_business_day,bic,9,-59.72542891488687,-57.635303240658374,-58.94628449457807,1.1530644568611358e-26,1481,1408,,False,False,False,False,False,bic,10,True
nfci_bic_tradingVol_btc+eth_daily_log_chg,nfci_robustness,nfci_common_business_day,bic,10,-59.73070736886426,-57.41152682622716,-58.8661772586586,1.1472630679719245e-26,1481,1400,,True,False,False,True,False,bic,10,True
family_bic_stablecoin_liquidity,family_robustness,common_business_day,bic,1,-77.72607914653112,-77.40397073783151,-77.60600552011367,1.75385436870483e-34,1481,1471,,False,True,True,False,True,bic,10,True
family_bic_stablecoin_liquidity,family_robustness,common_business_day,bic,2,-77.82248565650674,-77.21047967997751,-77.59434576631358,1.5926832550756323e-34,1481,1462,,False,False,False,False,False,bic,10,True
family_bic_stablecoin_liquidity,family_robustness,common_business_day,bic,3,-77.85987018219518,-76.95796663783631,-77.5236640282263,1.5342835592444893e-34,1481,1453,,False,False,False,False,False,bic,10,True
family_bic_stablecoin_liquidity,family_robustness,common_business_day,bic,4,-77.950036104439,-76.7582349922505,-77.50576368669442,1.4020713131728008e-34,1481,1444,,False,False,False,False,False,bic,10,True
family_bic_stablecoin_liquidity,family_robustness,common_business_day,bic,5,-78.0074102413688,-76.52571156135065,-77.45507155984852,1.3240070894896988e-34,1481,1435,,False,False,False,False,False,bic,10,True
family_bic_stablecoin_liquidity,family_robustness,common_business_day,bic,6,-78.08815288467498,-76.3165566368272,-77.427747939379,1.2214611913022835e-34,1481,1426,,False,False,False,False,False,bic,10,True
family_bic_stablecoin_liquidity,family_robustness,common_business_day,bic,7,-78.08613074148936,-76.02463692581195,-77.31765953241768,1.224150537789721e-34,1481,1417,,False,False,False,False,False,bic,10,True
family_bic_stablecoin_liquidity,family_robustness,common_business_day,bic,8,-78.09594606638278,-75.74455468287573,-77.21940859353538,1.212478595935115e-34,1481,1408,,False,False,False,False,False,bic,10,True
family_bic_stablecoin_liquidity,family_robustness,common_business_day,bic,9,-78.10427588230395,-75.46298693096728,-77.11967214568085,1.202782446942294e-34,1481,1399,,False,False,False,False,False,bic,10,True
family_bic_stablecoin_liquidity,family_robustness,common_business_day,bic,10,-78.14316171497863,-75.2119751958123,-77.05049171457982,1.1573426005972155e-34,1481,1390,,True,False,False,True,False,bic,10,True
family_bic_crypto_derivatives,family_robustness,common_business_day,bic,1,-61.89869519653145,-61.64100846957177,-61.802636295397484,1.3114108091223772e-27,1481,1472,,False,True,False,False,True,bic,10,True
family_bic_crypto_derivatives,family_robustness,common_business_day,bic,2,-62.05267665085039,-61.565935055482115,-61.871232059819576,1.1242643684209604e-27,1481,1464,,False,False,True,False,False,bic,10,True
family_bic_crypto_derivatives,family_robustness,common_business_day,bic,3,-62.09016374280297,-61.37436727902609,-61.8233334618753,1.0829181914452132e-27,1481,1456,,False,False,False,False,False,bic,10,True
family_bic_crypto_derivatives,family_robustness,common_business_day,bic,4,-62.20502182442709,-61.26017049224161,-61.85280585360257,9.654458217949698e-28,1481,1448,,False,False,False,False,False,bic,10,True
family_bic_crypto_derivatives,family_robustness,common_business_day,bic,5,-62.23793311141833,-61.06402691082424,-61.800331450696945,9.342395552033408e-28,1481,1440,,False,False,False,False,False,bic,10,True
family_bic_crypto_derivatives,family_robustness,common_business_day,bic,6,-62.32135581967076,-60.91839475066807,-61.79836846905253,8.595338944834478e-28,1481,1432,,True,False,False,True,False,bic,10,True
family_bic_crypto_derivatives,family_robustness,common_business_day,bic,7,-62.306716009453176,-60.67470007204189,-61.698342968938086,8.723067242677707e-28,1481,1424,,False,False,False,False,False,bic,10,True
family_bic_crypto_derivatives,family_robustness,common_business_day,bic,8,-62.30176749097224,-60.440696685152346,-61.608008760560296,8.767629977446587e-28,1481,1416,,False,False,False,False,False,bic,10,True
family_bic_crypto_derivatives,family_robustness,common_business_day,bic,9,-62.31192756519567,-60.22180189096717,-61.53278314488687,8.68063496817822e-28,1481,1408,,False,False,False,False,False,bic,10,True
family_bic_crypto_derivatives,family_robustness,common_business_day,bic,10,-62.30585406081066,-59.98667351817356,-61.441323950605,8.735565307101743e-28,1481,1400,,False,False,False,False,False,bic,10,True
full_var_bic_all_crypto,full_var_appendix,common_business_day,bic,1,-95.55052877121261,-94.99220752946665,-95.34240115208904,3.1837207038834556e-42,1481,1468,,False,True,False,False,True,bic,10,True
full_var_bic_all_crypto,full_var_appendix,common_business_day,bic,2,-95.76044640249657,-94.68675170683125,-95.36020098110507,2.5809717897295268e-42,1481,1456,,False,False,True,False,False,bic,10,True
full_var_bic_all_crypto,full_var_appendix,common_business_day,bic,3,-95.83501543567168,-94.245947286087,-95.24265221201225,2.3957186866451763e-42,1481,1444,,False,False,False,False,False,bic,10,True
full_var_bic_all_crypto,full_var_appendix,common_business_day,bic,4,-95.92588125106033,-93.8214396475563,-95.14140022513298,2.1879884116128306e-42,1481,1432,,False,False,False,False,False,bic,10,True
full_var_bic_all_crypto,full_var_appendix,common_business_day,bic,5,-96.00708682792171,-93.38727177049833,-95.03048799972643,2.0178783764237005e-42,1481,1420,,False,False,False,False,False,bic,10,True
full_var_bic_all_crypto,full_var_appendix,common_business_day,bic,6,-96.07496823642761,-92.93977972508486,-94.9062516059644,1.8862017103261976e-42,1481,1408,,True,False,False,True,False,bic,10,True
full_var_bic_all_crypto,full_var_appendix,common_business_day,bic,7,-96.07188410315199,-92.4213221378899,-94.71104967042088,1.893080224425658e-42,1481,1396,,False,False,False,False,False,bic,10,True
full_var_bic_all_crypto,full_var_appendix,common_business_day,bic,8,-96.04977071555531,-91.88383529637386,-94.49681848055627,1.9368379137313017e-42,1481,1384,,False,False,False,False,False,bic,10,True
full_var_bic_all_crypto,full_var_appendix,common_business_day,bic,9,-96.04195182690613,-91.36064295380534,-94.29688178963917,1.9538892050714288e-42,1481,1372,,False,False,False,False,False,bic,10,True
full_var_bic_all_crypto,full_var_appendix,common_business_day,bic,10,-96.06887738699277,-90.87219505997261,-94.13168954745788,1.904228678520489e-42,1481,1360,,False,False,False,False,False,bic,10,True
split_2020_2023_bic_stablecoin_supply_daily_log_chg,split_sample_screen,common_business_day_2020_2023,bic,1,-55.43315654592705,-55.15454605688509,-55.327177031580305,8.427273525365138e-25,983,975,,False,True,False,False,True,bic,10,True
split_2020_2023_bic_stablecoin_supply_daily_log_chg,split_sample_screen,common_business_day_2020_2023,bic,2,-55.58782472516286,-55.065430058209195,-55.38911313576273,7.219741748504053e-25,983,968,,False,False,True,False,False,bic,10,True
split_2020_2023_bic_stablecoin_supply_daily_log_chg,split_sample_screen,common_business_day_2020_2023,bic,3,-55.64437919474613,-54.87820034988075,-55.3529355302926,6.823008198239038e-25,983,961,,False,False,False,False,False,bic,10,True
split_2020_2023_bic_stablecoin_supply_daily_log_chg,split_sample_screen,common_business_day_2020_2023,bic,4,-55.75224892154255,-54.74228589876547,-55.36807318203564,6.125732180307267e-25,983,954,,False,False,False,False,False,bic,10,True
split_2020_2023_bic_stablecoin_supply_daily_log_chg,split_sample_screen,common_business_day_2020_2023,bic,5,-55.80921879565888,-54.555471594970086,-55.332310981098566,5.787138379718574e-25,983,947,,False,False,False,False,False,bic,10,True
split_2020_2023_bic_stablecoin_supply_daily_log_chg,split_sample_screen,common_business_day_2020_2023,bic,6,-55.89665484463305,-54.39912346603255,-55.327014955019344,5.303481791769636e-25,983,940,,False,False,False,False,False,bic,10,True
split_2020_2023_bic_stablecoin_supply_daily_log_chg,split_sample_screen,common_business_day_2020_2023,bic,7,-55.86557147583101,-54.1242559193188,-55.20319951116391,5.472146367178502e-25,983,933,,False,False,False,False,False,bic,10,True
split_2020_2023_bic_stablecoin_supply_daily_log_chg,split_sample_screen,common_business_day_2020_2023,bic,8,-55.88425928693947,-53.89915955251554,-55.12915524721897,5.372426829333827e-25,983,926,,False,False,False,False,False,bic,10,True
split_2020_2023_bic_stablecoin_supply_daily_log_chg,split_sample_screen,common_business_day_2020_2023,bic,9,-55.91514350042023,-53.686259588084596,-55.06730738564634,5.211016914572706e-25,983,919,,False,False,False,False,False,bic,10,True
split_2020_2023_bic_stablecoin_supply_daily_log_chg,split_sample_screen,common_business_day_2020_2023,bic,10,-55.91986187171157,-53.44719378146422,-54.97929368188428,5.188939766256934e-25,983,912,,True,False,False,True,False,bic,10,True
split_2020_2023_bic_stablecoin_exchange_netflow_scaled,split_sample_screen,common_business_day_2020_2023,bic,1,-54.72506815620253,-54.44645766716057,-54.61908864185579,1.7108265070613627e-24,983,975,,False,True,True,False,True,bic,10,True
split_2020_2023_bic_stablecoin_exchange_netflow_scaled,split_sample_screen,common_business_day_2020_2023,bic,2,-54.78288605391785,-54.26049138696418,-54.584174464517716,1.6147380762137524e-24,983,968,,False,False,False,False,False,bic,10,True
split_2020_2023_bic_stablecoin_exchange_netflow_scaled,split_sample_screen,common_business_day_2020_2023,bic,3,-54.777039279688275,-54.010860434822895,-54.48559561523474,1.6242647980847884e-24,983,961,,False,False,False,False,False,bic,10,True
split_2020_2023_bic_stablecoin_exchange_netflow_scaled,split_sample_screen,common_business_day_2020_2023,bic,4,-54.86868479918533,-53.85872177640825,-54.484509059678416,1.4821256662087826e-24,983,954,,False,False,False,False,False,bic,10,True
split_2020_2023_bic_stablecoin_exchange_netflow_scaled,split_sample_screen,common_business_day_2020_2023,bic,5,-54.889915166151596,-53.6361679654628,-54.41300735159128,1.4511501820424895e-24,983,947,,False,False,False,False,False,bic,10,True
split_2020_2023_bic_stablecoin_exchange_netflow_scaled,split_sample_screen,common_business_day_2020_2023,bic,6,-54.955731555468226,-53.45820017686772,-54.38609166585452,1.358935595405863e-24,983,940,,False,False,False,False,False,bic,10,True
split_2020_2023_bic_stablecoin_exchange_netflow_scaled,split_sample_screen,common_business_day_2020_2023,bic,7,-54.92150296033264,-53.180187403820426,-54.25913099566554,1.4065703294404193e-24,983,933,,False,False,False,False,False,bic,10,True
split_2020_2023_bic_stablecoin_exchange_netflow_scaled,split_sample_screen,common_business_day_2020_2023,bic,8,-54.91079340353738,-52.92569366911346,-54.15568936381688,1.4221367873180327e-24,983,926,,False,False,False,False,False,bic,10,True
split_2020_2023_bic_stablecoin_exchange_netflow_scaled,split_sample_screen,common_business_day_2020_2023,bic,9,-54.94176361710862,-52.71287970477299,-54.09392750233473,1.3792912939908065e-24,983,919,,False,False,False,False,False,bic,10,True
split_2020_2023_bic_stablecoin_exchange_netflow_scaled,split_sample_screen,common_business_day_2020_2023,bic,10,-54.96372284923533,-52.491054758987985,-54.02315465940804,1.3499712849719559e-24,983,912,,True,False,False,True,False,bic,10,True
split_2020_2023_bic_stablecoin_exchange_reserve_daily_log_chg,split_sample_screen,common_business_day_2020_2023,bic,1,-52.58116959391986,-52.3025591048779,-52.47519007957312,1.4597863078126824e-23,983,975,,False,True,True,False,True,bic,10,True
split_2020_2023_bic_stablecoin_exchange_reserve_daily_log_chg,split_sample_screen,common_business_day_2020_2023,bic,2,-52.6402273193375,-52.11783265238383,-52.441515729937365,1.3760903561982935e-23,983,968,,False,False,False,False,False,bic,10,True
split_2020_2023_bic_stablecoin_exchange_reserve_daily_log_chg,split_sample_screen,common_business_day_2020_2023,bic,3,-52.63341469188182,-51.86723584701644,-52.341971027428286,1.385546679593652e-23,983,961,,False,False,False,False,False,bic,10,True
split_2020_2023_bic_stablecoin_exchange_reserve_daily_log_chg,split_sample_screen,common_business_day_2020_2023,bic,4,-52.72557698041146,-51.71561395763438,-52.341401240904545,1.2636445478984873e-23,983,954,,False,False,False,False,False,bic,10,True
split_2020_2023_bic_stablecoin_exchange_reserve_daily_log_chg,split_sample_screen,common_business_day_2020_2023,bic,5,-52.74852482049249,-51.4947776198037,-52.27161700593218,1.2351120857481421e-23,983,947,,False,False,False,False,False,bic,10,True
split_2020_2023_bic_stablecoin_exchange_reserve_daily_log_chg,split_sample_screen,common_business_day_2020_2023,bic,6,-52.81661957479586,-51.31908819619535,-52.246979685182154,1.1539936097112592e-23,983,940,,False,False,False,False,False,bic,10,True
split_2020_2023_bic_stablecoin_exchange_reserve_daily_log_chg,split_sample_screen,common_business_day_2020_2023,bic,7,-52.7845656660253,-51.04325010951309,-52.1221937013582,1.1918497978258087e-23,983,933,,False,False,False,False,False,bic,10,True
split_2020_2023_bic_stablecoin_exchange_reserve_daily_log_chg,split_sample_screen,common_business_day_2020_2023,bic,8,-52.77418684490598,-50.78908711048205,-52.01908280518548,1.2046414683193279e-23,983,926,,False,False,False,False,False,bic,10,True
split_2020_2023_bic_stablecoin_exchange_reserve_daily_log_chg,split_sample_screen,common_business_day_2020_2023,bic,9,-52.80422680123133,-50.5753428888957,-51.95639068645744,1.1694359459195676e-23,983,919,,False,False,False,False,False,bic,10,True
split_2020_2023_bic_stablecoin_exchange_reserve_daily_log_chg,split_sample_screen,common_business_day_2020_2023,bic,10,-52.823254199382035,-50.35058610913469,-51.882686009554746,1.1479375284523322e-23,983,912,,True,False,False,True,False,bic,10,True
split_2020_2023_bic_btc_eth_open_interest_daily_log_chg,split_sample_screen,common_business_day_2020_2023,bic,1,-51.95608159118455,-51.67747110214259,-51.85010207683781,2.7274798834150497e-23,983,975,,False,True,True,False,True,bic,10,True
split_2020_2023_bic_btc_eth_open_interest_daily_log_chg,split_sample_screen,common_business_day_2020_2023,bic,2,-52.04494134832751,-51.522546681373846,-51.84622975892738,2.495607968345029e-23,983,968,,False,False,False,False,False,bic,10,True
split_2020_2023_bic_btc_eth_open_interest_daily_log_chg,split_sample_screen,common_business_day_2020_2023,bic,3,-52.062995295404434,-51.296816450539055,-51.7715516309509,2.4510442855570122e-23,983,961,,False,False,False,False,False,bic,10,True
split_2020_2023_bic_btc_eth_open_interest_daily_log_chg,split_sample_screen,common_business_day_2020_2023,bic,4,-52.13243436866631,-51.12247134588923,-51.748258629159395,2.2867752921947154e-23,983,954,,False,False,False,False,False,bic,10,True
split_2020_2023_bic_btc_eth_open_interest_daily_log_chg,split_sample_screen,common_business_day_2020_2023,bic,5,-52.14276068803926,-50.88901348735047,-51.66585287347895,2.2635307118559173e-23,983,947,,False,False,False,False,False,bic,10,True
split_2020_2023_bic_btc_eth_open_interest_daily_log_chg,split_sample_screen,common_business_day_2020_2023,bic,6,-52.23868826754327,-50.74115688894277,-51.66904837792956,2.0568176080146126e-23,983,940,,False,False,False,False,False,bic,10,True
split_2020_2023_bic_btc_eth_open_interest_daily_log_chg,split_sample_screen,common_business_day_2020_2023,bic,7,-52.20214540302456,-50.46082984651235,-51.53977343835746,2.1338477707550614e-23,983,933,,False,False,False,False,False,bic,10,True
split_2020_2023_bic_btc_eth_open_interest_daily_log_chg,split_sample_screen,common_business_day_2020_2023,bic,8,-52.189552506214106,-50.20445277179018,-51.434448466493606,2.1615300441329556e-23,983,926,,False,False,False,False,False,bic,10,True
split_2020_2023_bic_btc_eth_open_interest_daily_log_chg,split_sample_screen,common_business_day_2020_2023,bic,9,-52.22925254952042,-50.000368637184785,-51.38141643474653,2.0781868083206414e-23,983,919,,False,False,False,False,False,bic,10,True
split_2020_2023_bic_btc_eth_open_interest_daily_log_chg,split_sample_screen,common_business_day_2020_2023,bic,10,-52.24549463780253,-49.772826547555184,-51.30492644797524,2.0456722012925862e-23,983,912,,True,False,False,True,False,bic,10,True
split_2020_2023_bic_btc_eth_funding_rate_avg,split_sample_screen,common_business_day_2020_2023,bic,1,-53.9246173791828,-53.64600689014084,-53.818637864836056,3.8092311399160096e-24,983,975,,False,True,False,False,True,bic,10,True
split_2020_2023_bic_btc_eth_funding_rate_avg,split_sample_screen,common_business_day_2020_2023,bic,2,-54.1210087925683,-53.59861412561463,-53.92229720316816,3.1300532680709737e-24,983,968,,False,False,True,False,False,bic,10,True
split_2020_2023_bic_btc_eth_funding_rate_avg,split_sample_screen,common_business_day_2020_2023,bic,3,-54.119600852550484,-53.353422007685104,-53.82815718809695,3.1345753444481057e-24,983,961,,False,False,False,False,False,bic,10,True
split_2020_2023_bic_btc_eth_funding_rate_avg,split_sample_screen,common_business_day_2020_2023,bic,4,-54.25964506609615,-53.24968204331907,-53.87546932658923,2.725132501620203e-24,983,954,,False,False,False,False,False,bic,10,True
split_2020_2023_bic_btc_eth_funding_rate_avg,split_sample_screen,common_business_day_2020_2023,bic,5,-54.30502085385507,-53.05127365316628,-53.828113039294756,2.6045262146350588e-24,983,947,,False,False,False,False,False,bic,10,True
split_2020_2023_bic_btc_eth_funding_rate_avg,split_sample_screen,common_business_day_2020_2023,bic,6,-54.38026180534973,-52.882730426749234,-53.81062191573603,2.4161406465235548e-24,983,940,,False,False,False,False,False,bic,10,True
split_2020_2023_bic_btc_eth_funding_rate_avg,split_sample_screen,common_business_day_2020_2023,bic,7,-54.36283277503642,-52.62151721852421,-53.70046081036932,2.4591715775882927e-24,983,933,,False,False,False,False,False,bic,10,True
split_2020_2023_bic_btc_eth_funding_rate_avg,split_sample_screen,common_business_day_2020_2023,bic,8,-54.34902121088198,-52.36392147645805,-53.59391717116148,2.494111897729435e-24,983,926,,False,False,False,False,False,bic,10,True
split_2020_2023_bic_btc_eth_funding_rate_avg,split_sample_screen,common_business_day_2020_2023,bic,9,-54.3798605615346,-52.15097664919897,-53.53202444676071,2.4192869978018294e-24,983,919,,False,False,False,False,False,bic,10,True
split_2020_2023_bic_btc_eth_funding_rate_avg,split_sample_screen,common_business_day_2020_2023,bic,10,-54.385653706963275,-51.91298561671593,-53.445085517135986,2.406449594806737e-24,983,912,,True,False,False,True,False,bic,10,True
split_2020_2023_bic_tradingVol_btc+eth_daily_log_chg,split_sample_screen,common_business_day_2020_2023,bic,1,-47.987525226824594,-47.708914737782635,-47.88154571247785,1.4430576660461977e-21,983,975,,False,True,True,False,True,bic,10,True
split_2020_2023_bic_tradingVol_btc+eth_daily_log_chg,split_sample_screen,common_business_day_2020_2023,bic,2,-48.069254361828705,-47.54685969487504,-47.87054277242857,1.3298274204016649e-21,983,968,,False,False,False,False,False,bic,10,True
split_2020_2023_bic_tradingVol_btc+eth_daily_log_chg,split_sample_screen,common_business_day_2020_2023,bic,3,-48.07744462578187,-47.31126578091649,-47.78600096132834,1.3190274125932795e-21,983,961,,False,False,False,False,False,bic,10,True
split_2020_2023_bic_tradingVol_btc+eth_daily_log_chg,split_sample_screen,common_business_day_2020_2023,bic,4,-48.15433788289373,-47.14437486011665,-47.77016214338681,1.22148698362547e-21,983,954,,False,False,False,False,False,bic,10,True
split_2020_2023_bic_tradingVol_btc+eth_daily_log_chg,split_sample_screen,common_business_day_2020_2023,bic,5,-48.22011533176894,-46.966368131080145,-47.743207517208624,1.1438514422908924e-21,983,947,,False,False,False,False,False,bic,10,True
split_2020_2023_bic_tradingVol_btc+eth_daily_log_chg,split_sample_screen,common_business_day_2020_2023,bic,6,-48.28834542557244,-46.79081404697193,-47.71870553595873,1.0685820618321455e-21,983,940,,False,False,False,False,False,bic,10,True
split_2020_2023_bic_tradingVol_btc+eth_daily_log_chg,split_sample_screen,common_business_day_2020_2023,bic,7,-48.26644861238803,-46.52513305587582,-47.60407664772093,1.0924833633504999e-21,983,933,,False,False,False,False,False,bic,10,True
split_2020_2023_bic_tradingVol_btc+eth_daily_log_chg,split_sample_screen,common_business_day_2020_2023,bic,8,-48.254553426852105,-46.26945369242818,-47.499449387131605,1.1058842244179966e-21,983,926,,False,False,False,False,False,bic,10,True
split_2020_2023_bic_tradingVol_btc+eth_daily_log_chg,split_sample_screen,common_business_day_2020_2023,bic,9,-48.28624700185439,-46.05736308951876,-47.4384108870805,1.0717910723385593e-21,983,919,,False,False,False,False,False,bic,10,True
split_2020_2023_bic_tradingVol_btc+eth_daily_log_chg,split_sample_screen,common_business_day_2020_2023,bic,10,-48.29903503005573,-45.82636693980838,-47.35846684022844,1.0586726029593761e-21,983,912,,True,False,False,True,False,bic,10,True
