date,hy_spread_daily_chg,ig_spread_daily_chg,usdt_mcap_daily_log_chg,usdc_mcap_daily_log_chg,dai_mcap_daily_log_chg,tusd_mcap_daily_log_chg,stablecoin_supply_daily_log_chg,stablecoin_exchange_netflow_scaled,btc_eth_open_interest_daily_log_chg,btc_eth_funding_rate_avg,stablecoin_exchange_reserve_daily_log_chg,tradingVol_btc+eth_daily_log_chg,btc_eth_daily_log_ret_avg,btc_eth_realized_vol_7d,term_spread_daily_chg,usd_strength_daily_log_chg,nfci_weekly_fill,vix_daily_log_chg,sp500_daily_log_ret
2020-01-01,,,0.0011509399295732972,0.0016926492366995973,0.004991584139489235,0.006776471942452212,-0.0007423902959655076,-0.003227720189358955,0.013000955933742685,0.0119271958333333,-0.009541772511105046,-0.0831890016392778,-0.011867691222964454,0.017604696570748375,,,-0.554711624170442,,
2020-01-02,,,7.577757681072878e-05,-0.003492325798029624,-0.01678233185583908,-0.0026592606401139893,-0.0009343775013877255,-0.0013208636382428072,0.006280343634735944,0.0076204358333333,-0.00392745794926934,-0.13383191114764093,0.0049025840193832266,0.016314074366660953,,0.0026606473095966976,-0.554711624170442,-0.09989250589356713,0.008343874454693534
2020-01-03,0.04999999999999982,0.020000000000000018,0.0006138867235891059,-0.0005619462644942935,0.004731289224582622,-0.005111364610413227,0.007668715135950158,0.002214156951123381,-0.04204858081726663,0.00668061916666665,0.006625308362408169,0.08007899608265459,-0.02959637847040876,0.020443006444053197,-0.02999999999999997,0.00010610485604889419,-0.554711624170442,0.11715912191449895,-0.007084909578082943
2020-01-04,,,-0.001370882339158204,-0.0020701106282786782,0.031092077822224323,-0.0013315009330292231,-0.0001598856600326197,-0.014972150172728778,0.03106710840714935,0.0067353808333333,-0.04567246602068992,0.4167225104530208,0.04913190862535168,0.02817735636872189,,,-0.554711624170442,,
2020-01-05,,,0.000979625103319893,0.00021605401794199763,-0.028417032144757742,-0.0011318475210148333,5.073469004812612e-05,-0.0015409382617731328,0.005179218942346442,0.0077289216666666495,-0.004821470392289649,-0.38878638387067566,0.005104137299786177,0.028041823606735523,,,-0.554711624170442,,
2020-01-06,-0.040000000000000036,0.0,-0.0013605797433678748,-0.0018886485935445485,0.01313505669496786,0.0008446958073545811,0.00033128233247620235,4.812769935516765e-05,0.07103637168200941,0.0066478058333333,0.00015098988112708045,0.05709227183104407,0.003132598590313835,0.02563432362768386,0.0,-0.00026963274444202767,-0.554711624170442,-0.012199648973096444,0.003527166358322731
2020-01-07,-0.029999999999999805,0.010000000000000009,0.0009227383418495239,-0.007768801771554341,0.06818031960186785,-0.007382089946249075,-0.004094187114634612,-0.0002605212640495588,0.010393896794492184,0.005591765,-0.0008142576558312276,0.2548490419269718,0.05708391554909909,0.03131157727205118,0.019999999999999962,0.0016688153635202596,-0.554711624170442,-0.0043415408281370915,-0.0028071449428903605
2020-01-08,-0.040000000000000036,-0.010000000000000009,-0.0014092369431890517,-0.04710213033881385,0.04940817235371158,0.0038696390705199417,-0.005806747354436706,-0.0018254965155705127,-0.013431731114866383,0.0059013658333333,-0.0056910168596771005,0.16150380082121965,0.0232498849135363,0.029789537290618482,0.0,-0.0001294073968116649,-0.567875768916454,-0.02496458575736238,0.004890437358737287
2020-01-09,-0.009999999999999787,-0.010000000000000009,-0.0012450961534829993,-0.04277907751278988,-0.022400224465925555,-0.034285212601024004,-0.0040404832166129395,-0.006699805784398979,-0.0016269732270423219,0.00740402416666665,-0.021082526845756455,0.12319473025075903,-0.015967591698608737,0.032060007530319796,-0.019999999999999962,0.0008707886569832013,-0.567875768916454,-0.07005557084307368,0.006633244037574926
2020-01-10,-0.010000000000000231,-0.010000000000000009,0.003027149222369752,-0.017288098702970902,-0.002457749006297442,0.0015434569750949567,-0.00428107492197001,-0.007410870115014011,0.0450830129996122,0.0086683408333333,-0.023746673393452974,-0.3145049874839444,-0.02209191627179031,0.030478323736109918,0.0,-0.0014363825782428563,-0.567875768916454,0.0015936258352780008,-0.0028593073050462436
2020-01-11,,,0.0003263031764427539,-0.006980172589847777,0.5939281311330326,0.00827200723519701,-0.002061375177870326,-0.004580777922031467,-0.007934024834925174,0.01144560416666665,-0.014934242304028707,0.2308779826013017,0.04559849344291173,0.02982632544843279,,,-0.567875768916454,,
2020-01-12,,,-0.0035090900012204095,-0.021221633893883207,-0.0027333021949748505,-0.0007037343971882452,0.00019978699085475128,-0.0018542104625751492,0.023987975918260428,0.0112931975,-0.006110304806657705,-0.11028055582228191,-0.01884890732024054,0.032255931008590054,,,-0.567875768916454,,
2020-01-13,0.0,0.0,0.00187698987852569,0.0006789326543643999,0.016197498390475948,0.005534268841453951,-0.003767259248806174,0.0004732164646914839,0.006070094232032426,0.01396438166666665,0.0015571015674871616,-0.13532675256315557,0.021112444457928037,0.032305148124564836,0.0,-0.000291175346545991,-0.567875768916454,-0.01929320293467862,0.006952059592316928
2020-01-14,-0.029999999999999805,0.010000000000000009,0.00023645838329072028,-0.004520001891485336,0.012204260172698402,-0.017506677707936333,-0.003099862553193802,-0.0004491186855324918,0.09655549400696226,0.0240152225,-0.00147317298424418,-0.0011169635638338712,-0.010080325187016844,0.02642611711614641,-0.030000000000000027,-8.954259821258859e-05,-0.567875768916454,0.005665737535677007,-0.0015156867317731582
2020-01-15,-0.010000000000000231,0.0,-0.0008955571728824861,-0.03446872830522046,0.020705121589169526,0.012141704127173573,0.0025300256246341387,-0.010553698015709257,0.024919725314246535,0.0343473108333333,-0.03534835294732294,0.7258244880024494,0.11338745735235696,0.04958813627388884,-0.009999999999999981,-0.0006183235281245203,-0.587858390042921,0.0024183808642819216,0.001868408623343143
2020-01-16,-0.020000000000000018,-0.010000000000000009,0.0017762495711672259,0.045504909846923174,0.004335083054170428,-0.005550281857485636,0.00145772939255302,0.004063121240602323,-0.004596841664601914,0.02623348666666665,0.013777190987559562,-0.11884257210077068,0.0018645039488695246,0.04809834558455585,0.0,0.0004157364117114426,-0.587858390042921,-0.008084118399958928,0.008331741632201073
2020-01-17,-0.029999999999999805,-0.020000000000000018,-0.0019413177394915445,-0.008166481005426524,0.017623820785675835,-0.0010399889218341166,-0.0026103264924332644,-0.00725082689122426,0.04098940949476326,0.03175515999999995,-0.02465524703757754,-0.25684873357812427,-0.013111339880105852,0.04693445311831521,0.03,0.0005650547688400565,-0.587858390042921,-0.018018505502678472,0.003854705717721174
2020-01-18,,,0.00047677677436277626,-0.008283612024643583,0.05696755940957811,-0.01630259203265391,-0.0014173617462217181,-0.004289718722402372,-0.0003268044931333234,0.01541808666666665,-0.01485668786663978,0.12014969121636186,0.032254851829930715,0.04598228576870931,,,-0.587858390042921,,
2020-01-19,,,-0.00047750525341819683,-0.0010625607373142057,0.013651834462409316,-0.010218211365192605,-0.00035741491204057025,0.0025579755074046236,-0.08475274597207835,0.020509794999999997,0.008882479023224647,-0.09039562450905046,0.009167149783196169,0.043377490839556054,,,-0.587858390042921,,
2020-01-20,-0.010000000000000231,0.0,0.00111896714573738,0.0007956071225055519,0.009228262381225184,-0.004553552003652017,0.0001975037251933458,-0.012777201528643268,0.008157682049005183,0.016813789166666652,-0.04518633216364186,0.01201236554221396,-0.034637865268761836,0.04841170637082176,,,-0.587858390042921,,
2020-01-21,0.0900000000000003,0.0,-0.000298760980414269,0.00012490678689466858,0.005834986114790454,-0.00898083578451928,-0.0010489427670870028,-0.004748409366408048,0.018903803014825842,0.0172459075,-0.017308766235570365,-0.27334642299556106,-0.0024798520283922125,0.0478605563920765,-0.010000000000000009,0.001059703069637763,-0.587858390042921,0.06013835873853335,-0.002655476937141188
2020-01-22,0.020000000000000018,0.0,0.000501040166367255,0.006227018334872911,0.015019969555696977,-0.01979412537830355,0.0015057885603621173,0.002568676575115507,-0.001941335312726413,0.01542098166666665,0.009414545660995687,-0.13697738608167379,0.012355001961915125,0.02103246781584533,-0.010000000000000009,0.00034459577390855145,-0.609271820483426,0.0046583935173223345,0.00028904605969515274
2020-01-23,0.08999999999999986,0.010000000000000009,-0.00013705321366393007,0.023788025698221103,0.013069328901382002,-0.0013606946719297297,-0.0026297659172697203,-0.009706372792541442,0.026766854779560482,0.0138077958333333,-0.03595389738571126,-0.025441001118267016,-0.007726110196093273,0.021260666731453475,-0.009999999999999981,0.0028355807887638917,-0.609271820483426,0.005407506417392849,0.0011403144471451299
2020-01-24,0.10000000000000009,0.010000000000000009,-0.0007716055211720081,-0.020008368334106342,0.006671878751572839,-0.0017084793193152526,-0.0001887568317529092,0.002843578385659678,-0.020205721121641956,0.013083383333333299,0.01066558927445108,0.14253982288369008,-0.030673298236345965,0.023860757768726353,-0.020000000000000018,9.519272415658975e-06,-0.609271820483426,0.11486833149259601,-0.009083268789936483
2020-01-25,,,0.0023729326252149023,0.0009655134490128384,0.005695054621689551,0.004516085649382529,-0.00015418286999600107,-0.0013303190452329575,-0.032677799164077106,0.0099888958333333,-0.004974785581516054,0.04965304133726992,0.0006198116954172486,0.018423514888903217,,,-0.609271820483426,,
2020-01-26,,,-0.001423522122404065,-0.00027446221622078585,0.003666105132830537,-0.00012756786488799746,-0.0004398785330941633,-0.0037417770308130855,0.07189064764471159,0.0140969633333333,-0.01412045675929367,-0.16870953126093494,-0.01034474243676876,0.016870030130325137,,,-0.609271820483426,,
2020-01-27,0.3500000000000001,0.030000000000000027,0.00048552038800893024,-0.0007516384738111121,0.009632160796252577,-0.002805135634071282,-0.000981495844931919,-0.0018162113266801355,0.05971700110223911,0.01996241916666665,-0.006919624045353207,0.14506646160557618,0.03582581038373448,0.020613051402980243,-0.03999999999999998,0.0021162199498530043,-0.609271820483426,0.22479054592203163,-0.01585572511838329
2020-01-28,-0.17000000000000037,0.0,-0.0019393657901268053,-0.0070641636918989895,0.009330469259320762,0.01039600862523364,0.0014874168920499752,-0.00524904579946604,0.003458266472936763,0.031358225833333295,-0.02030238458084762,0.24540465410537965,0.02242259635093232,0.022266052330242828,0.03,-0.0006608377849239844,-0.609271820483426,-0.11313122811617715,0.010003350352588924
2020-01-29,-0.029999999999999805,0.0,0.0041374902061614045,0.0020259712659125087,0.02249999464323547,0.0052979023256004626,0.0006993538758359712,-0.0011891674299416466,0.022901358018894268,0.044808469166666656,-0.004660592443592131,0.2075441556517579,0.040073311045553575,0.026268185840184293,-0.020000000000000018,-0.00020395447046439585,-0.622765609661561,0.006734032181344052,-0.0008672232910491573
2020-01-30,0.1200000000000001,0.020000000000000018,-0.004303599215994514,0.0021653693089126323,-0.0014206744020647602,-0.007649969465121664,-0.0004819548790599567,-0.0016189631916490256,0.02707780527539051,0.0374033933333333,-0.006377085560050857,-0.02007993189602133,-0.006612052517112604,0.0261660618119754,-0.01999999999999999,0.0009278297743904318,-0.622765609661561,-0.05647673832696132,0.003129453862989351
2020-01-31,0.08000000000000007,0.030000000000000027,0.00027712979509662226,-0.012094259557390402,0.014599991695800287,-0.03585374860832962,-0.00033729618592491213,0.0011322175819196373,-0.018528757108772772,0.042326915,0.004462567370896916,0.09655538302307952,0.04315105641757981,0.022979220244490006,0.01999999999999999,-0.0006322821709270343,-0.622765609661561,0.19578761471943995,-0.01786447639264388
2020-02-01,,,-0.00014525824795561077,-0.003767882448451361,-0.0018892944675480805,0.0037661299005744557,-0.00011082113638930378,-0.0037102011332388013,0.0038107175094710412,0.02780003916666665,-0.014696807457556069,-0.008691969232818742,-0.025826297517062745,0.027929962951938787,,,-0.622765609661561,,
2020-02-02,,,0.0004720310020162478,-0.005104348540275702,0.0030041333209952204,0.008123034292561199,-0.0008365265662093501,-0.0040799102789266205,0.0497753569483153,0.03201883,-0.01640078601576128,-0.017911620299272908,0.01428486352121445,0.025808263190058932,,,-0.622765609661561,,
2020-02-03,-0.06000000000000005,-0.010000000000000009,0.0014790292447848965,-0.0005202707923118823,-0.006532015771043479,-0.005225170551819422,-0.0004262068683550084,0.001368069526490103,-0.00358123150110748,0.026429253333333298,0.005527167302487397,0.12766326722470456,0.012693996734066806,0.024537847180596595,0.0,0.00330125116670299,-0.622765609661561,-0.047278568352749684,0.0072284558629114315
2020-02-04,-0.1200000000000001,-0.020000000000000018,0.0014037316506099748,-0.001765932057234377,0.008885283786017268,0.018589823890180126,-0.001296870606756475,-0.0037963744033145974,0.00037408713959079243,0.02243016916666665,-0.01539355679002679,0.0481286462645314,0.0018826015161900922,0.024634305444545986,0.020000000000000018,-0.0016212285324082032,-0.622765609661561,-0.11299485121944253,0.014869265218065308
2020-02-05,-0.10000000000000009,-0.010000000000000009,-0.002791610477378513,-0.0039558580127171,0.025689367990727678,-0.009326461869323878,-0.0272894145576113,-0.027350799132372077,0.07502154235607847,0.035705680833333295,-0.11513199591375135,-0.041052200944789126,-0.009666994617433457,0.02201190359799975,0.01999999999999999,0.0006889769568747539,-0.620795182248066,-0.05770831762064654,0.01118782288293474
2020-02-06,-0.04999999999999982,-0.020000000000000018,0.00037352195284972304,-0.02114997720848591,0.008428985024012065,0.008768113153216829,0.0009463028860701343,0.004359722304257055,-0.024487871857861436,0.0580595983333333,0.019281578235335686,0.19146009983913204,0.0602220867338741,0.029667372118662882,-0.010000000000000009,0.0012301819946243242,-0.620795182248066,-0.01262055940904716,0.0033201287296620308
2020-02-07,0.04999999999999982,0.010000000000000009,-0.00026203967101299434,-8.733600318355241e-05,0.008523691819715143,0.00256753437951154,-0.004216028320197086,-0.004529672759240359,0.02084720346388674,0.039182493333333304,-0.01995563132437814,0.08699467049018413,0.029189058644473666,0.027775804648130804,-0.03,0.0030671337254704056,-0.620795182248066,0.033522692038643775,-0.005415470514540388
2020-02-08,,,0.0007634927535123121,-0.006517276074125829,0.012252566672780107,0.000656375622216476,0.0012786755785335867,0.00023028298727163513,-0.002616920599149352,0.03965946666666665,0.001025495204996762,0.016521243763615533,0.026989683007303825,0.02251943702323347,,,-0.620795182248066,,
2020-02-09,,,2.622989560316164e-06,-0.005747192990041065,0.0009820650406295699,0.0018148787230227465,0.001056265355790111,-0.0019159472355001692,0.03859514148835766,0.045827499166666646,-0.008573373499117503,0.036450331775801224,0.0046892586022039655,0.023163465034166948,,,-0.620795182248066,,
2020-02-10,0.0,0.0,0.004844504290001776,0.011827524124432148,0.015157636346567376,0.006119375776597964,0.003950899558648167,-0.0003468120369283661,-0.023637235696153867,0.05749894666666665,-0.0015659620397539817,0.06978010918291976,0.02391299265698689,0.023123244578519716,0.010000000000000009,0.0005362972536682165,-0.620795182248066,-0.028189346063281384,0.007299652162371828
2020-02-11,-0.10000000000000009,0.0,-0.002393339651361811,-0.010229020001226531,0.0016183589271797038,-0.010786833323446267,0.0014092522249394565,0.009152086845699835,0.032940370619039205,0.0535510483333333,0.040580516781328,0.05416527754803466,-0.022051119562340557,0.027529717626037727,-0.010000000000000009,-0.0018254447613035296,-0.620795182248066,0.009265453445790328,0.0016870749056518974
2020-02-12,-0.06000000000000005,-0.020000000000000018,-0.0012918031651317939,-0.004071066427981516,0.008022491397599777,0.013370566653970023,0.000767428294174042,0.0006415013112927075,0.01359253516136414,0.0761824525,0.00278574316758545,-0.7718802511162067,0.04416978896575707,0.02660899664802271,0.0,-0.0006800267974247376,-0.59528278322632,-0.09966748517328083,0.006441867553744984
2020-02-13,-0.020000000000000018,0.0,-0.0026693065137882452,0.02382312317001501,0.012977102674343731,-0.005512142938947156,0.00038379944563847587,-0.0023603342744757537,0.03233078924165106,0.0665461808333333,-0.010292288934791794,0.22743214100153872,0.05942036079691504,0.026427579053125975,-0.009999999999999981,0.0010357604717974311,-0.59528278322632,0.02940333729504374,-0.001631773441966189
2020-02-14,-0.009999999999999787,0.0,0.0005304751948786368,-0.0031612198093700183,0.030109094881995237,0.028464406192708628,-0.0011084734982963892,0.00036265682567739233,0.019756637401846862,0.0732829358333333,0.0015865187680854304,0.1989805108471978,0.0016038304158221646,0.02751731745749069,0.0,0.00019242151366238858,-0.59528278322632,-0.033779711894842634,0.001841844733833753
2020-02-15,,,0.001006843044023883,0.0007735165982069229,0.011473473203821659,-0.014026493165627705,0.00487559121577867,0.004024468788188371,-0.03740430061342409,0.0457138408333333,0.01752347249114895,-0.04002786259279543,0.03483148837814115,0.028013044005996118,,,-0.59528278322632,,
2020-02-16,,,-0.00033527740674303615,-0.0006335768979022472,0.008945497759764538,0.0009454454706459722,6.111928946134354e-06,0.0011316956722508542,-0.015327980131085066,0.0362653675,0.0048728802386465535,-0.002565489845707164,-0.0581885498500911,0.04111115187398821,,,-0.59528278322632,,
2020-02-17,0.0,0.0,0.0011827931700058925,0.0036833906742098684,0.017109086629117736,0.007949753707816226,7.108221372865354e-05,0.009440640036958237,0.024691768391777478,0.050190043333333295,0.03975299372800935,-0.1832291509275717,-0.000817551406716212,0.04097485281888589,,,-0.59528278322632,,
2020-02-18,0.04999999999999982,0.0,0.0021805331143223998,-0.001237148589092673,-0.005625812616460494,-0.001209582923489341,0.00162553735712559,-0.0014555943964336036,0.009162946530945036,0.0384661708333333,-0.006037002288825324,0.11626949994241627,-0.0002869366296679599,0.03905788188192112,-0.03,0.001558623337319709,-0.59528278322632,0.08071724395543667,-0.002924251578310333
2020-02-19,-0.040000000000000036,0.0,-0.002616431080455709,0.005381782635750653,-0.03396013928227432,-0.006819501638105117,0.015688000590836672,6.853567413390272e-05,-0.10259307385349896,0.0483389583333333,0.00028957399830992843,0.12815373258509893,0.04614469848119515,0.03933904021879493,0.0,0.0015339345249882896,-0.535714937420535,-0.030813803856940325,0.004694788714441955
2020-02-20,0.050000000000000266,0.020000000000000018,-0.0005717816688317052,0.004097258241555365,-0.018746541170434693,0.0017335104329181195,-0.002164017413954816,0.0771583311526435,-0.008913677569145186,0.01535610416666665,0.2816043391037801,-0.15445685244209997,-0.06818818150313073,0.042998851449124485,-0.010000000000000009,0.0039525185809861085,-0.535714937420535,0.0788651664573452,-0.00382284047783088
2020-02-21,0.040000000000000036,0.010000000000000009,0.0011162043676577324,-0.02148984951788052,0.0054453587388783265,-0.030568514762735834,0.0020449665808675637,0.005653883592816273,0.0038941351783826784,0.0128553283333333,0.01786042665582703,0.15728802388116822,-0.002844035854831894,0.04289334857029915,-0.010000000000000009,-0.0016910475418816517,-0.535714937420535,0.09320466961017804,-0.01057381502289445
2020-02-22,,,-0.0003428856471140044,-0.00182114291365622,0.005607029698373916,0.022981074938831617,0.00489347221664043,-0.008075593840320193,0.008168532693840814,0.0191206275,-0.02573645266904133,-0.44500194723644815,0.01708082782288699,0.04046040520947658,,,-0.535714937420535,,
2020-02-23,,,-0.00024714997442177217,0.003592363197023651,-0.005565043200406275,-0.001634213476101433,-2.518292801581245e-05,-0.008154920593404485,0.029703014317787362,0.03184797499999995,-0.026678654359061804,-0.17264784181092258,-0.008666732322916168,0.03442510484500237,,,-0.535714937420535,,
2020-02-24,0.3700000000000001,0.050000000000000044,0.002173862667144603,-0.003318821078109572,0.010492995752883642,0.004022394284174289,0.010282365561723034,-0.005524538933335875,0.02365032305777745,0.02770714499999995,-0.01867934863391813,0.13884355040747018,0.040157567263368305,0.03805352615550622,0.0,0.0030241128685597474,-0.535714937420535,0.3821669170832589,-0.0340880461205213
2020-02-25,0.14999999999999947,0.029999999999999805,-0.001218097534936353,0.0061477363971615415,0.007854081182628344,-0.003111864512832544,-0.00013876167186737217,-0.003509409224554049,-0.006409479583956787,0.0260974908333333,-0.012048014696256224,0.14452669843543592,-0.03145031060833804,0.04030519572894511,0.010000000000000009,-0.001357800078451099,-0.535714937420535,0.10675786092961026,-0.030747925188098435
2020-02-26,0.08999999999999986,0.020000000000000018,-0.0011572127193083374,0.002364152217193693,0.017130235343425268,0.009244640927594656,0.0005312603364481144,-0.004358369015361062,-0.054000528240846515,0.048550509166666644,-0.015175611210383006,-0.1412223971801049,-0.05009259884607639,0.037838160806577495,0.04000000000000001,0.001385056529288775,-0.435621355033939,-0.010467520227835259,-0.003785675340731487
2020-02-27,0.35000000000000053,0.06000000000000005,-0.0011466444427012089,0.004958018538036006,-0.012274366458642154,-0.0043877227278897165,0.007332146255849444,0.0022445203935388593,-0.07068805312227483,0.01335276916666665,0.007901556287752206,0.1826401529620803,-0.0796939640714109,0.04068383981400988,0.01999999999999999,-0.000316902131007879,-0.435621355033939,0.35129037151685205,-0.045168174100653324
2020-02-28,0.41999999999999993,0.10000000000000009,0.002600657061079927,0.028417446228710487,-0.0004410152815067203,-0.0006155867642090558,-0.00019744153925718775,0.0035587301867029577,-0.007073729396085061,0.0203856583333333,0.012399053200537094,0.02155291822054143,0.0002104037483420776,0.04087068313204842,0.08000000000000002,0.0024593182642318467,-0.435621355033939,0.023969862119651797,-0.008272449914275448
2020-02-29,0.019999999999999574,-0.010000000000000009,-0.0013802666901933233,0.004629616768266069,-0.01977275421703174,0.003781091148912132,-0.00033420912102976355,-0.004770692195866148,-0.027182727550869885,0.0267382808333333,-0.016651404226798186,-0.09419898735189529,0.0013733300130246815,0.0391422198688038,,,-0.435621355033939,,
2020-03-01,,,-0.0006714336058039112,-0.0004461103134959088,-0.006251777305792136,0.0028797586145941937,-0.0003232351800946621,-0.00897022681190712,0.015331608370622142,0.0191738108333333,-0.03206997576244057,-0.2554438440312725,-0.030496381069616784,0.03911557085799736,,,-0.435621355033939,,
2020-03-02,-0.08999999999999986,0.030000000000000027,0.0013719639867236764,0.002535894160804023,-0.005960482637788455,-0.0003221819532983529,0.0005819558403217433,0.014018830264729162,-0.005276899512763928,0.0170511983333333,0.0497054639307842,0.07358943371869034,0.0022177318475218805,0.030932498250027526,-0.010000000000000009,-0.007185561592076617,-0.435621355033939,-0.1824711566147137,0.045010865172777415
2020-03-03,-0.1299999999999999,-0.010000000000000009,6.208745870374855e-06,0.025645481702560004,-0.010990589674966954,-0.007764675665930649,0.0017889911177467017,0.0028465509356348545,-0.01165048220498356,0.0113359225,0.009815364728757298,0.42846807076757076,0.047628984225482,0.04157944070458083,0.04999999999999999,-0.002731129612320693,-0.435621355033939,0.09688665263768392,-0.02851053026190442
2020-03-04,-0.08999999999999986,0.0,0.0007544985866991735,0.02531630698754964,0.003939127121007756,-0.001262034116068601,-0.0011038733778319836,0.003953557876175066,0.0006440099769765594,0.00924438666666665,0.013459858429151553,0.11358881822286593,-0.025388393944508002,0.03913552182137274,0.03999999999999998,0.002438314622211557,-0.29647279188997,-0.14061782184350502,0.04133635094064125
2020-03-05,0.2999999999999998,0.030000000000000027,0.0007709189367539176,-8.752426975694672e-05,0.00024193830725869326,-0.03992484696208953,0.05931791640726509,0.04132121856098037,0.052275096978447635,0.01637304166666665,0.1382606764518062,-0.4883088251351459,0.0005001081859685448,0.025324510529302735,-0.019999999999999962,8.477105184923062e-05,-0.29647279188997,0.213910687308978,-0.03451072562469726
2020-03-06,0.5899999999999999,0.1399999999999999,-0.0024961472019425224,-0.01364620723582962,-0.001145230061107581,0.011668503499957216,0.0015982413093936644,0.005381393444142323,0.01749218029403345,0.01490593666666665,0.016703412155268625,0.00931432601317294,0.0244726524368781,0.027049856888398612,-0.08000000000000002,-0.0006809401691034722,-0.29647279188997,0.05690598420336901,-0.01720100245461964
2020-03-07,,,0.0020390545446191655,0.00030714600474537147,0.030285100096338564,-0.004919026422204669,-7.131637682528244e-05,-0.0011173231067083595,0.002656401711657922,0.013724680833333301,-0.003444958999691408,0.07376552898949466,0.03955801471348832,0.030340469419077393,,,-0.29647279188997,,
2020-03-08,,,-0.0009587529449430279,0.004183580593296891,0.004444568206176195,0.00524441872187009,0.00023015635043676093,0.008853455364871655,-0.09174614782875651,0.0123091108333333,0.02698322195057326,-0.11870121496247733,-0.027193279263243962,0.029653411643135633,,,-0.29647279188997,,
2020-03-09,1.04,0.3899999999999999,-0.005914284422458998,-0.010045275508475506,-0.018650157523489395,-0.0015152573101947953,0.01182945767013726,0.010532013220913896,-0.07799722976265556,0.01305748,0.03154394625690416,0.11259400913328022,-0.1394836061569237,0.06371827500867899,-0.09,0.004074436466876108,-0.29647279188997,0.2612264617718396,-0.07901039484826633
2020-03-10,-0.2999999999999998,-0.009999999999999787,0.008652467815632552,0.00046915355750906657,0.006220204251812748,-0.054238349723065835,1.6721145994189887e-05,0.004098287219922964,-0.0051584016412132856,0.013666554999999999,0.01201079859246552,0.09232553746451304,-0.002447423374785043,0.05858909755291556,0.1,0.0060879052188935745,-0.29647279188997,-0.14095619174772622,0.04821508053580015
2020-03-11,0.23000000000000043,0.08999999999999986,0.00030007416173587496,-0.005755797130761458,-0.00925605421955255,-0.009090377559752495,0.016555852831236312,0.003920335129735097,-0.013793646910838456,0.00855067416666665,0.011544312485740638,-0.21061392033096157,-0.0011660531430739466,0.05883398637367764,0.06,0.0029455476484478993,-0.134498714298355,0.13062018241706408,-0.05010285683741067
2020-03-12,0.8099999999999996,0.26000000000000023,0.002397894231203341,0.02232750453702174,0.009677843032693532,0.003577286871015328,0.030452073777456016,0.01028472481574593,-0.621180031937855,-0.0596483358333333,0.030570539259520392,0.03593046452374134,-0.0147199870199452,0.058440933983756445,0.06,0.018747397088045403,-0.134498714298355,0.33660474838182575,-0.09994485184600777
2020-03-13,-0.11000000000000032,0.06999999999999984,-0.0007134697704986785,0.10322246461199344,-0.05995711109089875,-0.06578214212868688,0.04222056878341034,0.05701332888324147,-0.030168795789901438,-0.2355312925,0.16050285776993511,0.23256153976647945,-0.4983971423690824,0.1876003818042898,0.07,-0.00041091268434723105,-0.134498714298355,-0.2662275541266501,0.08880835644074647
2020-03-14,,,0.007499274064668982,0.08322782592044735,-0.12920300503040866,0.07499880426557129,0.0005006766384783038,0.01283334082934416,-0.028085961940327676,-0.12711099,0.03284915640770069,0.3823480593331856,0.12804994205233966,0.2004808348250783,,,-0.134498714298355,,
2020-03-15,,,-0.016195023429530518,0.0013781278853275656,-0.025314707175290208,0.03379245952839512,0.008371633751526601,-0.011150855470275261,-0.008773126873429316,-0.0066170149999999995,-0.02872348640060516,-0.7917859820850796,-0.06790850184549292,0.1993030490435644,,,-0.134498714298355,,
2020-03-16,1.0700000000000012,0.2599999999999998,0.005313105871243359,0.06846838542388829,0.02101429275824799,-0.0068747201963028385,0.00928633316609783,0.02572738893447317,-0.04309474218316534,-0.05807827916666665,0.06565605773214189,-0.01750362906938587,0.02366679645456379,0.2014189948642879,-0.08000000000000002,0.004113124858788453,-0.134498714298355,0.35759100356394846,-0.1276521411564726
2020-03-17,0.02999999999999936,0.17000000000000037,0.005519854641025687,0.00274264862308402,-0.04588253441817048,0.017330778135638054,0.04025864711058276,0.01890341988566006,0.015728164531434583,-0.0440522408333333,0.047465363317082426,0.2276726514073518,-0.09289030550286831,0.1998685643678993,0.18000000000000005,0.01270594966598626,-0.134498714298355,-0.08555024770539887,0.0582262866907417
2020-03-18,0.629999999999999,0.3099999999999996,-0.002554742115273093,0.032960497718872085,-0.026337217370748598,0.0011634580114121178,0.013562352260572804,0.008097100331961496,0.020580964627216727,-0.03494051166666665,0.01992761783855031,-0.17098528516284023,0.061546301737890705,0.20505567277056963,0.08999999999999997,0.013628766126482894,0.0326044567132202,0.007088504346395297,-0.053222336221424804
2020-03-19,0.7800000000000011,0.48,-0.017535830885916433,0.0024762921804554706,0.028988164809451378,-0.0010797581597184471,0.03878295743309171,0.019124862861600946,0.05494953578659645,-0.0190384083333333,0.04730794575110053,0.01971386027866834,0.0008375935182428661,0.20578469046578318,0.040000000000000036,0.007193646326859593,0.0326044567132202,-0.05997081335901644,0.004696846277420619
2020-03-20,0.2699999999999996,0.3600000000000003,0.014817885859697608,0.03683944452371854,-0.1443505271736576,0.008893530992011962,0.009397589822653124,0.012523553515229668,-0.06908144289331355,-0.0023010566666666517,0.030085893770835485,0.26697405329939083,0.14409935794887893,0.09053876276383148,-0.13,-0.000980020070845633,0.0326044567132202,-0.08640549996412794,-0.044327634743158484
2020-03-21,,,0.010923435726676376,-0.0078380364594159,0.03493187957183659,0.01400877391628959,0.004351272899520391,-0.0037684921408443046,0.032882358530478564,-0.0051295633333333,-0.008997634482624556,0.0811491072117082,-0.01598190848367215,0.07979357528842095,,,0.0326044567132202,,
2020-03-22,,,-0.015622481069529544,0.032804556267751285,-0.011857885841291629,-0.004939070840338038,-0.0002840484521397792,-0.002936708541640389,0.07988197116673511,-0.0067282541666666505,-0.007066217499039989,-0.2408022973011289,-0.0041192466228235185,0.07309071196951011,,,0.0326044567132202,,
2020-03-23,0.7799999999999994,0.13999999999999968,0.005626467845073652,0.002198195213887258,-0.013235646501022096,-0.0006503161141959948,0.0041187111517274645,0.0022966952120596286,-0.08423691279890706,-0.017326555,0.00555324885263036,-0.1076180398004966,-0.06088362338635424,0.07853787713512712,-0.07000000000000006,0.009479785995292644,0.0326044567132202,-0.06976109935297536,-0.029731491257259712
2020-03-24,-0.3199999999999985,-0.18999999999999995,-7.818564155775715e-05,0.001632905735171695,0.0028626570868746,0.015103515423357292,0.0365792600761645,0.012414900514675099,-0.0007191184828158965,-0.00329168166666665,0.03057813496033577,0.18680144349848435,0.09916043834627966,0.0720590487534074,-0.019999999999999962,-0.004976437614905294,0.0326044567132202,0.001298069304449534,0.08968315694821616
2020-03-25,-0.4400000000000013,-0.2799999999999998,-0.002672443816565143,0.02729550938503349,0.006995749770686785,-0.05308873430098246,0.02311095405489947,0.017644157741136018,0.02453674851495996,-0.015499553333333301,0.0428687207915852,0.013727638469852284,0.0323883611452681,0.07090632335397629,0.08000000000000002,-0.005661409406514828,0.17872160916102,0.03630393902145013,0.011468998674479813
2020-03-26,-0.8200000000000003,-0.20999999999999996,0.004023857802317853,-0.00045766768307281677,-0.011879098749879717,0.048632686308674095,0.017091400756265,0.008080450718359144,0.016654926649878606,-0.0071547858333333,0.019360273875568455,-0.09525182497462446,-0.011798647260944688,0.07186534146890297,-0.010000000000000009,-0.019099173567123096,0.17872160916102,-0.047227663851540314,0.060543828751667306
2020-03-27,-0.29999999999999893,-0.08999999999999986,-0.0009668933260352381,-0.004199093981502863,0.00866983375477523,0.00351334904027161,-0.0009236299929129407,0.003339533598483546,0.01238501855361666,-0.0112009325,0.00788587396925425,-0.21298054204167596,0.014386126321105617,0.04967157005380341,-0.06000000000000005,-0.0002458833945109262,0.17872160916102,0.07178677909735764,-0.034267808022629076
2020-03-28,,,-0.003479601660930252,-0.001069291473549904,-0.014901170954684271,-0.028200302176343266,0.00019962222292419857,0.005527384095192941,0.07267909408805302,-0.0626201383333333,0.012919645516601045,0.011764453392436574,-0.059473259629342176,0.055490972790992556,,,0.17872160916102,,
2020-03-29,,,0.0014905469688956349,0.005465076774316196,0.014660714075066483,0.018196014658102555,0.0004916674032121069,-0.007488474318203172,0.05811427251777881,-0.015312114166666651,-0.017552593848085888,0.07175079566503727,-0.00694215051033951,0.05554782708845899,,,0.17872160916102,,
2020-03-30,-0.16999999999999993,-0.0900000000000003,0.001686994759704918,0.006858939104916941,-0.0016554210119567154,-0.015810406984282162,0.018194188270494117,0.010642935686069447,-0.011407510488934017,-0.0112020933333333,0.025305878295323277,-0.3193499837291556,-0.051700180619663,0.05392814950885011,0.0,0.007225426140839097,0.17872160916102,-0.13820685066203353,0.03296661622145525
2020-03-31,-0.05000000000000071,-0.10000000000000009,0.0010857061710427905,-0.0038105736723387045,-0.007567202166488983,-0.010547286560809409,0.0008215624143178008,0.0026644507575621285,0.06091913006876387,-0.009808645000000001,0.006241442088632068,0.2541295720038224,0.06696621905179556,0.044908148597843284,0.0,-0.006168801069275531,0.17872160916102,-0.0640247545164292,-0.016142381973062392
2020-04-01,0.33999999999999986,0.0,-0.004917775543017551,0.002864316782697672,0.01897620667710806,0.0066745528281202315,0.02918231297551139,0.01162102758759682,0.039269884640933464,-0.011488904166666649,0.0275577063134567,-0.07710801800030406,0.004733324907530325,0.042498623171132656,-0.07999999999999996,0.010256525150637685,0.271669991578954,0.06367430769314764,-0.045146328727152074
2020-04-02,0.0600000000000005,0.010000000000000231,0.003731383451782465,0.0040009053179545446,0.009091382869071397,-0.00026333153921732824,0.01968015140845146,0.002760222069189378,-0.06790613450943042,0.011429659166666651,0.006562862657810672,0.08535448147857246,0.027833854803618413,0.04424217147748721,0.010000000000000009,-0.0016306576892448632,0.271669991578954,-0.11404397787110954,0.02257269570362297
2020-04-03,0.2599999999999998,0.020000000000000018,0.38370313757357405,-0.003128119798130568,0.02082981014054148,-0.001182772181154847,0.0008098981410757452,0.0020941549866599204,0.020673226660603578,0.004211589999999999,0.004954606806427663,0.3373526936931761,0.03128948948238558,0.045635763222125196,-0.010000000000000009,0.006641777787016245,0.271669991578954,-0.08417616499064318,-0.01525286023195438
2020-04-04,,,0.005798519685409814,0.013129255560635737,0.006420927842010586,-0.01057706007919661,-5.4801221216655656e-05,-0.0023238152502228,0.017617225267995924,0.0005744199999999997,-0.005499159512758592,-0.1741450144218022,-0.0062219188631982125,0.037414219431316155,,,0.271669991578954,,
2020-04-05,,,-0.0006953692849223863,-0.0011552930777017393,0.0007070942322491897,0.004184879842103983,-0.0004471005027104291,-0.0031710208649534046,-0.00856046396451891,0.004816706666666649,-0.007549752197737536,-0.13753754956009742,0.0196092397260008,0.03681981177660016,,,0.271669991578954,,
2020-04-06,-0.16999999999999993,-0.050000000000000266,0.002627605416674065,-0.0026123791547036815,-0.00326460820760078,0.003969608888568105,0.016787273218480295,-0.0012612831851887656,0.10390591469937445,0.009826545,-0.0030700379404537633,-0.11102603075489363,-0.009932813558721892,0.02647878298351949,0.010000000000000009,-0.0020533029011851056,0.271669991578954,-0.03390155167568132,0.0679682305676863
2020-04-07,-0.379999999999999,-0.10999999999999988,-0.0013949570788746694,-0.020384311333684783,0.00371223646446079,-0.035817686234234605,0.001855862810069891,-0.001011004358486394,-0.03560187100816475,0.0045697866666666994,-0.0024722575374268264,0.4132592267760617,0.12276552629940306,0.0451075053177963,0.06999999999999995,-0.008609767181439132,0.271669991578954,0.031762513426931704,-0.001604331662951708
2020-04-08,-0.07000000000000028,-0.08999999999999986,-0.001805997130514074,0.015772350586328695,-0.05965433464033771,0.03441125224081846,0.0028731016763908625,-0.0012354645468766056,0.0025027837065194156,0.0146022183333333,-0.0030381923359493693,-0.010100811060053335,-0.02292693255364943,0.04848406361739192,0.030000000000000027,0.0010230711536998172,0.31002988799298,-0.07443746144830055,0.03348934524468916
2020-04-09,-0.8500000000000005,-0.2200000000000002,0.0008277825836574774,0.022546261381517843,-0.01884844677346548,0.0027453707865207266,0.00028185858574873214,-0.00012064009802178318,0.0299782666144606,-0.0006852733333333001,-0.00029725113074258544,-0.16337689228026236,0.03458227373612616,0.04865828553270255,0.0,-0.006069267984245563,0.31002988799298,-0.03952525779218874,0.01438343869822667
2020-04-10,,,0.0014116421654744406,-0.0017907881238897851,0.007373649331751319,-0.0013352154217105502,-0.00023438458376623392,0.005035377398736535,0.02296231830453377,-0.0154690958333333,0.01232953059801778,-0.08471291330700989,-0.011164839725138265,0.05024249520051785,,-0.0025899803224644913,0.31002988799298,,
2020-04-11,,,0.0013431370355045593,-0.0016757006447291646,-0.004774235781338087,-0.003418561487382309,-0.00011137037523922699,0.0048050791282236325,0.02444929919548352,-0.0060055274999999495,0.011624264888610871,0.10267543004241865,-0.06806810806826463,0.059767607760348465,,,0.31002988799298,,
2020-04-12,,,-0.0003379852812921534,6.632568837002288e-05,0.010799802612681576,0.007050950592725989,0.001799994899869376,0.005921307878867215,-0.02697099498745709,-0.0068306558333333,0.014166505794577035,-0.227050451852315,0.0028844675907404587,0.05961934035641701,,,0.31002988799298,,
2020-04-13,-0.2599999999999998,-0.1499999999999999,0.00040496881048496345,0.009544857037674642,-0.008691794944816783,0.001114882303315774,0.01933916936646917,0.009786518414181461,0.011958701988591858,-0.0208925833333333,0.02342624877326114,0.1382234636425693,0.004182256380342553,0.05919321722604362,0.010000000000000009,0.0029516184409414947,0.31002988799298,-0.012071609652549053,-0.010155992507349332
2020-04-14,-0.35000000000000053,-0.10999999999999988,-0.002846489308933486,0.011448320469843053,0.004178076095074857,0.00468792258277357,0.019951336046721294,0.008874184297907832,0.024188582247079437,-0.0016181033333333003,0.02119242785536906,0.07691981208535385,-0.010891837578977274,0.031346469575800305,0.020000000000000018,-0.003337255235634551,0.31002988799298,-0.0864594945045134,0.03011449655045695
2020-04-15,0.29000000000000004,0.029999999999999805,0.0016501201952117109,0.013036693755763945,0.0004993817281516046,0.0009761960069548958,-0.0007736580707017394,6.202890171316851e-05,0.0501482243352241,-0.007166634166666651,0.0001464484617141023,-0.1252075926215046,0.005163759137700213,0.031243592237779602,-0.10000000000000003,0.007856075362568937,0.296330093977222,0.07841165201916489,-0.022276750679012913
2020-04-16,-0.05999999999999961,-0.020000000000000018,-0.0023225738644687423,0.0010677209891129676,0.005745703085750282,0.0001277011054622259,0.017119987459228762,-0.0041149924429461976,-0.05357407313070611,-0.00926852416666665,-0.009931570009400845,-0.16872315176694627,-0.033302662871840055,0.02668239520896259,-0.020000000000000018,0.0031338159077156647,0.296330093977222,-0.01803631351450319,0.005799858992437734
2020-04-17,-0.27000000000000046,-0.020000000000000018,0.004557381920774531,-0.005638624684634559,0.008020982163895615,-0.005632550303478013,-0.0011921966716922424,0.005432591783405873,0.004267174729182194,0.0016762316666667004,0.013075376308487976,0.5013176142661391,0.08860663680100575,0.04786426973639131,0.040000000000000036,-0.004794342046529287,0.296330093977222,-0.050099922051495493,0.02644092907918516
2020-04-18,,,-0.0019457686775987888,-0.00812690745493617,-0.0020416604067287434,-0.00015496188194779405,0.01728664892060584,0.0015039956351547215,0.05798432097868554,0.0036589541666667003,0.003652343958656491,-0.2975283151608161,-0.005636550073327095,0.03827841475907865,,,0.296330093977222,,
2020-04-19,,,-0.0010490149101165568,0.003954456720349454,0.025687581965267412,0.005854903110028314,0.0005036738821307951,-0.0006779152262657606,-0.035032707023703646,-0.0041796658333333,-0.0016454459679295984,-0.05706400684067776,0.06124557376973969,0.043199232970087015,,,0.296330093977222,,
2020-04-20,0.20999999999999996,0.020000000000000018,0.0034431436204074625,-0.0026869694880556076,0.03803479319027331,-0.0037561835616489597,0.0024160127763362535,0.0527020847488443,0.020576387092086205,-0.003923817499999999,0.12074244831887505,-0.019183394792868545,-0.027299672551086215,0.04612840000249614,-0.020000000000000018,0.0018888157751710821,0.296330093977222,0.13879275670025182,-0.018042794099790704
2020-04-21,0.3800000000000008,0.050000000000000266,-0.00015305150574894508,0.012513199770142217,0.014331025523213551,-0.01957928232984592,0.015933934722328836,0.016447655882032716,0.007349956987766088,-0.01003484416666665,0.035431098856707255,0.16304957926699934,-0.046061207804350204,0.050622626872269684,-0.04999999999999999,0.0065445678381950145,0.296330093977222,0.03541383067914161,-0.031155167779795434
2020-04-22,-0.05000000000000071,-0.020000000000000018,-0.0020991182597408465,-0.014980815175293656,0.008572674513678052,-0.01594267816503835,0.016353507115923035,0.009434737767581575,0.05223558351894619,-0.005403622499999999,0.02009420943685606,-0.19118978200459494,-0.0017926794189145612,0.05071232321827508,0.02999999999999997,0.00011297739011695285,0.240659277472856,-0.07853903071737278,0.022671301062101357
2020-04-23,0.020000000000000462,-0.03000000000000025,0.11538975492029609,0.001624814723085752,0.006972883197702376,-0.003194294369978781,0.0018402433686626697,-0.0017999406200791155,-0.10008900098669483,0.011286476666666649,-0.00380951197525486,0.07739225049628935,0.05274549096232156,0.05027681770551471,-0.019999999999999962,-0.0013840452661941782,0.240659277472856,-0.014395642075089476,-0.0005395641810270746
2020-04-24,0.15999999999999925,0.0,-0.0043926346645406095,0.007872048560076953,0.03543320945195202,-0.013000625371819934,0.004453382388731341,-0.018104090097956414,-0.022921113551285538,0.013184275,-0.03932426438720286,0.04836052931654765,0.025140744403225793,0.03995999036688327,-0.010000000000000009,0.0032857972806885627,0.240659277472856,-0.14122507119197003,0.013822111461720077
2020-04-25,,,0.0010493950030431784,0.029419619484630965,0.022252559672534904,0.00804713201912267,0.000509716168673048,-0.0032054696620477607,0.044405871559068735,0.01167475666666665,-0.007130360688080685,-0.027133819378544907,0.01496126176182748,0.039515645762756464,,,0.240659277472856,,
2020-04-26,,,0.00223233290668389,0.0029590952577935583,0.006972254058486894,0.005460865202145067,-7.016468906638586e-05,-0.0020417577269215815,0.01627452262536576,0.004002585,-0.004568087268200771,-0.012727885727604813,0.020622969257836854,0.0334755382930696,,,0.240659277472856,,
2020-04-27,-0.019999999999999574,-0.020000000000000018,0.002039026548096727,-0.0012584954277162024,0.007918913264093217,-0.002259196330974876,0.04089616656600703,0.00027435112057061826,-0.01151116250393978,-0.00242964166666665,0.0006406946458630438,0.02632850289849633,0.017507677540230283,0.030297320221189035,0.04999999999999999,-0.0022350720342547703,0.240659277472856,-0.07631554953849351,0.014606871524448728
2020-04-28,0.009999999999999787,0.0,0.0013247583788210293,-0.0037548526458639456,0.0026689713450948147,0.0024699938617018676,0.004151437325046866,-0.0007602342821368254,0.03723343717973674,0.0019431016666666499,-0.0017837867006592558,0.11141277022651508,0.003900097322620966,0.017597257819793138,-0.010000000000000009,-0.004165769434782085,0.240659277472856,0.008375759405010008,-0.005256139460119158
2020-04-29,-0.14999999999999947,-0.029999999999999805,-0.0020862170022053765,-0.028196388087033456,0.0018348239196262727,0.01894493577847156,0.019204178249387114,0.017181918188374962,0.025104201014786505,0.01166559916666665,0.04030994384006653,-0.10701464568146442,0.0007249237433929335,0.017120439881438982,0.010000000000000009,-0.004802820554714593,0.161869130216617,-0.07225363969695664,0.026236663207249045
2020-04-30,-0.2400000000000002,-0.14000000000000012,0.07525833857656918,-0.00736274529819868,0.026531455729077585,0.009779250727208092,0.009927785014683093,-0.008322103775400843,-0.0804448307950984,0.01595554,-0.019516073037106504,0.5382322155087753,0.10442913726445965,0.03535061503964365,0.010000000000000009,-0.003681688594624255,0.161869130216617,0.08938341472181177,-0.00925511652526545
2020-05-01,0.07000000000000028,0.010000000000000231,0.0009767222446230123,0.00046608141648061163,0.007204387493533425,0.011288050661819933,-0.0022811581933785785,-0.005993652253791497,0.06891771543507827,0.01298994916666665,-0.014262587087166819,0.09493170304793157,-0.03144234647398194,0.04168327497385548,0.0,0.006698841473408379,0.161869130216617,0.0852773219201799,-0.02846022068682874
2020-05-02,,,0.012024758324748993,-0.01909228526806581,-0.013764581792723683,-0.028959413502873677,-0.0005882827280751765,-0.0015220024793243289,0.024884255043095545,0.01215530666666665,-0.0036522477973320675,-0.3681836223789178,0.027644024877432595,0.04177064801741374,,,0.161869130216617,,
2020-05-03,,,0.00115706728589818,-0.0016050048701545746,0.08259375951982886,-0.000837302543754283,0.0006117615231725743,-0.0021159275189331184,0.030085549096712107,0.01529316666666665,-0.0051028436469452475,-0.14667473514759788,0.012589412290389613,0.04187641384084084,,,0.161869130216617,,
2020-05-04,0.08999999999999986,0.020000000000000018,0.002446917211125204,-0.001567812172430205,0.02570601235113428,0.0016898080283577744,0.011332847057955172,-0.0014086335064297539,-0.014838020587734998,-0.00070887916666665,-0.003450554447785625,0.14446973529551244,-0.013590364445369891,0.04371204964103921,0.010000000000000009,0.0005073857202244625,0.161869130216617,-0.03335465022944639,0.004240812214593603
2020-05-05,-0.1900000000000004,-0.020000000000000018,-0.003831628265497105,0.000628429913357501,0.0004791751428890573,0.02707150219322166,0.0008011549123399449,0.014398846091775531,0.014483759753550105,0.0057491416666667,0.03474948599961548,0.013254003442371428,-0.007897786723067369,0.044428152771104956,0.019999999999999962,-0.003322568740694365,0.161869130216617,-0.06786161597051787,0.008999952189538085
2020-05-06,0.0,0.0,0.008976447584142165,0.004696423350332412,0.004211927403378337,0.008659750160989594,0.009731342798763936,0.002591824142573086,0.08268872759487812,0.008248417499999999,0.006188481342600725,-0.08008062925142255,0.00274256340421098,0.04434012590687183,0.08000000000000007,0.0065419125245869125,0.0644850201356495,0.015060080886463822,-0.007003873398600646
2020-05-07,0.0,0.029999999999999805,0.008830940093539496,-0.0033108373131156554,-0.0006977423122910644,-0.00429209853911667,0.027637990001987925,0.013173063388576496,0.08390220927693443,0.00478877,0.03172617958394368,0.14304176251351663,-0.004464400529177626,0.018956667576956805,-0.050000000000000044,-0.003924070597467022,0.0644850201356495,-0.08180275506247225,0.011438948664054038
2020-05-08,-0.08000000000000007,0.010000000000000231,0.018503814351037325,0.014290969516528597,-0.0036684703117389646,0.004010886408865632,0.012068166907266597,0.002251695053023975,0.03283627919368872,0.018712212500000002,0.005388155511049391,0.14219652340271335,0.07184735803948222,0.029526725803712687,0.030000000000000027,-0.004778917419820061,0.0644850201356495,-0.11659099832367081,0.01673075806255042
2020-05-09,,,0.009458630138743835,-0.0010563420331009357,-0.0010305772790176278,0.004349706480085593,0.01212959733914967,-0.003598058070219337,0.06438079997044815,0.01499857416666665,-0.00872953783937248,-0.10357591514736014,-0.008367150833785732,0.029625180715978142,,,0.0644850201356495,,
2020-05-10,,,0.01913796623201932,0.0013956534270616952,0.008424098726178917,0.002456293197361579,0.010328431267960259,0.010641442921655355,-0.28047685867328337,-0.0131442375,0.025862945638432142,-0.10765061959437473,-0.01613295943643786,0.030777752798426632,,,0.0644850201356495,,
2020-05-11,-0.009999999999999787,0.009999999999999787,0.019038726863366103,0.03364963540347558,-0.021544936748585743,0.013356467598994195,0.010690560314018256,0.020549448607232144,-0.01507753986115179,0.00519484333333335,0.0486310487347052,0.26943251363090803,-0.10046685434380626,0.05018868559658562,0.030000000000000027,0.005658936895492239,0.0644850201356495,-0.014761744201629678,0.00017747076898189107
2020-05-12,-0.08999999999999986,-0.009999999999999787,0.002177481459339274,-0.002627575407704595,-0.0055993468820159445,-0.014294103277949477,0.0118409166204434,0.0027071620993042193,0.030912414556452425,-0.00163595333333335,0.0063078652802445005,-0.059382393376529674,-0.01510674888552752,0.050237130068500814,-0.040000000000000036,-0.0014137663875137818,0.0644850201356495,0.18099072361707158,-0.020757791338385623
2020-05-13,0.1900000000000004,-0.010000000000000231,0.017334981515745817,0.004435496485693668,-0.005712426533317518,-0.004991677507026771,0.014074512347281314,0.016219367516917726,0.18790575106920204,0.0010295825,0.037495406460435664,-0.36626611301719764,0.02024649479121965,0.05139887190031685,-0.040000000000000036,0.0039059254848679004,-0.0350293415137294,0.06559728248581331,-0.01761695579410727
2020-05-14,0.15999999999999925,0.0,-0.000665610122302789,0.028143775735244583,-0.0053218504194165826,0.0014509703232025045,0.017169966538965575,-0.008113586442756823,0.05913934415943271,0.0108814858333333,-0.018905847107123026,0.07980254061949521,0.05327470874626983,0.05635931927968268,-0.010000000000000009,0.0008261062991330448,-0.0350293415137294,-0.07869724133736256,0.011458917804072044
2020-05-15,0.010000000000000675,-0.009999999999999787,0.01987971134002711,-0.05816489903072477,0.01152507969329401,0.017181395693458588,0.0005295618828576661,0.013555359491677155,-0.020169588652710388,0.0046761658333333,0.031404997571017126,0.1974957125487135,0.0364587001386208,0.050166488592246095,0.010000000000000009,-0.00035430873765918136,-0.0350293415137294,-0.022326508779261456,0.003918692254435641
2020-05-16,,,0.006457080630177658,0.001272279563183992,0.004978683938409519,0.00041879121583238057,9.206939707503217e-05,0.0008055067577687448,-0.011674599862955918,0.0087676408333333,0.0018356782534425693,-0.19137116179764435,-0.04799619611719384,0.052865542952164925,,,-0.0350293415137294,,
2020-05-17,,,0.0025328341030209185,-0.0034013774040276205,0.006227700280072073,-0.004178685912222476,0.00024215370548720145,-0.0014586073786780522,0.0521137147353093,0.0136581833333333,-0.0033273210975518414,-0.23561101492099146,0.019515023124038952,0.053879115652104535,,,-0.0350293415137294,,
2020-05-18,-0.3700000000000001,-0.08000000000000007,0.00990508820120436,0.002230335434592275,0.007313698300609015,0.014372872678628383,0.0007901754978738617,-0.0019008677939765387,0.016512070557953323,0.020685445,-0.004356319531301866,0.0690643315694117,0.030470900244381097,0.03434668139038518,0.07000000000000006,-0.006512306702093795,-0.0350293415137294,-0.08470496499894464,0.031015221473356114
2020-05-19,-0.0600000000000005,-0.06000000000000005,-0.003280651592040996,-0.0017704723940136211,0.023735644920684452,0.0025593860455216293,-0.0005073989157250841,-0.00599063876890387,-0.011533855228129285,0.012818445000000001,-0.013847467757835843,0.062473868919803936,0.020195650022875055,0.03189248280620821,-0.020000000000000018,-0.001885375777090914,-0.0350293415137294,0.04112229072376472,-0.010539757419425477
2020-05-20,-0.1899999999999995,-0.050000000000000266,-0.0023788635491096373,0.001504097032080313,0.002671163381996887,0.0008016432100604292,0.0010490661699739856,-0.002467159090179277,0.011152344499228296,0.0109380958333333,-0.005765164263976167,-0.09985772841013803,0.0010911814276027378,0.03257035567689789,-0.010000000000000009,-0.0037994668585383806,-0.12536443794107,-0.08686250321942435,0.016513934417861975
2020-05-21,-0.08000000000000007,-0.029999999999999805,0.0027549723279633844,0.010122992785795384,0.045493375864565096,0.0016270009845180326,-0.0007843256416594456,-0.004032554738594279,-0.04227440868366838,0.00418934166666665,-0.009487794823375943,-0.044074883973263715,-0.021007677206073445,0.030491256145731324,-0.010000000000000009,-7.616954032929613e-05,-0.12536443794107,0.05355939222846917,-0.007803935472623813
2020-05-22,-0.020000000000000462,-0.010000000000000009,-0.001423629273632692,-0.0035888833473548603,-0.0074784332202677915,-0.013707350733605189,0.0004592190923701882,-0.006127876781272729,0.02716014877548328,0.0053464675,-0.014598983679718559,-0.026497360288071908,-0.05202661004482685,0.03370559330580493,-0.020000000000000018,0.0018796098204978406,-0.12536443794107,-0.04750416446598971,0.002350965520251158
2020-05-23,,,-0.0036091155780502535,-0.0011561505238782974,0.04009262314774125,-0.0010415383941008865,0.010843592697524542,0.00234148827719028,-0.02330540113789703,0.00577987916666665,0.0056644439805195335,-0.13946094368684345,0.021992529429156988,0.029697526238860347,,,-0.12536443794107,,
2020-05-24,,,0.0009045823512350957,0.0012034951098790286,-0.022601942096070027,0.002997459521290308,0.0005988677587996603,-0.001075049523254718,-0.003239416106281297,0.0078126633333333,-0.0025982952952401904,-0.1001598466659056,0.002553351829952624,0.02879318612058032,,,-0.12536443794107,,
2020-05-25,0.0,-0.010000000000000009,0.00672891431189221,-0.0037344209039465374,-0.0009629988585304839,-0.0017246942247334074,0.0007521374608440155,-0.0032810884495572245,0.016694525938471573,-0.00070216416666665,-0.007978113887953338,0.14809136963507663,-0.038552419239916036,0.028623912530029754,,,-0.12536443794107,,
2020-05-26,-0.3099999999999996,-0.040000000000000036,0.003568629086049514,0.013664121631883424,0.0003300625548195732,-0.01503488865185382,-0.000712998779358605,-0.002348843060337433,0.0037755435114968064,0.0044062508333333,-0.005746553709458561,-0.04506153815748451,0.016331913776297488,0.02798844180504842,0.020000000000000018,-0.00767070839529449,-0.12536443794107,-0.005340942017824535,0.012214261971749352
2020-05-27,-0.04999999999999982,-0.020000000000000018,-0.00046177314322855614,0.00036870055635488167,-0.006070877922418895,0.002634792742483278,0.00040199678017713725,0.0007349632840329819,0.041390511843063874,0.0133343283333333,0.0018023980145479804,-0.081062839908883,-0.00954678702729212,0.02757505998398968,-0.020000000000000018,0.0014924632566648555,-0.205135463109623,-0.014021441290871017,0.014718492616298207
2020-05-28,-0.10000000000000053,-0.029999999999999805,0.0015630736093451946,0.0022472587379279933,0.001056881342900361,-0.0011851067856631264,0.0005575083742851201,0.0013052863119721763,0.0550968768208501,0.015059896666666649,0.0031948296245961957,0.06112813893018358,0.03543541300127436,0.0321863931498905,0.040000000000000036,-0.004566720567139804,-0.205135463109623,0.03451685835307439,-0.0021101714760458634
2020-05-29,0.11000000000000032,-0.020000000000000018,0.002194858269430761,0.005640473031733177,0.0015403052029172753,-0.016093650943182537,-0.0005960812833360772,0.016245959602188484,0.002602591293165372,0.019773586666666648,0.03890973843596453,0.15709819729134167,0.04735653131155033,0.02891602338234694,-0.040000000000000036,-0.0005620773202652529,-0.205135463109623,-0.03850743139773716,0.004800767858805344
2020-05-30,,,0.0013122084245613312,0.002316590022326363,0.012429473660001519,-0.004421743007790371,0.00041209598868337873,0.0008943343402774461,0.013679479135558498,0.0179743233333333,0.0020994913770765893,-0.11739951790996787,-0.004223987472262122,0.028921902534009027,,,-0.205135463109623,,
2020-05-31,-0.16999999999999993,0.020000000000000018,0.006731357227773721,0.0014790122550681138,0.03063282003728868,0.0014122354915219117,0.009792363937137886,-0.0026254058710434252,-0.03511313546972935,0.012129135,-0.0062367909770957115,0.1100527888399554,0.06034588524150025,0.03502828462002397,,,-0.205135463109623,,
2020-06-01,-0.11000000000000032,-0.020000000000000018,-0.0022910371538340476,-0.02024598021256608,0.031239263747311983,0.0039676759697571205,-0.0008185484347039076,0.0031351238440073597,0.1512840596433652,0.01629013666666665,0.007437089509797584,-0.13410128164757662,-0.032084483163595946,0.03341912673543396,0.030000000000000027,-0.005614936580914609,-0.205135463109623,0.025835667328914624,0.0037442421170172935
2020-06-02,-0.25,-0.040000000000000036,0.004852619705519897,-0.0032729242285179164,-0.03243872224883271,0.003367964905861744,0.02198659384679353,0.008217984587821595,-0.16107529676012744,0.0429181825,0.019659494415764717,0.18871089968039975,0.06843801475476387,0.038813151011617454,-0.010000000000000009,-0.0048609412500466576,-0.205135463109623,-0.05049193016191689,0.008177278702023116
2020-06-03,-0.3799999999999999,-0.07000000000000006,0.008819422796858123,0.015501468185378741,-0.033647540498183075,0.002772372938271641,-0.0006991169044963081,0.002135682734582916,0.003093000519893607,0.0097717875,0.005042926143544397,0.03892348482032984,-0.05538650661509939,0.048106753164174614,0.06999999999999995,-0.00359754469555984,-0.268640161812708,-0.04495995291599053,0.013556655475682078
2020-06-04,0.03000000000000025,-0.040000000000000036,0.0012352006545064758,-0.004875411883029853,0.08322217704449825,-0.001150335367399667,0.0006829732972437067,-0.00010729652359766576,0.022384971879847095,0.0114693283333333,-0.00025292307699900895,-0.3390896750720287,0.021035450648123556,0.0474973333223812,0.050000000000000044,0.00038397532298528603,-0.268640161812708,0.005828654543031941,-0.0033743829350463272
2020-06-05,-0.33000000000000007,-0.09999999999999987,0.004483475187516919,0.0025331291023787234,-0.0011059962658173362,-0.0016900052110936739,1.5800367046429178e-05,0.0001877347152225578,-0.00020474605744365035,0.01123799166666665,0.0004424998088091611,0.020823777909784135,0.005888090449174814,0.0453359643434913,0.05999999999999994,-0.004095502358088865,-0.268640161812708,-0.05127290266251183,0.025874065601552587
2020-06-06,,,0.00033011925137616535,-0.001359744259395515,0.0026386048800554614,-0.00845563401325034,-3.065378852679617e-05,-0.00031601965864204706,-0.002457026257721762,0.0114423575,-0.0007449634381898104,-0.09899756943321153,-0.014323754625312324,0.04598835195220229,,,-0.268640161812708,,
2020-06-07,,,0.001440935145789845,0.0031680814939953924,-0.0012017920020749174,0.0018538694384237634,0.00034021415227576755,-0.0019157904096047203,-0.0003700370090907677,0.0100789083333333,-0.004529618300791027,-0.1611923614846864,0.005021485402909962,0.039766194589902194,,,-0.268640161812708,,
2020-06-08,0.009999999999999787,-0.040000000000000036,0.0025414788191802187,-0.0014295240825713893,0.02313176411388666,0.002571032559274747,0.00012346391731947202,-0.0005480229346533094,0.043834530368833974,0.013455585833333299,-0.0012996670826437473,0.2100158625986627,0.00843905335961928,0.03721929609593018,-0.029999999999999916,-0.0012776035011103914,-0.268640161812708,0.05127290266251183,0.011969668235860098
2020-06-09,0.2400000000000002,0.030000000000000027,0.0027918724680172577,0.007345540059730629,-0.0013699555940465352,0.0012581263298129342,0.000272319045070363,-0.00046590390402173886,-0.019125862867949688,0.0111822808333333,-0.001106548651492589,-0.1271675752301572,0.005813923469082502,0.02517026789796518,-0.020000000000000018,-0.0006136950280151154,-0.268640161812708,0.0659662113051831,-0.007829755338198296
2020-06-10,0.16999999999999993,0.020000000000000018,0.002119958733001237,-0.0003826992597093935,-0.10947678929763399,0.0030558584365053707,0.009805491059382688,0.0011121368309717447,0.026390610814741516,0.0100895033333333,0.002665337838365063,0.07092596371436012,-0.005130697025679552,0.011080873148385536,-0.06000000000000005,-0.0005583849829875476,-0.315261649996998,0.0,-0.005327243376571644
2020-06-11,0.4800000000000004,0.08999999999999986,0.006173728303396511,-0.015204000137961122,0.0022410645790475457,0.0056424528394580595,-4.835198794220173e-05,0.020293048855145872,-0.016463132347324275,0.015616216666666651,0.04742451524930532,0.017228661164547084,0.01300747920603263,0.009269607816165367,-0.10999999999999999,0.005985941363912062,-0.315261649996998,0.3917087282937617,-0.060752759198692274
2020-06-12,-0.1200000000000001,-0.010000000000000009,0.0029242019998749376,0.001460566540941348,0.03494479640113998,0.003933087146026617,-0.0002052462351663421,0.0022047326273828146,-0.02388669104545649,0.0043075175,0.0050185097844948805,0.30374760400546796,-0.06101479105456937,0.025566942564893655,0.050000000000000044,0.0035981741564068415,-0.315261649996998,-0.12242113467477012,0.012976299868565633
2020-06-13,,,0.005290360497302873,-0.0019237054778948029,-0.01578074155842208,-0.0024275344684516957,0.01164761047733108,0.000125074268990979,-0.0069253874651260565,0.0046765958333333,0.0002872722200271037,-0.27873946814529493,0.01954693037884747,0.027084311693313195,,,-0.315261649996998,,
2020-06-14,,,-0.00046143206041238013,0.01252873407515348,-0.0008650419343924941,0.011267132585951871,-0.0008018916323219913,-0.0027724886219497556,0.033021946932360394,0.00762953666666665,-0.006382192986623901,-0.22133559412382112,0.0014682372404871908,0.026962819972737855,,,-0.315261649996998,,
2020-06-15,-0.03000000000000025,0.010000000000000009,0.0012300170733572677,-0.0003315137885958904,-0.03295727217895069,-0.0018244015653053603,0.0008335117052827478,0.001943159355779507,0.016920509075626426,0.0036038499999999996,0.004481090965434629,-0.035973569752779745,-0.01970521786435929,0.02714831883699765,0.0,0.0024155084977870445,-0.315261649996998,-0.04795925427534442,0.00827785142343096
2020-06-16,-0.46999999999999975,-0.11999999999999988,0.0026449993418930654,0.013487395174183563,-0.029545458377501735,0.011627434148312148,0.002241805537059206,-0.000538756245883926,-0.004762257617557773,0.0102287183333333,-0.0012431928357907478,0.42294814717572987,0.0022016158263681476,0.026906870120707558,0.020000000000000018,-0.003230618593224044,-0.315261649996998,-0.021449331206369493,0.01878488465267303
2020-06-17,0.0699999999999994,-0.010000000000000009,0.0027178922494799857,0.025448557332772778,0.009953034912574033,0.004931067067644454,0.012930680339925896,-0.002075584030427861,-0.0041055553496792485,0.0083846625,-0.004866632538355612,-0.15185579790147927,0.014077400496866004,0.028093211301227165,0.010000000000000009,0.002868747465423205,-0.345197190662471,-0.005957717949748087,-0.003606796221337305
2020-06-18,0.16000000000000014,0.010000000000000009,0.0005451280484953705,0.03960593081438617,0.013954953128760572,0.0034919305141638025,0.002582594173520771,0.001541074332242034,0.016494846448736583,0.0107889475,0.0036249602184544993,-0.1120731887162,-0.006279391381002555,0.027033453174706807,-0.030000000000000027,0.0025553073566664253,-0.345197190662471,-0.015961790473741022,0.0005940120550409489
2020-06-19,0.009999999999999787,-0.010000000000000009,0.0026253263628650105,0.033906384918420455,0.010911582938989155,0.0082940556976689,0.004787042542450071,0.0031648191912976315,-0.017312630737586026,0.00702982,0.007438824513887945,-0.10859758476917596,-0.008051384030614719,0.013405801810270724,-0.010000000000000009,1.0813692963296262e-05,-0.345197190662471,0.06408304401742182,-0.0056654822009658545
2020-06-20,,,0.004110681393764412,0.060416899015526535,0.03708436700630835,-0.053297339880886176,0.0035553364327762034,-0.0009570778845373714,-0.011085363914841297,0.0073831725,-0.002251755882827699,0.13699769108593707,-0.010565730104989535,0.01085002781055159,,,-0.345197190662471,,
2020-06-21,,,0.001328109522463068,0.03361602923584933,0.011617379479164639,0.0199390878726926,0.002355309781254786,-0.001313582943215107,-0.006761462682989825,0.0122402558333333,-0.0031061168392906616,-0.19448522024539644,0.002345340413658636,0.010926293783482869,,,-0.345197190662471,,
2020-06-22,0.010000000000000675,0.0,-0.000513958792111666,0.022500583840738518,-0.0037733636788891464,0.02222487824277017,0.002695457229060723,-0.09818748507671704,0.07331079964685723,0.015407992499999999,-0.2654824663465885,-0.048527399003865164,-0.0056757857840817215,0.00852674586943274,0.010000000000000009,-0.0038787939540956273,-0.345197190662471,-0.10024832048549115,0.006474055690439684
2020-06-23,-0.010000000000000675,-0.010000000000000009,0.0008597974816334495,0.01958981361179726,0.037717756566354746,0.017905266764901322,-0.0011208997121317731,-0.0049719659368226725,0.11701660503998447,0.0105821258333333,-0.015499072765038903,0.24831713556578752,0.05310819686589545,0.02256632438103161,0.020000000000000018,-0.003552764153160304,-0.345197190662471,-0.012670426078837949,0.004298191170313714
2020-06-24,0.21000000000000085,0.040000000000000036,-0.0029645077583555723,-0.0066629226504567405,-0.02161046132583658,-0.03158381243728082,-0.0010669615968030694,0.0092295809810222,-0.014625513596681183,0.00957742666666665,0.028552961518999755,-0.24556368632465025,-0.0033837430954966265,0.02243329101817008,-0.040000000000000036,0.005398192570886806,-0.367810483200981,0.07579151253543603,-0.02619527873275551
2020-06-25,0.0699999999999994,0.010000000000000009,0.0013968238718571752,-0.005639892696208982,0.013867224594041334,-0.015021530591301924,7.249753903487355e-05,0.0017747271472330945,-0.028556208114086285,0.00643341916666665,0.005398511239656805,0.2646092781243406,-0.03562849558083196,0.02679144075459768,0.010000000000000009,0.00270774252201722,-0.367810483200981,-0.049056156989194744,0.01089985017340922
2020-06-26,0.11000000000000032,0.010000000000000009,-0.002346545074549738,0.0015140676218267973,-0.008513355986122304,0.006193006620672371,0.0009746415349046872,0.001246177014629946,0.038256881129332405,0.007551225,0.003777054537896741,-0.04948878857847541,-0.005686428080658441,0.02670425934730898,-0.040000000000000036,0.0019374451474245546,-0.367810483200981,0.07501648900715452,-0.024525217335130023
2020-06-27,,,0.003792306945016865,0.012697380498128437,0.005388532721586571,0.014307329171900694,0.0032931115311016254,0.0013997665040821265,0.015413752689016557,0.00650385,0.004239537179953644,-0.029850150209704544,-0.011518962705664501,0.026764816910850617,,,-0.367810483200981,,
2020-06-28,,,0.0009730542782613253,0.032015698594267644,0.004954028710182039,0.010212131085141676,0.00011829049027616855,0.0004857358610443621,-0.018805699124866584,0.0055175825,0.0014671532719461712,-0.044603278520935895,-0.02750130402339558,0.028480334003841354,,,-0.367810483200981,,
2020-06-29,0.10999999999999943,0.0,-0.00044781481344780433,0.0003000588780214025,-0.005523791610773059,-0.011277772093904431,0.02838855096455051,0.030385897002940993,-0.004148664604429995,0.0065716325,0.09016373962817503,-0.08962257925170232,0.01612365402394486,0.029587873850825168,0.010000000000000009,0.0011011664520639286,-0.367810483200981,-0.08876670564741262,0.01457890753907165
2020-06-30,-0.07999999999999918,-0.020000000000000018,-0.0005935528408391485,-0.002974753760573165,-0.000752765429413135,-0.005762193712272409,0.00044136179560677293,-0.0029655311161521265,-0.008621934785405821,0.0089670708333333,-0.008453893226211557,0.009397353613837565,0.009270530828265178,0.018538833213082907,0.020000000000000018,-0.0016663166198673807,-0.367810483200981,-0.043408197199690246,0.01529233363767979
2020-07-01,-0.11000000000000032,-0.020000000000000018,0.0009522844032250079,0.004456946184771128,0.002561857730949759,-0.001757503965362899,0.0022152521359270877,-0.0005664383547520361,0.058781155764019044,0.0088837625,-0.001626519134192174,-0.020658685056405418,-0.0076911892202521,0.01841830569273605,0.020000000000000018,-0.0031935746633617867,-0.385972098601654,-0.06132318978057505,0.005009542099664088
2020-07-02,-0.16000000000000014,-0.040000000000000036,0.00013106104296180273,0.015419025427698498,0.13315978812601886,0.013807927968057425,0.00018634057015418955,-7.235724828055779e-05,-0.020883182081742967,0.0057324408333333,-0.00020800218705639478,0.011444305621949055,0.015514992279531889,0.016063790843794886,0.0,-0.0018779990040451722,-0.385972098601654,-0.03339564337883605,0.004531001832653203
2020-07-03,0.0,0.0,0.0009150839583668936,-0.003660472339282069,0.007668779702397544,-0.007356711018152846,0.0036038863243694793,0.0015194035793796063,0.006673418612713924,0.0049241308333333005,0.0043744059491035115,-0.061299506533129385,-0.01638092250948827,0.01699425384271599,,,-0.385972098601654,,
2020-07-04,,,-0.00047397161174906883,0.04055513864503464,0.10061908812644833,0.004190308372692153,0.0001599656570603811,-0.003615976577915232,-0.013918591617463045,0.0056644533333333,-0.01044377093180847,-0.08014774727734754,-0.0043571141495014395,0.016619219259567417,,,-0.385972098601654,,
2020-07-05,,,0.00629572678312626,-0.000883324644306458,0.03513185102656877,-1.2227904776388026e-05,0.0001012837113130185,-0.001556074106882002,-0.000251703570144173,0.0085297258333333,-0.004528546087545652,-0.019272826805901297,0.012005322016675323,0.01285550606295619,,,-0.385972098601654,,
2020-07-06,-0.13999999999999968,-0.030000000000000027,0.0004687507001558641,0.0005783977237284197,0.033241607468568954,-0.00480002067998176,0.001087137573974719,-0.005090253628960226,0.06776696819624935,0.0133043875,-0.014975163255537502,0.04627120587467167,-0.005112942227791323,0.011845487322731925,0.010000000000000009,-0.004769586115149771,-0.385972098601654,0.009349223079347269,0.015756943165827764
2020-07-07,0.009999999999999787,0.0,0.0004218929326931083,0.007179433282165003,0.030578780833407513,-0.002018145142284424,0.00016459969489914428,0.08061471838716043,-0.02301692804956245,0.0101017058333333,0.21429391715120383,0.2573826900363577,0.04287373989339112,0.020006695394248212,-0.040000000000000036,0.0023989270345303737,-0.385972098601654,0.05195520841656531,-0.010877508816987458
2020-07-08,0.019999999999999574,0.0,0.0022473036850077406,-0.001206583308864151,0.026011225246716993,0.001449310620687454,0.0017807697217575153,0.00022913705473403328,0.08154225731352904,0.01299869,0.0005490884422394832,-0.14200743402633748,-0.010105190165027107,0.020286088980213567,0.020000000000000018,-0.00016058600544166524,-0.403048655110469,-0.046956983087770965,0.00779702648129188
2020-07-09,0.08000000000000007,0.010000000000000009,0.00022670997683469884,0.023203161016850018,0.01162059505095719,-0.004045433010524954,0.001483829607657303,-0.002691207890421124,-0.05186867126389023,0.015217825833333299,-0.006477766429818724,0.08430628712608028,0.02580643602143971,0.021517502405489587,-0.04999999999999999,-0.00033129010189014707,-0.403048655110469,0.04116381643436817,-0.005659625451288619
2020-07-10,0.0,0.0,0.004805290889105077,0.009569447500233053,0.003457118966870142,-0.01612699979218484,0.0008945636684780153,0.00043438475865705364,-0.014847988657350722,0.01508468666666665,0.0010493506230457139,-0.1002410444519181,-0.020515343979781962,0.022289599100856008,0.02999999999999997,-0.0013564217335435558,-0.403048655110469,-0.06970106087173145,0.010411813000986925
2020-07-11,,,0.0020215120481710874,0.018306354306115463,0.01405712431776102,-0.0064206000309054625,-8.81689597087903e-05,-2.3241961379094605e-05,0.0035578324051781405,0.008816535,-5.6113178663337586e-05,-0.07330095381498174,0.0004361742936821304,0.02199729441922402,,,-0.403048655110469,,
2020-07-12,,,0.0021147574590097656,0.007959201266267571,0.04510991787852324,-0.00027127497638257175,3.1082354176252716e-05,-0.001857998262602579,-0.0017081997999044572,0.005964169166666649,-0.004496131865265311,-0.1216823011384293,-0.0064843610833629365,0.02233137500414115,,,-0.403048655110469,,
2020-07-13,-0.1299999999999999,-0.020000000000000018,-0.00011973553008334963,-0.00042085872529869933,-0.03463096999542109,0.005434038324652398,-0.00048325835074546444,-0.003791992980020833,0.033701372396204486,0.013505928333333299,-0.009234892862148519,0.09078335518047582,0.008959883965632633,0.022022085112027266,-0.010000000000000009,-0.0013565861055901962,-0.403048655110469,0.16513551059046971,-0.009406623666484037
2020-07-14,0.020000000000000462,0.0,0.002553359290283165,-0.0010913702569315422,0.022200443808942392,-0.012704655065393058,-0.0004505501770349252,0.004303304612055217,-0.007966950738789176,0.0104280275,0.01046893121178703,0.0667826864403955,-0.007489687278477023,0.01502762374522896,0.010000000000000009,0.00168497545096713,-0.403048655110469,-0.08658784557844479,0.013317285189446082
2020-07-15,-0.22000000000000064,-0.020000000000000018,-0.0003071073287412928,-0.005596672657319673,0.002721035994882694,0.015250226284439245,-0.000125793865854294,-0.0016279253028537043,0.03301657539889192,0.0128410033333333,-0.003946985927955586,-0.0032329013954559014,0.0016173834913310496,0.014533316039601313,-0.010000000000000009,-0.0029946772528903765,-0.42153075231455,-0.06147186409366823,0.009041044884783744
2020-07-16,-0.04999999999999982,-0.010000000000000009,0.0013620323168715579,0.006373817932727581,0.007747891613743965,-0.009171881347570928,-0.0008161907144838697,-0.00218875332707317,0.02687196777937517,0.01240554,-0.005327053484058933,-0.12219810951316694,-0.005683506528112614,0.00924609766029751,-0.019999999999999962,-0.0008875419454490441,-0.42153075231455,0.008608374536600127,-0.003411918313160456
2020-07-17,-0.019999999999999574,-0.010000000000000009,0.002179022417751494,-0.002098978140073598,0.005017864892396324,-0.017593761297382823,0.00013383640639822602,-0.0006179637910015928,-0.01153574869987481,0.00957570916666665,-0.0015093722958468441,0.10768987637116266,-0.013862361912708811,0.007453548557537417,0.03999999999999998,0.001650903645890267,-0.42153075231455,-0.08649203135344319,0.002844589903158834
2020-07-18,,,1.4914345444502955e-05,-0.0001318729254311144,0.04083395987329879,-0.007789185018228628,0.003989965666861766,0.0034968653993944433,-0.010617020368101481,0.0047948933333333,0.008545077726115579,-0.12398580574309577,-0.001180206437838294,0.007345834483449181,,,-0.42153075231455,,
2020-07-19,,,0.0004003422237350819,0.016199839387725443,0.008463468598868384,0.07254545648104446,0.00583254517793514,-0.0038120832601416534,0.016282760979332834,0.00707513916666665,-0.009373724625699908,-0.04201665778889106,0.006851569820191871,0.008115546300925196,,,-0.42153075231455,,
2020-07-20,-0.20000000000000018,-0.020000000000000018,0.002990160412979562,0.0005714832092462712,0.041618875558405606,0.1823805325680759,0.00021937281745132255,-0.009588562653524892,-0.025528575942165104,0.00874715416666665,-0.02397906514982053,0.02716486432434183,0.00863498555757354,0.008046112888662731,-0.03999999999999998,-0.0006356742790751824,-0.42153075231455,-0.0486733485627342,0.008371764170464147
2020-07-21,-0.20999999999999996,-0.030000000000000027,-3.941442431919426e-05,-0.01333530104857532,-0.0027381987133461897,-0.029482630628252956,0.0024434878647745586,0.0017909328842854635,0.09919503292666425,0.00412771166666665,0.004533689612825915,0.07930649960483513,-0.008117690983637484,0.008125996918338962,0.009999999999999953,-0.0054250983227825955,-0.42153075231455,0.015416126806251373,0.001677641372159755
2020-07-22,-0.04999999999999982,-0.020000000000000018,0.0008152488841057979,0.007477761403090429,0.00994095243162059,0.04345004519118964,0.013139989521815007,-0.00013384540710626897,0.009494334027538964,0.0038922833333333,-0.00034258855866538376,0.12405938868351289,0.030990434062391846,0.014884289552853196,-0.009999999999999953,-0.002287160898256424,-0.440304747395501,-0.02115619996731155,0.005730639622957057
2020-07-23,-0.020000000000000462,0.0,0.009484953240698046,-0.00021859381635436472,0.007229422839801473,0.07836344773384844,0.017392048387273634,0.0006641018085836024,0.01480066210545938,0.021133249166666652,0.0017284480380705199,0.04235210190888979,0.043293519903784196,0.02074387957499962,-0.030000000000000027,-0.0006130527933914109,-0.440304747395501,0.06986967996048588,-0.012396345287241317
2020-07-24,0.03000000000000025,0.0,0.004649551093427068,-0.005155226388266714,0.15026643800387673,0.1620087328243325,0.0020935714787475067,-0.0002691817850680707,-0.016311378793016845,0.0133321233333333,-0.0007017035129670761,0.27587338401642203,0.024311030891776303,0.018466378904854266,0.020000000000000018,0.0006062807824518401,-0.440304747395501,-0.009245058144050855,-0.006209630744304917
2020-07-25,,,0.009856046358145095,-0.0023450335515456805,0.08927559768379069,0.07760005144336182,0.007311861034161604,-0.003635865140472641,0.048300422024125954,0.01487808,-0.00959678754289139,0.22562214635493094,0.005670757376062952,0.017630451816253095,,,-0.440304747395501,,
2020-07-26,,,0.004968452764598361,-0.0023276303818891087,-0.11388455694265563,-0.002884962968601763,0.0021602010121159077,0.00225554344185799,-0.03538311071912562,0.05008624666666665,0.005977154570521645,0.08244048141677275,0.05195530293367629,0.021556804042355417,,,-0.440304747395501,,
2020-07-27,-0.04999999999999982,0.0,0.0003417459523652152,0.05244159314561992,0.08484477768729413,-0.05332199458031293,0.007304024830035585,0.006712660181740945,-0.00013009717380442156,0.0590329725,0.017707690572748423,-0.45271242842023135,0.020827397897486465,0.02073704670918431,0.019999999999999962,-0.0063349450436165355,-0.440304747395501,-0.04350231195005927,0.007367919510066656
2020-07-28,0.02999999999999936,0.010000000000000009,-0.00524227406597023,0.001721046126154001,0.03672947227891771,-0.2093875302351292,0.010389113789577352,-0.0016048580511888368,-0.02654898278173436,0.07790089416666665,-0.004249116881924741,0.507886610657141,0.06544597039028566,0.020304855059144988,-0.019999999999999962,-0.0005794488410817422,-0.440304747395501,0.02790137150757932,-0.0064944443446854905
2020-07-29,-0.11999999999999922,0.0,0.029945224323283542,-0.00012792558790978033,0.04792463127871727,0.002180308062615488,0.02888154633919216,0.014818425294246087,0.039096214459887806,0.060517827499999996,0.039672266337485086,-0.21574908987357092,-0.009011974201599911,0.026259804952015364,0.010000000000000009,-0.0009064881031255467,-0.459310512479488,-0.05411089797531199,0.012351783128252691
2020-07-30,-0.010000000000000675,0.010000000000000009,0.013813235738195685,-0.0020324894521902984,0.09096242342192376,0.006783163946204171,0.0013681594325489377,-0.002390870693589132,0.026927254991170897,0.048185904999999946,-0.006304013951285742,-0.1654404896260406,0.010363989345791868,0.026206784011781687,-0.020000000000000018,0.0016043417841222762,-0.459310512479488,0.027017607319786308,-0.0037573107206831935
2020-07-31,0.020000000000000462,0.0,0.008441391721357992,-0.017492594422093555,0.05098390922434802,0.05272731872320673,-0.004710466032749309,-0.007344336550254108,0.03537638835382742,0.0466157558333333,-0.019524064549308266,-0.03549554428419617,0.027401326560223566,0.026234524334612003,0.0,-0.0016418811151073243,-0.459310512479488,-0.012190317557369212,0.007641191392371738
2020-08-01,,,0.00657392936536295,-0.059001754917775893,0.06449677322463669,0.05313562507678156,0.03457760916798862,0.004905577703966927,0.06645358183362927,0.0500301775,0.013540279575328853,0.03499420299638957,0.02586864065427682,0.02487268500061705,,,-0.459310512479488,,
2020-08-02,,,0.014987620479676172,0.006830920410378024,-0.004299443742120062,0.052484387450200405,-0.0008063163842428773,0.01723575679914872,-0.18250878772361342,0.05339197416666665,0.04613433627383984,0.2021568834557533,0.07823529955569149,0.0305139750058479,,,-0.459310512479488,,
2020-08-03,-0.08000000000000007,-0.010000000000000009,0.01100737451597276,0.00946258289390993,0.0024685232562088057,0.0005745154738392781,-0.004647637926569666,0.003107561621614828,0.02261047586239953,0.0388154208333333,0.008058694578193065,0.02866348992190941,-0.055297806983097816,0.044998006652076136,0.010000000000000009,0.005099247014937802,-0.459310512479488,-0.007386164067729073,0.007155365883905418
2020-08-04,0.04999999999999982,0.0,0.005075119360069821,-0.011437685608715158,0.04107160028102126,-0.05671392501936849,0.009689840128054343,-0.002512449528543581,0.012325067566289396,0.03375288749999995,-0.006573982284596133,-0.2981170489893549,0.027881278038151516,0.040776570271242166,-0.040000000000000036,-0.0002045921174653742,-0.459310512479488,-0.021649471696853162,0.0036054526780180396
2020-08-05,-0.08999999999999986,-0.029999999999999805,0.00570154527915324,-0.0021668150293726236,0.0032784841085191736,-0.007546040110974941,4.504547349645565e-05,0.004059571882696211,0.06522631206517797,0.032214217499999996,0.010601204937523909,0.027446135288875635,0.0018568011690579924,0.0399046706046206,0.030000000000000027,-0.007753486535713172,-0.476781749101045,-0.03294415571935394,0.006409157519801312
2020-08-06,0.019999999999999574,-0.010000000000000009,0.006304456308490792,-0.0018093936219431572,0.007430013768054644,-0.027523182739910067,0.028577359053965194,0.00923677273505688,0.022274428633738984,0.03011335166666665,0.024389304676813793,0.009061519649611396,0.03714893410721765,0.04048526194983089,0.0,0.0014415446002074006,-0.476781749101045,-0.01489948684604725,0.0064071581324238736
2020-08-07,0.0,-0.010000000000000009,0.0071987425324254875,0.011690518960658033,-0.022912122778505704,0.0035162225919310747,0.010383848820892164,-0.0006656506313468037,-0.04188248983514495,0.0204770258333333,-0.001756026686188649,0.0009275725555909727,-0.005019749232061619,0.041400584862452995,0.0,0.004957692580672912,-0.476781749101045,-0.019617214022706886,0.0006327942853729951
2020-08-08,,,0.014097101992017823,0.013519519768834434,0.010171107817832146,0.021751910068004084,0.003241936998140743,0.016464531684092884,-0.013160022633890914,0.011444581666666651,0.04268945389408503,0.03357254456646864,-0.028341449324344587,0.04418230845917204,,,-0.476781749101045,,
2020-08-09,,,0.0072269459427104134,0.03473669055556945,-0.0015931728588363678,0.02758725170210732,-1.5657932585519788e-06,-0.0017077364307000787,0.018951050062324563,0.02256028166666665,-0.004344076077207604,-0.32098306323857645,0.023210669488691646,0.03312999462653355,,,-0.476781749101045,,
2020-08-10,0.03000000000000025,-0.010000000000000009,0.006182175368147004,-0.0011679752131671822,-0.0013964035858314691,0.0014850187767385774,0.036175280083992976,0.012196223356171815,0.027015410002392434,0.03654233916666665,0.03172841405510803,-0.07301263880100525,-0.004778361800135409,0.022968080926447136,0.010000000000000009,-0.0003554331134418831,-0.476781749101045,-0.003608483843377641,0.0027384827334753226
2020-08-11,-0.05999999999999961,-0.010000000000000009,0.0041519811937766014,-0.020311784132563335,0.10136667395379995,-0.045401407879281507,-3.355545812031713e-05,-0.0058918221042835485,-0.012814360689169779,0.0269042125,-0.015201389427255067,0.4720802241342506,0.014767314879728995,0.02150974772605883,0.02999999999999997,-0.001736464739646948,-0.476781749101045,0.08236889568541894,-0.00800104654322098
2020-08-12,0.0699999999999994,0.0,0.01358028832661855,0.00957738876107907,0.00940125563430942,-0.03129225102749028,0.00245067566552288,-0.007111206992015929,-0.03298019360772585,0.0135327858333333,-0.0187069178454941,0.019075666246683894,-0.04067107285886079,0.02780982463383268,0.050000000000000044,-0.0010416223654603485,-0.490485980261696,-0.07561363468929416,0.013899455827980134
2020-08-13,0.0600000000000005,0.010000000000000009,0.003211501247920008,0.023667643532335986,-0.006622292827733894,0.00760925172914704,0.002327578144189948,0.0015290708138275795,0.05258618645041732,0.02378778916666665,0.004061473498269741,-0.05360383010729972,0.018745647594519854,0.024303366736160213,0.020000000000000018,-0.0011656524706289417,-0.490485980261696,-0.006755260996124779,-0.0020492235227109745
2020-08-14,0.09999999999999964,0.010000000000000009,0.00868292934092549,0.014101862975513706,0.02407735880668484,-0.015841366366789456,0.018297836394231246,-0.0019870377136299348,0.03162629080161446,0.05673011916666665,-0.005378914461844209,0.16920163261060664,0.059249641803069575,0.03377558623598264,0.019999999999999907,-0.0015363663777385739,-0.490485980261696,-0.0036215521701032927,-0.00017194661396580102
2020-08-15,,,0.01965090075841016,0.023680559341047763,-0.04760614591923509,0.273354722703017,0.0017377183880354832,-0.0041540460545301675,0.018149852121082607,0.053362164999999996,-0.011359189331149482,-0.12565018083623092,0.011327798276012463,0.03018530933602299,,,-0.490485980261696,,
2020-08-16,,,-0.001941527011300392,-0.0038496171910467132,0.0006576757051553029,0.07769142438938417,0.0012455093203558552,-0.0009799456643294897,-0.0024119850675782886,0.0504711808333333,-0.0027019324135993832,-0.16463905154267677,-0.0033076732131255334,0.030162961163243626,,,-0.490485980261696,,
2020-08-17,0.03000000000000025,0.010000000000000009,0.002759165787055784,0.001415835593071569,0.018482244693471067,0.05711605655368289,0.016012041335361406,0.0016765731717905974,0.03639971298427422,0.0562111058333333,0.004692630922397299,0.010690836060651023,0.0024487263479559675,0.029777705839569273,-0.019999999999999907,-0.0016303758396132295,-0.490485980261696,-0.032260862218221664,0.0027062093485916705
2020-08-18,-0.03000000000000025,0.010000000000000009,0.0116693825945531,0.013340818616534524,0.013936472315256543,-0.030314435072491264,0.018441419780886252,-0.00086229194788721,-0.01732047924539544,0.0529757158333333,-0.0024556799528863723,0.1534679918312835,0.01139836296503118,0.029694882421676363,-0.020000000000000018,-0.0016261748236505724,-0.490485980261696,0.007466203605005273,0.0023007288895726674
2020-08-19,-0.009999999999999787,0.0,0.016841128981368168,0.022425864423247722,-0.0032347723583932993,0.044250806930133404,0.0011467122765537606,-0.07294396081917887,-0.0604629950269717,0.0218232475,-0.23348120912867618,-0.007858435227385687,-0.0226311314261367,0.025156736284070176,0.010000000000000009,6.605861288822013e-05,-0.50075428941507,0.046773565331991396,-0.004414143638946655
2020-08-20,0.03000000000000025,0.009999999999999787,0.00018125400978845997,0.02337963137520795,-0.012473750666220664,0.02676240465364648,0.0037337001445380408,0.07070641633178155,-0.004192075842255343,0.01796963666666665,0.22783296059162045,-0.01777159591772107,-0.02788023405678246,0.028697736688901077,-0.020000000000000018,0.0021047262971114478,-0.50075428941507,0.007954085241320463,0.003153680820281224
2020-08-21,-0.03000000000000025,0.0,0.004336198163541852,0.02520588111325405,0.02444642391135892,0.054768131571803956,0.011911371894997093,-0.0018776153983985529,-0.006666625453705467,0.0148582875,-0.00549028213158307,-0.15880504003671683,0.01747192962916037,0.01756934509103073,-0.040000000000000036,0.002091762931226704,-0.50075428941507,-0.007954085241320463,0.003435228739302687
2020-08-22,,,0.008058990970941284,0.007128076024364433,0.005932590423855857,0.03967841349520444,0.0029528490700089713,-0.001615100232795344,-0.03638151445329325,0.0125869875,-0.004760976937602579,0.15009853737404477,-0.05175463600145066,0.02460510362244587,,,-0.50075428941507,,
2020-08-23,,,0.0038848513203290007,0.014577001073216706,0.0171836880604939,0.10107464185772551,0.002447052177339576,-0.004149407872301509,-0.0036259076684181054,0.01279532416666665,-0.012366943856292422,-0.17405704181558077,0.01853070359455759,0.026957055237558165,,,-0.50075428941507,,
2020-08-24,-0.08000000000000007,-0.009999999999999787,0.0013890161093844096,0.013566680953890985,0.004237556558943536,0.04111979094453654,-0.0007367621893912931,-0.015480779652363594,0.034396243092351564,0.0194514658333333,-0.04750194816988156,-0.06654125538192718,-0.0076979124877242485,0.0266041786577008,0.030000000000000027,-0.0012411891705461642,-0.50075428941507,-0.007570733109591998,0.009993580954931858
2020-08-25,-0.09999999999999964,0.0,0.005056560405679672,0.005270025367188492,0.009021930796312704,-0.1321080636644826,0.003263762484275337,-0.002933343121513164,0.017684476631564038,0.01220131416666665,-0.009291174818572648,0.0953852881465479,0.026617238500563863,0.029052252113805268,0.030000000000000027,-0.0007820903430575399,-0.50075428941507,-0.015315614687786194,0.0035898742533948536
2020-08-26,-0.05000000000000071,0.0,-0.0022962047583611053,0.014685296737023169,0.002709893839951104,0.1170742463679782,0.015339554059931343,-0.00037553603956521844,-0.06026030598878784,0.00613105999999995,-0.0012142385798442348,0.1550726429786714,-0.048742229377430085,0.032856346506315595,-0.010000000000000009,-0.0016817676999316689,-0.506888311314166,0.05475981649994832,0.010144040989640501
2020-08-27,-0.03999999999999915,0.009999999999999787,-0.0005485434591365787,0.01229707569481339,0.0052798103609886776,0.01196117714442797,0.0009317906974903534,0.008945360347836504,0.00563040380128585,0.01005917,0.02855636474264583,-0.14690358640989212,0.007724327512177878,0.03246982300515782,0.04999999999999993,0.0002117687715852412,-0.506888311314166,0.05028290014037973,0.001671626404583293
2020-08-28,0.019999999999999574,-0.009999999999999787,0.01314162916775667,0.0177036282842531,-0.0058007757238276855,-0.08648148776944266,0.0178408200183692,-0.0011860614306648913,-0.0025459457919083505,0.0070626708333333,-0.0038071562850703245,0.023311812478795494,-0.012330805734716274,0.03088508407729775,0.020000000000000018,-0.006119035509768445,-0.506888311314166,-0.06369430600321424,0.006710014078512572
2020-08-29,,,0.0077071062655938915,0.001338165534343609,-0.0010041880880800945,0.03687075852684796,0.004132867262061914,-0.004023493458460233,0.004761494801731958,0.00763195999999995,-0.013078427456979003,-0.08440875719676685,0.02670511695258483,0.02706511188360695,,,-0.506888311314166,,
2020-08-30,,,0.013071636839649814,0.024115494105503302,-0.016277954817702032,0.05509402623131816,0.0013004686979167554,-0.00858269984449345,0.04633795405960357,0.01036845916666665,-0.02852085123594696,-0.049390781095880125,0.0036957050071483415,0.02607603372479056,,,-0.506888311314166,,
2020-08-31,0.019999999999999574,-0.010000000000000009,0.0016459048139597942,0.008972918922913173,0.01355167213186253,-0.0018892528848328397,-0.0031826284921278297,-0.0025752744744199437,0.02280798370495023,0.0183138675,-0.008691079143666508,0.15821488999702665,0.04442665143896403,0.03073023586108682,-0.020000000000000018,-0.0015434020051543484,-0.506888311314166,0.13998915485767505,-0.00219738913128964
2020-09-01,-0.04999999999999982,-0.010000000000000009,9.662879231293604e-05,0.0020989836423967695,-0.006849345846317977,-0.1234861271208062,0.028282400068279312,-0.01294392429218071,0.05861947547001945,0.03327886416666665,-0.04618250175850552,0.07194129343057588,0.007335025938734977,0.029504986750195486,-0.029999999999999916,-0.0016418299323763819,-0.506888311314166,-0.011041421900810366,0.0074968758512330425
2020-09-02,-0.040000000000000036,-0.010000000000000009,0.008773021618612598,0.03206776643655161,0.049476998226090425,-0.07427790544289063,0.002665484222925318,0.00123000708785307,-0.07048823308433837,0.03029427166666665,0.004493322902541933,0.22098182660495638,0.053366876924596546,0.02368333650213401,-0.030000000000000027,0.003987067407650535,-0.508901203254112,0.017081455363491482,0.01524899790823575
2020-09-03,0.11000000000000032,0.010000000000000009,0.013498397899817638,-0.0030276574163784096,0.052303913100716394,0.001901424499186063,0.0217983197243646,-0.001726185843600725,-0.2104060535023177,0.0051867616666666505,-0.006451180770659263,0.029471780385699732,-0.060186981564775054,0.03831815914739583,-0.020000000000000018,0.00032830832323860193,-0.508901203254112,0.23474330719743675,-0.035757586556313115
2020-09-04,0.08999999999999986,0.0,0.004215456429228142,0.04126836535985425,0.05254666799062952,-0.0076280299097387936,0.012518226912060613,0.014591421705199257,-0.07239807806899816,-0.0020553858333333,0.053917148095770244,0.38683071339338004,-0.12427035591016893,0.06367361689743155,0.07999999999999996,-0.0002912497564784289,-0.508901203254112,-0.08863607271663199,-0.008166252396865303
2020-09-05,,,0.018919081990834936,0.04271338750054623,-0.10754118852404629,-0.0038649987938627647,0.004870243769411318,-0.0028423180374186007,-0.05254186238877195,0.00540034166666665,-0.010327671928905172,-0.5667960952324249,0.019337767792745764,0.06308198065299615,,,-0.508901203254112,,
2020-09-06,,,0.01442497711577223,0.025319018972234143,-0.05406833804223307,0.16454287596167474,0.0037584337869748705,0.006166898863435653,0.010851625561921477,-0.0014550624999999998,0.02235680037672137,0.7309084951416119,-0.08895113154074671,0.06959201543198508,,,-0.508901203254112,,
2020-09-07,0.0,0.0,0.000698541723191798,0.023886303702953346,-0.023619008234545855,0.03976299509957769,0.00442429893270025,-0.0006772423868972208,0.010909978512119107,0.0043571083333333,-0.0024417029703120044,-0.4391082367847285,0.030975975021235697,0.0676336175654884,,,-0.508901203254112,,
2020-09-08,0.1200000000000001,0.020000000000000018,-9.10206557140905e-05,0.018424557550635004,0.015662493507036777,0.035842592052612435,0.014542619570820899,0.003035540502162451,0.00544501930636219,0.00674712166666665,0.01105675463564208,-0.20476793232066376,0.0032400060558276465,0.06734257724450562,-0.029999999999999916,0.0036740379355038044,-0.508901203254112,0.022826903377604957,-0.028148866864059485
2020-09-09,-0.08999999999999986,0.0,0.0066468163570451684,0.020753131877433387,0.0024712175637086396,-0.05187641882543941,0.0028737170953176713,-0.0020801546753084527,0.004562912202786047,0.00400534666666665,-0.007585473594275498,0.414870421846914,-0.031793179105951044,0.05814636076615583,0.019999999999999907,-0.0028608189478545043,-0.506756513573798,-0.08799434853369448,0.019944798533671815
2020-09-10,0.0,0.0,0.006036660187329918,0.01646721435202398,-0.0035822964650668683,0.04058704682137795,0.019471361379725778,0.0052768573599981305,0.032478520966864516,0.00013349499999999997,0.019504050051159395,-0.5961235162229434,0.024595490948710632,0.06101557605348277,-0.029999999999999916,-0.0021421526343665676,-0.506756513573798,0.030761140378078977,-0.01774123987058651
2020-09-11,0.04999999999999982,0.0,0.007055800419991059,0.0076403574714912935,0.05316847205295586,0.07167814808918581,0.0051546798581505555,0.002421932290994722,0.003443691673629267,-0.0006705941666667,0.008871435425125291,1.4854881570823044,0.028271267249886812,0.04404914018309894,0.0,0.0017761136415286316,-0.506756513573798,-0.10047326684711644,0.0005329213797651278
2020-09-12,,,0.01004356462628737,0.03496003692075508,0.010438083477001075,0.02294928995567389,0.004022015007241183,-0.003011810690425157,0.0200392400029674,0.00209058,-0.011088862921993991,-1.507289471515052,0.01020397476564512,0.04344121340048806,,,-0.506756513573798,,
2020-09-13,,,0.00793861208503378,0.021995707177304667,0.013663218573128926,0.03518980922553119,0.00429489305045686,-0.0017824319105688422,-0.003701861838785109,0.0069949975,-0.006649527844859811,-0.0710494821085799,0.02107010990084955,0.02184270241262815,,,-0.506756513573798,,
2020-09-14,-0.03000000000000025,-0.010000000000000009,0.0018307461009414766,0.019300391566290737,0.00013734738210543278,0.06437463275041407,0.021940932784671813,0.004176913441119734,0.03219905396092756,-8.583166666665046e-05,0.01585475456823696,0.08562585253149133,-0.034567298353829067,0.02615770461231156,0.0,-0.003830334369306243,-0.506756513573798,-0.03869982167296149,0.01266131471119003
2020-09-15,-0.040000000000000036,0.0,0.0001010354574348496,0.010583854807802504,0.13590739359788853,0.027675199639960107,0.007697870136465442,0.05155307885605532,-0.018721559282415538,0.00619830583333335,0.1786838209161197,0.09526443944536256,0.030247832160089375,0.028116956279404106,0.0,-0.00044976163392007606,-0.506756513573798,-0.010108950782740767,0.0052058118315070345
2020-09-16,-0.0699999999999994,-0.010000000000000009,0.01343098713309463,0.028747729360452053,0.12356175537908651,0.018958189355282328,-0.0023640577028959144,0.0002316481344744743,0.05075865579224491,0.007461389166666651,0.000733247183156741,-0.04452128865381085,-0.009897957345764038,0.024019447538569688,0.010000000000000009,-0.0020533079012716726,-0.502395037558342,0.017432167168670798,-0.004629658363745293
2020-09-17,0.0699999999999994,0.0,0.002002052758230985,-0.0005699329804621344,-0.06405805922730537,0.03387855379202474,0.02785124586219187,-0.012007101529376334,0.01689468985780822,0.01194779,-0.03984929461585741,0.047340794041359456,0.008178290971832872,0.023140983568178133,0.010000000000000009,0.0007409240397899808,-0.502395037558342,0.01600034134644135,-0.008447955322131051
2020-09-18,0.020000000000000462,0.0,0.00720368992538086,0.01475124922387305,0.10295160465853588,-0.0024384215913707446,0.006028808560495916,-0.001259108248231135,-0.0006277733119796242,0.00911930916666665,-0.004298121545710408,0.0650702053395502,0.03075064529777172,0.02352511671670635,0.0,-0.0017314129990175786,-0.502395037558342,-0.02409755157906046,-0.011245565213034325
2020-09-19,,,0.004875943297247187,0.03396573297286205,0.08711213937259744,-0.04993433388326868,0.014702482410553917,0.001962153769830168,0.008276134587085671,0.00363422166666665,0.0067887923935426794,-0.2763922204088887,-0.007782192262544444,0.02421610405226188,,,-0.502395037558342,,
2020-09-20,,,0.0048165792530698295,0.047153345854821345,0.12105817254743835,-0.1608490707711595,0.0021192300873517818,-0.007525896171380789,-0.02910105539471809,0.0014646766666667,-0.02634959384733933,-0.03952287442804196,0.01011728799678929,0.023376287733753238,,,-0.502395037558342,,
2020-09-21,0.2599999999999998,0.020000000000000018,-0.00010191764348300949,0.026525350213440112,0.02716934086236058,-0.03248208430055594,0.0026876024059978216,0.005690844897461399,-0.03543613976846859,-0.00012266666666669993,0.020041706537961765,0.07064880368142176,-0.026477635079742986,0.021264247621497857,-0.020000000000000018,0.009830942561856126,-0.502395037558342,0.07277973021844852,-0.011638590711243069
2020-09-22,0.03000000000000025,0.0,3.127270141083112e-05,0.01970723230576527,0.034189034628442756,-0.024065257120402805,0.0003818162111460558,0.0004891531737143534,-0.004012836899354211,-0.00397819,0.0017047224658711588,0.20213706002033913,-0.06436119813367759,0.030581912423993746,0.010000000000000009,0.0014236540160990074,-0.502395037558342,-0.03367814623110599,0.010463013638869256
2020-09-23,0.019999999999999574,0.019999999999999796,-0.0002423951372331446,0.002800543172933521,0.017766612699737273,-0.011897462562428624,0.002571508489719969,0.0008952002446548198,-0.013827381262767556,-0.00516252916666665,0.0031203113205199463,-0.1925945288057384,0.008053737495926796,0.031191384497998183,-0.010000000000000009,0.00606341390700571,-0.498550456165066,0.06206898140662975,-0.02400729416109293
2020-09-24,0.16999999999999993,0.040000000000000036,0.0021030038133501485,0.0187804747114537,0.05081586481210995,-0.018763431698911592,0.002969600301384701,-0.00024904220685069845,-0.0016050878199523886,-0.0039378158333333,-0.0008696646402889461,-0.06528221857852452,-0.04900102966810867,0.03422045187960168,-0.010000000000000009,0.0025102238522887177,-0.498550456165066,-0.002452269577140953,0.002982954347357847
2020-09-25,0.0,0.030000000000000027,-0.00047624875737290584,0.024541809227107646,0.011731730807642528,-7.282042232326697e-05,0.00013186703874961032,-0.003819894963213235,-0.0010046038069819916,0.005885548333333299,-0.013436645803008346,0.11803247001494263,0.06543998375057336,0.0431458017079763,0.010000000000000009,0.002723700068633761,-0.498550456165066,-0.07764875563541196,0.015850478138508706
2020-09-26,,,-0.002234490048588401,0.0009615367321514342,-0.0010380709842655684,0.006217895260119733,0.00419044714722363,-0.0003887924604400677,0.015192218517457102,0.00451714916666665,-0.001383561823288199,-0.11676223039410688,0.001505422653114201,0.04333705529149777,,,-0.498550456165066,,
2020-09-27,,,0.00544248142171816,0.01621190984908769,0.024004874727969604,0.02288151805819346,0.002136147295687588,-0.004529559471892571,0.0023504724898329127,0.00632677916666665,-0.016296669612750073,-0.07341810204834878,0.007008993380736668,0.04313812971738701,,,-0.498550456165066,,
2020-09-28,-0.1200000000000001,-0.010000000000000009,0.00482703660232236,0.01998354792994626,-0.0009347570918549873,-0.007489658948070654,-0.00407486586425439,0.001945035383588738,-0.021727732706681352,0.008534948333333299,0.007002013391206505,-0.004779561644908051,0.004971001041650679,0.042558555407222566,-0.010000000000000009,-0.0021241212866458525,-0.498550456165066,-0.007228488769547958,0.01598215087400412
2020-09-29,-0.019999999999999574,-0.010000000000000009,0.0026417570567950945,-0.028482242582916654,-0.015040126025218281,0.006629073862579651,-0.00043752017584391636,-0.002429045110905253,0.021697299122658092,0.0019922,-0.008748219769282325,0.07244208251330074,-0.008057026861602277,0.03356952489914613,0.020000000000000018,-0.0007807988529888732,-0.498550456165066,0.003049945177827862,-0.004824244783808496
2020-09-30,-0.08999999999999986,0.0,0.004569388531287321,0.003203475740428461,0.00015621425243059558,0.010721711099822456,-0.0006598183917246302,0.0020861402948119394,0.009504919867644894,0.0060829025,0.00751293553964737,-0.0579195919412837,0.014693291062020289,0.033787201000899,0.010000000000000009,-0.004947295907345328,-0.492880115073822,0.0037993966677469793,0.008219833784947284
2020-10-01,-0.04999999999999982,-0.010000000000000009,0.003317976498713717,-0.001688293873616477,-0.008122535639418917,-0.002547969267307551,0.008575436621273726,8.47376442943567e-05,-0.03419423569928839,0.00442362666666665,0.0003065983629197666,-0.052073545185801484,-0.0028433177591897,0.02473160108643772,-0.020000000000000018,-0.001911253565189952,-0.492880115073822,0.012436565041008318,0.00527893512152211
2020-10-02,0.019999999999999574,0.0,-0.0007297977726516421,0.0017637190969412957,-0.028268286428944828,0.005113688128648282,0.003283163228136879,0.003586328710502992,-0.008474792803759476,-0.0036096475,0.012932767827551244,0.20738974554464498,-0.01565882436888814,0.010081502504599509,0.029999999999999916,8.052950725456753e-05,-0.492880115073822,0.0342385735291213,-0.00961780214318253
2020-10-03,,,0.0034141110026473785,0.022808675068093375,-0.00043400208258684064,-0.003222835023842846,0.0019981667974660216,0.0011168178892756256,0.0055052376689604145,-0.00741417166666665,0.004001446932807533,0.021992375384333445,-0.013029637033348793,0.011209147347433874,,,-0.492880115073822,,
2020-10-04,,,0.0022170145715249417,0.014676243416511438,-0.007256746743887501,0.0019262031066036667,0.0002955272287740413,0.0016616276032070906,0.012683529184094057,-0.0011238883333333,0.005925714757920029,-0.2923530711228483,-0.0011165093441669917,0.01054019470307931,,,-0.492880115073822,,
2020-10-05,-0.20000000000000018,-0.030000000000000027,-0.0007432532153370652,0.004525698369014153,-0.0025643184288213637,0.008299748464006548,0.0007948004738734715,0.0063839323975848185,0.02882111299420863,0.0006772274999999499,0.02246298555119678,-0.0015536506629083516,0.01510481946326165,0.012357656354371164,0.07000000000000006,-0.004769257776022329,-0.492880115073822,0.011872778430284558,0.017815885301178724
2020-10-06,-0.1200000000000001,-0.020000000000000018,0.002012885429898061,0.008536288682846884,-0.002094184293178966,-0.009138166501625359,-7.181117974949534e-05,0.0007617446627087766,-0.006397898429381433,0.0014293833333333,0.002646756107738016,0.08472714773664873,0.0069474708200702485,0.012343815836987458,-0.020000000000000018,0.0007864233117764741,-0.492880115073822,0.05293714995552623,-0.014086778930183286
2020-10-07,-0.040000000000000036,-0.019999999999999796,0.0004584781898460948,0.0027538051907074292,0.012489067038300423,-0.013695233434824351,0.0005741811371536765,-0.0007868019691130266,-0.0014587555677712434,-0.0035520258333333003,-0.002735511659646639,0.09020422091159318,-0.027079366839745607,0.0143250371686134,0.030000000000000027,0.0006586052252401942,-0.489753833557598,-0.049366992646821206,0.017256047320879375
2020-10-08,-0.04999999999999982,0.0,-0.0003406548421839779,0.013518153069381669,-0.0060526801820966454,-0.0648471214722051,0.005188544940151318,0.00023644982346300092,0.036131711785377656,0.006700444166666651,0.0008271418651756682,-0.16168370189007483,0.004130509713723362,0.014766730849784911,0.0,-0.0015397163771027067,-0.489753833557598,-0.062497365040008024,0.007975248642445365
2020-10-09,-0.04999999999999982,-0.010000000000000009,-9.311259871790683e-05,0.036264251004308565,0.0035486555056148464,-0.026679068122220068,0.010318069721132138,0.005444855507630813,0.034889847438551475,0.013623854999999999,0.019053938960180178,0.1412146310924422,0.02269098708731234,0.01685387435847579,-0.020000000000000018,-0.0076909696107021475,-0.489753833557598,-0.05297188476610604,0.008752272809347872
2020-10-10,,,0.0009754296577696168,0.0009545296330182413,0.020144020489293358,0.029141584000186797,0.002715708866018307,-0.0014661380781975748,-0.001546832736986697,0.01607993666666665,-0.005108938561654709,0.048879908287574624,0.029320613929898116,0.018463839644408526,,,-0.489753833557598,,
2020-10-11,,,0.0048635343750401475,0.015495621175956271,0.007767729770352485,-0.004252398576813213,-0.00026861964747957673,-0.0004942858247635908,0.009484133484133147,0.0129328183333333,-0.0017278351604858,-0.012713307435519473,0.016966233950008288,0.018380502513008084,,,-0.489753833557598,,
2020-10-12,0.0,-0.010000000000000009,0.0013500302073062916,0.0007586207005597196,0.015066749475641562,0.00012723918975164172,-0.0005201118067029759,0.0010407367146286095,0.006544894088888478,0.00890581916666665,0.0036326648550307765,-0.2175957151152794,0.009430416501411337,0.01822823763854615,,,-0.489753833557598,0.0027960873020016486,0.016285383484969884
2020-10-13,-0.040000000000000036,-0.010000000000000009,-0.0004723697387424068,-0.005122355154238793,0.002625308008285208,-0.022541801914629202,-0.003551225331829049,0.0028627993127695157,-0.016232457223124053,0.0059853775,0.009889973967357843,0.3197791513213165,0.02396535815827035,0.019038873757909042,-0.050000000000000044,0.005493416540925722,-0.489753833557598,0.03911331577520816,-0.006326880453748629
2020-10-14,0.009999999999999787,0.0,0.0019143905986833453,-0.024037694010634967,0.022925816333261732,-0.00489743537868705,-0.0036176858419236933,0.005985570609096858,-0.014012371867905304,0.00028550416666670004,0.02029450681327485,-0.13154512839915652,-0.013018497083199902,0.014512851310490868,0.010000000000000009,-0.00193006991325273,-0.489895636146259,0.01257878220686015,-0.006645169155040875
2020-10-15,0.1200000000000001,0.010000000000000009,0.0005125126202714942,-0.007952953488493045,-0.021602482495618545,-0.03415546292915603,-0.0014363948736161867,-0.00021251148255413608,0.0015108878752177566,0.00323422,-0.0007125031551623491,0.060179432842215684,-0.002161626868217852,0.015350118736092898,0.010000000000000009,0.003530883333672463,-0.489895636146259,0.021361126999368096,-0.001528971139844515
2020-10-16,-0.0699999999999994,-0.010000000000000009,0.0005399947033474195,-0.005158250262371577,-0.0036696115087624507,-0.020140582754977075,-0.0015193719648573998,-0.004104458092393698,-0.028925322404799385,-0.0007392308333333002,-0.013840669095309994,-0.014495544224379903,-9.53225118200938e-05,0.01523358996296837,0.020000000000000018,-0.0028335558323977494,-0.489895636146259,0.01618277316305594,0.00013491886947036846
2020-10-17,,,0.0012156381383100607,-0.012981747464556301,-0.002192131437007845,0.006949400741422158,3.0638553909206046e-05,-0.001437173808839563,-0.006063741884614384,0.0011069774999999998,-0.004892092508503908,-0.028270607741212605,-0.022764958674679217,0.01644101438357898,,,-0.489895636146259,,
2020-10-18,,,0.002124801179515585,0.0013716366147190598,-0.0037161900320564494,0.0014181556870594574,0.0019528201739309225,-0.002986162117019457,0.026944646267767134,0.0050827258333333,-0.010262095811985379,-0.2278346640193459,0.0056799577570629586,0.015208474967873847,,,-0.489895636146259,,
2020-10-19,-0.03000000000000025,-0.010000000000000009,0.0013456789247707043,0.008588667109093518,0.0016231830762415947,0.04719206032715227,0.00014142160241511066,-0.0004493892008555404,0.0706721191099191,0.00903957166666665,-0.0015537257699027168,-0.027358785071993796,0.018278090558655605,0.016427324012117925,0.0,-0.0031561078406454612,-0.489895636146259,0.06257563277994516,-0.016464623898633235
2020-10-20,-0.009999999999999787,0.0,-0.00022734433946777923,0.0027490189029973976,-0.004078936734815606,-0.07402515971530084,0.008456272765832305,0.0024881230468429038,0.01605654191422605,0.009190705,0.008644800747500563,0.1604163201620417,0.013121381552554937,0.014322450736067409,0.050000000000000044,-0.0013405501904371064,-0.489895636146259,0.005809003179465755,0.004716138487298238
2020-10-21,0.009999999999999787,-0.010000000000000009,0.0031113916720875855,-0.0020575615615171573,0.006755531020621723,-0.001351243990451157,0.0213058897101315,0.006730083561450337,0.038470448296689615,0.013925864166666649,0.023505346590276154,0.0645292776091909,-0.008644192508362552,0.013750781133565147,0.019999999999999907,-0.002934491392132088,-0.492405677135735,-0.024139103113356875,-0.0021980970313855153
2020-10-22,-0.03000000000000025,0.0,0.006465962650467587,0.020157057767736502,0.011270087275042874,0.001853491658153887,0.007361087397548355,0.0003906348121413421,0.04937471552912084,0.023744755833333298,0.0013574539387642614,0.37401405861512727,0.06655607308008138,0.02833706990874002,0.020000000000000018,0.0017824030288071668,-0.492405677135735,-0.01902805824230791,0.00520537388632647
2020-10-23,-0.009999999999999787,-0.010000000000000009,0.003046898969917504,-0.0017941842816628017,-0.005496863982538487,-0.01773257274686862,-0.00272134935242404,0.001025807949231044,0.01779455455152078,0.02099720666666665,0.0035462824638250842,-0.11968385511193756,0.033015482007537254,0.02906589101814133,-0.039999999999999925,-0.0008968906655413278,-0.492405677135735,-0.020122849319517133,0.003439866491129706
2020-10-24,,,0.006843430478835504,-0.009694584014143342,0.02541271913744942,-0.02255114176840668,0.0018671351234664341,0.0019765287015659876,0.03579670740347758,0.0137049558333333,0.006810386229136462,-0.1361963820911621,-0.006133352393443059,0.025976648731123257,,,-0.492405677135735,,
2020-10-25,,,0.005914886895467933,0.010820197949042985,-0.003627642481212908,-0.008572438223421118,0.001525191012938757,-0.00224250793535631,-0.034334335702578204,0.009272925,-0.0077422482658437925,-0.12811430380020727,0.01057599786343761,0.025672287586065035,,,-0.492405677135735,,
2020-10-26,0.16000000000000014,0.0,0.0022747322050486146,0.007301097775097202,0.0012017580919847573,-9.468394381473869e-05,0.005744727063004479,-0.0005482254517445306,-0.002180728591032955,0.0069721233333333,-0.001912867121075103,-0.04093106790508565,-0.010331501827282458,0.027827908044191933,-0.020000000000000018,0.0023196617495964134,-0.492405677135735,0.1640060264875216,-0.018764495369547163
2020-10-27,0.02999999999999936,0.0,0.0035424091439707696,-0.011418827822413038,-0.005380505077450078,-0.08513172260618915,0.001855761600767853,-0.003521336367478303,0.03638243585222738,0.0062105816666666504,-0.01239777839972701,0.2832813165091134,-0.014468383057412444,0.029856740900529418,-0.020000000000000018,-0.002315314409277569,-0.492405677135735,0.027049210275187807,-0.003030193803752468
2020-10-28,0.23000000000000043,0.020000000000000018,0.003442790962301714,0.012672235604035187,0.015243267400718255,-0.04795669023730867,0.009176849618300925,0.002370968280944157,-0.08337829094916129,0.0057544325,0.008441277774528945,-0.061810870394962206,0.03498576269591887,0.029850143222725382,0.0,0.006838391853263737,-0.498307241155965,0.1887972954887287,-0.03592557122600937
2020-10-29,-0.040000000000000036,0.010000000000000009,0.002850911442416568,0.010393265026797178,-0.001740700696166604,-0.07095230686063883,0.00361608970135205,-0.00038966715821649997,0.043687030527340985,-0.00331225416666665,-0.0013874464638049563,0.10598705106543886,-0.032310410309213194,0.02513279262501063,0.05999999999999994,0.0043479603130327504,-0.498307241155965,-0.06911701027427508,0.011876501443804699
2020-10-30,0.0,0.0,0.004539169075048757,0.015487680012404425,-0.004772597699514349,-0.02154846649800323,0.00806328795028383,-0.0010985751668238781,-0.01148576496456236,0.0009777641666666999,-0.0039537903396178005,-0.14002487516429854,0.0028091627578469697,0.02125167318106773,0.050000000000000044,-0.0014756352963303243,-0.498307241155965,0.01137427948419667,-0.012203669046733978
2020-10-31,0.07000000000000028,0.010000000000000009,0.000975408318677381,-0.001178197425825221,-0.012313699771624942,0.003325829419138857,0.0026525574147580823,-0.0022969091501507844,0.04595300710730639,0.0064140308333333,-0.008339656821418611,0.027562655052156413,-0.0010759239283135136,0.021178519467051505,,,-0.498307241155965,,
2020-11-01,,,0.0055061180153755706,0.017516257354455292,0.0017721671631246761,0.013841128957591412,0.0005197323339967942,-0.000611690999408171,0.0014368074025782071,0.00621636666666665,-0.0022338774852872743,-0.07242181161406216,0.012669320626273472,0.021389571163039516,,,-0.498307241155965,,
2020-11-02,-0.07000000000000028,-0.010000000000000009,-0.0004327449831343462,-0.0006893854716603381,0.01116047701257744,0.006557228622485091,-2.253483090802721e-05,-0.0096470738924769,-0.038960960254089703,0.01172030416666665,-0.03590640260073954,-0.10899142809876006,0.009525748049143584,0.021278169695984936,-0.030000000000000027,0.0008667156368469264,-0.498307241155965,-0.02368706887129468,0.012242941894852422
2020-11-03,-0.17999999999999972,-0.010000000000000009,0.0026465723024381486,0.0021755781669902355,0.009213932809010433,-0.0252896400555213,0.00661613873151242,0.03262743294217202,0.018425418793984318,0.0063034399999999996,0.11730879732846956,0.09060179056217196,-0.020175378762407985,0.022096038203719023,0.020000000000000018,-0.006524380731081081,-0.498307241155965,-0.04348511193973881,0.017642760820757886
2020-11-04,-0.28000000000000025,-0.020000000000000018,0.0007501021673635825,-0.005499510908035149,0.006473034287032149,0.013121792077000748,-0.0011244005984570881,-0.0016359668223955744,0.031480043868056196,0.0128737225,-0.005559249603052801,0.031415256071461624,0.020551209465231878,0.01881712031976911,-0.08999999999999997,-0.002709759691882141,-0.50683484696528,-0.18417982238486408,0.021807516584335218
2020-11-05,-0.20000000000000018,-0.030000000000000027,0.005297011218439874,-0.01025830638534227,-0.010159386742605959,0.029661684305249812,-0.0005259797585052593,-0.005793657087589121,0.03210013244267217,0.025209085,-0.01992939891616041,0.15513535178595836,0.02186360191997219,0.014509890063759516,0.010000000000000009,-0.006202352137812284,-0.50683484696528,-0.06966946149923015,0.019273262670013835
2020-11-06,0.08000000000000007,-0.020000000000000018,0.008514073810907592,-0.007215557284323528,0.004294318698010589,0.01226777517586235,0.020722021635341238,-0.0004789605209859575,0.04390519451196775,0.036996567499999994,-0.0017003744522845335,0.2859190880169166,0.06635103189861986,0.02659206305628364,0.020000000000000018,-0.00405958162660891,-0.50683484696528,-0.10383078628259046,-0.00028775379869649953
2020-11-07,,,0.005456788012393008,-0.004699417270391619,0.006164649032731285,0.008426304166348517,0.0025039167430540524,-0.008554174191568335,-0.09329331779215908,0.0358631908333333,-0.03094438276676794,0.017244564326152664,0.04434844290811603,0.027355169962740657,,,-0.50683484696528,,
2020-11-08,,,0.010104544880510678,0.011646768224995543,0.0012958769640523044,0.018252724958642143,-0.0006458224270960597,-0.0018456666081935024,0.06509403032327948,0.0294383975,-0.006799688603705246,-0.10958171369229262,-0.045651222701141414,0.0376662001173605,,,-0.50683484696528,,
2020-11-09,-0.4500000000000002,-0.06000000000000005,0.002039887396956709,-0.003013301481750379,-0.001623627918392759,0.0005985377696072561,-0.002733936295506524,0.003987226101515576,-0.013971222478974466,0.02768383416666665,0.014592312985939274,-0.2559633118282714,0.04475306336658341,0.03931252973534417,0.12,0.0008558348550762318,-0.50683484696528,0.035174541027179984,0.011631958050303481
2020-11-10,0.15000000000000036,0.0,0.004534771511988833,-0.011791084475420974,0.004779639586183616,0.0033828033749758297,-0.0009725825051648114,0.002776718776118555,0.007824976984513874,0.01440959166666665,0.010028097813632139,0.16449131252460927,-0.01666870145801857,0.03875048456894913,0.0,-0.00012096498516722676,-0.50683484696528,-0.0375909739388085,-0.0014007834839127042
2020-11-11,0.0,-0.010000000000000009,0.0007833814667128923,-0.00528811956571895,0.007180505544932462,-0.0037812577993900365,0.015183344217034517,-0.004541034029660248,0.09126449155011922,0.01631575166666665,-0.016706381849273574,-0.3323677245244629,0.0034748503136892124,0.03919820510219664,,,-0.520407820057502,-0.05597315827864824,0.007622761226929953
2020-11-12,0.25,0.030000000000000027,0.00828117815291162,0.00021002645349583557,0.029205233311447996,0.025112831021270828,-0.0015599465698974799,-0.002653219205996955,0.0361754256571438,0.013055108333333301,-0.009876406759297345,0.1738167628723587,0.027822312983713376,0.0393875862810118,-0.08000000000000007,0.001826940427575252,-0.520407820057502,0.07790823514490386,-0.01002867890894521
2020-11-13,0.009999999999999787,0.0,0.006618533694528059,-0.008051231461712632,-0.0028696966122955725,-0.0007710581446174853,0.01053833428215041,0.07840051664396172,0.024372161353927578,0.01440072916666665,0.2595857704274317,0.09800000907208194,0.01704530602803015,0.03317119001332188,0.010000000000000009,-0.0003903309986368342,-0.520407820057502,-0.0929461125094444,0.013518576706374574
2020-11-14,,,0.008840317208380506,-0.00010654891844260154,0.006966815016646896,0.0004841143368201694,0.0011926457829496955,-0.001967961640190123,-0.04431674143855113,0.0109190033333333,-0.005762322594258549,-0.0925670221800456,0.016563585530504358,0.029987842465499848,,,-0.520407820057502,,
2020-11-15,,,0.008333359149414596,0.00606208859536715,0.003967504083409817,0.009566387413917656,0.00012033767372603343,-0.0002975216272840087,-0.006728912951531634,0.0066708725,-0.0008741650193756653,-0.1117875838338963,-0.021249778282930443,0.023622165693663315,,,-0.520407820057502,,
2020-11-16,-0.1299999999999999,-0.020000000000000018,0.0037160488054803014,-0.0010354544266603237,0.00896682668038497,-0.007639796909378365,0.007216773875633954,-0.0034615129785245968,0.06431696031368611,0.01117208916666665,-0.010301486740120038,-0.12480980855114616,-0.018274233833376168,0.02001478940710451,0.0,-0.003582223219478209,-0.520407820057502,-0.028542003339484534,0.011580731916657427
2020-11-17,-0.019999999999999574,0.0,-0.003956581123361435,0.0018055524154861704,-0.001774684243634456,-0.018268897020826437,-0.003844467645481558,0.0001307598088164067,0.03548134328316488,0.017772805000000003,0.00038957658916566654,0.2035232914579314,0.03568001663879073,0.0218973408173241,-0.030000000000000027,-0.0013115724396479678,-0.520407820057502,0.011514741929203876,-0.00480347613410359
2020-11-18,-0.0600000000000005,-0.020000000000000018,0.007369574616666235,-0.017085668873751934,5.119984617088463e-05,-0.016352465588830717,6.937038507427186e-05,-0.0050665777613686565,-0.03651263386576689,0.023903785,-0.015208173152058897,0.2461975255175247,0.04936038099637723,0.026457569324716514,0.030000000000000027,-0.001954724979858824,-0.537077100039456,0.04855948607968186,-0.011631213479601499
2020-11-19,0.0600000000000005,-0.010000000000000009,0.0022744407741335814,0.006405700521107371,-0.012507482100292632,0.002949795622258827,-0.0007052808937294521,-0.0013172603185124267,0.020543324370556785,0.017527429999999997,-0.003989332437552206,0.22942292856597993,0.0021490639509635446,0.02620712147627233,-0.039999999999999925,0.0020602770171116447,-0.537077100039456,-0.03109941791085946,0.003938653922539004
2020-11-20,0.009999999999999787,0.0,0.005478292983864133,-0.0011757661998898496,-0.008582870763749629,-0.020383012981679743,0.01645408290062472,-0.00826981067715933,0.10988792814477617,0.030103165,-0.025842601395189835,-0.28920717667629114,-0.008825957673044836,0.027121270033687944,-0.010000000000000009,-0.0018047129903226988,-0.537077100039456,0.02520962385479608,-0.006815715636271591
2020-11-21,,,0.0033966668732738708,0.004832969469579778,0.008975799260252503,0.0134863545266116,0.014144816507344244,0.0019349086439017732,0.030637048697411916,0.022702758333333302,0.0061933029440976025,0.06413051594944812,0.06045422892587575,0.0337238244576952,,,-0.537077100039456,,
2020-11-22,,,0.008296411208639803,0.011979932664298008,0.017247500851537548,0.0038735735703733175,0.00461745486612478,0.0014912995159079082,0.0005206603682428053,0.0624418183333333,0.004769269470447813,0.09004003372075589,0.039512506607560983,0.030773968539338947,,,-0.537077100039456,,
2020-11-23,-0.0600000000000005,0.0,0.0044954426252766895,0.010235470142912564,-0.0022775533729023564,0.1798714371617174,0.00790925054485274,0.012536862281232236,0.044841122957361396,0.06890164,0.03952434582903848,0.10452625154283697,0.002455594608740107,0.026910142919718712,0.029999999999999916,0.0023393388177455066,-0.537077100039456,-0.04487379254122548,0.0056200945950592995
2020-11-24,-0.1200000000000001,-0.010000000000000009,0.0024332684124265752,-0.0027813479247249828,0.002814049192588713,-0.03582747977171939,0.010045861184195173,0.019321987760193112,-0.0164820584111831,0.0553986175,0.05858055255186763,0.04443538231690395,0.040075522110716126,0.02722779555982265,0.020000000000000018,-0.002845242655689084,-0.537077100039456,-0.04605780162157913,0.016032507557284248
2020-11-25,0.020000000000000462,-0.010000000000000009,0.00838251003923884,-0.004210119642503636,0.017795267716594943,0.0030948535944352717,0.00047688281807482704,0.0022525351031393594,-0.041030134512799375,0.0436695525,0.006614313205055225,0.20984027713031067,0.01488580324192695,0.025454160335134503,-0.010000000000000009,-0.0022002189677774453,-0.553192892431923,-0.01818655860785512,-0.0015856720266285151
2020-11-26,0.0,0.0,-0.0007377959603400469,0.009843543963693118,0.006340760486047093,0.022612546417324096,-0.0025815804100118816,-0.00900037815138587,-0.2765625812466986,0.0286733525,-0.026624775829923276,-0.3827584504599382,-0.03831659296854787,0.033812024587673344,,,-0.553192892431923,,
2020-11-27,0.019999999999999574,-0.010000000000000009,0.019626209963900233,0.005180208176237114,-0.02749559462757746,-0.07143695916831225,9.485255372029565e-05,-0.0036831652963756206,0.008152731594494226,0.0095992883333333,-0.011104294383866769,0.4568752395150151,-0.09089923098402886,0.0527053149484155,-0.029999999999999916,,-0.553192892431923,-0.01948267848525953,0.002394057279952122
2020-11-28,,,0.001899298563822522,0.004844869191973887,-0.00014717270676392667,-0.015142594118138617,0.004561074181722967,0.002021135333014645,0.03176450482046967,0.005640917499999999,0.00613657824691749,-0.49851330683404904,-0.0008167170117721813,0.046493469222081016,,,-0.553192892431923,,
2020-11-29,,,0.000692580161021585,0.01898993240179935,0.00035937338378404314,0.04821828453891199,0.0005056801448581691,-0.006311431659096137,0.04631320611964699,0.00858441666666665,-0.019298807024020745,-0.2849699259405913,0.035410974769037824,0.04586458218127492,,,-0.553192892431923,,
2020-11-30,-0.019999999999999574,-0.009999999999999787,0.005193710753059465,-0.00026984064707036146,0.013626967248550207,-0.004519325763885851,0.008743221716483267,0.003960426989816162,0.12130871229714717,0.02869701916666665,0.012259543542214917,0.09559922270144566,0.046170774244761834,0.049897821201217135,0.0,0.000382495491790813,-0.553192892431923,-0.013040513220300642,-0.004606081438497611
2020-12-01,-0.1200000000000001,-0.030000000000000027,-0.001454629903391478,0.00149186913217355,0.019569265197512807,-0.006560363328541792,0.01910085621153608,-0.005558537855417021,-0.07905761615270704,0.0503889133333333,-0.017584976004734784,0.3807941298208158,0.06973598694262698,0.05479501982393939,0.06999999999999995,-0.0037101000431043474,-0.553192892431923,0.00967593422315538,0.011208121636018475
2020-12-02,-0.040000000000000036,-0.010000000000000009,0.008282010808072199,0.00400545416613044,0.007008999804032182,-0.004623139810578727,0.0028571140233796454,-0.0005767739412151554,0.020463036477373738,0.0147743408333333,-0.001847791553766888,0.12307418842322201,-0.03842928483842669,0.05688453994445615,0.040000000000000036,-0.0017283466389246271,-0.567723219514806,0.019075447258752654,0.001789548534858909
2020-12-03,-0.07000000000000028,-0.010000000000000009,0.006941029249761258,-0.004139640014831032,0.013573573578271329,0.09223627897135045,0.00011344604803039915,-0.002402976590805338,0.05347604966340502,0.023588434999999998,-0.007736174666533222,-0.35113068529695607,0.016944789991966143,0.05487637214196663,-0.030000000000000027,-0.0052342785455792296,-0.567723219514806,0.005182579326669767,-0.0006243414287023796
2020-12-04,-0.0699999999999994,0.0,0.0031018378513543274,0.0010358137804544535,0.006819234964683999,-0.00693446829333543,0.002652485313053183,0.04828222267783824,-0.054709145227613554,0.015193104166666648,0.14536161722620258,-0.17894492150274083,0.020472887085837315,0.034737316143781075,0.050000000000000044,-0.0021965912530692577,-0.567723219514806,-0.023295562603522058,0.00879742404541517
2020-12-05,,,0.00834993128905556,0.01585579338737476,-0.012062773881605154,0.0052212690475121355,0.007489083332165966,0.0015135806759856692,0.016872624315061632,0.0065206558333333,0.004263946224755682,0.10630687237901898,-0.05715443942680699,0.04556841924197084,,,-0.567723219514806,,
2020-12-06,,,0.0029201011188783052,0.009789569912733173,0.0027357765405966305,-0.015315327916685625,0.0012047484832065894,0.000250586242587218,0.021181260095479357,0.0145962608333333,0.0007050304991187329,-0.1480015381307167,0.03249653035085881,0.04534557343352732,,,-0.567723219514806,,
2020-12-07,0.0,0.0,0.0009343673983528536,0.009135128419285397,0.007172213768584015,-0.017492217357642607,-0.002346767821367121,0.00027438480293541425,0.009155443712371846,0.01001754916666665,0.000769611112690202,-0.05299222489800386,0.009897347179423126,0.042916161225075716,-0.010000000000000009,0.0005428942477880838,-0.567723219514806,0.024234970845458115,-0.0019374711787083498
2020-12-08,0.0,0.010000000000000009,0.00015743489480490484,-0.0031099153703683853,-0.004452889774509967,-0.018451867262885426,-0.00011538024062055191,0.0022303003748521642,-0.015557653160682786,0.00875088666666665,0.006233087384683118,-0.037984253696825135,-0.011313344252573248,0.033233705372111406,-0.020000000000000018,0.0002270874171150794,-0.567723219514806,-0.029540023075151023,0.0027832605897479823
2020-12-09,0.009999999999999787,0.020000000000000018,0.0031030807780167667,0.005900436111139123,-0.004222365666554833,-0.04295495590601858,0.0006572286999583417,0.005924464214312497,-0.01319588755513009,0.00950989916666665,0.0163817190553194,0.2292392117159771,-0.05617671311599923,0.03679571978142353,0.010000000000000009,0.0014882018554107646,-0.580574820127575,0.07407343162904789,-0.007980983560702981
2020-12-10,0.040000000000000036,0.010000000000000009,-0.0012570534713865005,-0.0005704483577698663,0.013319387008894266,-0.007303427563970292,0.00012413977501695624,-0.006906716696256724,-0.006735422735774353,0.0088416375,-0.019126264413825637,0.0839497905276191,0.02353517779445589,0.03756892088729219,-0.010000000000000009,-0.0004615879869094286,-0.580574820127575,0.01116332200221315,-0.001285942538656215
2020-12-11,0.04999999999999982,0.0,0.002217667051870525,0.001693445849819727,-0.0009608493117603995,0.009723290053259047,0.00825944831318271,0.005199684757595584,-0.022465868508637313,0.00914777166666665,0.014551865309989167,-0.20567612650998618,-0.02007555553708366,0.03599652556863118,0.010000000000000009,0.0014536825385151886,-0.580574820127575,0.034478649776175985,-0.001265760798382587
2020-12-12,,,-6.281454018585531e-05,0.01752338988323281,-0.015638170015864847,-0.030110805372610905,0.0041819533776251226,2.192119108642257e-05,0.02986770446206133,0.0065606225,6.115791248637347e-05,0.04738951090414058,-0.01869769324638389,0.030309310117687262,,,-0.580574820127575,,
2020-12-13,,,0.0012596804807777032,0.022667673947858815,0.027423278281221715,-0.032419452621060364,0.002572907225755854,-0.009452796600535376,0.029862835822688207,0.0142695575,-0.026795290432515852,-0.17428844526278742,0.040404594637528934,0.03206927822591529,,,-0.580574820127575,,
2020-12-14,-0.05999999999999961,0.0,0.0012722824307869526,0.015537816612037677,-0.0005835177851323827,0.0035554463988340394,-0.0004548746472835493,-0.0063491775748385215,0.022493860736168412,0.02358997666666665,-0.018400904614368552,0.03757151405551144,0.028023598060806627,0.03410520936064481,-0.020000000000000018,0.00025945946091443517,-0.580574820127575,0.058730179541824246,-0.004368796230528105
2020-12-15,-0.010000000000000675,-0.010000000000000009,0.00043456698507857036,0.002961977070685237,0.0008996254874300122,-0.03578803203968463,0.009151010358197006,0.0008744724984341833,0.01670069108234339,0.01248804416666665,0.0025780064222388024,-0.10323587050893233,-0.0012338147285011819,0.03386047455176324,0.040000000000000036,-0.0027737262957829856,-0.580574820127575,-0.07691249862501426,0.012838447626448257
2020-12-16,0.0,-0.020000000000000018,-0.0038659184462066917,0.0019073360204069265,0.001962239222611583,-0.0018891175034740789,0.0028251082386055583,-6.256188903904354e-05,0.1027546983368051,0.021197544999999998,-0.0001847374946771128,0.15402780889480105,0.007456439896409386,0.02337107394118066,-0.020000000000000018,-0.0012917321112437818,-0.590742934044654,-0.017184824754101324,0.0017712784469292586
2020-12-17,-0.009999999999999787,-0.010000000000000009,3.255059790950439e-05,0.008495532804696811,0.015367015732990518,0.0036790748710615316,0.00017985799348032037,0.012501566312530032,-0.035588069741739274,0.08287303916666665,0.03626020513078683,0.4499623324207691,0.08459754449509965,0.03721757110824184,0.020000000000000018,-0.00442365267978051,-0.590742934044654,-0.025659746780577475,0.005741126947631514
2020-12-18,-0.019999999999999574,0.0,0.009706798402926263,-0.006411019290998579,0.008818751913458359,0.0068516951835798645,0.00044774774193864585,-0.00148153213048328,0.05711812670769214,0.06254903,-0.004230968230312557,0.40120682797710366,0.0400670312333976,0.03397620733020648,0.009999999999999898,0.003451069418594521,-0.590742934044654,-0.016552102028731586,-0.003517278505022148
2020-12-19,,,0.0036305563762541347,0.0011513982050336672,-0.0004023708537557478,-0.007327574834612928,0.012292563321127723,0.009017177681071,0.05176197441542469,0.04458782416666665,0.025789611398439508,-0.40738350064152073,0.014832032785185575,0.02859420671074862,,,-0.590742934044654,,
2020-12-20,,,0.002980157069443215,0.025633218702321985,0.009537901245229161,0.008469551847892253,-0.0003221675631971537,0.005671140847260282,-0.029370241186306222,0.054951877499999996,0.015880479635427745,-0.06875862018431701,0.019549726108340923,0.02848773110096473,,,-0.590742934044654,,
2020-12-21,0.14999999999999947,0.0,0.013912397257531624,-0.004886045138559093,-0.009409984251146995,-0.01646181718922279,-0.00035065796779782727,0.0047091734955462755,-0.07325475380122934,0.03718544916666665,0.012993233564727057,-0.08789630289750552,-0.02254088619711925,0.03420360292310742,0.0,0.0029917454139436472,-0.590742934044654,0.15395197143117478,-0.003913931036978013
2020-12-22,-0.05999999999999961,0.0,-0.0005319235710298511,-0.0036815876273049064,0.0011794031034665976,0.0075658640352067345,0.005353174761338705,-0.0021494989245973064,0.046593576667143505,0.0137845175,-0.005941632976408056,0.14678616917819662,-0.03788741143674968,0.0403237714641901,-0.019999999999999907,0.0022593414870737405,-0.590742934044654,-0.03766389700380568,-0.002075268484142967
2020-12-23,-0.04999999999999982,0.0,0.005936072342453639,0.008092973557555769,-0.002242758005534352,-0.0059407273158173565,0.010056782732020365,0.002821196781683724,-0.09889404821096479,0.031026067499999997,0.007869559951373973,-0.05239637006868504,0.040172146580290446,0.04117002334685655,0.029999999999999916,-0.001909219878761803,-0.598130253383584,-0.038709081780768706,0.0007455332737915654
2020-12-24,-0.020000000000000462,-0.010000000000000009,0.004157296933187022,0.021819467967324157,-0.002034851613899779,-0.02504815138772118,0.012759902685341344,0.00485722526990844,0.035361796756639766,0.0099212625,0.013576496217006658,0.17190842010257226,-0.04880035345126445,0.03683797296375758,-0.019999999999999907,,-0.598130253383584,-0.07943514167139387,0.0035303368029282467
2020-12-25,,,0.0014130137858368562,0.02942425284305093,-0.0038766172800299785,0.01939470292112369,-0.0009098695879445544,-0.006496267390737402,0.06832075736135376,0.038130155833333304,-0.018183012748889612,-0.1390998214674778,0.03036251319277381,0.0352614758394376,,,-0.598130253383584,,
2020-12-26,,,0.007876545281124636,-0.0010954804919734856,0.0009044224926399027,-0.010875587654506913,0.010159149194967555,0.0009693605526056542,0.06771015619718417,0.04648294,0.0027621915298091508,-0.04347435765160389,0.02976418815108343,0.036771121878015275,,,-0.598130253383584,,
2020-12-27,,,0.0005965382259168151,0.0031576458838989533,0.008825032073722329,0.00802187373704845,0.0013964372577263695,-0.0027518882184616408,0.016648750662132502,0.07851849166666665,-0.007872531615874478,0.1296538848364677,0.04344803756496534,0.039715926538306294,,,-0.598130253383584,,
2020-12-28,-0.1599999999999997,-0.010000000000000009,0.001914351741788747,0.015345345739992853,-0.018168734013841576,-0.00972356477016184,0.0100306568549839,-0.0001777296550115812,0.055576344082949036,0.074565935,-0.0005157299891311158,0.3624446456344448,0.0389166958792982,0.03942261174455452,0.0,-4.911681273878088e-05,-0.598130253383584,0.007864949170142133,0.00868469460336918
2020-12-29,-0.040000000000000036,0.0,0.002542441013312316,0.016203982400410297,0.02214417785618646,-0.009484102470752095,0.0018011608187250003,-0.0006864760963917339,-0.0033039863135661076,0.05312169166666665,-0.0019980941308583608,-0.22633530366293705,0.04355751629066844,0.03318053902446261,0.009999999999999898,-0.00409857911174516,-0.598130253383584,0.06165418109348497,-0.0022298465500121267
2020-12-30,0.020000000000000018,-0.020000000000000018,0.0008313087762688665,0.013555390529275874,0.005011705070377916,0.027382370495390395,0.00029968977167436016,0.006880602791770046,0.03661430784052694,0.06849114416666666,0.019854666613246346,-0.16083915559201034,0.00727763209356197,0.03305992053114357,-0.009999999999999898,-0.0018741119612286639,-0.604361897045587,-0.01352256156425069,0.0013406481091209344
2020-12-31,-0.010000000000000231,0.0,0.0022662781758110593,-0.007186151366392187,0.01604391324212719,-0.005425003086131309,0.010541730211472445,0.010752171176227775,-0.0336876258117545,0.0250932808333333,0.030573861892016094,0.02471794679070858,0.03671543040828927,0.012572259626533112,-0.010000000000000009,7.636149174583551e-05,-0.604361897045587,-0.0008787346786887085,0.006418196978792423
2021-01-01,,,0.0006349802363651955,0.05783008258011797,0.009496448045418193,0.03198436275669298,0.02142452430511912,0.006626692307351274,0.01342737792423682,0.0135749508333333,0.018782286802754126,0.08516422327129508,-0.006347580306944471,0.019523828894562112,,,-0.604361897045587,,
2021-01-02,,,0.009017086755354054,0.04917648951459584,0.03165356844699538,0.01849594295156071,0.006947035033644628,-0.0016606629354706485,0.060901700946898736,0.037285742499999996,-0.004706517546612549,-0.2519894290868532,-0.00011832897397511845,0.02207661406022463,,,-0.604361897045587,,
2021-01-03,,,0.0037486309864555208,0.0010653295582917746,-0.018409282762979665,-0.00796091294061581,0.03608524256006445,0.0001731156078591393,0.08574097528955552,0.11002131500000001,0.0005097271352149413,0.4832731621805207,0.0772834008205551,0.029624315213231004,,,-0.604361897045587,,
2021-01-04,0.07000000000000028,0.010000000000000009,0.006934631813296558,0.023884554894053785,0.043669534266491394,0.006880145726371748,0.007368267544764115,0.026197105306961708,-0.04723828955457799,0.15973062083333328,0.07481638078176887,1.4146223838603842,0.121888881879503,0.04645357489131237,0.019999999999999907,-0.0009832630382469176,-0.604361897045587,0.17015999175467922,-0.014864718123371645
2021-01-05,-0.010000000000000231,0.010000000000000009,0.02121098609948997,0.006230242027860137,0.059854082670233746,0.028562483684948094,0.009131874184458679,0.002093758203944582,0.050103804820037234,0.06021991083333329,0.005797375896037517,-0.8481379418263105,0.006306231082083388,0.04808797453635342,0.010000000000000009,-0.002251481720559667,-0.604361897045587,-0.062340962258645494,0.007057576170721447
2021-01-06,-0.1200000000000001,-0.010000000000000009,0.005967379745030323,0.027392796995947682,0.005239054767955211,0.025458431116991337,0.027211779718019188,0.0072505834597074124,0.10692639239150661,0.1180422625,0.020361445502903315,-0.1783846921913484,0.07566040567342991,0.04852902005176675,0.07000000000000006,-0.0009666035640494286,-0.609671027908639,-0.01071226272279091,0.005693660866217698
2021-01-07,-0.020000000000000018,-0.010000000000000009,0.01633609284303739,0.0024547275619597993,-0.0049805703387067295,0.006245913765839781,0.019644206691502825,0.00464437404802843,0.06477527315157253,0.10576636750000001,0.013080872401184628,0.037225855962015685,0.08571384180881418,0.05070660702718827,0.039999999999999925,0.004087253117919687,-0.609671027908639,-0.11395113666816403,0.014738221178340893
2021-01-08,-0.020000000000000018,-0.010000000000000009,0.02328501359788374,0.02343685708125582,0.037245763768376926,-0.004604771830016837,0.014421206029081824,0.004787842659743074,-0.037193433915280856,0.10732531166666665,0.013500200901453463,0.023041721019390598,0.04275730795013438,0.044373733878612494,0.050000000000000044,-0.00017521089371363985,-0.609671027908639,-0.036881029461242054,0.005476865536104825
2021-01-09,,,0.030109197284104324,0.01816400561889307,0.01987289099292988,-0.008495681703780301,0.020774655340797626,0.031330359135248016,0.05927374416326159,0.063013915,0.085801532240624,0.07359509103637497,0.013450163898987276,0.04159583360637167,,,-0.609671027908639,,
2021-01-10,,,0.011261807313161188,0.04011321496163052,0.01686217746320253,0.02452788484742626,0.0022022951580101,-0.0017617560342598141,-0.02550313515535027,0.1340698525,-0.00464452904280004,-0.3666766408147152,0.0172369794092134,0.043681918716590266,,,-0.609671027908639,,
2021-01-11,0.06000000000000005,-0.010000000000000009,0.020400957076516117,0.013908706641579494,0.010702905517369547,0.022314857738136098,-0.0036655547694034877,0.0066328496579338425,-0.1436562524659836,0.13495982666666667,0.017312045676744662,0.2616665583908448,-0.030109572786979275,0.04074893380747432,0.020000000000000018,0.004849626555364139,-0.609671027908639,0.1105418743998241,-0.0065763737616642
2021-01-12,0.03000000000000025,0.0,0.00808156166656282,0.0008452216597248889,-0.04022076298079037,-0.028978607416713424,0.011057802165264677,0.002040877917060288,-0.06467047616582755,0.04910108,0.005325456526019211,0.416237112619964,-0.11103807042599581,0.06752794509122811,0.0,-0.0024675917431000727,-0.609671027908639,-0.03164153440728157,0.00041574571696578744
2021-01-13,-0.03000000000000025,-0.010000000000000009,-0.007472136448658824,-0.009048234897532115,-0.003863186919386924,-0.012583828902597032,2.685215098901061e-05,-0.004229249655324514,0.09099262402973869,0.0641765183333333,-0.011067767441603713,-0.5185893780517513,-0.04710194111522252,0.064532682006824,-0.050000000000000044,-0.0016858651990325768,-0.614214677578363,-0.04919744812700255,0.002273017902771457
2021-01-14,-0.08999999999999986,-0.010000000000000009,0.0017538898009662933,-0.00440984663325062,0.00037379392893394575,-0.005946466565885547,0.0061177321660748725,0.0037198209741068113,0.07338152645502935,0.085931255,0.009800568892236041,-0.08838506586520242,0.08910776791216132,0.06532827106193646,0.030000000000000027,-0.0018470346422043704,-0.614214677578363,0.045762494127029374,-0.003760500291052793
2021-01-15,0.010000000000000231,0.010000000000000009,-0.005092699163141021,0.013836801572672077,0.028334412754331063,0.23588162702649237,-0.0023387807976418115,0.009899460292967666,-0.058195724564038605,0.0918459033333333,0.02556439696398905,-0.05903213033438178,0.059331890317320946,0.06755396717160758,-0.010000000000000009,0.003178736150251993,-0.614214677578363,0.045815955526015806,-0.007215990506594494
2021-01-16,,,0.0021905707938871593,0.009867717745868648,-0.08641075925487389,-0.0040009754345258774,0.008896172956104034,0.0033465693525382475,0.01044637332091398,0.05293023166666665,0.008572061567628448,0.11398281339449384,-0.05103985740424584,0.06957389312125394,,,-0.614214677578363,,
2021-01-17,,,0.002021881467596148,0.03340398057897294,0.05864518160796151,8.314800561580671e-05,0.0030225799697936933,0.0003112990898670195,-0.03539456912602356,0.05034755916666665,0.0007960549558869444,-0.09807448666137517,0.018795649037458072,0.06967993233487113,,,-0.614214677578363,,
2021-01-18,-0.010000000000000231,-0.010000000000000009,0.00038427356663918585,0.006079503712794339,0.010131730785829903,0.09302890814526753,0.0026579722122253473,-0.005967426018377369,0.038606000598137846,0.078515945,-0.01541261192958896,-0.0788216909476462,-0.008382756320378142,0.06913187083143388,,,-0.614214677578363,,
2021-01-19,-0.020000000000000018,0.0,0.0015006393581552756,0.011249874018698687,0.0149585424133584,0.0027982462727635412,0.01474526943176786,-0.0034885861563534594,0.10488464743748932,0.130514515,-0.009257682373860683,-0.10613923650379133,0.021630554275262774,0.051972702638997184,-0.020000000000000018,-0.0005193679973478638,-0.614214677578363,-0.04624615557567102,0.008103480771509908
2021-01-20,-0.040000000000000036,0.0,-0.0025923607067155825,0.002680208075150231,-0.0004027233816423154,-0.015874708584327216,0.005309818619394761,0.0026241578121298263,-0.07786224433043387,0.05008554166666665,0.007008705608864465,0.29329921802680037,0.04159739010287528,0.04565821196630618,0.010000000000000009,,-0.616950821717473,-0.07410797215372167,0.013839368887685666
2021-01-21,-0.020000000000000018,0.010000000000000009,0.019371229152082232,0.028974622028068168,0.003389772787603873,0.02148959294626996,0.001085638667848564,-0.0010318126500464572,-0.11676834527497797,0.02838637916666665,-0.002752940520781656,0.05985751337890447,-0.006361314462425384,0.03645022091080607,0.020000000000000018,-0.0022941847026292095,-0.616950821717473,-0.012121360532344916,0.00031668077285651464
2021-01-22,0.10000000000000009,0.010000000000000009,0.009416985399629194,0.014290355373601758,0.0024374617744559275,-0.013873308547459298,0.007032533104364408,0.02464190210462715,-0.034082180498472676,0.00508486416666665,0.0641959720341027,0.07538143525066701,-0.17559248550305104,0.07356675853240335,-0.020000000000000018,0.003181163173303858,-0.616950821717473,0.027297554309731353,-0.0030151272949279218
2021-01-23,,,-0.008314357697238537,0.026748527880883596,0.021780208654036785,-0.0008293613146117693,0.004294309667940323,-0.0007276232987501148,-0.0035428394318552554,0.02240825916666665,-0.0018456121668608907,-0.00730480285782098,0.0802696997852187,0.08147170918613887,,,-0.616950821717473,,
2021-01-24,,,-0.002182964565142762,0.01390652229496424,0.013075785650589686,0.004270198401198278,0.0017476649728377358,0.005332856583945158,0.0828323353387025,0.04582166666666665,0.0134717787223584,-0.4636509564501972,-0.015916458954037302,0.08090697824539433,,,-0.616950821717473,,
2021-01-25,0.0,0.010000000000000009,0.0026584293649989823,0.0017598031465965859,0.04715637928197792,-0.004472213957751981,-0.0012572791978619569,-0.006387665862176281,0.021522920685414604,0.0669201875,-0.016137588690700592,0.10672808439640576,0.06477237704132031,0.08558424650897645,-0.04999999999999993,0.0028287650364609007,-0.616950821717473,0.05677799766006553,0.0036092820235467116
2021-01-26,-0.009999999999999787,0.0,0.005239551999673522,-0.011831098170293474,0.02732931271227802,-0.02338754739136823,0.00992639724614957,0.006493641303921778,-0.03152228245268493,0.00935730416666665,0.016565424532838217,0.13345133627032382,-0.02387668182859609,0.08552735322095839,0.019999999999999907,-0.0018825657120737915,-0.616950821717473,-0.007357747973704143,-0.001489945739473697
2021-01-27,0.10999999999999988,0.010000000000000009,0.004643264320855878,-0.02103125455404284,0.011872275890612698,-0.019553129913551504,0.00368717564386954,0.010382041041045138,-0.052183077667057515,0.00264908333333335,0.026022155814493114,-0.0619371624448439,0.015057197764060485,0.08368502691078608,-0.019999999999999907,0.0037633784987596286,-0.618987173795601,0.48021413906479493,-0.026013289892048874
2021-01-28,-0.0900000000000003,-0.010000000000000009,0.007775699703909729,0.014107704906107556,0.0071391681649362595,0.0006947892325887191,0.018767371427254036,-0.0024300867875520207,0.07626916997420165,0.010962578333333299,-0.006145089345328003,0.015738417721335735,-0.07307224621244672,0.08708942169925611,0.029999999999999916,-0.0006452934635596819,-0.618987173795601,-0.20840454695995092,0.009713334927598183
2021-01-29,0.03000000000000025,0.0,0.004888380055871895,0.026628106047561963,0.007165035495480989,-0.003838088763796918,0.03218693443002753,0.030493765780056224,0.04632741068002615,0.07349444416666664,0.07684874895500664,-0.0749937933271572,0.07152648881888396,0.0579217361400964,0.050000000000000044,-0.000489379667468981,-0.618987173795601,0.09105812653494061,-0.01950040596712732
2021-01-30,,,-0.005927036626563132,0.03305091504814453,0.006043261463445239,0.012203356285629205,0.0007350671830053507,0.005655237954434341,-0.01350396411956845,0.0518623325,0.013634872783060558,0.562133906229496,0.03421513079939191,0.051827782954384685,,,-0.618987173795601,,
2021-01-31,0.04999999999999982,0.010000000000000009,0.040077449229361704,-0.0005067501127065967,0.012896950545404226,-0.0012779587922597557,0.0018274886536909904,0.0010362835359485588,-0.014328751776005885,0.054438364999999996,0.0024829946027637695,-0.5882858510742818,-0.0021417743217451816,0.050916139096002365,,,-0.618987173795601,,
2021-02-01,-0.009999999999999787,0.0,0.007569958518749801,0.009318413854492152,-0.0012349229139927097,0.009723380928798944,0.010579625586737022,-0.0028612393290443883,-0.001700124856540107,0.03816573916666666,-0.006944068320377382,-0.19377551047634298,-0.037465581414889856,0.04795113478987017,-0.020000000000000018,0.0041699039786591285,-0.618987173795601,-0.09006557062218867,0.01592426914071865
2021-02-02,-0.08000000000000007,-0.010000000000000009,0.003011806365283757,-0.0014547339426727902,0.005652452236155932,-0.001553548940185308,0.013267451225096915,-0.0016276134083693986,0.16099840335013352,0.0839791608333333,-0.0040249037596750475,0.14645993599634605,0.02435466853062798,0.04779076369642448,0.030000000000000027,-0.0011811037259628065,-0.618987173795601,-0.16813692180199835,0.01380254196564934
2021-02-03,-0.06999999999999984,-0.010000000000000009,0.007417796887059559,0.01166602341051415,0.03049892927228524,-0.056396969620574104,0.01682984497571435,0.002244209523545215,0.08108347772317362,0.09225371333333329,0.005639309171944822,0.18561062109895274,0.08073554626774722,0.05593096402937603,0.030000000000000027,-0.00026275602719749713,-0.619395625213132,-0.10945513304392973,0.0010082963259936406
2021-02-04,-0.040000000000000036,-0.010000000000000009,0.011258621076125748,0.022770189080487228,0.016931630313798584,-0.0014541593718602624,0.003507137246341289,-0.004000330679912951,-0.03499534535995781,0.08272421416666666,-0.010109997565852808,-0.018515397388745244,0.07378932217008202,0.044112067616414494,0.0,0.004357270510960021,-0.619395625213132,-0.05104062121894826,0.01079482976893864
2021-02-05,-0.06000000000000005,-0.010000000000000009,0.015565612399947585,0.014804698944349343,0.01911637032507712,-0.020479183244437937,0.024895512623691357,-0.005648956785206383,0.09055938275725041,0.08720737833333331,-0.014819950012431337,0.054990496536238595,-0.0316620381283473,0.047018032526985616,0.06000000000000005,-0.004524757836214199,-0.619395625213132,-0.04222015415734681,0.0038898969855534204
2021-02-06,,,0.012729363954772683,0.023052582227917163,0.027397206780404994,0.010619877057624126,0.01703038412848161,-0.0016759599449361335,0.029124728428769314,0.07256433416666665,-0.004515861841689808,-0.11516487842808637,0.057320017371380344,0.048932903787196946,,,-0.619395625213132,,
2021-02-07,,,0.017882744218256422,0.017416458808902496,0.004580511668202454,-0.003690579642369147,0.011766980726806976,0.005467085650157917,-0.04180515339752015,0.07351459499999995,0.014828602762282104,0.08050993534378074,0.004450623687188222,0.04841648106131089,,,-0.619395625213132,,
2021-02-08,-0.040000000000000036,-0.010000000000000009,0.00865476550826944,0.006630490550688218,-0.013847985780369077,-7.146273405076103e-05,0.029560640196925423,0.0011327697261754234,0.13539898542630857,0.07696076166666665,0.0031363662194050707,-0.012885489902216895,-0.02858449375605603,0.04660443310871157,-0.020000000000000018,-0.0017397845575786164,-0.619395625213132,0.017573475284628604,0.007372105129887174
2021-02-09,-0.03000000000000025,0.0,0.0104085137908374,0.006297430539259257,0.04859693754723193,0.0024357851841836945,0.003052053860520723,0.0024416454346431493,0.009100607631207468,0.1669597333333333,0.006747553086721397,0.35799224140362945,0.13041129344063204,0.061063306626637004,-0.010000000000000009,-0.002460120368431795,-0.619395625213132,0.018195043591229698,-0.0011141179817588664
2021-02-10,0.0,0.0,0.030542385935219254,0.01665525148048593,0.03134750500976169,0.004732732874024122,0.03225446848212852,0.004897299096799159,-0.016651544564954955,0.11308486749999999,0.013834273350261092,-0.09141700207947816,0.007950348810940686,0.05932634896030573,-0.030000000000000027,-0.0016485274220352508,-0.621597909945831,0.01650656460170241,-0.0003452195438775618
2021-02-11,-0.009999999999999787,0.0,0.0165869156537242,0.02032846091620404,0.007210887173552013,-0.0014058720153469623,0.004773676551657861,0.007599750449815569,0.0664171024550855,0.08271559999999994,0.0211963347779175,-0.08983806635289317,-0.02734638740346281,0.059348950543507716,0.010000000000000009,-0.0005037860253045423,-0.621597909945831,-0.03423090919624405,0.001661074764843562
2021-02-12,-0.020000000000000018,-0.010000000000000009,0.016214486015838026,0.022004036204874462,0.03235168791039525,-0.06110079872969379,0.0037182677784262635,3.018406369787537e-05,0.0073806749093250565,0.0979540158333333,8.360672651261073e-05,-0.09986344346103689,0.04434112298033117,0.05601846877819549,0.040000000000000036,-0.0003434729634008704,-0.621597909945831,-0.06212574794270198,0.004699921149025954
2021-02-13,,,0.010155150993327089,0.01630149499126169,0.008641214882577394,0.021268266020593465,0.029275357800306382,0.0036838689266180187,0.000322630486019045,0.14092067166666666,0.01045182405846607,-0.020273903113265695,0.01197821133110102,0.05452085258128397,,,-0.621597909945831,,
2021-02-14,,,0.015172452456859402,0.022897828760419753,0.011179065799663289,0.020608846861186397,0.005220414534763308,0.0014597832414897656,0.04470430985254095,0.1257610858333333,0.0041331206114099805,-0.10112374342350108,-0.013323917548279388,0.05578972689400098,,,-0.621597909945831,,
2021-02-15,-0.009999999999999787,0.0,0.012933577208783343,0.03333486859692119,-0.0007105998485481247,-0.1087681581401864,0.009843101792681337,0.001190639934257909,-0.04952225994417587,0.0686115175,0.0033916503401241536,-0.007480925440863409,0.015823702690812284,0.05201784439973511,,,-0.621597909945831,,
2021-02-16,-0.06000000000000005,-0.020000000000000018,0.005300817357525509,-0.0008207217452599728,0.023508519766391338,-0.026401966562884176,0.0016362679208978047,-0.006003108124823682,0.030377812668246216,0.1235631783333333,-0.01724729357028782,0.11538104747745453,-0.015512931832034414,0.02417830410765186,0.07999999999999985,0.002678291508417807,-0.621597909945831,0.07195958977482864,-0.0005694370099789126
2021-02-17,0.029999999999999805,-0.010000000000000009,0.006291157711815244,0.0038895913594591564,0.03602716492246434,0.021412594188205854,0.020169122641607383,-0.006081564867115899,0.07140642641085758,0.1372855175,-0.0181469928195314,-0.013467593820025976,0.015708047602801006,0.024594996584593572,0.010000000000000009,0.0020776716827430874,-0.623348684926235,0.0018621979310644576,-0.0003204508720298094
2021-02-18,0.020000000000000018,0.0,0.0021289355670307533,-0.02639975327786331,0.026149769760128956,-0.0299213600961849,0.01109030503616858,-0.0018307922995695666,0.010476515699338062,0.1821764833333333,-0.005589907939994543,0.046810590425189307,0.046032837981949695,0.024384190756046663,0.0,0.001248100466818336,-0.623348684926235,0.04501783083760724,-0.00442558686962613
2021-02-19,-0.04999999999999982,0.0,0.023387399558487263,0.011542952706595496,0.020326607605305694,-0.0024485408242667832,0.005099429554359785,0.00782323942623399,0.01713800888890821,0.11801490249999999,0.023790575788296516,-0.08989680295793423,0.020627186088017738,0.021048671334933267,0.050000000000000044,-0.004060468507382176,-0.623348684926235,-0.019758164078369056,-0.0018566165820494973
2021-02-20,,,0.017702035302797993,0.0280179225421966,0.009831239278915946,-0.027369291302703748,0.02352748621450338,0.008667407562375223,-0.027080590544446347,0.11432924,0.02631735969836371,0.1295926086385232,0.04800931634917687,0.025155983864075797,,,-0.623348684926235,,
2021-02-21,,,0.018256446945691514,0.023277409085045234,0.01461013408914518,0.005294587616149236,0.003905621665181291,0.005102715074572132,0.025705681888748874,0.066175015,0.01523477373237637,0.14128893802008252,-0.007400713352359226,0.02405047538822745,,,-0.623348684926235,,
2021-02-22,0.029999999999999805,0.010000000000000009,0.0004251946380444042,0.017028905545354044,0.011132346165312968,-0.003114240985850168,0.003942626327184973,0.010712600932194234,-0.1420298185828376,0.06718412,0.031369548671428195,-0.2602066584091552,0.014441670715889575,0.024073268994584087,0.030000000000000027,0.00189783076480321,-0.623348684926235,0.06155789299943315,-0.007762902892533674
2021-02-23,0.03000000000000025,0.020000000000000018,0.010707371389858524,0.02094006136348397,-0.006558339514608945,0.11383929980325652,0.0014964914187118792,-0.0013178257534786758,-0.15137357558254183,0.031761355,-0.0038120163413354747,0.4992123466396606,-0.07007139380557506,0.04004482546708182,0.0,-0.00017782456268733426,-0.623348684926235,-0.014605070605998804,0.0012554994192246482
2021-02-24,-0.050000000000000266,-0.010000000000000009,0.004000200791248856,0.011525909557033183,-0.02763062703600591,-0.011484506376372133,0.0073142398198052785,0.010604123136768258,0.031248947856407683,0.025725935,0.03048868799058969,0.14408000154837677,-0.12264718620245801,0.06369818349257712,0.0,-0.0015821535699425127,-0.625216397256355,-0.07968217841268244,0.011287715277781274
2021-02-25,0.0,-0.010000000000000009,0.004565511777070819,0.03376066155888081,0.008977042043708675,0.013209583140119566,0.002124409518164969,-0.001754481499380642,-0.020837399975974433,0.026206561666666652,-0.004991316071664472,-0.45824492246396875,0.031943875528724755,0.06182225260897916,0.1100000000000001,0.0018252023319034194,-0.625216397256355,0.3029122686045369,-0.024783434790563774
2021-02-26,0.10000000000000009,0.0,-0.002920137016461944,0.005168745090574346,0.00421778500614054,-0.013078388304527476,0.007604662970456933,0.004096921732662974,-0.051204857639496566,0.0186690683333333,0.011704874204856731,-0.208614689215488,-0.08106028806526278,0.06471432734410851,-0.07000000000000006,0.008055894381106654,-0.625216397256355,-0.03307831487703572,-0.004761483718072057
2021-02-27,,,0.009804042300803607,0.05049221189076407,-0.008412192361642416,0.024517471758804945,0.0008114425383614371,0.0041015036555302675,0.0025037632510548076,0.033596884166666646,0.011591666015793851,0.18710127748450897,-0.010837009811628506,0.05672309516907548,,,-0.625216397256355,,
2021-02-28,0.04999999999999982,0.0,-0.007931809047435463,0.009765660195331809,0.0034225266204371157,-0.036940313311993635,0.004572533880277663,0.005314490702979195,0.0021283798908183,0.01051938166666665,0.014890120317255728,-0.3377657535558359,0.011036988503298576,0.058619537428847394,,,-0.625216397256355,,
2021-03-01,-0.029999999999999805,0.010000000000000009,0.004271801684661785,0.003389803978226891,0.013904203050902678,-0.1067728411517034,0.019333720240701603,0.008475816361298804,0.07164474782499229,0.009799835,0.023747525950260695,0.1828113464985701,-0.04028791643016899,0.054850590160156115,0.020000000000000018,-0.002700606770374314,-0.625216397256355,-0.17982021548620208,0.02351213008199693
2021-03-02,-0.010000000000000231,0.0,0.0010313179012241469,0.005558895346519009,0.044457955609820576,-0.039631925856233194,0.00732446169334826,0.004228263464490156,-0.020571937061557893,0.02251637749999995,0.01172424717785563,-0.0029121664785178736,0.10239429011683063,0.07446354923044417,-0.030000000000000027,7.020334535123851e-05,-0.625216397256355,0.03161485638170314,-0.008113671312553805
2021-03-03,-0.020000000000000018,-0.010000000000000009,0.012508052040109241,-0.010500198418409748,0.025709114963170687,0.004926100730232267,0.013534229861693291,-0.0055547013052973885,0.05525509247701371,0.02322755666666665,-0.01564265286480931,-0.13862172132700057,-0.036670010800582395,0.0594475606847772,0.040000000000000036,0.002019566954608365,-0.627352806221227,0.10132749769731353,-0.013152318131986362
2021-03-04,0.03000000000000025,0.020000000000000018,0.005629349878339794,-0.015240088221815147,0.001124593147402762,-0.0010828658943047781,-0.001073978370120632,-0.0028744609820436436,-0.019145749059139704,0.01884686249999995,-0.00818307628423406,0.08156533480437884,0.04740866178663373,0.06123836778585523,0.06999999999999984,-0.0005144913701116138,-0.627352806221227,0.06881787804875872,-0.01350803796008293
2021-03-05,0.06000000000000005,0.030000000000000027,0.016246603084355292,0.008904313480872226,0.012229682664425586,-0.010759445095035519,0.0008229827668031392,0.006211757278996687,-0.03288511769012826,0.0137657408333333,0.01761487574621177,0.011469341426560161,-0.029165791615299017,0.05246399087119048,0.020000000000000018,0.009229378163990276,-0.627352806221227,-0.14717471850648334,0.01930836381558443
2021-03-06,,,0.0001533698972080743,-0.0008744036249781551,-0.0040154440606648524,0.005128835340472954,0.0025227583491160455,0.0011887154778002632,0.04114799241768598,0.025418957500000002,0.003344204677098118,-0.06253278196314237,0.0013100105191173128,0.05200277652054861,,,-0.627352806221227,,
2021-03-07,,,0.0017210478940390592,0.015338308721263055,0.012565135067141193,0.0016724298299569537,0.0025329953688104597,-0.017232294139438966,0.060056005117524146,0.0253705608333333,-0.04973794142440116,-0.15929416500285043,0.03766860666601919,0.053221573751905886,,,-0.627352806221227,,
2021-03-08,-0.03000000000000025,0.020000000000000018,0.0008849910598455386,0.015836059889990987,-0.012131255997043277,0.010671675372832349,-0.001826925733801102,-0.005654579854694983,0.10998073383007462,0.0356789908333333,-0.01684416069846295,0.04036301310808094,0.042202998397344274,0.048704784153658615,0.0,0.004553187131723924,-0.627352806221227,0.032318791255167234,-0.00537368403054117
2021-03-09,0.050000000000000266,0.020000000000000018,-0.001410676592320345,-0.0034184421418424473,0.007843615494589482,-0.01736389235397322,0.0005983292544599715,-0.0007663771495084478,0.04798055004249815,0.07298535416666665,-0.0023062954352665982,0.16280354982187467,0.04068295974292477,0.035989069649897225,-0.040000000000000036,-0.002978146408922022,-0.627352806221227,-0.05819823924298806,0.014055441418612702
2021-03-10,0.009999999999999787,0.0,0.011066952133078246,0.000557008915849862,0.024008060474178253,-0.027972426008536513,0.029368327950820866,-0.0018505165228928492,0.03971575036231735,0.061276568333333295,-0.005757984541500995,-0.0040239573959225524,0.030741802874033917,0.02807785525048326,-0.009999999999999787,-0.002987922638236107,-0.631577601472475,-0.06312462311851919,0.006012173623114236
2021-03-11,-0.10999999999999988,-0.020000000000000018,0.01084162133382399,0.005644254898447432,-0.002832257035972901,0.006252422462940041,0.0029324324102321195,-0.005792726223236993,0.05220031652474434,0.0764117125,-0.01829581791709275,0.07336262108331634,-0.006331059185274504,0.028087322202351925,0.029999999999999805,-0.005886745812470728,-0.631577601472475,-0.029235273022483188,0.010341818218279286
2021-03-12,0.029999999999999805,0.0,0.00769935929718114,0.012743578060614161,0.014356673642848313,-0.0024751725782637393,0.0005101545582576767,0.006224649473589573,-0.04521675619513318,0.0708465683333333,0.01965662056860953,0.005813175330398583,0.022084082594292877,0.019495358726633945,0.10000000000000009,0.0009338420131230762,-0.631577601472475,-0.05729266184992321,0.001014883350162421
2021-03-13,,,0.01603547226847129,0.0028139351070474673,0.019782769513948795,0.012210451430214094,0.003021287986327248,0.00548327153877566,0.12066913699698101,0.08111799916666665,0.017052041532240023,-0.08080609087847355,-0.01910346384298548,0.02437913463971686,,,-0.631577601472475,,
2021-03-14,,,0.003172753752962399,0.010189155662183674,0.01050517172160883,0.03443247777239399,0.0007168919237226736,0.0017273681130823163,-0.03362745473518663,0.1106389358333333,0.005315944924529749,0.1242408644690054,0.07580878791066487,0.03181743645675845,,,-0.631577601472475,,
2021-03-15,0.0,0.0,0.0020857725037129867,-0.0033345227492108526,0.005224807543066517,0.001255539931328612,0.023937563925784184,0.003404848867450768,-0.08948507025123599,0.059251669166666646,0.010646860086759894,-0.2957769872280366,-0.03187442530496605,0.037557880645794024,-0.020000000000000018,0.0014667160264218992,-0.631577601472475,-0.032419342079724967,0.006470976590856381
2021-03-16,0.0,-0.010000000000000009,0.0036952912537491717,0.011519755246226775,0.005888145607813332,0.028022277611935747,0.008880302952818353,0.004430199478568317,-0.026460630397882524,0.0167821333333333,0.013806774069416996,0.32942514789530714,-0.051973504056539194,0.04329835450670997,-0.010000000000000009,-0.0018472288206670129,-0.631577601472475,-0.012054390063252374,-0.0015709218841468697
2021-03-17,0.10000000000000009,0.010000000000000009,0.0047139443933790735,-0.00012050320196167206,0.010615481233824121,-0.015132720433327501,0.0030181631757293663,0.006366986287404751,0.030318937943555273,0.0164383775,0.019573197170302526,-0.09770109822936038,0.013962346842987628,0.041934332241056214,0.030000000000000027,0.0015476949514408034,-0.63665746061693,-0.02870520001378596,0.002875205304977868
2021-03-18,0.010000000000000231,-0.020000000000000018,0.006311521561726737,0.008942521883073656,0.01704670923445136,0.026398970404868088,0.0018499030284304982,0.01177049474945375,0.011619999158831162,0.055582107500000005,0.03526967210359942,0.0021943698619578005,0.024415399779796752,0.04271866987568875,0.050000000000000044,-0.003403662684518416,-0.63665746061693,0.11529540022930007,-0.01487052060181071
2021-03-19,0.009999999999999787,0.0,0.001693742364842202,0.0135690949192514,0.006587711097944014,0.016780910802510443,0.0049000357356751385,-0.0022154617565932904,-0.024543837918876966,0.0179685883333333,-0.006576428287485391,-0.06672052898021451,-0.022809153338968127,0.043052909885263564,0.030000000000000027,0.0017825032405136554,-0.63665746061693,-0.029628313461842026,-0.0006029206064699366
2021-03-20,,,0.009576124869572922,0.02642797089929689,-0.000988454626123373,-0.053123003450714155,0.02107713408176047,0.003775082427602823,0.028614856161329246,0.04899866249999994,0.011417032907124218,-0.10461028758536892,0.013040562638510536,0.042593275219070276,,,-0.63665746061693,,
2021-03-21,,,0.0073096366791598295,0.005150384724568769,0.00029879027995546073,0.00039105412441470537,0.003226372891625968,0.0025191476666141448,-0.014946984119827072,0.023380309166666648,0.007571113094337166,0.05818027757791629,0.0013395506794944877,0.028241143460132973,,,-0.63665746061693,,
2021-03-22,-0.08999999999999986,0.0,0.00106239797275034,0.017279771868545346,0.007301794864169447,0.0021815109417878445,0.00043417682773371283,0.0027715855802620233,-0.03158173327029617,0.02658006916666665,0.00826767531585112,0.010042808831342166,-0.014538868339387613,0.02647264275740793,-0.040000000000000036,0.0002363062947683403,-0.63665746061693,-0.10403548565079213,0.007000559550654373
2021-03-23,-0.010000000000000231,0.010000000000000009,0.001151494814988959,0.003858596913792311,0.00940045221324241,-0.00488903953714781,0.0022413438534445934,0.003328227405354248,-0.015451626598231407,0.00969453,0.009860625892836799,0.09527032464380134,-0.05839376023399344,0.028403144146996424,-0.06000000000000005,0.0025568533452133835,-0.63665746061693,0.07251772533038725,-0.007660100809948389
2021-03-24,-0.06000000000000005,0.0,-0.0025062001880079166,0.0034259574455584078,-0.0013110093984969643,0.0252554379483995,0.0014653027744511704,-0.0008041133006690632,-0.035709316712922046,0.0268890358333333,-0.002376959095569312,-0.046426620925307076,-0.0019068909293055557,0.027136238270579004,0.0,0.003215715967194832,-0.642116694197081,0.04338029563022516,-0.005482303984823744
2021-03-25,0.020000000000000018,0.010000000000000009,0.004912178592210986,0.007885456396356223,-0.00040997848081301405,0.05485241086191656,0.0038675212735302,0.003348853401005548,-0.020009435490213136,0.01677571166666665,0.009900221580051844,0.22327719081193573,-0.04755358704435167,0.026246837267010263,0.010000000000000009,0.0030317415838139183,-0.642116694197081,-0.0678143209675075,0.0052265508159266005
2021-03-26,-0.04999999999999982,-0.010000000000000009,0.011232047547451222,0.01404684917159163,0.002279562628664247,0.004185407360480124,0.006085992268263612,0.021154287180233225,0.037495077068678904,0.01307573916666665,0.06072794930812749,-0.21674203046220333,-0.008890580562845873,0.02640938446486677,0.040000000000000036,-0.002292066329956377,-0.642116694197081,-0.049143583505148136,0.016494413826352528
2021-03-27,,,-0.0008845145558862653,0.029402549792807098,0.012695585359505435,0.007037488115699743,0.017051374306222986,0.013448190961402212,0.012269234664866142,0.011534850833333301,0.03739332393470042,-0.11166157079244625,0.06838930683899228,0.041034210558694606,,,-0.642116694197081,,
2021-03-28,,,0.00558954308271864,0.005515051106990995,0.0056277875620040965,0.0017563151702921595,0.0021483323175682705,-0.00010220771551692379,-0.021264627516490782,0.0289826033333333,-0.0002795844732490295,-0.15967435696334825,0.011155516703233906,0.041602001857845496,,,-0.642116694197081,,
2021-03-29,-0.04999999999999982,-0.010000000000000009,0.004467799337290202,0.008246669311888267,0.00593503381866817,0.021984307763702606,-0.003169854013254297,-0.006208323814293952,0.07751631842524861,0.0533115808333333,-0.017076173483682823,0.011208039142794132,-0.008223470685120788,0.04148948852841789,0.06000000000000005,0.0016760958279258276,-0.642116694197081,0.0950209255960699,-0.0008684019308251578
2021-03-30,0.009999999999999787,-0.010000000000000009,-0.004161595931146241,-0.016530325713509784,-0.0020442583983063256,0.019655178509714797,0.0024968852627348485,0.0021274077834530563,0.06715455377816368,0.0793100425,0.005899063218314833,0.2632302089417286,0.053508647974902734,0.03967580297576213,-0.020000000000000018,0.0023810536974506746,-0.642116694197081,-0.05602456259312616,-0.003162819611880252
2021-03-31,-0.08000000000000007,-0.020000000000000018,0.0049785106969210974,0.008635157555450945,0.008938140812811635,-0.037366905720756224,-0.0009181800942889606,-0.004691934848671445,0.019561383442745234,0.07940785916666665,-0.013044719017800502,-0.10685104671351196,0.015085374870457505,0.0393805141735309,0.010000000000000009,-0.0033294421230287696,-0.648668885597261,-0.01076657413897264,0.0036159929659937973
2021-04-01,-0.029999999999999805,-0.020000000000000018,0.0021255710579869097,-0.007216345757689818,-0.0009189848602810502,-0.004358204607348043,0.022938500181303997,0.0037612554398309245,0.006556601131269911,0.10162775166666665,0.01071235896125247,0.06656220815439566,0.02137927807177148,0.02937653580020412,-0.06000000000000005,-0.0007426538041119812,-0.648668885597261,-0.11283396234176779,0.011755774236888783
2021-04-02,,,0.0004476060611734571,0.004566303806659665,-0.01645378074794302,-0.01904563736506186,0.001968886157439869,0.009575424082572922,0.056764801958932604,0.1152931983333333,0.02681668661158423,-0.0006243108028643926,0.013922659308671214,0.026535993884256995,0.010000000000000009,-6.506341047085584e-05,-0.648668885597261,,
2021-04-03,,,0.02310541926976245,0.004218171371026014,0.024029724990794574,0.01808626987831577,-0.0008783934614720473,0.003000753287948644,-0.009414495485441392,0.1006994608333333,0.008250739870324068,0.014879056047513222,0.04208265150670423,0.020562544246618106,,,-0.648668885597261,,
2021-04-04,,,0.015648793587057716,-0.00979174889923813,0.00853592406946554,-0.033638714565292056,0.003833349471449999,0.004099185325915267,0.0062691797138937685,0.0453434075,0.011204674141468016,-0.008610462137616466,-0.045521718035139144,0.03275457582660767,,,-0.648668885597261,,
2021-04-05,-0.08000000000000007,-0.010000000000000009,0.0010636633621746864,0.023591643751566495,0.0010000300691755705,0.008305182625267197,-0.0009539762247385572,-0.0043743664945449815,0.01832619199511953,0.0641344008333333,-0.011949893844934622,-0.17511693270775777,0.0250557325256042,0.03152283707076103,0.030000000000000027,-0.002971927400577279,-0.648668885597261,0.032920112345105945,0.014335038467166328
2021-04-06,0.0,0.010000000000000009,0.001185373200009279,-0.0029379802277047762,-0.00447068640288604,0.013069179605345375,0.01883534663683127,-0.018318897889419594,-0.0012597831261374553,0.1123234625,-0.052663700381870016,0.15884572103290584,0.008887536183019906,0.027366829620963144,-0.050000000000000044,-0.0021859244407753664,-0.648668885597261,0.011657084542212814,-0.0009740121110812794
2021-04-07,-0.029999999999999805,0.0,0.01355671409159335,-0.009363739966049642,0.004313569153512619,-0.022685282679769613,0.018018567711389082,0.006679088759983075,-0.040211957351590034,0.038925432499999996,0.019875475134987202,0.10375425882359739,-0.0014238837485134222,0.02772105778587398,0.010000000000000009,0.0008586952248119673,-0.655536318101424,-0.05443520655501688,0.001474143283354934
2021-04-08,-0.010000000000000231,0.0,0.001233738745877755,0.008023340531563254,-0.0031993728773445497,0.018806842510198214,0.0013279362987847507,0.006300274977804228,0.005415574015843819,0.0319276775,0.018417148829340202,0.1221879593818277,-0.047569975590647885,0.0341705166014823,-0.020000000000000018,-0.0013422565795613295,-0.655536318101424,-0.012313260233357326,0.004211758040806757
2021-04-09,0.03000000000000025,-0.010000000000000009,0.014969252834082323,0.013797993928592855,-0.0037037049281780717,-0.03147639299714155,0.000605970236063866,-0.0004450007904326272,-0.014113681275208375,0.04134399416666665,-0.0012905473941798684,-0.34601158231609774,0.039568637509711166,0.03723145338346534,0.010000000000000009,0.0009819064000788913,-0.655536318101424,-0.015458096152715317,0.007690316372556794
2021-04-10,,,0.0012418717372691432,0.0036680978352423843,0.0013225719841547473,-0.04677339075502479,0.0004618280989600515,-0.005131307828630736,0.04245631188347113,0.14486215416666665,-0.015009884876677246,-0.06680271877053293,-0.002063687849745138,0.03300973600714183,,,-0.655536318101424,,
2021-04-11,,,0.015274748701029526,-0.0030261768387617556,0.021876696433864955,-0.032198851202151636,0.0019622415146980177,-0.0013299209023078119,0.01897985712474608,0.1044165558333333,-0.003935001673938466,0.2815456176864882,0.03282356854133026,0.029389650284041648,,,-0.655536318101424,,
2021-04-12,0.0,0.0,-0.0025421158433369417,0.008489303089806386,0.009846920917089141,0.01743649330804711,0.012020142508695169,0.009289499633170654,0.034659619773852526,0.1165276258333333,0.02749179045549299,-0.26471056379877594,0.0018117246910103566,0.028425127382112742,0.0,-0.00018817559400385875,-0.655536318101424,0.013095425236745228,-0.00019620215667437435
2021-04-13,0.07999999999999963,0.0,0.0033910917840308573,-0.02418955951103558,-0.004757228823651986,-0.007396158295286493,0.0023387127935774947,0.0005320663968953315,0.08218511495609823,0.11856765,0.0015556012967485294,0.16479996628463212,-0.0024566393124580074,0.028461722139032752,-0.030000000000000027,-0.0012589482903679894,-0.655536318101424,-0.015494946484036376,0.003289166381145847
2021-04-14,-0.06999999999999984,-0.009999999999999898,0.020435291782981452,0.01340786014168725,0.012327094011482803,0.01967304331265571,0.03816128599023576,0.008788070689560938,-0.008527615279839777,0.09537715,0.02632285659998749,0.23613102375605546,0.0661098658864871,0.03691915667481193,0.0,-0.002251311706157999,-0.663658183928122,0.020214719257388047,-0.004096179929696575
2021-04-15,0.0,0.009999999999999898,0.008980747031362668,0.02890423770391614,-0.006427070232094071,0.022478385284074705,0.003229049115942692,0.006152815549425247,-0.002005523025995179,0.07287121416666666,0.018083382098031182,0.13646431301589984,0.02038897573036659,0.025684485034194578,-0.08000000000000007,-0.0014800160640922044,-0.663658183928122,-0.02503110424536903,0.011033158016154232
2021-04-16,-0.029999999999999805,0.0,0.014544766387509072,0.009983955254664133,0.015609625457150595,0.0772964181481102,0.025174433748865303,0.020704314249292952,-0.03051529159025569,0.0591674308333333,0.06000451441182654,-0.23541449085438315,0.020052919862826736,0.02453246430985894,0.030000000000000027,-0.0012145741488085449,-0.663658183928122,-0.019500922662725184,0.0036022533265391843
2021-04-17,,,0.007800556742109764,0.031216367228564672,0.03840090862329854,-0.019703931120688082,0.007160045934601255,0.010319185819421026,0.001959093694078418,0.0421417925,0.028816482512064038,0.28850616504526555,-0.031642751195093466,0.030654144704920977,,,-0.663658183928122,,
2021-04-18,,,0.021359132348282253,0.0283636175766092,0.03432490108428636,-1.9006580618212584e-05,0.0055332563659054364,0.014672688521254945,-0.196532282048707,-0.00123898750000005,0.03981003726587463,-0.26989754153010215,-0.026671465068204545,0.03313284544875031,,,-0.663658183928122,,
2021-04-19,0.029999999999999805,0.010000000000000009,0.009537933032979585,0.026856764311586113,1.45759013781589e-05,0.02536593595074367,0.029952153260260506,-0.00935612664853299,-0.0340521021575894,0.0157000683333333,-0.025977648395213878,0.5000911588055801,-0.05587768381538111,0.040854950966092034,0.020000000000000018,-0.0026519511912219684,-0.663658183928122,0.06203539091945265,-0.005320582266875817
2021-04-20,0.10000000000000009,0.010000000000000009,-0.004015591128448643,0.008935847076964279,-0.0036661646234107375,-0.09402494336068783,0.00498771131961098,0.007714278677490109,0.03875029215081511,0.018793451666666648,0.021573732484503543,-0.4315293069578474,-0.022681119010954275,0.04164609614581797,-0.020000000000000018,0.00046252789694012364,-0.663658183928122,0.07732513310549738,-0.006825603130707236
2021-04-21,-0.010000000000000231,0.0,0.011844879354178094,0.018605718132946446,0.0043973520024195465,0.07013158295886669,0.000680520763733752,-0.0003395843419845958,-0.010677883459939634,0.0221386383333333,-0.0009405917071986995,0.05846890641010788,0.03991648762595422,0.03489093330493749,-0.010000000000000009,-0.000519578912151708,-0.670408134485788,-0.06525255187122792,0.009263025469113728
2021-04-22,0.0,0.0,0.007250980588973203,0.006224146855510874,-0.0018814010632863458,0.04314960131207556,0.0007647266008238921,-0.012441968758323279,-0.001466793920797554,0.0316141425,-0.03511410420155151,-0.12294734067413289,-0.008574659102313243,0.03259488492088642,-0.010000000000000009,0.00046879150688283744,-0.670408134485788,0.06685725935652975,-0.009253351856793657
2021-04-23,-0.04999999999999982,-0.010000000000000009,0.009688340627228368,0.0016588263020603556,0.0054512405932391735,-0.013287011565545546,0.001747576409443798,-0.0025144113772736752,-0.05588614226591095,0.0272298458333333,-0.007261240641626489,0.346874401283777,-0.010004729118261432,0.02946576910638609,0.010000000000000009,-0.0012553575003666495,-0.670408134485788,-0.07661903655848379,0.010869423861540994
2021-04-24,,,-0.0035806490461180516,0.01201266006859334,-0.006438104961904388,-0.04531186430382366,0.0055378885216383665,0.0034984284781734262,-0.01902705235304525,0.015145812500000001,0.01014438203814747,0.12636336819511768,-0.020417692729730992,0.028802631882402268,,,-0.670408134485788,,
2021-04-25,,,0.00047693647263400313,0.01963952378529872,0.0037659424905011137,-0.04377024794497404,0.0013420321020255514,0.00937465409526469,0.012249896182872122,0.021929845,0.026722317789021684,-0.6349212040397725,-0.043529488582067594,0.03059950582117453,,,-0.670408134485788,,
2021-04-26,-0.03000000000000025,0.0,0.016024178241538796,0.010306558630776078,0.00649315422740482,0.031118391309510118,0.003447206849910256,-0.0007477891911099543,-0.009200979431583314,0.0185826475,-0.0021128278683929975,-0.023334530980954796,0.009291687244287295,0.026556293394400868,-0.020000000000000018,-0.0024832549458144726,-0.670408134485788,0.01772994685113094,0.0017806378908797882
2021-04-27,-0.019999999999999574,-0.010000000000000009,-0.0024443796992503755,0.007851906881966113,0.005215749453348271,0.045912540210870365,0.002038725530861061,0.0026545215936770315,0.045896292858453515,0.01979660166666665,0.007495263171047164,0.21633723641976216,0.09510513641380106,0.04594307112791202,0.06000000000000005,0.0008832446044122477,-0.670408134485788,-0.004545462371674969,-0.00021494231270047237
2021-04-28,0.019999999999999574,0.0,0.0022092076234770685,0.007532039641475771,0.018957674461470033,0.05116217862487565,0.007700651890358241,-0.006287652351487969,-0.0051279873452941575,0.022496445833333302,-0.017984834285487142,-0.17963182647125078,0.03145864920906578,0.04509250725980238,0.0,-0.0010621340413790037,-0.676608741119724,-0.01607382483106079,-0.0008458882928294997
2021-04-29,-0.019999999999999574,0.0,0.016180354444667856,0.002718956020201056,0.0053037769940705295,0.05092083063697645,0.0046095682070469955,-0.003153676915582217,0.013473463986447925,0.014455027499999999,-0.009186318425998784,0.055049378671015156,0.01718583355057903,0.04459918665362113,0.030000000000000027,-0.00039814384970959793,-0.676608741119724,0.01891715913220482,0.006740032543708807
2021-04-30,0.03999999999999959,0.0,0.0028074045292036946,0.04814461078092323,0.027243240218990987,0.2526668127539547,0.016942898701827004,0.007852735661244616,0.047628857607134326,0.0201535775,0.02310326312216757,-0.06187156589145187,-0.009615772487203793,0.04456845357216282,0.0,0.0030156797875697805,-0.676608741119724,0.055232148146044935,-0.007220643718202524
2021-05-01,,,-0.0014155416108818306,0.004620104340340826,-0.003125363326939998,0.2872775923790331,0.0018706890269166814,0.0035755475450439007,0.017952616241065613,0.018502845,0.010364482421370667,0.04418206151951004,0.04146764422175624,0.04333657738384924,,,-0.676608741119724,,
2021-05-02,,,0.009702663728531482,0.0027309134890952237,0.019729414299168246,-0.0011629442128305912,0.0038389549441187345,0.0038645632529012686,0.008269171962694588,0.02316370666666665,0.011125153398469121,-0.10204004410281377,0.029273649439884263,0.032996987368888175,,,-0.676608741119724,,
2021-05-03,-0.009999999999999787,0.0,0.006083804760175664,-0.002068781540876741,0.013615742571525338,0.06436196502231328,0.016505095453880566,4.402098990673601e-05,0.058285113634131705,0.038383390833333295,0.00012811267161842268,-0.07577958161745581,-0.009174650947054108,0.03561810308643914,-0.020000000000000018,-0.0007041848414663932,-0.676608741119724,-0.016251711967740334,0.002744265697041115
2021-05-04,0.04999999999999982,0.0,0.006447842911362431,-0.002412127296284077,0.029426025717824426,0.32369420659870757,0.006934821448858153,-0.0037106239317428037,-0.05246774690766067,0.0261962975,-0.010932891668082811,0.45861691799659765,0.08152202194882946,0.031479843953658514,-0.020000000000000018,0.0025377352173237,-0.676608741119724,0.061940939527969974,-0.006700737740406026
2021-05-05,-0.029999999999999805,0.0,-0.0009855875726519346,0.014834060294990703,0.018284984654857717,0.10866099534456528,0.03094650259645418,0.009420496959027507,0.03206408773399111,0.03047127,0.02837925382117389,0.23542428241256375,-0.06282667177750527,0.04571554420783911,-0.020000000000000018,-0.0012315042034769519,-0.681856291426595,-0.017085582587734294,0.0007032914568743109
2021-05-06,0.009999999999999787,0.0,0.014135429504250025,0.01427455770994134,0.03183790440251075,0.004269709814422502,0.003315894712068482,0.010232646877732674,0.0099815598914139,0.044695615,0.030037816621813426,-0.09833488553277436,0.077012309994022,0.051901117170037245,-0.010000000000000009,-0.0027795715500431584,-0.681856291426595,-0.040495677010425,0.00813223411591224
2021-05-07,-0.029999999999999805,-0.009999999999999898,0.013398485268907401,0.0011224222599870706,0.046713994857238914,-0.00019217737253340592,0.0010843677830614212,-0.0026777875432674007,-0.016649425222664122,0.0274892983333333,-0.007782335348844253,0.01630036378226951,-0.012313358527990353,0.052176428426664395,0.040000000000000036,-0.00731567213985862,-0.681856291426595,-0.09699730094248604,0.007346296237811245
2021-05-08,,,0.02263564805712204,0.005308033562330935,0.018387927124292026,0.0025413725705419232,0.0042067395166050185,0.0026640732044397666,0.04179687255356072,0.03209337416666665,0.007775145154056649,-0.1982389851502452,0.0072777387012756545,0.05150524679420856,,,-0.681856291426595,,
2021-05-09,,,0.009105964331403637,0.01539874038606265,0.008630435457450184,-0.002362014516070424,0.003986745372767385,-0.00116639457334611,0.002620354467846265,0.0314638275,-0.0034102980141021673,0.11549855038960423,0.06880682727240559,0.055256564957767575,,,-0.681856291426595,,
2021-05-10,-0.010000000000000231,0.0,0.005769962884804701,0.017632871457418785,0.020510051162539376,7.078585165404e-06,0.028011558614321985,0.008804560634156704,0.018693925704957214,0.042931670000000005,0.026173669031792572,0.01984207917069905,-0.002218804276233772,0.05467304700998698,0.010000000000000009,-0.002113469914627686,-0.681856291426595,0.1637763770452767,-0.010490499399026021
2021-05-11,0.10000000000000009,0.0,0.005556457328704433,0.0005130705876134401,0.021214033267984354,0.001833298665770077,0.0006629731392131826,-0.0008073046931519016,-0.007551268092348584,0.0235832033333333,-0.0023731566116927828,0.19549919194321555,-0.014343436702655785,0.04914135484341051,0.010000000000000009,0.0009166259067123761,-0.681856291426595,0.10515703615768368,-0.008711731693216151
2021-05-12,-0.020000000000000018,0.0,0.011291016751985069,0.002968508704612565,-0.0008668537241026984,0.12453425798353104,0.013640818058117383,-0.0030529859327441122,-0.0191800376906855,0.0273376558333333,-0.00915037192637307,-0.14974750903047634,0.03400262542652839,0.03799187414563394,0.050000000000000044,0.006037175397523242,-0.686705261744565,0.2337102373524904,-0.021682768452684797
2021-05-13,0.03000000000000025,0.0,0.01591664442942245,-0.0012044522873019701,0.010208606319987287,-0.0060949766287478465,0.0013974858035693109,0.0008949692449145845,-0.0776590387854231,0.01633184166666665,0.00269483488689158,0.12919339695278004,-0.09906149522759142,0.051758191610303664,-0.030000000000000027,0.0002858946842607679,-0.686705261744565,-0.1763229119858467,0.012099654192200049
2021-05-14,-0.020000000000000018,-0.010000000000000009,0.004907553016181374,0.020101859198515284,-0.0292525987463982,0.029927281365565703,0.004334409230122208,0.008906811424350692,-0.001992919869179058,0.0161749358333333,0.026544036059381368,0.2673484340573405,-0.020667132242356764,0.05211589740199869,-0.030000000000000027,-0.004132348600876412,-0.686705261744565,-0.2067418329304087,0.014807755166462044
2021-05-15,,,0.0015908961938675694,0.016121180080877248,0.020284881100990415,-0.00665983972449486,0.003001312319314311,-0.0038313059189728276,-0.0056344430222760285,0.0326909008333333,-0.011366049400199533,-0.515335654736562,0.04259794746783508,0.05499126837184092,,,-0.686705261744565,,
2021-05-16,,,0.006010698411266375,0.012510565222695136,0.004894658712022032,-0.007349324204072935,0.0011136539688390017,-0.002796249249661538,-0.004069882496000588,0.0359300458333333,-0.008387116069178543,0.005299656488059518,-0.08780237286806863,0.054807634896970436,,,-0.686705261744565,,
2021-05-17,0.0,-0.010000000000000009,0.0057730563014549525,0.002764018492270845,0.014323565113355807,0.04050342827631442,0.01666167509698411,0.01513733316194682,-0.06266639700226288,0.024892717499999998,0.04531760736743666,0.13228361028158375,-0.010073129238246346,0.054436516143294325,0.010000000000000009,-0.0005067180753410838,-0.686705261744565,0.04724470586155016,-0.002533244169402593
2021-05-18,0.0,0.0,-0.005525054897737428,0.027358438792088578,0.009081812157403871,-0.008030471543597067,0.002351323882441822,-0.002118004647212163,-0.0002905745478976859,0.02060918416666665,-0.0062332576505131545,0.14141285539458454,-0.07661262115506856,0.05791665696669387,0.0,-0.002228825400265144,-0.686705261744565,0.07894989669911778,-0.008553781927838955
2021-05-19,0.04999999999999982,0.010000000000000009,-0.0018444873555196197,0.0002871992154362676,0.012406181966542754,-0.015563471258992701,0.0032583499347861047,0.01824545048741091,-0.4220855353533381,-0.0491126008333333,0.052630015406407375,-0.24800819036828387,0.008632773881830617,0.053813004845481495,0.040000000000000036,0.00044201407587340924,-0.688792356498859,0.038607736048613894,-0.002947775595103508
2021-05-20,0.020000000000000018,0.0,-0.0017482723481262847,0.025095843160081902,-0.08989830615966511,-0.0018108349998881112,0.009749916109086673,0.009625877533643605,0.029353704655011536,-0.005577785000000002,0.02694701247671956,0.7351729629921958,-0.22493047549397027,0.08865089687695575,-0.040000000000000036,-0.00018219437845434783,-0.688792356498859,-0.07050760822854407,0.01049944386861057
2021-05-21,-0.04999999999999982,-0.010000000000000009,0.004897803076429739,0.04790668602477548,-0.029088951002689205,-0.0006341535964281543,0.01324668603463072,0.007273214313567596,-0.06244720162914879,-0.010131240833333301,0.02015245271479247,-0.32305420714289523,0.09232261653328383,0.10435043481300786,-0.020000000000000018,0.0017763314648657769,-0.688792356498859,-0.025479085300985194,-0.0007841270013955182
2021-05-22,,,0.0027547105433327317,0.0634734828819873,-0.001963680560045816,0.028681224727889355,0.01624189928648782,-0.0024294973174618425,-0.060596870557452026,0.0289069316666667,-0.006796385382345084,0.08269021010703222,-0.10907146487090932,0.10086472239661733,,,-0.688792356498859,,
2021-05-23,,,0.019228072757642895,0.01826197266022807,-0.0020111513541198407,0.004843307149960329,0.004294040861925614,-0.006803949015318371,-0.049348672359045595,0.0058681341666667,-0.019367022743380178,-0.21862425316408066,-0.021447120745220365,0.10073908331005486,,,-0.688792356498859,,
2021-05-24,0.0,0.0,-0.0011660854670939437,0.030541547469090897,-0.0443831864148845,0.008651098764188684,0.01684228359290648,-0.0008825689679991881,0.08403884126695471,0.012535947499999998,-0.002583081131103629,-0.009240851590238616,-0.07720924485207573,0.09963405169800471,0.0,-0.001313694779265795,-0.688792356498859,-0.09085362377775175,0.009862511119054673
2021-05-25,-0.03000000000000025,-0.010000000000000009,0.001547456149890134,0.016606370960777356,0.039666155633513056,0.006191323453860219,0.002017876131030687,0.0032989416205559986,0.0031751683202585765,0.0046930775,0.009640649281940758,-0.11443613230420853,0.15952554271832303,0.1282724522293752,-0.050000000000000044,-0.000629527000711505,-0.688792356498859,0.023631604533277173,-0.0021275639556268544
2021-05-26,0.010000000000000231,0.0,0.008614236767399858,0.00345317128444275,0.012555887749877277,0.0036379318040308055,0.007774987031244851,-0.0008798578800336235,0.04986400614854482,0.02209381166666665,-0.0025821986739963986,-0.024249764520028593,0.004751610682667466,0.128113169352017,0.030000000000000027,0.0002318346929808257,-0.691265558195001,-0.08181355991601302,0.0018749737128445076
2021-05-27,-0.050000000000000266,0.0,0.008904756527011526,0.03456029433329426,0.024334184041199396,0.007378643183926639,0.004894049416177914,-0.004150876418131651,-0.03470003847977094,0.007795798333333351,-0.012333280568700476,-0.3435459851405839,0.04895009823373572,0.09428800168659651,0.030000000000000027,9.92168632585333e-06,-0.691265558195001,-0.036367644170875124,0.0011647198427056082
2021-05-28,-0.009999999999999787,0.0,0.003435378419433293,0.01831661772969454,0.00446334426092665,0.008862548221935463,0.012716452924170446,-0.0031545807150680848,0.007581681901016831,0.00661236666666665,-0.009597684540935578,-0.16502810401439205,-0.03459109485150649,0.08875111251139545,-0.030000000000000027,-0.0010034906430957946,-0.691265558195001,0.0011940299926078701,0.000768591077205727
2021-05-29,,,0.0047430777391947905,0.009444715007238072,0.010027755701013864,0.003429570146470134,0.0018553033423231674,-0.007511584232599422,-0.04668755817877039,0.016508985833333302,-0.02327513577854551,0.15845080806539263,-0.09935732601171675,0.08689372435119379,,,-0.691265558195001,,
2021-05-30,,,0.001146906975685615,-0.0018259629748240743,0.013057449581301984,0.0020989801250814438,0.0018659300597211525,0.0016534352108401361,0.015510346535311362,0.0108320975,0.005179608535203471,-0.09659066352972288,-0.0426130794474788,0.08801309355765491,,,-0.691265558195001,,
2021-05-31,0.04999999999999982,0.010000000000000009,0.006211994927336378,0.010252232943150157,-0.013901727569182346,-0.007864793835099275,0.01270454603130917,0.020800241006542847,0.0765687065110078,0.01174578249999995,0.0637463766311086,-0.283287800459765,0.03491611671475408,0.08290408684063336,,,-0.691265558195001,,
2021-06-01,-0.009999999999999787,0.0,0.00022421713772938185,0.01234461443635746,0.0016614805755228595,0.005107092377179986,0.00048074601935097335,0.009736376122910423,-0.03488163942156935,0.01017880166666665,0.028511401395690132,0.19141501414155085,0.0835745822103291,0.0625887443806668,0.020000000000000018,-0.0022868805450011465,-0.691265558195001,0.06580561779277216,-0.0004924965749690813
2021-06-02,-0.020000000000000018,-0.010000000000000009,0.004787065866306488,0.0004557978701610691,-0.005736912434666733,0.06957207226603637,0.0009942422951597092,0.0014435484227622894,0.048644758037187485,0.0159490483333333,0.004162973229278838,-0.11513632443118159,-0.023112726922032374,0.06307406381895114,0.0,0.0006811875360934749,-0.693411136490363,-0.02374334261931965,0.0014458704850337512
2021-06-03,-0.03000000000000025,0.0,-0.0033032491384101595,0.0019753028128549847,0.0008812769801895036,-7.24737519480872e-06,0.0009436158544554185,-0.0008295283528793028,0.074761218965458,0.0061692016666667,-0.002392373772085858,-0.04236341421107604,0.02931962733356127,0.060687333917784546,0.010000000000000009,0.005395982845325165,-0.693411136490363,0.03153414440708824,-0.0036352984992422677
2021-06-04,0.0,0.010000000000000009,-0.001144936842772909,0.006391392294743738,0.018187984133135136,0.02277785252728396,-0.0010801237950141317,0.0026371577036991196,-0.05423549560390714,0.0003983383333333,0.007577708437064533,0.015671990531034838,0.04439336028378738,0.062117003815017495,-0.050000000000000044,-0.0038399490612830434,-0.693411136490363,-0.09409141061019533,0.008795294352097471
2021-06-05,,,0.0052558850479549335,0.0004171849205655873,0.010266670181361065,0.0058788178327962345,0.0010346415705119526,0.0009594019001752577,-0.020372966598925145,-0.00406567916666665,0.002745433721905108,0.10405176828874575,-0.05859040406559517,0.05189537239771408,,,-0.693411136490363,,
2021-06-06,,,0.0025592694922537958,0.0010118232526286916,0.0021526157123746385,0.02950011867288442,0.0007751747101825942,-0.0002486893906065773,0.019928128948014028,0.000515505,-0.0007114801067259177,-0.14256258479887227,-0.032311947385490175,0.05028585174403735,,,-0.693411136490363,,
2021-06-07,-0.009999999999999787,0.0,0.004316368631251632,0.005851699560290596,0.005838962233314002,0.009134786430204192,0.0022311839086449473,-0.002810985263883464,0.016464382784602036,0.0097892933333333,-0.008095511617213846,-0.1927363085839142,0.02029092086994383,0.049431353097594895,-0.010000000000000009,-0.002138587756864041,-0.693411136490363,0.0,-0.000797028568481295
2021-06-08,-0.010000000000000231,0.0,-0.0022986887048674913,0.0003813619361658922,0.015447631529125294,-0.00241950318539699,0.00119402560447634,0.0005246610483197372,-0.03623603224028064,-0.00995704,0.0015177931571581683,0.22041996454702692,-0.05916998073801031,0.042541449724284565,-0.020000000000000018,0.0012072463366772368,-0.693411136490363,0.03882243278206676,0.00017506961427571355
2021-06-09,-0.03999999999999959,0.0,0.0026895496699820554,0.0051229484903995166,0.0009329782623088918,0.02530996830059982,0.0027563946422643456,0.0010050823080467888,0.0772984691040822,-0.007193189166666651,0.0029091831673193607,0.29574129088456197,-0.008701418062340802,0.042222676597575684,-0.04999999999999982,-0.0007078935851527746,-0.694340208811829,0.046919360714278824,-0.001825541746812931
2021-06-10,0.009999999999999787,0.0,0.000855572654313625,0.00678869674478854,0.04617700992048291,0.10840260379853806,-0.00044924388897503903,-0.004996332917818192,-0.06627310186223571,0.00637544916666665,-0.01453943422364934,0.035271518469621795,0.07424806244577062,0.0514663727927773,-0.030000000000000027,-0.00022702984906874946,-0.694340208811829,-0.10542262553021065,0.004641367023083376
2021-06-11,-0.020000000000000018,-0.010000000000000009,0.0055820536191040805,-0.005207492011595748,0.0003369380810417213,-0.15700947989708652,0.0026151107224993172,0.0038872951471764358,0.020598599880420045,0.00598514666666665,0.01135981654961046,-0.2587950216797974,-0.03498297220191278,0.047950833748299046,0.0,0.00494228328014934,-0.694340208811829,-0.028348355004255144,0.0019465941937433229
2021-06-12,,,-0.003255150899630107,0.0106367889135875,0.023021011501231453,0.00185735864198762,0.001096860283973169,0.0016791297346456034,-0.037438185564972096,0.00217229083333335,0.004872608223000856,-0.18623084437075893,-0.02163640986107281,0.0441276126998863,,,-0.694340208811829,,
2021-06-13,,,0.003629664719637455,0.006724217136566475,-0.0034083545253798687,0.0020789696520338305,0.001177136074641107,0.0005307731686825617,0.09197274881901298,0.005120345,0.0015371135790136353,0.013163648209796921,-0.017322780224554753,0.043154855747988115,,,-0.694340208811829,,
2021-06-14,-0.040000000000000036,-0.010000000000000009,-0.004834705706445327,0.005006761673615236,0.0035225658288340345,-0.00152976525670725,0.0007870316416700888,-0.0008568520373706429,0.028474715185965872,0.01092487416666665,-0.0024845646580632717,0.055090621828478174,0.07470850298609474,0.052687235728905435,0.040000000000000036,-0.0011474418891728178,-0.694340208811829,0.04620047576957642,0.0018135655401927409
2021-06-15,0.0,0.0,0.0016933593850428901,0.004079861178164368,0.006282370050650567,0.008329345156789146,0.0014211473574910008,-0.0007450954182015914,-0.0017862700969272377,0.0022215458333333,-0.0021686227639570663,0.0904555090841465,0.03215098881075934,0.04620702547870189,0.0,0.0034617332603499307,-0.694340208811829,0.03771773038948956,-0.0020137061101781484
2021-06-16,-0.04999999999999982,-0.020000000000000018,0.0017740615368501903,0.0018347724666659814,0.0197901370686919,-0.021829957934525128,0.000602893711654838,-0.0015341991711978601,-0.01115997331991389,-0.0030137124999999997,-0.004482907518297171,-0.15238572258122302,-0.008128308228090034,0.046160444770914875,0.010000000000000009,-0.0021054796978452472,-0.693589818577641,0.06428143756563154,-0.005404786783293147
2021-06-17,0.029999999999999805,0.0,-0.004372913654945966,-0.004267967080411015,-0.004469249576709568,0.004532931187290918,-0.001963649306621665,-0.0014218578617516964,0.014733697270294676,-0.01329471166666665,-0.004164465036412825,-0.012619748016457499,-0.06580226563606344,0.04612081474693822,-0.07000000000000006,0.013060008054055494,-0.693589818577641,-0.022285044789434938,-0.00043573191810075684
2021-06-18,0.03000000000000025,0.0,0.0037446316990518303,0.005699478519045983,-0.02289527728803082,-0.0005639774617088028,0.002700038870414234,0.0016554337927851962,-0.06441536210818476,-0.0211265358333333,0.004860000541982876,-0.0108198729530827,0.0014624079156134832,0.04430655495450628,-0.10000000000000009,0.004109606968177637,-0.693589818577641,0.15374818434989868,-0.013211434948255274
2021-06-19,,,-0.0021340737207072662,0.015663652371375323,0.006604219868504374,0.003803520134892324,0.001192549850113356,0.0009990629686780507,0.0022751075313999646,-0.0194242533333333,0.002925129071067184,-0.010887183364573734,-0.06358618455007296,0.050078849539755485,,,-0.693589818577641,,
2021-06-20,,,0.003827762183058464,0.0012183823133418293,0.0028381624297258204,-0.004259135301557046,0.0010617004991056473,0.0022153623539685756,-0.023309508479338527,-0.01152751166666665,0.006462772621660127,-0.2186263960196174,-0.016724704390938924,0.05005810262273725,,,-0.693589818577641,,
2021-06-21,-0.040000000000000036,0.0,-0.0030079726236971875,0.007144303893408583,-0.011512141344031822,0.020713524476418117,0.004213691612638553,0.0022099266144545303,-0.12112613408357539,-0.00947629249999995,0.006432529227121506,0.22638347524799912,0.019875235949653923,0.038078020906619374,0.040000000000000036,-0.001785905285148992,-0.693589818577641,-0.14589180275069547,0.013905201143733947
2021-06-22,0.009999999999999787,0.010000000000000009,-0.0063867715935666,0.021161010415543826,-0.02680671137769741,-0.013663209352768645,0.0013912228868841246,0.005428395795429403,-0.0032545778647484216,-0.014057791666666649,0.015648799980387207,0.39032822830391906,-0.14529952199251261,0.05652626598489733,0.0,0.0006936677627411569,-0.693589818577641,-0.0712312607819312,0.005111429423335423
2021-06-23,-0.020000000000000018,0.0,0.00836870297599431,0.006857622904420305,-0.001810299563351892,0.004934080110783324,0.004784688419976214,0.0020124542955856726,0.004710703679592051,-0.020401847499999952,0.005767225363483405,0.05144980699527033,0.005833105501379223,0.05805337860440153,0.010000000000000009,-0.004753685505584748,-0.690529024647915,-0.02061928720273576,-0.0010838474815404453
2021-06-24,-0.04999999999999982,-0.010000000000000009,0.001605025819722506,0.013648482167751998,0.013539821603551268,0.006739340034094626,0.0017464615143632568,0.0007940700211390072,0.025564861099589217,0.00272034083333335,0.0022704572199923386,-0.3484173568609934,0.04294636118742649,0.06358252460836017,-0.010000000000000009,-0.0004975348098854582,-0.690529024647915,-0.021679387309039733,0.0057943377765710125
2021-06-25,-0.040000000000000036,-0.010000000000000009,-0.0014882916436610456,-0.0010653286293883931,0.0047248323082727875,-0.030550604719415498,0.0012987865760436498,-0.00023784474427935087,-0.05010505190269883,-9.893416666665006e-05,-0.0006804041398136757,-0.22329165464487388,0.019017256928887793,0.06500233409013707,0.030000000000000027,-0.003214569526122979,-0.690529024647915,-0.022159817815381455,0.003325072472303958
2021-06-26,,,-0.003096391187181832,0.012136765668817776,-0.0075496908283786196,0.012834526803653662,0.00040421955847451765,0.0025525903601166084,-0.0025106085823258122,-0.028142413333333303,0.007281079849426191,0.17377183722612297,-0.08202043501834344,0.06740538008624598,,,-0.690529024647915,,
2021-06-27,,,0.013600678437726846,-9.049884208904105e-05,0.006588035253971923,0.0056530014419064216,0.0016067002724011552,-0.0014941464763534073,0.05055988085748161,-0.02996913916666665,-0.004262366111924361,-0.055589747627142805,-0.0032330619807703883,0.0677844912235769,,,-0.690529024647915,,
2021-06-28,0.009999999999999787,0.0,-0.006181379098436294,0.004645182548201559,0.005513662484057746,0.0038277604690309303,-0.006669084058082726,-0.0025504259559926295,0.011338627621634826,0.0003359258333332999,-0.007269044627477547,-0.041262715556243786,0.08019575516152533,0.0769712466187081,-0.020000000000000018,0.0005294872267720407,-0.690529024647915,0.00892294001819316,0.002312366351411299
2021-06-29,-0.020000000000000018,0.0,-0.004444761841568424,-0.024981927405130135,0.0015723793357037843,-0.020819056643173354,1.5637272329757858e-05,-0.0020060522605669113,0.07606499063011839,-0.0057555166666667,-0.005754957656788905,0.07283413251188098,0.027246187038762498,0.049991379105537456,-0.020000000000000018,0.002108914352278113,-0.690529024647915,0.016362857210480364,0.00027731138634301544
2021-06-30,0.010000000000000231,0.0,-0.004696792139588138,-0.0038930155758450037,0.0007677830942540814,0.05930544005784456,-0.00023477629039768291,-0.0016031842288016804,-0.026504911713356706,0.004135840833333349,-0.004622052897664504,-0.012967202979074695,0.03926311497038265,0.05079904134873811,-0.020000000000000018,0.002597697517884079,-0.686505950972306,-0.011931067747292357,0.0013272329146101214
2021-07-01,-0.020000000000000018,0.010000000000000009,0.0018445872064164431,-0.0015683697654033028,0.03419538653163233,0.008045206284183145,0.0009723643564996171,0.0015465556592032285,-0.027520920794634352,0.0045563058333333495,0.0044634819815176615,-0.03596941608000462,0.013509951621490214,0.0495573233544195,0.030000000000000027,0.0016573954284311299,-0.686505950972306,-0.022358005731339947,0.005208054995812006
2021-07-02,0.020000000000000018,0.0,-0.00021388350068396643,0.004292868562271857,0.007661349178412136,0.0023076064290517566,0.0028786441176036383,0.0002650713776469575,0.015874921877972306,-0.0071475558333333,0.0007652197979353292,-0.08811311379877679,-0.05754905473291784,0.056131110825412694,-0.030000000000000027,-0.0017533545712336007,-0.686505950972306,-0.026842855523177,0.007472118231364178
2021-07-03,,,0.000977827651666809,0.008199381190527934,0.002916795489932535,0.0019002510645103384,0.0006348465569314006,0.00033940687225525625,0.03699708898574088,-0.00019654500000000023,0.0009795820505669112,-0.13717668994337975,0.012504407023846243,0.0420050340169873,,,-0.686505950972306,,
2021-07-04,,,-0.0008375864023040641,0.002647205078321277,-0.00022058807669337512,0.006945988644348062,0.0005024409133791759,-0.0008477529640360859,0.015739535376515925,0.0080318466666667,-0.002449778784448076,-0.11041498325374084,0.027452711189770655,0.04125898744669708,,,-0.686505950972306,,
2021-07-05,-0.010000000000000231,0.0,-0.00834239005335355,-0.0005287284931360096,0.0014277042524611903,-0.0035059906318877913,0.00042084478989482687,-0.00024593891497047007,-0.04632104445396464,-0.01170383916666665,-0.0007121217870543905,0.02089747567423376,0.03152269583889664,0.03271367638701864,,,-0.686505950972306,,
2021-07-06,0.020000000000000018,0.0,0.008688215204321005,0.0006487488458833419,0.00831866909744221,0.003200909130045695,0.0022215481554574835,-0.001230710963012088,0.024891435192395953,-0.006401235,-0.0035791467891861596,0.10059813062150347,-0.045726850889220044,0.03866044394610382,-0.050000000000000044,0.003628480291468783,-0.686505950972306,0.08701137698963013,-0.0020239476634920095
2021-07-07,0.0,0.010000000000000009,-0.0019485654196927681,0.006306014286791516,0.0012263048863443147,0.0056788723081606105,0.001305230815909945,-0.00015017442393993957,0.006651164917196487,0.0031694225,-0.0004381863567036185,0.047685653487516626,0.026038033585859002,0.0368746614168838,-0.039999999999999813,0.0013554141661487051,-0.680954004096435,-0.01470614738969589,0.0033533824363036757
2021-07-08,0.0900000000000003,0.020000000000000018,-0.002766442192105841,0.0026032711299997452,0.0002540800249860659,-0.0009093245875037674,0.0013447967584247732,0.0034787455484178572,-0.02129343459586443,-0.01235071916666665,0.010115012735901142,-0.07788424711915012,-0.003935100647876727,0.036484179739920346,0.0,-0.00024051385192791486,-0.680954004096435,0.15942773692810208,-0.008597867216574073
2021-07-09,-0.07000000000000028,0.0,0.0024114966090765986,0.009393315357621133,-0.00016437956790996513,-0.014662181095223065,0.0017023048871436179,-0.0013238478780235928,0.0034042939422458582,0.0030724874999999994,-0.0038438016021979464,0.12293326032168767,-0.05789919884414696,0.03657414506752241,0.029999999999999805,-0.002125578063610689,-0.680954004096435,-0.1606630675360945,0.011214829918571922
2021-07-10,,,-0.0008574008204026382,0.0008588909432627188,0.006844995109354848,0.011786890280131586,-0.0002209124447220629,-0.0015386361233778213,-0.0013914553626247315,0.00537518916666665,-0.0044850920710997515,-0.13363682840471602,0.0225484650151991,0.03739984694319565,,,-0.680954004096435,,
2021-07-11,,,0.00045299257651993465,0.003777367159574211,-0.005266896945726501,-0.011265916918201918,0.0002849687300431292,-0.0016996242022446378,0.030578224203343992,0.0007802025,-0.004979287292167582,-0.1858737907079362,-0.01177488841647777,0.03549100166269181,,,-0.680954004096435,,
2021-07-12,-0.020000000000000018,0.0,-0.002851311202929493,-0.0008724913812858115,0.007448379210089612,-0.0006975501908348496,0.00274700715931387,-0.006500839494306694,-0.0010997167108823772,-0.0012152725,-0.0193307756851427,-0.1872738578737808,0.013666577687287785,0.032926908961339166,0.010000000000000009,-0.0006773091935921016,-0.680954004096435,-0.0006182380413299882,0.003445214723939216
2021-07-13,-0.009999999999999787,-0.010000000000000009,0.001551666156564711,0.011312376642111693,-0.004420291713434554,-0.003057973777092077,0.00031214766576379124,-0.006693207029218243,-0.01222392200539135,-0.0078246058333333,-0.020307492444506824,0.17263586842976159,-0.039607006928177695,0.03182587742891404,0.010000000000000009,0.002172147939951685,-0.680954004096435,0.05708969712458023,-0.0035230289676473348
2021-07-14,0.06000000000000005,0.0,0.0012905379848974826,0.0016893907684014777,-0.006216570946186242,0.01294484524226348,0.002195805843285512,0.00476105229448586,-0.01294538601040597,-0.0094886125,0.014519083563908738,0.001460473477536109,-0.033502966965068465,0.029292692996079537,-0.020000000000000018,-0.001117375929940323,-0.674271520890897,-0.047243463731222235,0.0011642922750674245
2021-07-15,0.040000000000000036,0.010000000000000009,-0.0050242189071943106,0.00798841741543315,0.00364860901487781,0.00568573839707778,-0.00493213045501955,0.0027789027826093824,0.026400547637470972,-0.0032087533333333,0.008336947038831248,0.09121931205971937,0.016596833862821292,0.03161319560338132,-0.05999999999999983,0.0010979077992692154,-0.674271520890897,0.040797499425396566,-0.0032675689369963123
2021-07-16,0.040000000000000036,0.010000000000000009,0.0014116673366226554,-0.011928995333035482,-0.000556341438324299,-0.09900446874258925,0.0012225640535589244,-0.0021067016359125443,-0.03753163701294175,0.00215479916666665,-0.006321652122263426,-0.055363639262818634,-0.04008781471127856,0.027879577877677867,-0.020000000000000018,0.00034240682246178267,-0.674271520890897,0.08126296407876588,-0.007567500391697735
2021-07-17,,,-0.004569192349569473,-0.0009928036263946959,-0.0009921591690318571,-0.040633577165464084,0.0014434341941255084,-0.0004338617611494523,0.02291813041833379,-0.00919007416666665,-0.0013087702919538041,0.014671712956689873,-0.014821324849181673,0.023821896643694777,,,-0.674271520890897,,
2021-07-18,,,0.0026017680571909035,0.010058512832610698,0.002621305709407771,0.003002329851770419,0.0005817744464521988,0.0011620691147790896,-0.003694003652440683,0.0031306933333333504,0.0035036431948595463,-0.20647142009166447,0.009795396733316185,0.025725345773664848,,,-0.674271520890897,,
2021-07-19,0.2599999999999998,0.020000000000000018,0.004298969663351841,0.006259136367855087,0.006125972453832908,-0.0033103673376306377,0.0002837998809611426,0.0006951977260633805,0.051037500393967254,-0.00489622166666665,0.002090763173721616,0.014037395924221803,0.006752887824624023,0.02466105799853407,-0.08000000000000007,0.004452101444468504,-0.674271520890897,0.198450938723838,-0.015996800327963356
2021-07-20,-0.06000000000000005,0.009999999999999898,-0.003833035842162498,-0.0014734007215657363,-0.01225309697712437,0.0015508831675229056,0.0011887399927673558,0.003512242384769201,-0.05503780498090577,-0.01173865416666665,0.010508950090256333,0.08028914849718304,-0.03743268944631073,0.024289097217319446,0.050000000000000044,0.0017862065643798886,-0.674271520890897,-0.13137498917585022,0.015048847488143835
2021-07-21,-0.13999999999999968,-0.009999999999999898,-0.0020202082703329382,0.0035218184984097743,-0.0025696837649371237,-0.05305428505817572,0.0013869016284237896,-0.0022765506532877156,0.030077139724549715,-0.007430670833333299,-0.006808510488284908,0.196107428234773,-0.02397972596906066,0.02320780353533423,0.050000000000000044,-0.0031486826387912004,-0.667544244850599,-0.09678110396190354,0.00820806865888457
2021-07-22,0.0,0.0,0.0014686062910330307,0.005472018145897794,0.0058773288791024595,0.000353344572398715,0.0010437038500921928,0.001546798855655915,0.0055879080498676,0.0024786,0.0046359008191633145,0.2300362093785411,0.09370725287067308,0.046043967998626804,-0.010000000000000009,0.0006779449096638857,-0.667544244850599,-0.012359707900926331,0.002014630238242887
2021-07-23,-0.020000000000000018,-0.010000000000000009,-0.0021016217245460383,0.0005947587474428725,0.0020824495262829223,0.006542722009627301,-0.00013935739821211248,0.000451583717713591,0.06287919240666737,0.002065775,0.001349207518477054,-0.28266448349704004,0.006303230778851463,0.04267305022193138,0.010000000000000009,-0.0002617786064265104,-0.667544244850599,-0.02809012435228686,0.010094319060165446
2021-07-24,,,-0.0008530309640141533,0.003688682462080564,0.0031996922378649565,0.004520941209551721,0.0007795507846264898,0.00100782003391773,0.046365962825364794,-0.0113311208333333,0.003006879172880316,0.054085406995427146,0.03750958233288278,0.04304859167002731,,,-0.667544244850599,,
2021-07-25,,,0.00101009018434874,-0.0012313250070310905,0.002931390153960449,-0.0008705650960987663,0.00030672417453345044,0.00014316483200377478,0.04551170636234681,-0.01551207166666665,0.00042653743179525407,-0.0527231404149829,0.026659959142312235,0.04329511700840362,,,-0.667544244850599,,
2021-07-26,-0.010000000000000231,0.0,-0.0018520639160899308,0.0073026913505691475,0.0013882925060670253,0.008806951118583622,0.000826080500484694,-0.0006231759248014939,-0.10934105196899482,0.0052195208333333,-0.0018595220826855816,-0.10058626335646365,0.023725646783109264,0.04318921541298676,-0.010000000000000009,-0.0019059087156891863,-0.667544244850599,0.02185250843762354,0.0023794199422138007
2021-07-27,0.06000000000000005,0.0,0.00243850673150518,-0.008307185151377376,0.0020386784742674863,-0.037637074609340314,0.0006060295878209802,0.0031108256290653846,0.035960967043490735,-0.0091347308333333,0.009253848652369098,0.8618094115368863,0.02977157750097312,0.03559720001058092,-0.020000000000000018,-9.715319071013084e-06,-0.667544244850599,0.0964471895914003,-0.004723618672649366
2021-07-28,-0.010000000000000231,0.0,0.0007752817972555928,0.006118717716364181,0.006427838234785316,-0.001312845580561511,0.001451364301094051,0.0008019618151593353,0.01698588087072543,0.00754372916666665,0.002375237040791991,-0.30737106771344896,0.0372981037220965,0.02735998821244379,0.010000000000000009,-0.0003710191673960139,-0.661017129512212,-0.055761723162012,-0.0001863191743716186
2021-07-29,-0.029999999999999805,-0.010000000000000009,-0.006579664124807333,0.004220184840168128,0.004769147283185747,-0.0013092413177955412,-0.0007047437021821887,-0.004002288299187424,0.031454952244521196,0.0070219858333333,-0.011902051640189978,-0.011134129161120321,0.013615926833020355,0.01164792383086562,0.020000000000000018,-0.006180001332035445,-0.661017129512212,-0.03388271910663576,0.004197385011620369
2021-07-30,0.029999999999999805,0.0,0.0047604197173222555,-0.002171006138245941,0.002370648257725704,0.006987352570942429,0.0010148549348276727,-0.0001620826020187992,0.05413983643357951,0.006610245,-0.0004854931283551581,-0.31748606504280985,0.01721811691267415,0.009204851257542166,-0.030000000000000027,0.0016699625652289996,-0.661017129512212,0.030052345066402086,-0.005420682382194286
2021-07-31,0.06000000000000005,0.010000000000000009,-0.0001141163624451001,0.007968091071678753,0.0021730855838501834,0.010221833971354153,0.00046753283236300415,-0.0003669704734059359,-0.010039068416759315,0.0094476175,-0.001100589213297734,0.23735409256886042,0.04020897291977818,0.009779479014311733,,,-0.661017129512212,,
2021-08-01,,,-0.0021318161203063447,-0.0061589138591717,0.0004573524436614046,-0.005615485543889454,0.0006257892116814475,-0.001417100584864984,-0.0747486048880879,0.0040937733333332995,-0.004264137619116619,-0.1747919055646234,0.013667520652547081,0.010996147035178603,,,-0.661017129512212,,
2021-08-02,0.040000000000000036,0.010000000000000009,0.0047515232316183275,-0.0002622162177844319,0.0028726115735332384,-0.005118296367313759,0.00014294294763305884,0.0003683288307796963,0.0212203263258144,-0.0015854858333333,0.0011102313786704038,0.08112346820343908,-0.019831252233208804,0.020285360242178863,-0.020000000000000018,-2.04135519359383e-05,-0.661017129512212,0.06474409211167353,-0.0018445946098477606
2021-08-03,0.06000000000000005,0.0,-0.0006709038843700406,0.003302479586489428,0.004605125285113814,0.00789269197760237,0.0006397220222361099,-0.0045616036144084686,-0.005629745189602299,-0.00305155,-0.013846350510356433,0.008779096750439263,0.0028576118728948947,0.020420424800545334,-0.010000000000000009,0.001363242083670002,-0.661017129512212,-0.07576956212338137,0.008170019032652576
2021-08-04,0.0,0.0,0.0029237892885670552,0.002733985543129089,0.002612654830458766,0.013602873232366865,0.00042096358131119796,-0.0026388469308630757,0.05198655492553063,0.01017614916666665,-0.008101828890440302,8.761255165638834e-05,-0.02933998795123774,0.023583474171554143,0.0,0.000642394229733334,-0.655684472722714,-0.003887813839010157,-0.00464320822964126
2021-08-05,-0.04999999999999982,0.0,-0.0064175943823748,0.004100794133359477,-0.006325214940485569,-0.04156875509396146,-0.009239337482629992,0.0073592496206949885,0.0025576062741514247,0.01087778666666665,0.0222287191915948,0.042576505864256646,0.05647565983895059,0.030573875501337486,0.0,-0.0011335503270615277,-0.655684472722714,-0.03915393741955775,0.005987499431546084
2021-08-06,-0.050000000000000266,0.0,0.0036667308934036974,8.663344786320458e-05,0.008577137103053982,0.00917558592757564,-0.00029764586881761873,0.00018686209730286096,0.07060262262655707,0.011673995,0.000557870952475628,0.29232939606087605,0.030839621268970385,0.03141242865033895,0.08000000000000007,0.004789544719560723,-0.655684472722714,-0.06762971370724413,0.0016738821949289218
2021-08-07,,,0.0010467498833751714,-0.0006785028959833814,0.0001299371148201826,0.014905964546483203,0.0012214336987793253,-0.0009548461922573487,0.0666030182891011,0.01297787666666665,-0.0028574300866434374,-0.06453968080469523,0.03539003804801328,0.030777296211298356,,,-0.655684472722714,,
2021-08-08,,,0.00014470962890602402,0.003099821587931481,0.006604038270882733,0.005439437700690137,0.011701124079369962,0.0002700762148346816,-0.04616185654138427,0.010256055,0.000818564930034056,0.12905164849850934,0.06459158125549413,0.03648725795489562,,,-0.655684472722714,,
2021-08-09,0.020000000000000018,0.0,0.0033267502085842547,-0.002473876384553196,0.010465648835711978,-0.00695411384123441,-0.0013037281133758067,-0.0025002017216766313,0.07902369428348735,0.017881825,-0.007593566233685814,-0.09984591941204497,-0.032658517526809004,0.03906065553471129,0.0,0.0012638864907987823,-0.655684472722714,0.03468555798788975,-0.0009403678951880323
2021-08-10,-0.020000000000000018,0.0,3.838618756343938e-05,0.01283570409746005,-0.004284930592867451,0.010142441369422403,-0.0003434707658310634,0.0009831431436751325,-8.774424838238997e-05,0.014537035,0.0029918406341543293,0.09544062894115432,0.05282451541234469,0.04031214437264676,0.020000000000000018,0.00039832668072836697,-0.655684472722714,0.004177863432893947,0.0009922089864762285
2021-08-11,0.050000000000000266,0.0,0.0029242608912839136,0.0020442314778601578,0.007811303761693182,0.005572674852274331,-5.901214304666411e-05,0.0005719604990170274,0.0026190623881901364,0.01177392,0.001736342936346891,-0.20580084829046066,-0.00971480418210111,0.03635511278639478,0.0,-0.0018987629354629831,-0.6510405313915,-0.04445176257083361,0.0024649821979920716
2021-08-12,-0.03000000000000025,0.0,0.003238801986190045,-0.0019646224249644535,0.004512915169813601,-0.001856220079737799,-0.0003881626856882906,-0.0015582901951356671,-0.025985165964806663,0.005244645,-0.004735874860309097,-0.029252236676254935,0.003115385616483139,0.03502008334877831,0.009999999999999787,-0.00011388159239889006,-0.6510405313915,-0.029702025448930414,0.002947738741944761
2021-08-13,0.020000000000000018,0.0,0.00545971977403369,-0.0032328146664531788,0.005579109879806598,0.013965252988812462,0.00028528666685751847,-0.0013303970466776599,0.06598517094746159,0.01262764916666665,-0.00406225936418491,-0.004212112530551271,-0.031859770874656454,0.03968076318514803,-0.06999999999999984,-0.0018344851135490003,-0.6510405313915,-0.00902067972593068,0.001606033834480769
2021-08-14,,,-0.0014451682413658027,-0.005276020790715181,0.007922677542342564,0.004501097439274197,0.00026172769364328887,0.00157400475459192,-0.003997104059741318,0.01609132166666665,0.004805566117110002,-0.058602709433999166,0.07810920310038635,0.046615842495361236,,,-0.6510405313915,,
2021-08-15,,,0.005299469773843435,0.0012403712745268091,0.002087906205076285,0.0021469009087476637,0.010684171185701313,0.00018626752746944965,-0.019181116345672388,0.0040948725,0.0005732554059986143,-0.09183626454067711,-0.014919377217293108,0.04284042758835395,,,-0.6510405313915,,
2021-08-16,0.020000000000000018,0.0,0.0027871814104653077,-0.005170180295516791,0.00926406570065825,-0.003064037955860768,-0.0009574332709495343,0.0008647612286634147,0.009710106972323945,0.01594608,0.002654546768408932,0.040213446358872765,0.0055856861842920385,0.03932112923941614,-0.010000000000000009,0.0009574272726444732,-0.6510405313915,0.04245173373472788,0.0026174309818660646
2021-08-17,-0.009999999999999787,0.0,0.004148780591570622,-0.006536574740075617,-0.0008837851953672124,0.0026694507625219114,4.481003799209581e-05,-0.0023574604747482065,-0.030090800145121024,0.0071513075,-0.007253638497155452,0.0488662024067946,-0.03484128105224537,0.03804592223775098,-0.020000000000000018,0.0039473178484765725,-0.6510405313915,0.10529847899413802,-0.007085769790768026
2021-08-18,-0.020000000000000018,0.009999999999999898,0.006946541300345074,0.00200681154332935,-0.0025405041743225445,-0.005459620508126995,0.0008583440686783805,0.0027606937802979125,-0.04060183249981653,0.00869240416666665,0.008496348021221598,0.04306338120091721,-0.04030853355066413,0.04091065426722426,0.010000000000000009,0.0006906767278520576,-0.648311052274825,0.1859442443284447,-0.010806639720144062
2021-08-19,0.06999999999999984,0.010000000000000009,0.0005704760512298964,0.0007646194993597659,0.0024363847842142337,0.04728630329795835,-0.002115279297061415,-0.0047452516095112494,0.04145374273424029,0.01425240166666665,-0.014617777215636833,-0.08176295875789195,0.010349075967610765,0.04124034142015093,-0.020000000000000018,0.003640813217256955,-0.648311052274825,0.004625355147202637,0.0012559520255734924
2021-08-20,-0.04999999999999982,0.0,0.0010418436013323856,0.0025326357879553894,0.0010546377714771352,0.018180534707273058,0.007030417917639669,0.005373451011132938,0.07642019734174212,0.0298953933333333,0.016652736941307263,0.019914510484433566,0.036256044246812044,0.041601112204647316,0.010000000000000009,0.0034145297083423287,-0.648311052274825,-0.15492008819021352,0.008108577149078755
2021-08-21,,,0.003917595437285835,-0.021354874577145355,0.001703636450230923,-0.017580977849038032,-0.00021691190564528728,-0.0008733626034770003,-0.004062746551764118,0.015234385833333301,-0.0026872311958232187,-0.0076378705790399615,0.04613241014552185,0.03324793509694286,,,-0.648311052274825,,
2021-08-22,,,0.004313209905452459,-0.0016500968529020979,0.003429537626938051,0.011632318551824042,-6.533078786045331e-05,0.001010303647361192,-0.0030536344428448202,0.0086434233333333,0.003107725386205494,0.04849687084849597,-0.010819975251820036,0.032951901460166064,,,-0.648311052274825,,
2021-08-23,-0.03000000000000025,0.0,0.004486484228009179,0.0018661666404410312,0.004938875203805014,0.006382220831033139,0.010104279020302642,-0.00031039983279969,0.04456568162767997,0.024780313333333297,-0.0009634628271289267,-0.3316026890383216,0.006240076190174636,0.03296547345837456,-0.010000000000000009,-0.004894891509636068,-0.648311052274825,-0.07901055374610566,0.008487698356534068
2021-08-24,-0.08000000000000007,-0.010000000000000009,-0.0024344118112259714,-0.0031556816729397482,-0.0020951666039114684,0.015636963682665143,0.0004207793180489541,0.017531938698831774,0.008537719522169517,0.019929791666666648,0.05303565730614759,0.2718389926770665,0.01443335123718115,0.028823473269656,0.030000000000000027,-0.0023047062476511115,-0.648311052274825,0.00407332538763594,0.0014945751943340468
2021-08-25,-0.03999999999999959,-0.009999999999999898,0.00429732453457928,0.0019026352006704839,-0.00011236447897811373,0.0012358930683337526,0.000489993238204938,0.0018582696563926215,-0.03327608735758854,0.0065698533333333,0.005462697481987401,0.06676484656181737,-0.03816336998712565,0.02821816807145203,0.07000000000000006,-0.0004161686414088095,-0.646635708454974,-0.02528802791013529,0.0022176660815187432
2021-08-26,-0.020000000000000018,0.0,0.005860994326550443,0.003948324709814302,-0.002435564698346686,-0.01353225448897699,-0.0003399174971678585,0.09401220897748967,0.0019501235628449703,0.009399885,0.24335207276572188,-0.13766023206863431,0.019347300920197777,0.028482741973378068,-0.030000000000000027,0.0013727876292133345,-0.646635708454974,0.11519879805876787,-0.005841962859470584
2021-08-27,-0.03000000000000025,-0.010000000000000009,-0.0029607986734594962,-0.00012605692112794024,0.0009164107988408049,0.00811908807506569,0.001822874307557848,-0.0003986965812287853,0.029630373583423707,0.0179765475,-0.0009181469427689921,-0.026774046064631254,-0.03550456442256751,0.03050538237911967,0.0,-0.0039440245165183185,-0.646635708454974,-0.13931087639247863,0.008769045552897481
2021-08-28,,,0.004515981283591645,0.0035657632674372663,0.008097275115287978,0.007706382904593858,9.627857384078047e-06,-0.0006756630402790197,0.0022652500760060785,0.01809401416666665,-0.0015579074885747099,0.010382978626859152,0.04187871419708403,0.029463357289325913,,,-0.646635708454974,,
2021-08-29,,,-0.0005121208456333545,0.0017850846327170464,-0.0004965994950109526,0.00221723088573688,0.0006030311544327529,0.0015029555046656598,-0.013337262411333371,0.0070271458333333,0.0034642194418543926,-0.22346918504809776,-0.004889930282639738,0.02919685511903539,,,-0.646635708454974,,
2021-08-30,-0.009999999999999787,0.0,-0.0013413956630191678,0.0002236512441025908,0.004841952351087462,-0.00880929332106994,0.0009809704611764439,-0.001354680532255803,0.0008749707166700261,0.012052700833333301,-0.0031249895450632505,-0.0505884548361563,-0.0021585732243577043,0.02909295653330939,0.0,-0.0008332362883365363,-0.646635708454974,-0.012277625066194453,0.0042973414690568035
2021-08-31,0.04999999999999982,0.0,0.0013340411734691195,0.006012739783039866,-0.0015109657645921834,0.002353130657751308,0.00029817743332049743,0.00017948837202171554,0.04480098226189531,0.02271073,0.0004147307079968672,0.29250997831899406,-0.018669539440587288,0.028908643794349913,0.010000000000000009,-0.0012228656159818385,-0.646635708454974,0.017753756791781594,-0.0013500571571327669
2021-09-01,-0.020000000000000018,0.0,0.003363400613503992,0.0025384551646452785,0.003070069765670275,0.007426918484199182,0.0007454573901304481,-0.00020991603605968317,0.06194726437252519,0.016496865,-0.0004854165592447772,0.21551943691485573,0.033388894916497,0.028051641204416174,0.010000000000000009,-0.0020745132689485857,-0.647318855980382,-0.022707327292442514,0.0003117134648977782
2021-09-02,-0.029999999999999805,0.0,-0.0010917341339281032,0.0039315288340636845,0.002234847027982573,0.007543694405663028,0.002768076487964104,0.001674262874800363,0.0406328141919872,0.04188229166666665,0.0038757727444725903,0.09188907930049665,0.06391843390867173,0.03587845144524125,-0.020000000000000018,-0.0007701869790164295,-0.647318855980382,0.018450707913116204,0.00283852816777852
2021-09-03,-0.020000000000000018,0.0,0.0007049250510336099,0.002374881508005818,0.031395845785508775,-0.0253464254849327,0.009892949123783608,2.6416189914232245e-05,0.01364117656740119,0.04334563249999995,6.163771953977567e-05,-0.08582502414082893,0.00560818646597167,0.0298250295981901,0.030000000000000027,-0.0021186345178065835,-0.647318855980382,0.0,-0.0003350829692383428
2021-09-04,,,0.010703147780750344,1.1729493078571807e-05,0.006655965562452877,0.0061194820069319445,0.000551792304563543,0.0006233491397915841,-0.011484798566856146,0.0316366608333333,0.0014541800933898122,0.08408399580297984,0.024486088012331528,0.028081575378164525,,,-0.647318855980382,,
2021-09-05,,,0.002487381916616024,0.0038119657954157533,0.001970968417745581,0.0027249350589185735,0.0009045438582383794,-0.0008875835613848848,0.0740967941425164,0.03312192166666665,-0.0020731144545088234,-0.18520616425335376,-0.004478998473054054,0.028034611244475177,,,-0.647318855980382,,
2021-09-06,-0.010000000000000231,0.0,0.003390286313051884,0.0023829750355875584,0.005622311614448611,0.0002385793761444739,0.0084088180214363,0.00048615029834277813,0.013037349907834924,0.03807770166666665,0.0011456130383666393,-0.16860538045213527,0.023603607048889415,0.0271471775237754,,,-0.647318855980382,,
2021-09-07,0.03000000000000025,0.0,0.010447617936272932,0.003430141562528572,0.006571286577174555,0.007791101722870645,0.022182638986867453,0.009499914562499646,-0.33453685184222537,0.01813814666666665,0.0226178584984649,0.11357655598907647,0.00910447426555901,0.022477239733514,0.039999999999999813,0.003830143055956192,-0.647318855980382,0.10022853958499134,-0.0034012661634807984
2021-09-08,0.0,0.0,0.0025655704388366273,0.010609951067025067,0.004669862144775223,0.010262912871615676,0.003078837590493001,0.0008505231388497118,-0.017830920826449024,0.01005316833333335,0.002006398218432463,0.6129747562841465,-0.125880924100589,0.059470979973061514,-0.030000000000000027,0.0022315418651874808,-0.648500198851895,-0.009972381812937137,-0.0013194454045599713
2021-09-09,-0.010000000000000231,0.0,0.01978647717233789,0.01585106921153372,0.002348207366698276,0.0019963619292004903,1.4188533909534851e-05,-0.0035888043068500355,-0.0003609833598472501,0.0135629783333333,-0.008493650686453668,-0.25793970334430755,-0.0016311194274337276,0.052370321194750664,-0.05999999999999983,-0.0016696508882203531,-0.648500198851895,0.04570980696185023,-0.004616238276287987
2021-09-10,-0.040000000000000036,-0.010000000000000009,3.169329156662837e-05,0.010536365052645453,0.00022612163652897566,0.007752229105773513,0.00023957321629764516,-0.003238612987128036,-0.010324587573955143,0.0162614708333333,-0.0077291311000733075,-0.24593541581608427,-0.004095775583878543,0.05201913852730353,0.050000000000000044,-0.0008894376552968097,-0.648500198851895,0.1082817765322428,-0.007752617623131286
2021-09-11,,,-0.004202749611393944,0.007686846244817887,-0.012577397249208547,0.0057178752748628615,0.0007254184599055576,-0.0012094576134310852,-0.005849697798674457,0.0108251408333333,-0.0029039369879277394,-0.03499170346396047,-0.052825370264933724,0.05136531120183296,,,-0.648500198851895,,
2021-09-12,,,0.0015700697475002393,0.002403733039387595,0.02065089336569552,0.00364666378481911,-0.0005697998641696985,-0.001189843537613723,0.01043009817413667,0.0115532633333333,-0.0028634612462682192,-0.14258798472760587,0.013359225220483198,0.05281956163750273,,,-0.648500198851895,,
2021-09-13,-0.020000000000000018,-0.010000000000000009,0.011377259142315925,0.002989365643444729,0.0034249479583588946,-0.00012594106210868524,-0.0005880380126223406,-0.0008670175773814705,-0.009401147213380102,0.0063186483333333,-0.0020904981235320146,-0.16429985868110802,0.03332771968987283,0.05425857728518607,0.0,0.0008107034535163038,-0.648500198851895,-0.078413168949242,0.0022739222394125846
2021-09-14,0.020000000000000018,0.0,-0.008192466667741262,0.004430116836629327,1.4075695021240638e-05,-0.028713006750697736,-0.0003235506492482736,0.002257172029913607,0.06031424757438483,0.0111942158333333,0.005431503687433319,0.3755395724008805,-0.028918876834023444,0.05293595120535599,-0.050000000000000044,-0.0002477435442296283,-0.648500198851895,0.00463559933895441,-0.00576317437780105
2021-09-15,-0.029999999999999805,0.0,0.0007494966252873263,-0.005432368664031306,-0.0030353448513649518,0.005929670857412198,9.25261659400067e-05,-0.006638131610952928,0.06379600198129375,0.005755610833333351,-0.016059990132042797,-0.10864549252716604,0.04007629010213927,0.0330189348339364,0.030000000000000027,-0.0002548859797304459,-0.650351787243569,-0.06803898800852615,0.008438206673245574
2021-09-16,-0.020000000000000018,0.0,-0.001966720768141411,0.00019240806250638083,8.982432153141855e-05,-0.0073304995575124736,0.0003762506321802072,-0.004622916276606858,-0.03692949653401893,0.01003405666666665,-0.011343098181471374,-0.19747617388498323,0.035345790095439616,0.035591001170568286,0.010000000000000009,0.0028840280038648913,-0.650351787243569,0.027666532718138903,-0.0015523011230360595
2021-09-17,-0.020000000000000018,0.0,0.0017333899885140429,-0.0016963864978760043,0.0039039427235340435,0.0032195087432797544,0.0013577931063318016,0.0009729585774328559,-0.009396268101979495,0.00929721416666665,0.002401284459482865,0.09613614972386611,-0.006356380855577414,0.03569929976677032,0.029999999999999805,0.0026028815612102463,-0.650351787243569,0.10744501893807135,-0.009152683146432139
2021-09-18,,,0.001525881647585616,0.005810518022702031,0.0041345024363748486,-0.0017819604443860295,0.0009081819267131823,0.0040639324600969026,0.012524463480447985,0.0056441508333333005,0.009977013252351306,-0.1431736197208232,-0.02991354683577588,0.030147748676761982,,,-0.650351787243569,,
2021-09-19,,,-0.001714002077092594,0.0007753972870493616,-0.001113645293462266,-0.004818876197645264,0.0005614796810608031,0.0026015306752773786,-0.0038453441876688914,0.00010591083333334988,0.006338479296841486,-0.06314866255499754,0.013122327832491825,0.030141034369077592,,,-0.650351787243569,,
2021-09-20,0.18999999999999995,0.010000000000000009,0.0013289305156908655,0.0033967587402688165,0.00182029169247598,0.004678834208260938,-0.0005316699596313583,0.022533275149852997,-0.08970753337155916,0.0043909558333333,0.053254761437471716,-0.07678562393590119,-0.022923526098808916,0.02978986424792827,-0.05999999999999983,0.003017479132200407,-0.650351787243569,0.2114463808722551,-0.017123020373770004
2021-09-21,-0.06000000000000005,0.0,-0.001069762732818375,-0.012545216315610763,-0.040972520837463215,-0.008673380824707769,0.0006721453805408013,0.0016347795563834092,-0.09756246507769677,0.00362228833333335,0.0037579944274163156,0.538842058302796,-0.10604252542295786,0.049821565522262135,0.030000000000000027,-0.0010914994535093925,-0.650351787243569,-0.05393757843610203,-0.0008126796836602779
2021-09-22,-0.08000000000000007,-0.010000000000000009,-0.006015398447154136,0.013289585371542933,-0.0045227537125411416,0.002608358359069657,0.0031992186556936844,0.004843964727913075,0.05366484544678625,-0.0036310500000000002,0.011088212152535882,0.11258452958231603,-0.07135409563225048,0.04858490956877088,-0.040000000000000036,-0.0017200129811936193,-0.652509344442963,-0.15462972175258693,0.009474540664092146
2021-09-23,-0.06000000000000005,-0.010000000000000009,0.006307656872410002,0.017601982308043773,-0.005683165737902772,0.014210174796400497,0.002801858140154173,-0.0015842010110196558,0.023683565075430783,-0.01355846666666665,-0.00362300230130322,-0.2024315906082147,0.09491343455411455,0.06405336876019675,0.06999999999999984,-0.000962422031596688,-0.652509344442963,-0.11353953647561221,0.012061715863250555
2021-09-24,0.020000000000000018,-0.020000000000000018,-0.00025013712088248425,0.010997498215732548,0.011395673407849837,0.015730855054835003,0.002894933551895647,0.00358412740378439,-0.041824142684032645,-0.011041365833333299,0.008201698221156649,-0.18155395681599182,0.029398099679477478,0.06654757434261557,0.040000000000000036,0.002170961113172609,-0.652509344442963,-0.04838766869207234,0.0014599428049599794
2021-09-25,,,0.00552018941195661,0.009722288758927139,-0.007957257228895401,0.007804215089645497,0.001275429764687059,-0.0006195057082285445,-0.016212285364598813,-0.0056800058333333,-0.0014146433482562983,0.296620101860853,-0.06295153793577768,0.06905027970499815,,,-0.652509344442963,,
2021-09-26,,,-0.0031314765374762022,0.007846454659602037,0.0031019155164906157,0.006739118772408686,0.0024766660812349972,-0.003180443167723097,0.013014579772729086,0.0011561266666666999,-0.007312384340009365,-0.2909804029922393,0.003983819177550805,0.06844806898918222,,,-0.652509344442963,,
2021-09-27,0.010000000000000231,-0.010000000000000009,-0.00010601621015823644,0.008034498882124546,0.002317814853147473,0.0017936402933239075,0.0014736048604430281,-0.00802608656155767,-0.02135692907126667,0.00649634166666665,-0.01872247288010063,0.03580410930587959,0.02492912485584213,0.07038595793434146,-0.010000000000000009,-0.0001450530962801011,-0.652509344442963,0.05534142765665395,-0.0027802175328766054
2021-09-28,0.06999999999999984,0.010000000000000009,-0.007349267844249431,-0.005108277174258328,0.015750771924285766,-0.008482209361241229,-0.0020918219121282976,0.0017629032729377353,-0.014835926849680495,0.00364569,0.004133836581793646,-0.07508816999011186,-0.03331899463662195,0.05865858196160617,0.06000000000000005,0.0044186201026112926,-0.652509344442963,0.21457818845528687,-0.020574321587474742
2021-09-29,-0.040000000000000036,0.0,0.0023977281734243287,0.002312413322725448,0.001265881607677812,0.006042747597443371,0.0006705920087723128,-0.002123171437861324,0.03208796629492662,0.0003700141666667001,-0.004984086912199238,-0.054113123518136075,-0.03939097629417239,0.05337099014909937,0.020000000000000018,0.00403833423325306,-0.653712998086313,-0.03012670540350726,0.0015679363733056562
2021-09-30,0.06000000000000005,0.020000000000000018,0.003398799450016091,0.01189214532506321,0.001312416321979004,-0.03876316267377386,0.0007474923783527533,-0.012020763596094138,0.01779919129970775,0.010018932500000001,-0.028718461650594794,-0.022360236434141104,0.017004016332997134,0.03627482019116392,-0.010000000000000009,-0.0006008297560953224,-0.653712998086313,0.025384295135672197,-0.01198122097381571
2021-10-01,0.050000000000000266,0.0,-0.0007964990837129698,0.006235126418028656,0.0013160339619557888,-0.047079831351575056,0.0030207670325851804,-0.0007319933074965349,0.0876600982466475,0.0052340508333333004,-0.001781090099101211,0.05456776703343968,0.05349878148287908,0.041282783827254664,-0.030000000000000027,-0.0022749104759389738,-0.653712998086313,-0.08992281627324372,0.011425952216360002
2021-10-02,,,-0.006532004914289901,0.009195921874010918,0.0031464003084406915,0.0021006255650026914,0.0018152595166478352,-0.0010172551505569496,0.0043490954791149125,0.0047944608333333,-0.002484982560801071,0.279346138538839,0.0931822363527339,0.04669050039607328,,,-0.653712998086313,,
2021-10-03,,,2.650112625661598e-05,0.0024894388527529707,1.117243672016918e-05,0.001937546671173373,0.0012126702191134625,-0.002536918079859202,0.009858159625159135,0.0088894558333333,-0.00623187592574122,-0.26322467353570195,0.009047674577435019,0.04649173307121235,,,-0.653712998086313,,
2021-10-04,0.009999999999999787,0.0,0.0006462090102905785,0.007540594421799876,0.00858269116977182,0.0015072643378861755,0.00017623997903189282,-0.004471904917234311,0.023546358334035268,0.00827469166666665,-0.011082550415713224,-0.14540613647342232,0.010019080922799357,0.04645489962767727,0.010000000000000009,-0.000926291659150813,-0.653712998086313,0.0821136659590791,-0.01307093399993775
2021-10-05,-0.040000000000000036,0.0,0.0005162802758833005,-0.0008268467274002607,0.002746236331482214,-0.0014523143516705884,0.0013161096055770516,3.7752889096951004e-05,0.07526109409200174,0.01022231166666665,9.420137418573112e-05,0.17459872248747943,0.0047266404509947,0.04174840497399442,0.040000000000000036,0.0008003873777138182,-0.653712998086313,-0.07504649873598623,0.010469458977262036
2021-10-06,0.1200000000000001,0.010000000000000009,-0.0015937414582187304,0.004601268989183245,0.0037792794160307814,0.0005411329549287883,0.0009394360040059869,-0.003476759526987505,0.008161250695709717,0.01230026666666665,-0.008720905492235996,0.0357666724671486,0.04268875090397491,0.03238560717690504,-0.030000000000000027,0.0030827158052559867,-0.653972260117697,-0.014184634991956546,0.004094493547635025
2021-10-07,-0.10000000000000009,0.0,-0.0014366828353674437,-0.0004597197013493084,0.015786215168479386,0.0007578656944246879,0.003254667390372099,-0.003442932278240572,0.006489405864264337,0.0174931875,-0.008740182723626653,0.2945123834597257,0.045096254143045016,0.03182598143517924,0.030000000000000027,-0.0018680512484623435,-0.653972260117697,-0.07205879110878621,0.008264047735016433
2021-10-08,0.010000000000000231,0.0,0.0030899134276095126,0.007636884719872257,0.005069370436004109,0.0002521638282960123,0.0022254528625925978,-0.0004381878291853726,-0.0052512877300533636,0.01567126,-0.0011203698054941553,-0.23691785280324842,-0.013528553915648535,0.03582897294581297,0.030000000000000027,0.0008223375975733305,-0.653972260117697,-0.04020379601621915,-0.0019155742909777729
2021-10-09,,,0.0016778157346356542,0.00845042012003417,0.0071458496460964594,-0.028627465145627997,0.0007912923187409157,0.0008580062447601708,0.009010675606200079,0.01059781416666665,0.0021943298749594947,-0.10311147272048933,-0.004005941267943409,0.022346473552163224,,,-0.653972260117697,,
2021-10-10,,,4.063409652396452e-05,0.0023735697353523873,0.006850880034215158,-0.0006309169549298495,0.0006835306267607061,9.032861093874461e-05,0.0012996762166168612,0.009257330000000001,0.00023089105525407453,-0.12974185921178838,0.014344785157756848,0.02226268005374431,,,-0.653972260117697,,
2021-10-11,0.0,0.0,0.00014826571157720508,0.005499220162507843,0.000887028705025543,-0.0003087806483101389,0.0009900542380633574,0.005817729794310567,0.05016966551496717,0.01529337916666665,0.014774168311888719,0.21448687796603644,-0.026145555228660643,0.027069649944445048,,,-0.653972260117697,0.0634724229555732,-0.0068894637904683975
2021-10-12,0.07999999999999963,0.010000000000000009,0.006569373180972994,0.004204076925028127,0.0016900624234303819,0.003022524407530455,-0.0009596551285156624,0.0002213865216361453,-0.03173046069314163,0.0101529025,0.0005573893141646695,0.09504429080651007,0.040811768173145566,0.02944623547696939,-0.050000000000000044,0.001356861776900864,-0.653972260117697,-0.007528266420791407,-0.0024196966754637117
2021-10-13,-0.029999999999999805,0.0,-0.0004853823574030593,-0.009557263859178447,0.008071754323969763,-0.0009571097614252648,-0.0005147308132656354,-0.004345222536207696,0.027428792712149246,0.01517418666666665,-0.010991564481406741,-0.034414943041260325,-0.01651174493296612,0.028375674129984103,-0.050000000000000044,-0.0024753017005165745,-0.652189038493601,-0.06289419787575445,0.0030179781813099993
2021-10-14,-0.06999999999999984,-0.010000000000000009,0.0013603209620358116,-0.0032739721958077333,0.004650678785981335,-0.017513979500031543,0.0021029193943490135,0.000784123815564616,0.03825918211978539,0.030485982499999998,0.00199664454352105,-0.011878537903295468,0.02527000960604151,0.02451785581856539,-0.030000000000000027,-0.0023194419251524323,-0.652189038493601,-0.10036585668373554,0.016919170336134215
2021-10-15,-0.06000000000000005,-0.010000000000000009,-0.002331019366976845,-0.0008109686421927421,0.019684680034798095,0.0009540218269198751,0.0008931140104330901,-0.0010085085120279307,0.07541264381047284,0.02792776916666665,-0.0025710364505260115,-0.031473306344646235,0.025218147795431082,0.024566927640018957,0.020000000000000018,-0.0010057128486486988,-0.652189038493601,-0.03377884476099258,0.007432441620920827
2021-10-16,,,-0.0007354418112227121,0.0013934929688516433,0.032044846254805304,0.004799575124222282,0.00026873204715960477,0.0014445678692079533,0.004973591273424279,0.032864311666666646,0.0036816460537095574,0.2863700046379741,0.048411550084196106,0.027907553514552513,,,-0.652189038493601,,
2021-10-17,,,0.008026042626606502,-0.005612618713181279,0.005207137212159416,0.0005122111042762542,0.0005689937679226936,-0.00018757060979648834,0.00487738822174077,0.025364550833333298,-0.0004775517767318483,-0.36074411358414127,-0.009255556197333446,0.029508393847053817,,,-0.652189038493601,,
2021-10-18,-0.010000000000000231,0.0,-0.0032891705047613635,0.0024045370477061615,-0.0022993529380666393,-0.00311669917567287,-0.0013322379397116427,0.056168846293139466,-0.009520523692470933,0.0214133,0.13352400671410156,-0.13264267781959374,0.0033708109709687283,0.024790311471134165,-0.030000000000000027,-0.0008821451253480106,-0.652189038493601,0.0006133088202053827,0.003369122716966544
2021-10-19,-0.020000000000000018,0.0,0.002247688059222971,-0.0002143331475717503,0.004304320183654877,0.002337223098231336,-0.004102085014898961,-0.0029262510434384693,0.06954403310420375,0.0207291108333333,-0.006506301481164656,0.2219460455474992,-0.009844946564975275,0.023979276479957855,0.09000000000000008,-0.003012694860596632,-0.652189038493601,-0.038117704278660014,0.0073661600060432875
2021-10-20,-0.020000000000000018,0.0,-0.0019759886129886825,-0.016540182177289597,-0.010848540535953256,-0.0038745419419834812,0.0030821802826162753,0.002670854518091411,0.06645965726136849,0.0313947608333333,0.005958411654914668,0.0246165629069034,0.037038703031436054,0.022802476387516847,0.010000000000000009,-0.0012211911167119283,-0.646548213298286,-0.013466057925485053,0.0036573205869530057
2021-10-21,-0.040000000000000036,0.0,0.00240205557276446,0.0062592633164966415,0.026355038369207252,0.011850328029004,0.0016093008041236272,0.00061814173042199,-0.03889360008552202,0.0536639433333333,0.001376179765022462,0.04428629003930766,0.0486166980543209,0.02570671293337252,-0.020000000000000018,0.0009730235512908081,-0.646548213298286,-0.031478008783406786,0.0029914274720983514
2021-10-22,0.040000000000000036,0.0,0.0045810469593505695,-0.0021811015948380104,0.030807610225460517,-0.006244192957677861,0.0002570553884868565,-0.0013522601883722515,-0.022026170553309656,0.0213507558333333,-0.003013800349561565,0.45478804170652803,-0.04026439541361786,0.0342138660741182,-0.050000000000000044,0.0004505281462705568,-0.646548213298286,0.02759702072969894,-0.0010731549583589128
2021-10-23,,,0.003875662514737277,0.004252463564293072,0.0022187094241425185,-0.012225088271404921,0.0006634746880885689,-0.002531680323284258,0.0025481898387419103,0.01969908666666665,-0.005670699369277324,-0.45920911178152574,-0.022668452499348866,0.03177392552246634,,,-0.646548213298286,,
2021-10-24,,,0.0013074159203214635,0.006432731611444761,-0.0005491571728711136,0.005434694316161025,-0.00013569623754336717,-0.0012870054285924416,0.0023752310732666516,0.02826125166666665,-0.0028947402255946678,-0.32744585776376794,0.027532031544030233,0.032820240154059266,,,-0.646548213298286,,
2021-10-25,0.040000000000000036,0.0,-0.0015991544941361354,-0.0020322979779820462,-0.0067565769904533845,-0.006584626733928056,0.00122936049869088,-0.002148484059091277,0.030828258132993246,0.025726601666666647,-0.004857113767968211,0.032184692866932534,-0.013463431815629843,0.03367244315438827,-0.010000000000000009,-0.0005719942956528001,-0.646548213298286,-0.01239011611656915,0.004736942230948671
2021-10-26,-0.020000000000000018,0.0,0.001923927871447415,-0.002100183677856364,-0.001999595622755842,-0.004866088700677284,-0.00017172379324183648,0.0034488656615018045,-0.01877290559799227,0.028241005833333298,0.0077841567189615305,0.029843719241458542,0.03277071001439699,0.034622874517152895,-0.010000000000000009,0.0006071832603966598,-0.646548213298286,0.04741439007962844,0.00181812861650954
2021-10-27,0.020000000000000018,0.0,0.0011325316089082522,0.00017611478549621167,0.002171338691009995,-0.01215791522013564,0.0037507807972979464,0.007399681924962416,-0.07168291146655019,0.01535413416666665,0.01656101440283136,0.08551290675207367,-0.03045518582091427,0.03521071619766015,-0.11999999999999988,-0.0004593133785819603,-0.636662465554198,0.06069824054507267,-0.005064400451443518
2021-10-28,-0.029999999999999805,0.0,0.00038079319518404854,-0.0017183090521462865,0.03630587885420615,0.002289233305666937,0.0009418683795688971,8.879903859219415e-05,0.026762370884459572,0.015065019999999998,0.00019726822750793107,0.33268033280523746,-0.042219446614162624,0.030910064349358758,0.030000000000000027,-0.0016110233039716704,-0.636662465554198,-0.026859269050268253,0.009781344040089124
2021-10-29,0.0,0.0,0.0019917633670694834,0.0050358794074976685,0.0024725311927138015,-0.0075655319782223325,0.0017094757052613845,-0.00025111104932053094,0.057502326382878007,0.037226787500000004,-0.0005589019696240201,0.12348438897040172,0.059623255632245215,0.038241173916624224,0.0,0.006116716159972668,-0.636662465554198,-0.01646880771326842,0.0019474456805763651
2021-10-30,,,0.0035330346306700977,0.008473711012149615,0.00777571576974478,-0.05689185026799948,0.0024058235502646625,-0.0005724047117004724,-0.01602501546028604,0.02736154166666665,-0.0012782528282225484,-0.2498484609637703,0.027798664116355856,0.0376586652552098,,,-0.636662465554198,,
2021-10-31,0.06999999999999984,0.0,0.0014971383964811416,0.006232302641401386,0.01351676698591246,0.002754593292695318,-0.00029995020668182584,0.0009370084565685605,0.021155579187870133,0.0168255483333333,0.0020909819055740407,-0.2946962200994862,-0.014834228529011341,0.03755032543729333,,,-0.636662465554198,,
2021-11-01,0.010000000000000231,0.010000000000000009,-0.003803322691707331,-0.003554401048741994,-6.83017965574548e-05,-0.0012615268702923631,0.0002010985471747692,0.0009963014643940892,-0.018125052541816393,0.02745594416666665,0.0022189574142830256,0.06611599909945433,-0.0067430457159418054,0.037150615076416454,0.010000000000000009,0.0006288823619202688,-0.636662465554198,0.009182800982334705,0.0017984504334940254
2021-11-02,0.04999999999999982,0.010000000000000009,0.001250009819769903,0.003983994976097722,0.003442539371913766,0.0021973192470985644,0.010678665465260986,0.00629173395615878,0.06971838154741246,0.0297786533333333,0.01404851166189005,0.07657211144746588,0.0016112432068872986,0.03488535200178943,0.020000000000000018,0.0006827390705286263,-0.636662465554198,-0.02342893848053773,0.0036736112761168727
2021-11-03,-0.029999999999999805,0.0,0.0016096844275417098,0.006604395639622961,0.00048167532686735565,0.0022645436236722414,0.0027078786555064906,0.005607779888330101,-0.0043522983772655765,0.0254165025,0.012390436040412947,0.07686454098097073,0.046901004248906863,0.0361353975164305,0.029999999999999805,0.0006525428408101774,-0.622191682943142,-0.059767222800582775,0.006440511240473512
2021-11-04,0.009999999999999787,-0.010000000000000009,0.00879043224062497,0.008247869279895483,0.002132808106098214,0.011993713078478097,0.008744197316341575,-0.0029839415499486725,-0.01736596772567892,0.0237050208333333,-0.0066318550001131385,-0.002771643657409025,0.000286641312844371,0.028629857335767506,-0.009999999999999787,-3.060576236801893e-05,-0.622191682943142,0.02226680077575116,0.0041731721062596705
2021-11-05,-0.06999999999999984,0.0,0.005085266990361047,-0.0004687351270695348,-0.004259342856061228,0.007945407688015637,0.004791813207309985,0.004067282774957498,-0.0017542862800969537,0.0147601475,0.009071927845459486,-0.11741790374211832,-0.01855954918914224,0.023788008003509335,-0.06000000000000005,-0.0024742930554007003,-0.622191682943142,0.06518597988469566,0.0037259083006286886
2021-11-06,,,0.00975956791191119,0.008956960029519902,0.0437670779592021,0.008293771767532905,0.011102559698112642,0.002328846502443963,0.002495647354020212,0.01242818916666665,0.005215026135911735,-0.10742261226788109,-0.008988819704065891,0.021958847731583377,,,-0.622191682943142,,
2021-11-07,,,-0.0011938192102901022,0.00818129382367185,-0.001590386539042061,0.003737356264443654,0.0009052097137530406,-0.0010782612022453234,0.03150352066387871,0.022909328333333298,-0.002413374652315555,0.03642850876453094,0.00694849575277977,0.021038151658765075,,,-0.622191682943142,,
2021-11-08,-0.0900000000000003,-0.010000000000000009,0.010564120492832976,0.001986743835313477,-0.00231265515911584,0.019348256687510258,0.019447051545479366,0.000497779720406203,0.07001483899105967,0.03296113916666665,0.0011367396655968403,-0.2168879477561067,0.02282632681166258,0.02169877187889141,0.0,-0.0021728951395942886,-0.622191682943142,0.04392397451825891,0.000887306784404629
2021-11-09,0.050000000000000266,0.010000000000000009,0.013862381834501511,-0.0007527372914643182,0.03245476570344266,0.0004688363162793606,0.0048569282427111974,0.005067869783342524,-0.020684755452756432,0.023190667499999998,0.011555801055349642,1.1640381479565656,0.054102041113640434,0.02766043200217299,-0.010000000000000009,-0.000558905684277633,-0.622191682943142,0.03200273108617413,-0.003504869385574594
2021-11-10,-0.020000000000000018,0.0,1.8513796924148725e-05,0.010720596285085041,0.028202555334608317,0.0019039327979616357,-0.002584513852723323,-0.008700638605330225,-0.04412379868610499,0.0330732633333333,-0.019870282305131243,-0.7162918368031067,-0.01113028715744261,0.025000072579260246,0.0,0.003390809460404043,-0.604495804841113,0.0520522863702384,-0.008259833757376711
2021-11-11,0.0,0.0,0.003964406079141277,-0.006807800628734526,-0.005981558868916347,0.0009161686839497147,-0.000330941207837759,-0.00014564375249657968,-0.013798709265694315,0.0133851525,-0.00033588909048668815,0.17622187378994542,-0.026483089637037865,0.02797859359137728,,,-0.604495804841113,-0.058824321280183334,0.0005507757255749368
2021-11-12,0.029999999999999805,0.010000000000000009,-0.0016417109336884555,0.0008254754368250678,-0.003031361107499252,-0.043054318627597336,-0.0009335714458199721,-0.000571874856957514,-0.008672128350627353,0.0136067725,-0.0013187390447080476,-0.3030694164637273,0.009323744228169055,0.02639166645649211,0.0,0.0032012230459761426,-0.604495804841113,-0.08075077256185992,0.0071966809110382
2021-11-13,,,0.0004079861296355537,0.001612302598447048,0.0035305949067349603,0.009870297207935046,0.00020022605042408653,-0.002366109440188997,-0.0023927967940912155,0.009577284166666651,-0.005475888176374405,0.05792472878263597,-0.009508819115947512,0.026443725366804352,,,-0.604495804841113,,
2021-11-14,,,0.0007916435784116404,0.0003917889038213755,-0.00619186844636831,0.007154950385004284,-0.0004046553334230234,-0.0012250859634864823,0.03197927787953741,0.008984395000000001,-0.002845889373012498,-0.2804456139477194,-0.00022140104946776168,0.02656576975278037,,,-0.604495804841113,,
2021-11-15,0.010000000000000231,0.0,0.0012712844295090875,0.0004838910207170158,-0.004538827998855551,0.003158040593966798,-0.0008463365845126787,-0.005645271335703609,0.021340142661084954,0.0195075225,-0.013208450000536394,-0.08650852751438763,0.00613296709361327,0.025484565448803023,0.050000000000000044,0.0006390167042704675,-0.604495804841113,0.01220271395755379,-1.0677315508189622e-05
2021-11-16,0.020000000000000018,0.020000000000000018,-0.003956687379452753,-0.0012412098441905608,-0.0005172635646757497,0.01139674845888311,0.004999813476451522,-0.0037388111944315354,-0.08870120452549377,0.00480419666666665,-0.008889394386366057,0.22366933414892817,-0.020787117066343414,0.013391473345778436,-0.010000000000000009,0.004774442345016894,-0.604495804841113,-0.007303745188464106,0.0038577581225869295
2021-11-17,0.04999999999999982,0.009999999999999898,-0.003588067901637449,0.0004874086842618006,-0.00018887019611418622,0.009688228721839465,0.00027944106053142965,-0.002133634324030095,-0.0044582291189985,0.0089320008333333,-0.005109999720602159,0.45827777743469483,-0.06655106464229779,0.0261671007992569,-0.010000000000000009,-0.0009532404595082866,-0.585211467667672,0.044212696521058525,-0.0026050195943359
2021-11-18,0.020000000000000018,0.0,0.005634168663166914,0.0005872982680349863,0.0003924030894922848,0.019300524443301624,0.0028714041751841143,-0.0103406046404785,-0.03864650016761585,0.00861080166666665,-0.025215519827880062,-0.23233168585606045,0.008237905760440688,0.02700284530407984,-0.010000000000000009,0.0003607219867873823,-0.585211467667672,0.027667470845364583,0.0033790397745132594
2021-11-19,0.050000000000000266,0.0,-0.002088130665869393,-0.005045855623960135,0.0038241085996362774,0.012637845110661388,0.0036694677328550714,-0.010862369470628132,0.008824399519465656,0.011451916666666648,-0.027292300687376744,0.04550789201174118,-0.06801934587766433,0.032758308235790776,-0.050000000000000044,0.0013105416218293087,-0.585211467667672,0.01802865732315384,-0.001399627987058949
2021-11-20,,,-0.008193025378404816,0.0035826821889178777,0.01287380428764656,-0.03865102367747923,0.002455384838433347,-0.005187828182102608,0.012402985109949024,0.0009814908333333,-0.013335212296701605,-0.10264200701756764,0.05172340186654894,0.04305942891214071,,,-0.585211467667672,,
2021-11-21,,,0.0012399017663962896,0.004106422311196444,0.004774302175928917,0.003305814076517504,0.001442897072765766,0.0019657221127947566,-0.022981875587537018,0.0114925858333333,0.005081105619770263,-0.2512918603172128,0.027245767994599105,0.045573102031629543,,,-0.585211467667672,,
2021-11-22,-0.06000000000000005,0.0,-0.0003944339881434755,0.045345824774142986,0.0028832617218052825,-0.004119015547601013,0.002337495586523673,-0.005496847515613103,-0.002417416111428912,0.01039624499999995,-0.014307547945487583,-0.12096544754948552,-0.021255302502862162,0.04524592117913101,-0.020000000000000018,0.003719898185074122,-0.585211467667672,0.06798734098493275,-0.003202254119567982
2021-11-23,0.11999999999999966,0.020000000000000018,-0.004904014026043962,0.003169075978407675,-0.00774084216947429,0.005196977265603343,0.0027127657219002703,-0.012252640750270383,0.011776445853840916,0.0133534275,-0.03273856216900941,0.30805479785165857,-0.04976455651121267,0.04737685248882752,0.07000000000000006,0.0031399504084959062,-0.585211467667672,0.010895049405066803,0.001655707232783854
2021-11-24,0.020000000000000018,0.0,-0.005886162641620942,0.009102230208874032,0.010778747667024899,0.02085777388475193,0.0044684368306245,-0.004790655106687557,0.0012753840413040015,0.01586093666666665,-0.013156722727173217,0.07369607779363734,0.042020721542548024,0.04617435205678054,-0.07000000000000006,0.002232623302955261,-0.567202644375885,-0.04215587307692781,0.0022912737234968006
2021-11-25,0.0,0.0,-0.00027465828497603696,0.0131340852904932,0.0016274829576007586,0.005287990636641102,0.002260661208182457,-0.007478279073675173,0.061870076439116975,0.018049783333333298,-0.020937992978054234,-0.14817235903684486,-0.014759775678687278,0.04619232973002924,,,-0.567202644375885,,
2021-11-26,0.30000000000000027,0.050000000000000044,-0.001659324232812635,0.004210547877385639,0.005512675050267211,-0.004619913075007351,0.010547087481248349,0.0017130080637221743,-0.051749282826770514,0.01177167666666665,0.00488614607397887,0.045209591471935366,0.04269615812509572,0.03933920136265299,-0.020000000000000018,0.0020551477411085983,-0.567202644375885,0.43202004074261247,-0.0229870449732843
2021-11-27,,,0.005384787537295572,0.01236810810955597,-0.014322842898216016,0.006802006810596573,0.0014319711403076273,0.0010671644742004374,-0.022051665682692158,0.0046626533333332994,0.003036268891378837,0.2687744953948812,-0.09965317034592472,0.05265740800433244,,,-0.567202644375885,,
2021-11-28,,,0.0027186786789716332,0.007699891838378053,0.0008727948960792159,0.002950992793606401,0.0013373610141810162,-0.0025700569504478682,0.019212640975352423,0.0109364258333333,-0.007337796846674149,-0.4558102799792745,0.010910926643501613,0.05104331757475237,,,-0.567202644375885,,
2021-11-29,-0.0900000000000003,0.010000000000000009,0.0006180678098536208,0.007146816416038859,0.005285840285426767,-0.0036158863866967137,0.0008986123846195553,-0.008879610201995158,0.031888690942504766,0.01603995916666665,-0.02579832134471995,0.006918202159265387,0.04880412171049624,0.05576589721309603,0.030000000000000027,0.0006066292664561601,-0.567202644375885,-0.2203522026769389,0.01311385739268367
2021-11-30,0.14000000000000012,0.010000000000000009,0.0034547001819624367,0.002320498200024139,0.003217142042858881,0.013252204969763358,-0.007730947070823302,0.04451971765165596,0.004671916580355409,0.01307515666666665,0.12223436635398742,0.12631682308701486,0.022992876564320888,0.052226120504427265,-0.09999999999999998,-0.003212366281026391,-0.567202644375885,0.1690956871930136,-0.019143376992335703
2021-12-01,-0.08999999999999986,0.0,1.7038723981512837e-05,0.0036878688037768562,0.010418176572835343,-0.03287321989310985,0.002151264064030456,0.0034549855625247683,0.021233990167561972,0.013015768333333299,0.008908672528742886,0.27398813271376393,0.013918495812237017,0.050176710019259496,-0.040000000000000036,-0.0027411076633763187,-0.551261801523548,0.13500144066581132,-0.011885550113429844
2021-12-02,-0.040000000000000036,0.010000000000000009,0.010592674952892905,0.0066726734196553665,0.007114227602307984,0.004345388620067901,0.0005639383764456423,-0.0043117686554618685,-0.01523183445928182,0.0100560683333333,-0.011136535113092757,0.13974524834466404,-0.003764747919583664,0.04967731473945525,-0.05999999999999994,0.0011125150452997445,-0.551261801523548,-0.10743349970908245,0.014094625715696196
2021-12-03,0.020000000000000018,-0.010000000000000009,-0.0022317344618031916,0.002506512624110326,-0.000593961884769741,0.0030378955017338707,-0.0002642639885250986,0.010633418403550267,-0.05066458711177541,0.013546486666666649,0.027236143235487845,-0.27267390660434626,-0.013519101750932445,0.04706741587281393,-0.06000000000000005,0.0018918809357915123,-0.551261801523548,0.09286777852505201,-0.008484472537633181
2021-12-04,,,0.003900807173402215,0.0033086301209366456,0.0025613005891247267,-0.029136229943413264,0.013498887780701766,0.004557618031401042,-0.23378044241351278,-0.02639296,0.011605125350293073,0.13134913093812117,-0.05658136876770366,0.033034496899401376,,,-0.551261801523548,,
2021-12-05,,,0.0005820123274049648,0.020391704944358154,0.00018057406802256,0.021257713644201665,0.014271144023339222,0.0016290039564748197,-0.02077034809394879,-0.0154709158333333,0.0041745295779488725,0.3625331785696142,-0.061550390477652386,0.040698502966668174,,,-0.551261801523548,,
2021-12-06,-0.1499999999999999,-0.010000000000000009,0.018367979698682316,0.02540229694422882,0.008687001094735552,0.0030029566820725987,-0.0006050290892989683,0.015044104103791556,0.046215602945089314,0.00813925083333335,0.03772806214037593,-0.49741293112005486,0.012758615111270431,0.034209380362792266,0.030000000000000027,-0.0007220574215942577,-0.551261801523548,-0.12080356940316284,0.011662655055921789
2021-12-07,-0.25,-0.020000000000000018,-0.0015048521269495083,-0.002433214921338595,-0.007681993364124042,0.01979094377168093,0.00906662933756743,-0.002276780869900645,0.012881800204095805,0.00225127500000005,-0.005670494746359181,0.12972555619190032,0.029405379819293163,0.035376353241551306,0.0,-0.002571450061459757,-0.551261801523548,-0.21645149718822587,0.020495586171746183
2021-12-08,0.04999999999999982,-0.010000000000000009,0.011668284887716696,0.004020002882382731,0.0024492340987434147,0.003028585879286243,0.0005240450809585205,0.012982124360953836,0.023203604899748015,0.01122572916666665,0.03192667949903227,-0.2525824747811462,-0.002438645224739842,0.033941512253243475,0.05999999999999994,-0.0035772180752555727,-0.540253832811572,-0.09531017980432477,0.0030805438956171827
2021-12-09,0.040000000000000036,0.0,-0.0006353812288073655,6.834525134107347e-05,0.0014516189638945712,-3.0846975469360996e-05,-0.0002201247180748924,-0.006221008040320206,-0.03813958821193216,0.01117369249999995,-0.015168704269895084,-0.11505562019910948,0.012680559250308338,0.0352839936546894,-0.04999999999999993,0.002911512383236392,-0.540253832811572,0.08104722809954179,-0.007207038387209153
2021-12-10,0.040000000000000036,0.010000000000000009,-0.0024016874231772814,-0.0003458324430092246,-0.002673083883997412,0.002226855735397972,0.0026018355937642602,0.005536584179333033,-0.0464173996752171,0.01043223666666665,0.013546053585051652,0.07690654400327528,-0.05929592590434653,0.03972234937172023,0.020000000000000018,-0.0017739237922747009,-0.540253832811572,-0.14377833836251686,0.009503806818878857
2021-12-11,,,-0.003790406331046878,0.0036739879691329224,-0.008463841615784694,0.004781661407481072,0.001828723589575446,-0.0012966573089343032,0.04068324920848466,0.006429455,-0.0031618301243227795,0.12163868508873116,-0.035256766506931325,0.03698094437062152,,,-0.540253832811572,,
2021-12-12,,,0.0042962355125063835,0.008931479890748325,0.006330836529150147,0.003221509779733947,0.0007519244380179532,-0.0015967109871599047,0.0372745510613217,0.00811646916666665,-0.003910225219107036,-0.23906895891919483,0.0402932427653639,0.03553473235057897,,,-0.540253832811572,,
2021-12-13,0.040000000000000036,0.0,0.0021924948306292625,-7.911040080540279e-05,-0.0004743462236463127,-8.160596810359905e-05,-0.001066375462571902,-0.0028987172930573803,-0.058366614989496385,0.0046425091666666505,-0.007130418182971921,-0.2696561390334926,0.014965091591559983,0.03567900394071522,-0.050000000000000044,0.0023230982311277515,-0.540253832811572,0.08312475412482145,-0.009178200213042942
2021-12-14,0.020000000000000018,0.010000000000000009,-0.0012517501505253516,-0.0017095879194681538,-0.006383290934565516,0.005118208971946302,0.0015379487384854435,-0.005535338764922655,0.007510301103944913,0.0027071116666667,-0.013780325029284016,0.45980939759264244,-0.07929008796971519,0.04355711840347167,0.010000000000000009,0.0034272447097905,-0.540253832811572,0.07491653594247838,-0.007498643121873982
2021-12-15,-0.020000000000000018,0.0,0.002463734308149272,0.007610729095057372,-0.005078483417516802,0.00548529506465978,0.00822754683361899,0.005452983080653828,0.021161167108023602,0.0088792308333333,0.01368808395479801,-0.053517135358483965,0.027877460018036017,0.04647881471960284,0.010000000000000009,0.0015662235387843282,-0.538126997034366,-0.12644308461713383,0.016216212899903937
2021-12-16,-0.010000000000000231,0.0,0.002802563031178919,-0.0029444202158220053,0.005589142707174461,0.0009126530561338516,0.0011159553852832136,-0.0024735422739839193,0.016632854298147842,0.009451515833333299,-0.0061928080414812604,0.17512902825018095,0.025419314393462917,0.047797894724023925,0.020000000000000018,-0.006093847273444197,-0.538126997034366,0.06424687674722795,-0.008781825842753221
2021-12-17,0.040000000000000036,0.0,-0.008299623445085903,0.003411640106504383,0.001530412616545989,-0.0015448762143449937,0.0008195787659308158,-0.000133398349752941,-0.027184578088348777,0.0068140083333333,-0.00033534585251903374,-0.32420928089705764,-0.018386304065255404,0.042922234019147985,-0.050000000000000044,0.0006600272544030616,-0.538126997034366,0.047469756736199464,-0.010341010906644854
2021-12-18,,,0.003541102687311107,0.0025404354302075733,0.004299111638343094,0.01113373456936931,0.0010979619679896266,-0.0009514827231194701,0.0288179467538161,0.008032985,-0.002397803677624936,0.20464059734512288,-0.02532070875664241,0.04184716307254024,,,-0.538126997034366,,
2021-12-19,,,5.4717930944995786e-05,0.004429630956805078,0.0028066147272671677,0.0037231536070580326,-1.077374088716678e-05,-0.0025530188008144016,-0.0025449378364275966,0.0077514991666666495,-0.006462273564262025,-0.24730666348454916,0.01702068673729975,0.03872954604671172,,,-0.538126997034366,,
2021-12-20,0.050000000000000266,0.020000000000000018,-0.0012688715641396074,-0.0024807434469056285,-0.0026316212295498724,-0.0034786699750648316,0.0006261243764813497,0.004719914885905402,0.049456807634963906,0.00976619499999995,0.011922025021662069,-0.07586400452266383,-0.0064985649043984885,0.03768520419870888,0.030000000000000027,0.0018826563950247177,-0.538126997034366,0.05852254763362463,-0.011453373010201773
2021-12-21,-0.16000000000000014,-0.010000000000000009,0.007986490352034314,0.010976534579932104,0.010341903010862406,-0.053072555243726754,0.0016383056999588505,-0.0029287198507335984,0.0775256340243871,0.0153741133333333,-0.007393044617980329,0.26519476586730595,0.006046640741273264,0.021107791416350687,0.0,0.0008590455128762997,-0.538126997034366,-0.0848274931777806,0.017621763861807693
2021-12-22,-0.040000000000000036,-0.010000000000000009,-0.003667837552626354,3.153580554597694e-07,-0.0027918719951255493,0.0018238737803546953,-0.00024373444695911973,0.002177673630124033,-0.023018357860215964,0.0107437458333333,0.005501026335146799,-0.1807899553320126,0.031849044696590244,0.02190321735486793,0.0,-0.003108809900076892,-0.540766322582803,-0.1202253302434122,0.01012871135227833
2021-12-23,-0.08999999999999986,-0.010000000000000009,-0.0011949292225871483,0.003403385463582632,0.0029738796823290067,-0.04672720164334257,-0.010848089448645648,-0.004718921217761806,0.06302251550179198,0.0091566358333333,-0.011829177523433031,-0.1659945778493632,-0.009451206894760956,0.020199703794506266,0.010000000000000009,-0.0018574716234853739,-0.540766322582803,-0.03662612173944346,0.0062044168953239165
2021-12-24,,,0.00014470984479495117,0.0016328413101178538,-0.0009127933003059767,0.01552325076879144,7.894041083522982e-05,0.047301223733018295,0.0007065786375891041,0.01042203166666665,0.11269103407484592,0.22544659347298823,0.03644455664158903,0.02266822961701663,,,-0.540766322582803,,
2021-12-25,,,0.005253473735075937,-0.003848572246055225,0.0004058454930306248,0.06686874556192575,0.00017513609503641236,-0.0026152944701103038,0.012621234451284078,0.0081567283333333,-0.005910929547073708,-0.2260921369693409,-0.007267794915663744,0.01910432243046532,,,-0.540766322582803,,
2021-12-26,,,0.0026958636905014357,0.0013430314236650537,0.0021307859584340735,0.0015951961963236285,7.160988962657927e-05,-0.0035156538254827283,-0.003985779113065387,0.0081572675,-0.008001897755891385,-0.2094764297956883,0.004573348264097742,0.018891235435660004,,,-0.540766322582803,,
2021-12-27,-0.10000000000000009,-0.010000000000000009,0.000709855301309069,-0.0025720526859548043,0.0032663654851039945,-9.097733209157644e-05,0.007007587409005177,-0.0016283513015549942,0.009169924946466327,0.014009825,-0.0037543269452446847,0.07743202248119242,-0.002476380008172926,0.018433922539135693,-0.07000000000000006,-0.0005653628407653599,-0.540766322582803,-0.015713005664556245,0.013744072068897495
2021-12-28,-0.010000000000000231,-0.010000000000000009,-0.0013075637195143356,-0.007707956365157583,-0.002359628517964483,0.004089626013495393,-1.3216650703270245e-05,0.0009783733388092624,-0.038414748613707056,0.008677535,0.0022573976636417097,0.0931834401357722,-0.004467441240861377,0.01908688813034054,0.030000000000000027,-0.00042618140380579206,-0.540766322582803,-0.00795007026546024,-0.00101069803143794
2021-12-29,0.020000000000000018,-0.010000000000000009,0.0019161556366423694,0.0006776414958682674,-0.0026475443300040336,-0.02939608270167502,-0.0019967754962049874,-0.005926624689563636,-0.03096499401133824,0.0115040175,-0.013725578758646046,0.3202389392996158,-0.061242694762644614,0.028846909603515044,0.050000000000000044,-0.0004454323757387968,-0.547778705838428,-0.034216153117577974,0.0014009215802239794
2021-12-30,0.06000000000000005,0.0,-0.0014522067043857669,-0.0013795142950656402,-0.009247261133510303,0.001438667463817894,0.0017936737647794836,0.006903812984899661,0.0059213742853426905,0.005402064999999999,0.0159991283824161,-0.12700204213250943,-0.03479931165707462,0.030835300410701323,-0.010000000000000009,-0.0007353107279133297,-0.547778705838428,0.022171269901055446,-0.0029942175300767815
2021-12-31,0.010000000000000231,0.010000000000000009,0.004721797943469968,0.007836273391984448,0.0013315335355459903,0.00541872605228078,0.007203489136675071,-0.006342010170627692,-0.003195807954133212,0.00784110916666665,-0.014794550518308369,-0.1184649369203416,0.016894806701288394,0.026522940831353675,0.0,,-0.547778705838428,-0.006367604727929965,-0.0026296753415451235
2022-01-01,,,-0.0005690444203197733,-0.005082431864329852,0.0005716552059190791,-6.584931527867433e-05,0.0025251701648388537,0.0009046468266978879,0.011616809662734734,0.010218135,0.0021291424052642207,0.07742596072930834,-0.013184115774520229,0.02641564263055789,,,-0.547778705838428,,
2022-01-02,,,0.004854170564003126,0.007925474420271455,0.004919418170413321,0.004448859100997795,0.0012507831589911214,-0.001094683307322888,0.0009487309629771036,0.0015824291666666499,-0.0025802112195784555,-0.33150717648368083,0.028476072232903434,0.030391390858195533,,,-0.547778705838428,,
2022-01-03,-0.050000000000000266,-0.010000000000000009,-0.0037782118179526003,0.002154257645606692,0.003376849696997638,0.00030846378944964306,0.00026725811137799904,-0.0015569866226541845,0.01626253478779422,0.0074799558333333,-0.0036823705711645496,0.4180193153944782,0.002727793375111703,0.03067173174782347,0.05999999999999994,0.0011018969605958162,-0.547778705838428,-0.0366688036370868,0.006353848835551901
2022-01-04,0.040000000000000036,-0.010000000000000009,-0.0011872498575187505,0.0010918917480340104,0.004638288064905561,-0.0065607358020425,0.00020603133114177735,-0.005125693800171889,0.005962861008478681,0.00822788416666665,-0.01222181878376876,-0.24353690936301586,-0.01779308048893308,0.03073016386722255,0.040000000000000036,-0.0008651164459179128,-0.547778705838428,0.01850246754799123,-0.000629816185405474
2022-01-05,-0.020000000000000018,-0.010000000000000009,0.001455177395705476,0.002279557199704188,0.0035928991445678352,0.0013317215356863567,0.001119003285903815,0.0031427303125002625,-0.06162667219690177,0.0106800283333333,0.007519673952803533,0.12043879642270532,-0.003042770258868752,0.021420754802594255,-0.010000000000000009,-0.0015040317909447154,-0.556319845567608,0.15423515712403502,-0.01958327277580274
2022-01-06,0.08000000000000007,0.0,0.003431457422621422,0.004099681878788281,-0.004050893621004526,0.004654626067425837,0.0016895184619561353,0.0007922091564161898,-0.004703443347042698,0.0049472775,0.0018898320607239714,0.26723193215756846,-0.05796216564291902,0.027952159923064976,-0.030000000000000027,0.0023214909602593536,-0.556319845567608,-0.006100679826269051,-0.0009641755290861198
2022-01-07,0.050000000000000266,0.0,-0.001685276054250516,0.006132511289210885,-0.008470308059920528,0.012318610883430623,-0.004469602207173454,-0.0036777090056615935,-0.05831979299119937,0.0096550708333333,-0.008764174450352793,0.004204249350972702,-0.025047798835386367,0.026622996210147645,0.040000000000000036,-0.00311998923517276,-0.556319845567608,-0.04431269663017634,-0.004058436737205184
2022-01-08,,,-0.0017957981780682328,-0.08143267153568355,0.003190519574761761,0.008330644185465195,0.001815945769492342,-8.737908362998363e-05,-0.01692384156430101,0.00414517916666665,-0.00020954620466337838,0.7162587030064479,-0.052436721485323204,0.030675291141563595,,,-0.556319845567608,,
2022-01-09,,,-0.0025749343156815318,0.0896644626201751,-0.002645033941813235,-0.0020474525447485344,-0.0015973692260521364,-0.0018335665421617738,0.009105258012800117,0.0024765533333333,-0.0044002354155845535,-0.9734990266203567,-0.01323158753856804,0.023348905230355377,,,-0.556319845567608,,
2022-01-10,0.040000000000000036,0.010000000000000009,-0.003100309701479743,0.0012215882657869615,-0.006220962591737777,0.016134671995900837,0.0030281222232293858,-0.0014312765111272115,-0.019730373271640973,-0.00247015666666665,-0.0034587930498323075,-0.27268686890512395,0.010201055972647992,0.024885724065807253,-0.030000000000000027,0.0015330052896587176,-0.556319845567608,0.0335461224912037,-0.0014421248375171558
2022-01-11,-0.06000000000000005,0.0,0.005460938513348431,0.008026065952367887,0.008936174345030603,0.05212188562605645,0.001291363596580178,0.0012509240930989635,0.027951501956800056,0.00237814666666665,0.003027516536582471,0.46503767982810956,-0.0111603941157951,0.025230201340195654,-0.010000000000000009,-0.0033765900039810504,-0.556319845567608,-0.05237907082429594,0.009118332112992178
2022-01-12,-0.1200000000000001,0.0,0.0009349140087435844,0.004050302198880729,0.0013843658035624733,0.0008534236309065824,0.00334867592361045,0.0024123535578534127,0.01977227911345811,-0.0079706825,0.005832121212904203,-0.23306367519745008,0.035939128238854916,0.033128947135732556,-0.030000000000000027,-0.004172995764559317,-0.562197626074379,-0.043859374736952894,0.002813734056029915
2022-01-13,0.040000000000000036,0.010000000000000009,-0.0009302703479220438,0.01367486124718412,0.006480147798382053,0.006378393168751468,0.002672546827324284,-3.232443570855197e-05,-0.030478993834624886,-0.00551596,-7.813189533590519e-05,0.14298650811934804,0.033757844704952925,0.03199713070924292,-0.029999999999999916,-0.001557769030116063,-0.562197626074379,0.1420787550842597,-0.014345962458905959
2022-01-14,-0.010000000000000231,0.0,-0.001613623145226036,0.005820630958656177,0.006110244092572839,0.00215767873406341,0.002066222239488911,-0.0018382344923286438,-0.0015928074304301157,0.00345445333333335,-0.004462531550299332,0.28521816495537755,-0.034143987372322875,0.033197333479842106,0.0,0.0017982193291050663,-0.562197626074379,-0.05672406557268461,0.0008195772127130851
2022-01-15,,,0.001389618640946075,0.0022516161853613718,-0.0012766486521584958,0.0015406210069733388,0.0005733439182418476,0.0028970747825016164,0.012219146180731486,-0.0021322658333333,0.007027995549679597,-0.575893947814587,0.014385315761520977,0.025900770571615887,,,-0.562197626074379,,
2022-01-16,,,-0.0017833438931619762,0.0022187582910706753,0.004881308891014475,0.004174430910587715,0.0015771081019275727,-0.0018432113111786972,-0.007964306003582717,-0.0013679175,-0.0044727796351566144,-0.33400764842634045,0.004124521437508246,0.024653382190943915,,,-0.562197626074379,,
2022-01-17,0.0,0.0,0.0012596718441223755,0.004269383964818362,0.009297981100254649,0.0018095162495582707,0.0015456338506181307,-0.001255277725181617,-0.005161889251118287,0.0030742758333333,-0.0030623150940212993,0.006180309005413162,0.002508055562136469,0.02468883410909769,,,-0.562197626074379,,
2022-01-18,0.03000000000000025,0.010000000000000009,0.00027183376986387103,0.0045322519175139495,0.008475142547925554,0.0019722326118450126,0.0015913448025162338,0.00015397171119449827,-0.006397142922350459,0.006950715,0.00037672586325029195,0.23381787778765836,-0.03087466919186761,0.02794691854757832,0.020000000000000018,0.0030970722181073995,-0.562197626074379,0.1719325332379844,-0.018559054584436296
2022-01-19,-0.010000000000000231,0.010000000000000009,-0.0007807044521406344,0.0027858968238620675,-0.00032667929528170834,-0.0009811494682874862,0.0022159785989898312,-0.0005657205983284184,-0.01254835693421248,0.0064258383333333,-0.0013879327643926754,0.06418801650778354,-0.006708506329392362,0.024127585938492093,-0.020000000000000018,-0.0011022542387308931,-0.562358802659959,0.04546237407675724,-0.009736769104655707
2022-01-20,-0.009999999999999787,0.010000000000000009,-3.634232715127827e-05,0.0063923154887141785,0.006275238758961561,-0.0302634151834305,0.0018989483345684913,-0.0008275756814994879,-0.015126168504917673,0.006054469999999951,-0.0020377114609338148,0.024708134731743322,-0.018762017544015644,0.01851507526713373,-0.040000000000000036,-0.0012808028463551224,-0.562358802659959,0.07041743283734725,-0.011098789654239383
2022-01-21,0.18999999999999995,0.030000000000000027,-0.0012513467568390211,0.008002779637984236,0.001307519987872928,-0.000248960136186589,0.0034899055636758314,-0.00343017694269813,-0.16061997020867144,0.000857865,-0.008520372028969115,0.05791546765786994,-0.02595880682813883,0.016920362375109955,-0.010000000000000009,0.0012947630266859633,-0.562358802659959,0.11990834278241103,-0.01909598635863574
2022-01-22,,,-0.0017614814475421917,-0.08293954207630683,-0.02544223240306627,0.014919777963436858,-0.013161006939322756,-0.0027120384908491486,-0.04207709518169805,0.0023068949999999998,-0.00669927084076183,0.6780588080717724,-0.13547808249349794,0.04836075539753377,,,-0.562358802659959,,
2022-01-23,,,0.003876420778075336,0.015490599062480433,-0.00554348347561808,0.013036081972860603,0.002978436852955521,-0.0020113521895741143,0.05083722393988019,-0.005151475,-0.005012528682041189,-0.05853443252617374,-0.05011375823912273,0.046250381879642234,,,-0.562358802659959,,
2022-01-24,0.1499999999999999,0.020000000000000018,-0.0017626352500807014,0.09992417383011934,0.00334741868496367,-0.0008134161276842942,0.004500544087767833,0.004915941708933178,-0.01890254122290528,-0.00024780249999999983,0.01226178262064654,-0.4666464642561336,0.0421390431652151,0.053827881291764246,0.020000000000000018,0.005142388339134385,-0.562358802659959,0.035748487442532006,0.0027679180076169985
2022-01-25,-0.04999999999999982,0.0,0.0045781178942926205,0.005547283730181557,0.01599625116912557,-0.010377366682580224,0.0031516013702662174,0.012775592850706948,0.024580725784436205,-0.0055665558333333,0.03127716137447939,0.48764336171259187,-0.011656263508341234,0.054396888276249056,0.0,-0.00032990578884461996,-0.562358802659959,0.041276740605907136,-0.012246661962160843
2022-01-26,-0.14000000000000012,-0.020000000000000018,-0.005100667085480393,0.010803739066087023,-0.005255527107044374,0.021076570774386332,0.004688843186445121,0.003405378992682561,-0.023712218495513006,-0.01323685,0.008212765308138876,-0.044143594376849456,0.006452787774451345,0.0555317899811417,-0.040000000000000036,-0.0006358096537617541,-0.555821499567494,0.025349899895526384,-0.00149775250307016
2022-01-27,0.20999999999999996,0.040000000000000036,0.006159097807573152,0.008392724577251726,0.012329722953494684,0.017693469784581577,0.002102274693916079,0.0017487801532968072,-0.0036389653524854784,-0.0040999325,0.004200274038714642,-0.25732153845670214,-0.0005484185817670512,0.0564356376316872,-0.08999999999999997,0.007666971674587408,-0.555821499567494,-0.04708635989791077,-0.005398540617997938
2022-01-28,0.1499999999999999,0.020000000000000018,-0.00043252124094814506,0.008729844891390602,-0.020794305195154204,0.008729728540075572,0.0010536786634147521,0.0035557799097584142,0.029815679301807934,0.0030831233333333,0.00849526831321307,-0.2230719615114209,-0.006515249444167251,0.056858823309734886,0.0,0.0005284088852546276,-0.555821499567494,-0.09741143476355107,0.024055891707797983
2022-01-29,,,-0.0059811337307919855,0.0007352924147292004,-0.009778130331441398,0.002635102614488386,0.0008412008674764682,0.0035128220519021016,0.008963015887171437,-0.0045553391666666495,0.008329335237879711,-0.13895385182144443,0.0357280260477491,0.030955816792837373,,,-0.555821499567494,,
2022-01-30,,,0.0015011272194332226,0.0038761987158780534,0.006327201292634005,0.0018755574048365234,0.0008193303343460291,-0.0007835889899655123,0.0007382350959718833,0.0022424374999999996,-0.0018535031629661552,-0.2970294708243984,0.01517301557571688,0.02069874838020932,,,-0.555821499567494,,
2022-01-31,0.020000000000000018,0.010000000000000009,-0.0021527045929621547,-0.0005613337595002985,0.0002424191153124448,-0.0014314174655569837,0.0013429249189656164,0.0011019569839762018,0.060594264585244334,-0.0011353250000000002,0.0026090880681833694,-0.18343676905115383,-0.0020056701584938216,0.016017335076683598,-0.020000000000000018,-0.004087131502248376,-0.555821499567494,-0.10793472671653692,0.01870989151139746
2022-02-01,-0.1200000000000001,-0.020000000000000018,-0.001735562866091263,0.0024892102142187724,0.00202341992076131,0.003648109280059819,0.002025783716536793,0.0017518693870418748,-0.004118837194778784,-0.0075282475,0.0041422793060145085,0.41929339692744944,0.022394190407454283,0.015182133130614374,0.020000000000000018,-0.0017104421223397281,-0.555821499567494,-0.12282998287874536,0.006839508503304614
2022-02-02,-0.05999999999999961,0.0,-0.0005874609080340604,0.0067193591189825316,0.004122940166515526,0.003975753076073215,0.0021973152173548104,0.002724626398055533,-0.04961830909838879,-0.00227749916666665,0.006422503478045097,-0.04090761455451349,0.023345751964085504,0.015834909841764645,-0.010000000000000009,-0.0018627270513924543,-0.541818551302456,0.0059024007906960385,0.009378434574516703
2022-02-03,0.05999999999999961,0.0,0.00027092341959101076,0.005468605451597876,-0.0025705529561377946,0.0029475214436497873,0.0025064648825815793,0.0013942452789893884,0.0043622306714548595,-0.00229835083333335,0.0032788311199286623,0.009358207345726446,-0.04371907776311873,0.0265500462048779,0.010000000000000009,-0.0021498719705288494,-0.541818551302456,0.09740683209657286,-0.02469348416817496
2022-02-04,0.050000000000000266,0.010000000000000009,0.0003322723366992279,0.0071229390562959115,0.0035470958858635536,0.0021963420407021487,-3.668922235388967e-05,-0.00031096176915177987,0.12918242088646023,0.00240952833333335,-0.0007303276020269229,0.21705319912627374,-0.002950306726946304,0.026295263072884316,-0.010000000000000009,0.0019970212168329837,-0.541818551302456,-0.04751787325885326,0.0051437130908578155
2022-02-05,,,-1.030606157689954e-05,0.0046069831281891835,0.0027914330001142028,0.0031717834664642393,0.0019642713717263195,-0.0014446306658929514,-0.004724630788792175,0.0007540425000000001,-0.00340658112702655,0.14969515632878272,0.11573956690160214,0.048745476501083906,,,-0.541818551302456,,
2022-02-06,,,-4.496361184305819e-06,-2.2960641097435688e-05,0.010113791538031436,0.0035722086322765314,0.0002699605865750499,-0.0016162337112402547,0.01924479457396762,0.0010121474999999999,-0.003826077888751305,-0.3926628263053859,0.002087897993950995,0.04913394102194067,,,-0.541818551302456,,
2022-02-07,0.040000000000000036,0.010000000000000009,0.0012881083678328098,0.0008919000323712507,0.004043117627576792,0.0037991176557910745,0.003131550554888313,0.0001073854426251194,0.024511848991907944,-0.0042084908333332996,0.0002554645747721454,-0.29256976989151323,0.01895052595975595,0.048458420389839926,0.0,-0.0010984332789538698,-0.541818551302456,-0.015625317903081193,-0.0037086548006097786
2022-02-08,-0.050000000000000266,0.0,-0.0008559971489732172,0.003992387666979611,0.011778278557667698,-0.0017912528677196545,0.0033620379753705387,0.0005054354214903163,-0.03802382515152781,0.0008469591666667,0.0012055737330247207,0.5517034303123988,0.03064550154102355,0.048643201664824,-0.010000000000000009,0.0006901377507206874,-0.541818551302456,-0.064130322164063,0.00836613096277894
2022-02-09,-0.08999999999999986,-0.010000000000000009,-0.0007220882534131642,0.004683856849282056,0.020456768914880765,0.0038947583496003056,0.0014994712023946007,0.0019005307493822827,0.023296342510215406,0.00161198666666665,0.00452698506096422,0.17281041092711222,-0.0004819261962484161,0.049247816875132515,-0.030000000000000027,-0.00231392581423151,-0.522887329263165,-0.07152806531928357,0.014412812398356678
2022-02-10,-0.020000000000000018,-0.010000000000000009,-0.00035001085738469725,0.005467984107117747,0.00852035920947011,-0.04167448202618888,0.009001611452811751,0.0016785641815618702,-0.05490626998321999,-0.00103583833333335,0.004017225303976714,-0.30601421196841283,0.020073525138906517,0.04137265802001279,-0.15999999999999998,-0.002358574945288794,-0.522887329263165,0.18056651058691564,-0.018281803510330263
2022-02-11,0.2200000000000002,0.020000000000000018,0.006419193029989269,0.0029719219275357316,0.004665246083884215,0.0040095863982872945,0.0013342131527793095,0.00045455921199601454,-0.03449820127972704,0.00033517583333335003,0.0010865510670465665,0.32729050799875753,-0.03374085904432433,0.04633889408028927,0.0,0.0025161961713591197,-0.522887329263165,0.1347853112841162,-0.019151696234066762
2022-02-12,,,-5.946899093229334e-05,0.0037543795555806778,0.004248358070483259,0.0028103364005623685,0.000461800856756707,-0.0020775215508887614,-0.005959893793790364,0.011964949999999999,-0.004977947973641644,-0.16248569894947884,-0.0389197371459369,0.026952812559689933,,,-0.522887329263165,,
2022-02-13,,,0.00026092605163763826,0.0016148993523529987,-0.0017729396035717996,-0.0025451465060398614,0.00043057982070088225,-0.00011540702673623883,-0.005423934685479614,0.0034080250000000003,-0.0002773739633900637,-0.3946893104020772,-0.0043843471930601705,0.02697233842073279,,,-0.522887329263165,,
2022-02-14,0.08000000000000007,0.010000000000000009,0.001338100168312462,0.0026405655190489463,0.0009292169648729818,0.005325322816437226,0.0004097873813714815,-0.003535818780134485,0.03474426595774209,0.010661345,-0.008539148612256528,-0.23771714944260755,-0.005049534581319103,0.025479575462726244,-0.019999999999999962,0.0030716968768054187,-0.522887329263165,0.03483922108807569,-0.003847942065318577
2022-02-15,-0.07000000000000028,0.0,-0.000983919551947041,0.0006551531890378594,-0.0018748112231160834,-0.0023804746025481213,0.0013816292978993856,-0.0010425450062537937,0.08060092000188751,0.00099444916666665,-0.002535276928021734,0.35568126706879427,0.012523873887047492,0.02198899306617647,0.06999999999999995,-0.0022996247824558225,-0.522887329263165,-0.09743032194125112,0.01564373921237383
2022-02-16,0.010000000000000231,0.029999999999999805,0.0008217014289734811,0.0006974260591644421,0.014305772773654857,0.004216162864100317,0.00019928646724401124,-0.003421965502289676,-0.03576051250622578,0.007752512499999999,-0.008368726814330313,0.11795907860259877,0.062113078402477914,0.034382656749659686,0.040000000000000036,-0.0021026178971199627,-0.497500573848336,-0.056426248887093244,0.0008808327792149129
2022-02-17,0.06000000000000005,0.040000000000000036,0.001388845177290636,0.0007435166722319618,-0.0066203771346283235,0.0003390854880629735,-0.0017153744791553846,0.00378530588983107,-0.07382045340458872,-0.00014524583333329994,0.009237423507136583,-0.1259663225415832,-0.013796775315838148,0.033760454427401984,-0.030000000000000027,-0.0001142288615723075,-0.497500573848336,0.14606064190435974,-0.021400503004024074
2022-02-18,0.03999999999999959,0.020000000000000018,0.0005076566752008363,-0.00024405713935481577,-0.010678305759824758,-0.05058847118833686,-0.0006244739094833373,0.0006948912212049891,-0.027054605879687842,-0.0007696599999999999,0.0016854858358655946,0.25089214053009684,-0.08250961691794009,0.044482346320174566,-0.02999999999999997,0.0010694036980583022,-0.497500573848336,-0.012889544725997126,-0.007192042117619479
2022-02-19,,,-0.0005736967389457905,-0.0002766870062057711,-0.0018205071070674262,0.005288333153024373,0.0007007630383776963,0.000389669903060899,0.0014272927474227792,0.0053149749999999996,0.0009445792630367982,-0.06211416662631759,-0.021812044659195524,0.04307657961534661,,,-0.497500573848336,,
2022-02-20,,,0.005205005958619801,0.0024440414258911558,0.0026083482428438465,0.005714945104882324,-0.0001159782113000825,0.0006904053595285317,-0.03739618418787329,0.00320702,0.001671195610304042,-0.5119782015291287,-0.002709647322150497,0.04310179528631442,,,-0.497500573848336,,
2022-02-21,0.0,0.0,0.0003113508595781793,-4.7298418360789886e-05,-0.0030198188131462687,-0.0012744040444571745,0.007025438663434224,-0.0021327312573201497,-0.0387983091299322,0.0020392608333333,-0.005208083764381212,0.26289782268425993,-0.046605066767922886,0.04553029664926131,,,-0.497500573848336,,
2022-02-22,-0.029999999999999805,0.030000000000000027,0.0028705398754168498,0.0004850109869078312,-0.005318410753020756,0.0019177684161900898,0.00029836508322774315,0.004102973668182096,0.03233490558002685,0.00110715833333335,0.009998356596311845,0.45300258629209467,-0.030377263439453083,0.04435388393695063,-0.07,-0.0008540365070661693,-0.497500573848336,0.03748670890399364,-0.010194654042816609
2022-02-23,-0.029999999999999805,0.010000000000000009,-0.0001642475402074614,0.002314797942187373,0.0006316571275228362,0.0037400433411835486,0.0005513795310478798,-0.00024648515801155204,-0.027028480725626376,-0.0048000275,-0.0005981645947040722,-0.1274924674173616,0.03028681784956394,0.035318154051093856,0.02999999999999997,-0.0002912363176568178,-0.467939274147682,0.0739096086519555,-0.01858379019433265
2022-02-24,0.20999999999999996,0.08000000000000007,0.003173895803159846,0.0007631041486004094,-0.0063359055320576126,0.008140589176519159,0.0006178068073154728,0.0036583519300362292,-0.03783455368364582,0.0030341916666667,0.008846900076179743,-0.19270382863651286,-0.022185487382426115,0.03505830286857222,0.010000000000000009,0.01105867206878397,-0.467939274147682,-0.022824596974221567,0.01484605971153563
2022-02-25,-0.31000000000000005,-0.050000000000000044,2.041340590176548e-05,0.007140491447352097,-0.027988278525080235,0.014241044443822638,-1.9513107305030368e-05,-0.004767420695152846,0.04928331335957199,0.0058057224999999504,-0.011544240555489494,0.8017109750783629,0.014093744328345736,0.026731629923773845,0.0,-0.005918712639284784,-0.467939274147682,-0.09435417254497658,0.022126148364755238
2022-02-26,,,-0.0019756338870155947,-0.001765268282654252,-0.019574033642995335,-0.0024707868263090355,-0.00011535215789753666,-0.0016617740305559347,0.006793973037045799,0.00412894333333335,-0.004055021976691879,-0.577222849495498,0.04428845560415774,0.03328367314829081,,,-0.467939274147682,,
2022-02-27,,,0.0025761093773357443,0.0037334119078996576,0.002890902205399421,0.006531590822863413,0.0008606733020370894,-0.0009323598222116105,-0.05379505345214961,0.00066602,-0.0022843116386530977,-0.4179850201747313,-0.00046191982304174834,0.033285255457334455,,,-0.467939274147682,,
2022-02-28,0.1499999999999999,0.030000000000000027,0.0021941399497842962,0.004038022275567216,0.0015599782740528133,0.006509929640654241,0.001090427062785182,-0.003729354940877826,0.11606799443251488,0.0007596016666667001,-0.009199651200095235,0.32458496463306474,-0.0455250272637502,0.03304330716889698,-0.02999999999999997,-0.00030631712044559833,-0.467939274147682,0.08873153494399988,-0.002445600339324727
2022-03-01,0.1200000000000001,0.030000000000000027,-0.003970885682559452,-0.0020830183729100516,-0.00046332878135207293,0.006522025044081055,8.970631905044475e-05,-0.003039359408208318,0.043764178430797364,0.012464837500000001,-0.007561339884976353,0.31761578069821694,0.11928957938507184,0.053355537516018264,0.019999999999999962,0.004967575597482288,-0.467939274147682,0.09997289412544763,-0.015594426756136315
2022-03-02,-0.18000000000000016,0.0,-0.0014137421488087283,0.0014341102405843664,0.0030220887332616797,0.0005121028353887448,-0.0011170935787072024,-0.004204946160149241,-0.0144313175142725,0.0060380600000000005,-0.010544418422247018,-0.0734548698781413,0.023909497831154265,0.05320423885424382,-0.04999999999999999,-0.00029279858214881216,-0.438422711904379,-0.08059307918819236,0.018470983448990452
2022-03-03,0.0,0.0,0.0053888506694786155,-0.0013921187330855355,-0.00881653632698967,-0.0011839730777991047,-0.0016217328513774797,-0.0035809192979557036,-0.019844604156882124,0.008858028333333299,-0.009053333988255205,-0.09507786125024759,-0.009454962462039881,0.051757362287988544,-0.02999999999999997,0.0016158006690094595,-0.438422711904379,-0.008494007292004113,-0.005268565551901361
2022-03-04,0.18999999999999995,0.04999999999999982,-0.003076239271168866,-0.0008615513645677825,0.002092237747694063,-0.03169911194864995,-0.0028719407252102056,-0.0033822571246086936,-0.07764986132941257,0.01087956416666665,-0.008602156634175141,-0.16503491047209892,-0.03732507275712585,0.056327497980050725,-0.09000000000000002,0.006025818771395741,-0.438422711904379,0.0480399765873627,-0.007965657901415568
2022-03-05,,,0.0029391077374177205,-0.010713702185014889,0.009935586624461337,-0.0037330572482732155,9.955561049052265e-05,1.2759273788776286e-05,0.019559584115922197,-0.00322005666666665,3.259358375799222e-05,0.11747517761041884,-0.0802082615533786,0.06411405448146294,,,-0.438422711904379,,
2022-03-06,,,0.00022805398790156037,0.0018217271290872355,-0.0015191609806618962,0.0005407827609462112,0.0002456690936974798,0.0016446641567352688,-0.03974223258357528,0.00011061916666670014,0.004193455952214226,-0.5494739162546216,0.01267400768329997,0.06443497007752548,,,-0.438422711904379,,
2022-03-07,0.10999999999999988,0.050000000000000044,0.0028654668467357923,-0.00255591862397967,0.012669553689350233,0.0012464218686008485,0.006341860655259515,-0.0018971374552549953,-0.03324425850566645,0.00220992,-0.004869614776191885,0.11658460123168683,-0.0342090790015597,0.06330407077673511,-0.009999999999999981,0.005791156466950831,-0.438422711904379,0.1308307510488591,-0.029962522550535553
2022-03-08,0.020000000000000462,0.06000000000000005,-0.0024285544961334705,-0.011871708698172133,0.003264162982865893,0.00565948636812648,-0.00041157111145243523,-0.0007000158307808871,0.028575593896871587,0.0041752283333333,-0.0018020798770976944,0.4138227409612405,-0.01659576170533611,0.03474982789976854,0.0,0.0024669574034978936,-0.438422711904379,-0.03688599217693156,-0.007260127998096166
2022-03-09,-0.0900000000000003,-0.020000000000000018,0.002175519362615027,0.003998412525102088,-0.010568510665912622,0.007405710344466515,1.0787159843436608e-05,-0.0023315782459793926,0.0860256988980809,0.0057133491666666505,-0.006025874400858288,-0.06884507461523083,0.023910148537404974,0.0347499654772096,0.03,-0.0087228584579373,-0.411342113966088,-0.07935502312763676,0.025373672345635256
2022-03-10,0.06000000000000005,0.010000000000000009,-0.00033612029600908267,-0.0001901777108519752,0.004214322096728894,0.00530191916535524,0.0011633068079088303,0.0013659738761592334,-0.06670625845845732,-7.047083333330015e-05,0.0035388176123911123,0.1763663580842883,0.06942356429545693,0.04876670893338135,0.0,0.0012342707070835957,-0.411342113966088,-0.07086563435873217,-0.004301081899390269
2022-03-11,0.04999999999999982,0.020000000000000018,-2.4548668007164337e-05,0.002940756290643482,-0.0005117023526622833,0.001970718578688284,-0.00042176776810902124,-0.0012897639488891252,-0.0016424763033686068,0.0008515516666667,-0.003339639755654088,-0.06806317449718952,-0.05330411258114091,0.05065615649067677,-0.010000000000000009,0.0023879275188081195,-0.411342113966088,0.017055185461159805,-0.013046288284511931
2022-03-12,,,0.001132000577352092,-0.0015017863511222554,0.003093134427788296,0.0024600678189539414,-6.239944993426841e-05,-0.0015264088287143681,0.01840706340206766,0.0010065108333333498,-0.003966610961607028,-0.1438313769688038,-0.018258596838332232,0.041097662670580314,,,-0.411342113966088,,
2022-03-13,,,-0.00020310654879698473,-0.0006954572382132351,0.001629815928572342,0.0038147009924363326,8.884441570347764e-05,0.0010924562558786756,0.0055582899496543865,-0.0024178583333333,0.0028407694644181926,-0.6516946038120582,0.004887637722814473,0.040727364623917836,,,-0.411342113966088,,
2022-03-14,0.11000000000000032,0.010000000000000009,0.0001633762511225401,0.00016452389249286677,-0.0004557856249556293,0.0029294625726578867,0.00017994033473005635,-0.003895874386601543,0.019617494043383164,0.0041824441666667,-0.010169620394091755,0.2067733482832175,-0.02565510523499148,0.03976764371660258,0.020000000000000018,0.0011222626811075997,-0.411342113966088,0.03263245402889803,-0.007448628397105139
2022-03-15,0.04999999999999982,0.010000000000000009,-0.0007143923504128877,0.00023719673766110024,-0.002799318145178796,0.005111897426340174,-0.0009275255990811381,-0.00271644906032901,0.02774918111842908,0.002109215,-0.007145942491651188,0.3351634200321529,0.0377377268146903,0.04174890917964502,0.02999999999999997,0.0008140050262479548,-0.411342113966088,-0.0630078497547677,0.02118255114065626
2022-03-16,-0.25,-0.06000000000000005,-0.0001232300742814959,-0.0026340420983231244,-0.003084518957868996,-0.0335298095962189,0.0002626438379786892,-0.0024693747596879556,0.03558077025442885,0.00608083666666665,-0.00654231631546097,0.03076884562099532,0.001256963661778205,0.04095760061249811,-0.06,-0.003748723164778589,-0.390323589833931,-0.1119752603327342,0.0221369988429565
2022-03-17,-0.1499999999999999,-0.07000000000000006,0.00025505535839126866,0.00022307700276618265,0.0031113659393135775,-0.028699434507794136,0.002655030195474758,-0.002293247103363654,0.017060478594243218,0.00717393666666665,-0.006130563953251532,0.5001470936381006,0.05086919558715303,0.03621532894748181,0.020000000000000018,-0.0065328721439055215,-0.390323589833931,-0.03821634331087376,0.012272191404502308
2022-03-18,0.0,-0.019999999999999796,0.0009463511920219238,0.009185186982801454,0.0024734932043979168,0.004667671786011812,0.00110678632181319,0.0008237303735819928,0.03963486666944493,0.00081243,0.0022088565112884807,-0.5543975717124384,0.006171254353468466,0.0276966740760844,-0.09,0.0007847208118958449,-0.390323589833931,-0.0727005545323105,0.011594770446318847
2022-03-19,,,0.004649947316775662,0.0005925187565995381,0.005860036754905225,0.006129903872090701,0.0003258434184720181,-0.0005139336610102784,0.004759912100230955,0.0011167858333333502,-0.0013780045033401898,0.3549132647673322,0.032362218671035496,0.02622332693369107,,,-0.390323589833931,,
2022-03-20,,,0.002578971208973872,0.0006724876350129612,0.001178733637647103,-0.003992642007070231,0.0006619142539450404,-0.0016709867050395595,-0.048110304593169395,0.00849896916666665,-0.004496549152935487,-0.5098365695303841,0.004588788368347209,0.02624348333593796,,,-0.390323589833931,,
2022-03-21,-0.14000000000000012,-0.040000000000000036,0.0010794898920358175,0.002280078582514904,0.006537387243224398,0.0012553201288775754,-0.00046670710616633377,-0.00034752276471575926,0.010716284924360336,0.0037512566666667,-0.0009372753835376809,0.044313832893310284,-0.02591375205238932,0.02631090628103451,0.009999999999999981,-0.001706326229162336,-0.390323589833931,-0.014346237611467583,-0.00043476799985597836
2022-03-22,0.03000000000000025,-0.020000000000000018,-0.001269222264632357,0.0008755548816000671,-0.00047057993799493774,0.000318599636652468,-0.002744332894799623,-0.0026729643741142083,0.03255059914824547,0.008247595,-0.007218639964643242,0.22385860238613048,0.003554315895210079,0.02456587494909153,0.020000000000000018,0.0012291928785668205,-0.390323589833931,-0.02539409103804635,0.011240769260245642
2022-03-23,0.020000000000000018,0.0,0.0014917869518280456,-0.007275785560722825,-0.0033931656666524998,-0.040051643401978906,0.005205777904702184,-0.002056806047855572,0.015256481109798187,0.00096807583333335,-0.005619588950322945,0.2305487813024158,0.028535431415885132,0.025030635845524587,-0.010000000000000009,-0.0006669901327640559,-0.37833440404852,0.027092605246815005,-0.012348713151043356
2022-03-24,-0.050000000000000266,0.010000000000000009,-0.001167403226549794,-0.006405638587128092,-0.004857044091876305,0.002254334290045597,-0.0010833497752361675,0.003828880596738459,0.11669526301586658,0.002218775,0.010424799387177169,-0.20580746075929054,0.014541982196958791,0.019296481539883132,0.01999999999999999,-0.0003888519389638745,-0.37833440404852,-0.08404590139977186,0.014242030309045361
2022-03-25,-0.16000000000000014,-0.030000000000000027,0.002183015890815984,0.003585020174779495,-0.01685925365458229,-0.002643832379164649,-0.0034986199214837727,-0.0019490892957802883,0.012069764143504412,0.006815544166666649,-0.005274621545007539,0.16095829544408716,0.025758434353200063,0.02019677378360992,-0.03,-0.0014480999458301724,-0.37833440404852,-0.040495175142724715,0.005053402374178617
2022-03-26,,,0.004480796120271254,-0.01202667688733126,-0.0027291070355737346,-0.002665150900384769,5.6382310791165825e-06,-0.00019721481559002154,0.012174832196358709,0.0034587858333333,-0.0005352585979667408,-0.017474764564813682,0.004388611075611237,0.018140222471616934,,,-0.37833440404852,,
2022-03-27,,,0.00017001959441868432,0.0018421127695381371,-0.003215938795681252,0.002432471852220326,0.0006971979952926075,0.00020987330017056875,0.03909178361747827,0.0029298241666666502,0.00057000222389267,-0.6716763910000992,0.007586910702569874,0.018083713064960195,,,-0.37833440404852,,
2022-03-28,0.03000000000000025,0.0,-0.0013348795081315362,0.00028833292650331794,-0.0009073135828371195,-0.0026324040445234896,-0.0008906278239122167,-0.0024917683498862473,-0.032304978141343595,0.0091087133333333,-0.006782478478508314,0.48334726013664603,0.04662633707263554,0.015818943100702497,-0.06999999999999999,0.003439907660951924,-0.37833440404852,-0.05837463211717342,0.007119559648820939
2022-03-29,-0.16000000000000014,-0.030000000000000027,0.0018895510867307493,0.0009582512537191509,-0.002443276994637788,0.0016503286904418135,-0.0018031864280896365,-0.0003536353782196115,0.007408457090025838,0.001762495,-0.0009645759255882518,0.34121696032063825,0.009601818638038549,0.01499686248900767,-0.05,-0.005378013385184843,-0.37833440404852,-0.03789708622277299,0.01218202728525597
2022-03-30,-0.04999999999999982,-0.010000000000000009,0.0038634009356778086,-0.0007030350327160149,-0.0019716417276735994,-0.0004664382914160908,0.006056365753080345,2.9702113511102307e-05,0.00022597446190828548,0.00914300916666665,8.154363679620178e-05,-0.09726205264997734,0.015652303494667383,0.014496414949375869,-0.019999999999999997,-0.004215056162649944,-0.372567965990288,0.02249637115464287,-0.006313610350948906
2022-03-31,0.10000000000000009,-0.030000000000000027,0.0032470658489382347,0.0026104436063935587,0.003835166673212957,0.006671827179205378,-0.0018525022650492467,-0.0018343516428874758,-0.03262651776041249,0.0040769233333333,-0.005039144996294141,-0.13031122924426855,-0.006752248746831875,0.01725107657067109,0.0,0.0012157866159707709,-0.372567965990288,0.06168914736672493,-0.01577632727939715
2022-04-01,-0.03000000000000025,-0.020000000000000018,0.0013966960492600364,-0.008138747922596216,-0.003641854058159586,-0.013821691935874285,0.0011859039836999538,0.007505545235327653,0.019541405919590502,0.00396071333333335,0.020483805417772023,0.12790993723985075,-0.03165228814746392,0.023595080892627518,-0.09,0.002250511562635893,-0.372567965990288,-0.046288432298594806,0.0034044855260564333
2022-04-02,,,0.0007421981931199497,0.004637381102468184,0.0019034128693207165,0.009085478494423918,-0.001033160008826751,-0.0002772614008723706,-0.0142801854467472,0.00732428666666665,-0.0007484990053982793,0.18040982304262712,0.0330163302296949,0.02556802681710797,,,-0.372567965990288,,
2022-04-03,,,0.0020294264835179158,-0.0018744062706550684,-0.011730487105587925,0.004830852291504121,-0.000142103481724379,0.00030013932743646124,0.026748585416778027,0.009698965,0.0008101204998196303,-0.1157503746139021,-0.006222967444522013,0.026358287877468103,,,-0.372567965990288,,
2022-04-04,-0.06999999999999984,-0.020000000000000018,0.001408904833270152,-0.004394708890294446,-0.002761941805146747,-0.0017462017115375008,-0.0007675413266075794,0.0013206896247065258,0.004974085557519678,0.006045235833333299,0.0035542356563568493,-0.27753247566412026,0.018091049155764746,0.021200925225300878,0.04,-0.0006080749418826414,-0.372567965990288,-0.05551163292375527,0.00805832262263273
2022-04-05,-0.06000000000000005,-0.030000000000000027,0.000732043748298668,-0.0002667189197040196,0.0006145571383575914,0.0016872560528234585,-0.0018715143748209062,-0.0004320570260015563,-0.010114588716424193,0.00991422416666665,-0.0011591879641700176,0.23506649198635515,0.0019333506348992227,0.021093231268333696,0.04,0.0027584887692251314,-0.372567965990288,0.12440261434999389,-0.012631155137048822
2022-04-06,0.20999999999999996,0.030000000000000027,-0.00044060151709615387,-0.006092818816851268,-0.003352793380663405,0.004628527995322823,-0.0033302719493101974,-0.0020163503520335326,-0.06214938244366074,0.0016854358333332998,-0.005409515113617597,-0.10196921039650239,-0.02481419259519451,0.02267378906795405,0.08,0.0023259888922613214,-0.37025369519129,0.04962761880909872,-0.009764386222700594
2022-04-07,0.06000000000000005,0.0,0.00012380392333764231,-0.010820801637080588,-0.007990865076109636,-0.019493009683985686,-0.0003390386605671842,-0.0021271133720773805,0.003469124997893723,0.0040168475,-0.005736619232912356,0.3945886055226934,-0.0656086600140388,0.03309793276318861,0.08,0.00302732265150496,-0.37025369519129,-0.025201791973950005,0.004244352439510379
2022-04-08,0.029999999999999805,0.020000000000000018,0.0010521583288673024,0.003388275618716686,-0.001153490613675446,0.008548298309164187,0.00018513493184549158,-0.004792139495704914,-0.006746403666048898,0.0021859825,-0.013048236982846415,-0.4316879950868088,0.013246227265989561,0.03272069797801181,0.0,0.0005705232127422022,-0.37025369519129,-0.01826320955965821,-0.0026545074879766872
2022-04-09,,,0.0008785087056112485,-0.0014468299347869917,0.007776855240306753,0.014327761093204515,0.0001589127654845581,0.001658385285299361,0.020821075277449388,0.0027571925,0.004535530108178829,0.06476870188096416,-0.020327336484673275,0.02851251025887545,,,-0.37025369519129,,
2022-04-10,,,0.00032051316594891284,-0.00025978738777233723,-0.001547063474116826,-0.00025193525840922377,-7.545757591084052e-05,0.0006216209263424096,-0.009214744796883995,0.0018528066666667,0.0016946613528926908,-0.5841385263481649,0.017093506996360884,0.030581013614349496,,,-0.37025369519129,,
2022-04-11,0.16000000000000014,0.020000000000000018,0.0012829712274575117,0.002099986760885637,0.0015062836707542084,-0.02144401751609036,-0.002994247741440162,-0.0012287718567396977,-0.058731231315737355,0.0036847458333333,-0.0033426112258779284,0.06953459576433521,-0.013343469355359835,0.028220697088497827,0.09999999999999998,0.0010516931725463863,-0.37025369519129,0.14124026064701622,-0.017021333762949453
2022-04-12,0.020000000000000018,0.030000000000000027,-0.0009657087737188711,-0.006133560130258482,-0.025573060634157933,0.0037189288385104306,-0.0009762900700044341,-0.0007602761332547244,0.005170813817308516,-0.0024927508333332997,-0.002071752205855751,0.7213772853069591,-0.06910404177384885,0.03407234639037726,0.040000000000000036,-0.0013180113934652127,-0.37025369519129,-0.0045239641212107,-0.0034233936348684324
2022-04-13,0.020000000000000018,0.030000000000000027,0.0029832433870534123,-0.0013829580255650504,-0.0051631265600246366,0.0057007728428094245,-0.0020512670128056323,0.006854855951404926,0.008872946580647656,0.0026274575,0.01848855461123539,-0.09241154345541647,0.015085313283539275,0.036983114856659643,0.0,-0.0009197726832974595,-0.367806474137172,-0.10600192311097967,0.011112682823132047
2022-04-14,-0.08999999999999986,-0.020000000000000018,-0.0017518527170607414,-0.004053358054208103,-0.003720486970118483,-0.006971360146558855,-0.0009357736431436044,0.00524632166136594,0.004008945777419402,0.0015279608333333,0.013909791287565455,-0.1342105096896225,0.02578435073983297,0.03312684624977137,0.02999999999999997,0.004086938403633944,-0.367806474137172,0.039537944082432386,-0.012218479951524586
2022-04-15,,,0.0007161411610918988,-0.002486734036934218,0.008591457610053905,0.007611332370215396,-0.000949225383357969,0.008134721392434282,-0.002199003218264537,0.0023799083333333002,0.021172565807172136,-0.0569982023930278,-0.03129608988377271,0.033424455686275355,,-0.000463467663007755,-0.367806474137172,,
2022-04-16,,,-0.0003585230242719264,-0.0018488280187724609,-0.0019335472838277975,0.0013170690945490207,1.5128437120338976e-05,0.0021929952295506195,-0.00041648753410804913,0.0011121975,0.005631992492314482,-0.11053031234685239,0.011413142539967686,0.0340746758408332,,,-0.367806474137172,,
2022-04-17,,,0.00038248694902791243,-0.0016103481787792414,-0.000552321323125334,0.004612818505898819,-0.0013955103866035957,-0.00011278897895225021,-0.005568093032959996,0.0015010866666666498,-0.00028848632265626224,-0.33124266615533887,0.001743596325017997,0.03278493624935033,,,-0.367806474137172,,
2022-04-18,-0.040000000000000036,0.010000000000000009,0.00016133933380120348,-0.0001058855992100511,-0.0031196423507702294,0.0008477543887150939,-0.0006681857656386735,0.0028514543486015836,-0.00881855705518415,-0.0014245924999999999,0.0072630550318974335,0.05213038360581611,-0.02052303953149814,0.03307163252399624,0.030000000000000027,0.001219461173326053,-0.367806474137172,-0.023624900859136932,-0.00020491150171686456
2022-04-19,-0.06000000000000005,0.010000000000000009,-0.0002213039320189107,-0.0037739273201984926,-0.0038285111425619316,0.0027599788999553496,0.0006911586356449449,0.003924890836835353,0.02490868395146396,0.0058645725,0.00991856612788514,0.6231951081753283,0.024507913641810784,0.022079478699712454,-0.07,0.0024643512994213523,-0.367806474137172,-0.036751954297163714,0.01593004016149635
2022-04-20,-0.020000000000000018,0.010000000000000009,-7.182480609446766e-05,0.0031695710296136444,-0.0031381770141988784,-0.014884556239388709,-0.0019606703426655278,0.020324830577317637,-0.013814171566692589,0.00056111333333335,0.049750422480329175,-0.29905609652173026,0.015012621885330174,0.02207331159642478,-0.07,-0.0034362032074692905,-0.361089176145838,-0.0503824466207754,-0.000618718957692721
2022-04-21,-0.06000000000000005,0.010000000000000009,0.002833157787601583,-0.00310219387307007,0.0029200976449999198,-0.006705469511855927,-0.0008704073486597483,0.0031218463934307317,-0.012310143425050055,0.00027786083333329993,0.007420490976245547,0.10242334639072762,-0.005261631639457413,0.019936865599549214,-0.03,0.0035284023097883477,-0.361089176145838,0.10987785614927015,-0.01486284731647558
2022-04-22,0.1499999999999999,0.030000000000000027,0.001185601864042692,-3.5084660773561896e-05,-0.0022063310858134724,0.0015777233197759022,3.058198475041318e-05,0.003170857791259892,0.030667848859165073,-0.0008029708333333,0.007481268902363689,0.2726507346716394,-0.02579932217615133,0.01859045807969556,-0.04000000000000001,0.007445121134488808,-0.361089176145838,0.21819304615435398,-0.02813199052103066
2022-04-23,,,0.0007505721290402771,0.00047444145421546746,-0.00030375673572104596,0.0026215705170753063,-0.00023454093755209397,0.0004919486507879286,0.0029010181073344465,-0.0046035258333333,0.0011554255539210322,0.16612783034285536,-0.01303871712215535,0.018419209594134997,,,-0.361089176145838,,
2022-04-24,,,0.00018861816943086226,0.0003661995403753517,0.0007988493266068696,0.0014078582616958398,-0.00034331262694416685,-0.003173380900002623,-0.008053981884304584,-0.0011019558333333,-0.00747422940323427,-0.9668866935018221,-0.006927573975523729,0.018311850376989496,,,-0.361089176145838,,
2022-04-25,0.1499999999999999,0.020000000000000018,0.0002755367051478519,0.00017258077238402556,0.0008602462091611687,0.00205897604213552,-0.0005133959979202519,-0.0004630635268713646,-0.0013278655591814428,-0.00035728833333335,-0.001094771679448245,0.09404569722207697,-0.004206668151531767,0.016929899738820777,0.0,0.005142720456039029,-0.361089176145838,-0.043099192481852455,0.005681687572860028
2022-04-26,0.03000000000000025,0.010000000000000009,-0.000982677836779012,-0.0011691656313228638,-0.00586938762525608,-0.0020211849444136663,-0.0012019884891110095,-0.004710376831070519,-0.014307634917999714,0.009144599166666649,-0.011191344524761055,0.748744208993676,0.027160402602901385,0.017643138494668493,0.05000000000000002,0.002822517178580064,-0.361089176145838,0.2155649430818296,-0.028550028430272434
2022-04-27,0.06000000000000005,0.019999999999999796,0.0009003047719072635,-0.009908904213225397,-0.002370630763729386,0.0014268395551835164,-0.00015291594836477448,-0.002138449687471445,-0.014961886462466503,-0.00221085416666665,-0.005121572636656904,-0.11809083406391042,-0.0646378981731295,0.027739308999984145,0.009999999999999981,0.004264513251368562,-0.350856945099741,-0.05898515502101587,0.002095905140411247
2022-04-28,-0.06000000000000005,0.0,-0.0007280379853680134,0.0005874397757585729,-0.005264433628111724,0.004878175117223799,-0.000784371203513445,0.0014681103829274394,-0.005979317301746212,0.0024576399999999997,0.0035161809689204936,-0.07656124058461719,0.028810514056090482,0.03203089203860644,-0.01999999999999999,0.004982094589775166,-0.350856945099741,-0.05229312783194873,0.024445646004581434
2022-04-29,0.10000000000000009,0.010000000000000009,-0.00017384898458797394,-0.0001696075898409465,-0.0031818911874728403,-0.012688551321929071,-0.0013218482159346096,0.0005851497408390907,0.0022436937663103105,0.007979005833333299,0.0013961720482252409,0.09544119086379574,0.013741454856966042,0.03193275925514049,-0.03,-0.004793781784073303,-0.350856945099741,0.10769190722173683,-0.03695920232685879
2022-04-30,0.040000000000000036,0.020000000000000018,0.0010782364515975814,-0.001964987788618277,-0.007063819700849361,0.01588099948936598,-0.0008848599159565252,0.0010727296960848013,-0.014123715752188638,0.00039317083333329997,0.002552233868092458,-0.08544208434840657,-0.033917645633979684,0.033966648579942714,,,-0.350856945099741,,
2022-05-01,,,0.0023455526182318354,-0.0021582731690347324,-0.006216087931191304,0.00530574620772412,-0.0006443519956919574,0.0010444764966636292,0.0019682240227643965,-0.0014564825,0.0024771761027721937,-0.3074869241283461,-0.025130910650413753,0.03476279779755558,,,-0.350856945099741,,
2022-05-02,0.07999999999999963,0.0,-0.0018854735551684307,0.002140279786919701,-0.003330061495289331,0.0022602568511881443,-0.0005341088736270325,-1.5003558816310713e-05,-0.009268543947796302,0.0054377708333333,-3.552143049298353e-05,0.1586561567325365,0.026327293548847663,0.03719435946250679,0.07,0.003251793564388983,-0.350856945099741,-0.03225104583369376,0.005659270037375208
2022-05-03,-0.07999999999999963,-0.010000000000000009,-0.0014426282153763522,-0.0029313434476980257,-0.010963032602255049,-0.0025251208628591475,-0.002812460742533986,-0.004087024710051593,0.041519251141112684,0.0095471433333333,-0.009696019163986188,0.1888849327016378,0.0053786381294114,0.035004596555700145,-0.07,-0.0014875613586449177,-0.350856945099741,-0.10042528047109522,0.004825441551572496
2022-05-04,0.12999999999999945,0.010000000000000009,0.0011240080544179694,-0.0022740632983339094,-0.005924930086100725,-0.008603518575669905,-0.003163099539341607,0.00035815975720908687,9.99180871932797e-05,0.01141948,0.0008507690488939003,-0.28038368193354235,-0.023861539823256953,0.02608185038931189,0.08000000000000002,-0.00121288886761306,-0.335941546654705,-0.14034330791655725,0.02942523504760608
2022-05-05,-0.0699999999999994,-0.020000000000000018,-0.0006678001546385888,-0.005167934886252495,-0.01115087795211721,-0.05847450738616361,0.0005486166879563032,0.0016454032862708691,-0.027146464287149914,0.01042829,0.003901335931269109,0.31265365532002387,0.05229983024946688,0.03153318306376206,0.07,0.0037367616509378365,-0.335941546654705,0.20488182905412833,-0.03630072399124984
2022-05-06,0.14999999999999947,0.010000000000000009,0.0010248594125182142,0.0012476796081902109,0.0020107479004207213,0.002984253725382424,-0.0021993881377751585,-0.002897229291032396,-0.02155246438873257,-0.0011902758333333001,-0.006864541691835762,0.17153104479098255,-0.07351015772255083,0.04175981210438367,0.06,-0.001243202051186998,-0.335941546654705,-0.0329073510966893,-0.005690318260649363
2022-05-07,,,0.00016514656496196978,-0.008026080706980316,-0.006713820055945343,0.0041395922673941495,-0.0014753739123219884,0.006794054243403254,0.0005302226481130656,0.00517161583333335,0.01600034505448225,-0.09973062655356013,-0.016761727066447643,0.040634031733467135,,,-0.335941546654705,,
2022-05-08,,,0.0008559675018017462,0.0011856338774460685,-0.022737695853989673,0.007696782198078485,-0.0028028825259776,-0.00022254642523081002,-0.03473661825384561,0.00769144999999995,-0.0005186167006637797,-0.5103551086823982,-0.01852510759121874,0.04024181872665845,,,-0.335941546654705,,
2022-05-09,0.29000000000000004,0.040000000000000036,-0.0009135049112124444,0.0019729071474547315,-0.05396290538276013,-0.009152364359636045,0.003083857527059682,-0.0032866614406633315,-0.15960386356265438,0.01129369416666665,-0.007714483781234292,0.4844968423641363,-0.045508119542987446,0.03949372902645548,0.03999999999999998,0.005321310354183595,-0.335941546654705,0.14066882829205385,-0.032561554986877184
2022-05-10,0.04999999999999982,0.010000000000000009,-0.0001782332444917136,0.001165668970356418,-0.05348726687877967,0.004101267178645695,-0.0018732614165293026,0.0001831056637102561,-0.001500840541643847,0.00851817416666665,0.00043054930373701364,0.5905310217958495,-0.11539927613106706,0.05228907955552993,-0.07,0.0022961703849233572,-0.335941546654705,-0.05197508677031104,0.002454867109817016
2022-05-11,0.03000000000000025,0.0,-0.0001908418566232149,-0.004225644790625807,-0.02557857427081852,0.0022490260535279055,-0.0022799073724800887,-0.0014549357635920358,-0.03308795372772213,0.01329993166666665,-0.003418403920186326,-0.020108482369050145,0.033014783239740705,0.05828668271080048,-0.12,-0.0031654479554710235,-0.318412234525134,-0.013119944106150694,-0.016600202520525187
2022-05-12,0.21999999999999975,0.030000000000000027,-0.006726383729274452,0.011512452439540428,-0.11175052730060087,-0.01723238900343469,-0.019173439696817743,-0.007834168577293521,-0.06664111043303239,0.00413380833333335,-0.018253482107855278,0.2133176302033817,-0.09497058558517782,0.0513341657935216,0.030000000000000027,0.00734138515992111,-0.318412234525134,-0.024562092852914663,-0.0012968422441890226
2022-05-13,-0.13999999999999968,-0.010000000000000009,-0.040130707135840465,0.01683907962058106,-0.03620817363180279,-0.12973716214765685,0.0029416844815540826,-0.008598389705644804,0.026752851742603532,0.0025282191666666995,-0.020486044431020943,-0.08891408877957918,-0.024560904497969684,0.0505087751336775,0.03999999999999998,-0.0035965111180384923,-0.318412234525134,-0.09571945460658116,0.023589314531626826
2022-05-14,,,-0.006669806878156064,0.021690047373143555,0.004377762820158856,0.08706485800349047,-0.03283525390935578,0.0014573667457180152,0.003996358559922303,0.00979561,0.003388984926801147,-0.0749902675119528,0.014101508421752307,0.054131941064505626,,,-0.318412234525134,,
2022-05-15,,,-0.03774255100409594,0.007302167683317348,-0.009091460055632267,-0.0013630687257161574,0.000991576860187932,0.007578136617829839,0.052510108994740665,0.0037710875000000004,0.017456692448830392,-0.8665935657177578,0.028025392800683245,0.05925072654190843,,,-0.318412234525134,,
2022-05-16,0.08000000000000007,0.020000000000000018,-0.0012133243572672418,-0.0006926758770275305,0.010963859314744952,0.003559414103661786,0.001360074513891431,0.00824520369996561,-0.026354558027911777,0.00609991583333335,0.01867859116382829,-0.072593921387755,0.038041404958840744,0.06369660264256524,-0.020000000000000018,-0.0012925809238257813,-0.318412234525134,-0.04970849356766127,-0.003954237650276582
2022-05-17,-0.11000000000000032,0.0,-0.0005163821355587417,0.01733504192057177,-0.0031184225876998506,-0.0037551189669568414,0.0024040186867349115,-0.010377960470835808,0.019235385161600362,0.0071628541666667,-0.02362485063120377,0.26113313236085944,-0.051836130994436305,0.05057568581069676,-0.02999999999999997,-0.006659065106486395,-0.318412234525134,-0.05115918577853451,0.019968898134441915
2022-05-18,0.2400000000000002,0.030000000000000027,-0.02059182344908369,0.004006857788681844,0.014236236175005731,0.003780722230882518,0.0008619766408251006,0.0031921916555199795,-0.016367441612103385,0.0013837116666666994,0.007332756758508775,-0.1443460642903996,0.02639067999687185,0.04972843512380265,-0.060000000000000026,0.001169583464053936,-0.299600318568104,0.17076073439287853,-0.04123376798544065
2022-05-19,0.08000000000000007,0.020000000000000018,-0.00034138074263569547,0.001821496298012775,-0.0039970207283839725,0.0007753490157027688,0.002880490738010782,0.0022337286293040905,0.06077238071636127,0.00709418083333335,0.005113961355124403,0.0033739992495460387,-0.0741088783002579,0.04403471240064162,0.0,-0.005008045372908221,-0.299600318568104,-0.05340350244742087,-0.005850892213604908
2022-05-20,-0.009999999999999787,0.010000000000000009,0.000274770321755461,0.006681516867639354,0.019354436942621765,-0.000552945528927377,0.0007040550545323721,-0.007911295681252093,-0.027753262472216822,0.014193164999999999,-0.018244252385337723,0.11021616772539365,0.054822352631866245,0.04853366844785874,-0.03,-0.0005033595797989676,-0.299600318568104,0.0027220159712757486,0.00014611357151927962
2022-05-21,,,-0.013526536222947982,0.003669834626362664,-0.011832128713253913,-0.0017627248141685707,0.0006859256999569609,0.0045676040020506,-0.007521239431526553,0.0112811308333333,0.010581148577757559,-0.14630283556345525,-0.03388669885456588,0.05039748846182498,,,-0.299600318568104,,
2022-05-22,,,0.00039735596808152814,0.0031257613116040155,-0.002401080059529807,0.00044421087180549477,0.0006096759030665061,-0.004490445720150513,0.05115672923738663,0.01202256166666665,-0.010407850189773001,-0.6543694052365008,0.007585945797149531,0.04895334928629987,,,-0.299600318568104,,
2022-05-23,-0.08999999999999986,-0.020000000000000018,-0.0005873528648045779,0.0013699271215056456,0.0014848938227960114,-0.0034350585895835447,0.001743512872292287,-0.004684522610904795,-0.02543377457968182,0.012919505000000001,-0.0109936312226836,0.23939763852251916,0.03138534145874988,0.04804061460064999,0.03,-0.00546697788027295,-0.299600318568104,-0.03281247570160639,0.01838502294652855
2022-05-24,0.1200000000000001,0.010000000000000009,7.913173351186948e-06,0.0019092341221557587,0.00607946338201328,-0.004501832569673401,0.0007999472094519817,-0.0002563380125925128,0.01675727997069653,-0.0004122866666666498,-0.0006055599764389256,0.4309707171763171,-0.03788539781308749,0.04605422706967182,0.05000000000000002,-0.0007786252602208776,-0.299600318568104,0.033491823553820854,-0.008153945948249586
2022-05-25,-0.20000000000000018,-0.050000000000000044,-0.00016611665777850593,0.0016809449986068387,-0.000814627015141402,0.012932977269895654,0.00013756794528693679,-0.0015462168619626625,-0.00491888642285217,0.01144159,-0.003661006819978515,-0.12657482194494038,0.009674860075050593,0.0446475887034062,0.010000000000000009,0.0028225789550049285,-0.280578995348364,-0.03736166127683571,0.009406385602540368
2022-05-26,-0.3600000000000003,-0.050000000000000044,3.835910519272239e-05,0.00010402508571102105,-0.0011414645320868236,0.002004426854638457,-0.001443252317518423,-0.00410071241726174,-0.009441415714216516,0.00728777666666665,-0.00976058007642827,-0.019535224896528345,-0.010082811483926356,0.03356639931033598,0.019999999999999962,-0.0016077167118133673,-0.280578995348364,-0.031146244148234192,0.019688139439344
2022-05-27,-0.1899999999999995,-0.030000000000000027,0.0007946001304748035,-0.002960866771896537,0.00509290353981982,0.0036859727031029596,0.0026840028294732904,-0.00034679079498507384,-0.007820490202930148,0.0099921908333333,-0.000832053778270434,0.4266673881934466,-0.040529848996563464,0.02795044329919778,-0.019999999999999962,-0.004094464280128385,-0.280578995348364,-0.06691710530310724,0.024441095491292586
2022-05-28,,,-0.010464419246676546,0.006392863740420553,0.0020524735140678074,0.006227097910051132,0.0012554410652451358,-0.000520345134314476,0.016833879414202245,0.0082500466666667,-0.0012513331520692228,0.026359128995960424,-0.03559783173071918,0.028195130255008718,,,-0.280578995348364,,
2022-05-29,,,-0.00012402282225437822,0.002887664755518286,0.003886234891556546,0.0013288860610347396,0.0001596864315855212,0.0006578782380693275,0.0332303025506853,0.007848012500000001,0.0015820656082930569,-0.7162128492583252,0.028601787132081946,0.03141192114243004,,,-0.280578995348364,,
2022-05-30,0.0,0.0,0.0008559602184610832,0.001714071777775544,0.0019636196821231364,0.0019146357622593676,0.0004804268313952401,0.00032859498469329417,0.058002853356652506,0.0102219675,0.0007896480538006179,-0.12194581625027734,0.011408562058116566,0.02798114960212795,,,-0.280578995348364,0.03138412953464309,
2022-05-31,0.02999999999999936,-0.010000000000000009,-0.0011773585251281693,-0.0011888321708241742,0.007290155946070346,0.001120937388135011,0.002111229043482371,0.0002233918788471495,-0.0025881596829074515,0.01314897666666665,0.0005376116978694324,0.7943151117691566,0.08425420843971161,0.04247880585742057,0.04999999999999999,-0.0018023831870896956,-0.280578995348364,-0.013275370384441043,-0.006294055196399029
2022-06-01,-0.08999999999999986,-0.029999999999999805,-0.0008664435537502024,0.003279125839571592,0.009793250000926415,0.004381655740592779,0.0007053824445054852,-0.0009653540511767716,-0.06764673461428085,0.009529339999999999,-0.0023269269440714503,-0.12934475000160373,-0.011200366208191785,0.04297471625010127,-0.03999999999999998,0.005279490971410894,-0.25924756306627,-0.019275847397828283,-0.0075109239121431415
2022-06-02,0.020000000000000462,0.009999999999999787,0.00032561423607571004,0.0012728829276983933,0.006063359887478764,0.00536906916492264,-0.0003753917711874502,-0.0008576847604801995,0.02077359531921806,0.0031222416666667006,-0.002071170458184773,0.16166639305568428,-0.06348952065793462,0.05002084179654431,-0.010000000000000009,-0.0053184515373940755,-0.25924756306627,-0.03848917853230249,0.018263262738202002
2022-06-03,0.05999999999999961,0.0,0.0013714062017409104,6.587236803285943e-05,0.003111170237478816,0.010299074648752,-0.0002331709254602971,-0.0007430268269069591,-0.009554853336440928,0.008022910833333351,-0.0017973449486474778,-0.3099567240609637,0.011883021649273025,0.04746267870651437,0.02999999999999997,0.0012654420514381925,-0.25924756306627,0.0028277134576093488,-0.01648245720240027
2022-06-04,,,-0.0004470301924239859,0.001714614410241891,0.003121217857924739,-0.000701053992333489,-0.00018125456628687118,-0.0007348527246571231,-0.02325615854063969,0.0037248808333333497,-0.0017804321900382863,-0.09447656969752882,-0.028284296132726792,0.04652482061586475,,,-0.25924756306627,,
2022-06-05,,,-0.00014976445721168993,-0.001364084196139494,-0.002143590301980768,0.004027081753299305,0.0003424351577647917,0.0012534524203765868,-0.01937942483687205,-4.485916666665006e-05,0.0030360501182149853,-0.5568503462290408,0.010273361484565237,0.04546163593813407,,,-0.25924756306627,,
2022-06-06,-0.019999999999999574,-0.009999999999999787,-0.00017333779191483782,0.0017141842184000323,0.0034015132264127567,0.0013637507901929345,-0.002398575957610699,-0.0020399329694872465,0.08236278641682514,0.0090860525,-0.004933863421264224,0.026669074037113355,0.001055741745489327,0.04527714740156962,0.010000000000000009,0.0007847004124066359,-0.25924756306627,0.011231566123103054,0.0031324562641241727
2022-06-07,0.14999999999999947,0.009999999999999787,-0.0012442426921905772,-0.006653729629130995,0.0015352274234592233,-0.0066772863776972426,0.0008552420317647879,0.0017615160130712998,-0.06895275181414338,0.0010647216666666995,0.004265544561815268,0.7092433150868688,0.038705890941173715,0.032816602307347516,-0.07999999999999999,0.0011260848625749276,-0.25924756306627,-0.042785095518364624,0.009478331934065665
2022-06-08,0.0,-0.009999999999999787,0.0008451478378614624,0.0014540561213918415,0.008431226926415738,0.0008571795126241813,0.0001959030019507871,-0.0022784398792070277,-0.046387813206993346,0.0125651975,-0.005521831088347596,0.3000600281287118,-0.013071934035407306,0.032874886738247434,0.01999999999999999,-0.00039098703611895047,-0.236156257018279,-0.0025010434045888985,-0.010852585537421078
2022-06-09,0.08000000000000007,0.009999999999999787,-0.0005787197663941407,-0.0028097593614996408,0.009567488278023043,-0.0017417589746517828,-3.6963386039746866e-05,-0.0025660091192406284,0.024146189922400956,0.0088244433333333,-0.0062552531695363265,-0.2882622381573325,-0.023453215101636372,0.023330039905290312,-0.04000000000000001,0.0044455248701193995,-0.236156257018279,0.08516632590138817,-0.024086469933733312
2022-06-10,0.08999999999999986,0.030000000000000027,5.146044277900538e-05,0.0017495008835922336,0.002670942847417321,-0.029266165265841183,0.0012204414855897972,-0.00045540647205667283,0.0329415411625268,0.006734854999999949,-0.0011156222732381137,-0.42308077527922033,-0.0038309311633195854,0.022697126380331733,-0.12,0.009003047994863067,-0.236156257018279,0.061683741043806695,-0.029542425335362665
2022-06-11,,,0.0005111071119617974,0.0010862961207689895,0.011322769139565543,-0.0018812825135321547,0.0001983138477092557,0.0023518304334447723,-0.012361134755362642,0.00217250416666665,0.0057491465325407096,0.38924899569466054,-0.05299130912592978,0.028520435297432343,,,-0.236156257018279,,
2022-06-12,,,0.000765457257288614,-0.0006170603890707315,-0.005669530104037647,-0.0006481057866677004,0.0010989394832242874,-0.0011025795071269938,-0.05891311815561005,0.004192240833333301,-0.0026941491452170023,-0.00870413952548769,-0.05457113870466182,0.032531581635320085,,,-0.236156257018279,,
2022-06-13,0.3600000000000003,0.050000000000000044,-0.0005346304468708662,0.007883293649236183,0.0015854549750319886,0.0011221983142941107,-0.0030137018686457943,-0.0020574273462597714,-0.21073797819677012,0.00791148583333335,-0.005031583525270567,0.2046750829548622,-0.0544004421870547,0.03453276176700588,-0.06,0.009572522488636714,-0.236156257018279,0.20371274677527218,-0.03953987319895802
2022-06-14,0.03000000000000025,0.0,0.0005092038625068374,-0.00016325102862143907,-0.025741836521163883,-0.013193377486675314,-0.0015883346008114146,-0.003484848922918366,-0.011241841699460915,-0.004765024999999999,-0.008566952189067207,0.7580851324894167,-0.18016853109248188,0.05922031402315045,0.010000000000000002,0.0042385509087612405,-0.236156257018279,-0.0398793662315966,-0.003780844063994593
2022-06-15,-0.08000000000000007,-0.010000000000000009,-0.012722445258135547,-0.0016624586890083212,-0.01789891290872618,0.003876383150702025,0.0011374529824769925,-0.0031895054993271877,-0.02376132871475567,-0.0005683674999999999,-0.007914780776817492,-0.3351198328829428,-0.0024444481572833137,0.060584146826483935,0.09,-0.00021865362065742744,-0.211716658889725,-0.0986194118964665,0.014487056184645297
2022-06-16,0.34999999999999964,0.040000000000000036,-0.009658010894567283,0.00530540206258201,-0.012346464582769777,0.005682009978009421,0.002490804733748714,-0.0010194966160043623,-0.05733752903987844,0.0077964191666667,-0.002549507968591779,0.13143903931720421,0.012689009794547111,0.06491910193976107,0.010000000000000009,-0.007997180192445441,-0.211716658889725,0.10654145210886368,-0.03305221501708466
2022-06-17,-0.019999999999999574,0.010000000000000009,-0.010377181131383154,0.006663421233379389,-0.005976067358252661,0.0005594485815851773,0.0030354564909729105,-0.010307382906427267,0.009857201070397437,0.00084129083333335,-0.02622853408392815,-0.7016388164535542,-0.11990447728128348,0.06657191741573504,-0.06000000000000001,0.004675333835945317,-0.211716658889725,-0.05681927649499974,0.002198428750711301
2022-06-18,,,-0.028266114805621904,0.005458140616718906,0.02236259177417439,-0.0005142416917619697,0.0014389385295683944,-0.0017945377035920103,-0.05924313545892527,-0.0017741958333332996,-0.004644287809633404,-0.17150547491748847,0.010483047914252724,0.07246912171661953,,,-0.211716658889725,,
2022-06-19,,,-0.0018584535379984701,0.005624161121085742,-0.01354155704514615,0.0005183799459431113,0.003067211200305535,0.00440449790371596,0.02738045506807224,0.00795140416666665,0.011395334758337976,0.4494448022233408,-0.08055341328587512,0.07307800763761367,,,-0.211716658889725,,
2022-06-20,0.0,0.0,-0.002107092033996459,0.011872447416616805,-0.00300845198243195,-0.01374120494017554,-0.0899015672417526,-0.0065062073145894855,0.00036746754734359033,0.0056710283333333495,-0.015416509658092029,-0.10286444796068585,0.09875272770278387,0.09452790529676344,,,-0.211716658889725,-0.003217505993227565,
2022-06-21,-0.10000000000000053,-0.010000000000000009,-0.012331511664393119,-0.004455542725345079,-0.002755351386087144,-0.00027977170447369547,0.001081043338327857,-0.0020056013631932486,0.01022307257099646,0.0059404733333333504,-0.004805818607903383,-0.11741897046020573,0.0057148315964504325,0.07085003663011027,0.020000000000000004,-0.004913198097796112,-0.211716658889725,-0.027443734741541714,0.024182488501784505
2022-06-22,0.27000000000000046,0.050000000000000044,-0.001931321801703518,0.00018333816855767982,0.010234825643649224,-0.0007227923514331097,0.0005293448739028931,-0.003124890009475183,-0.033010004088711666,0.00738133,-0.007538192841152075,-0.18127552227124655,-0.0017682543728518771,0.07086371055780291,0.0,-0.0010200596002141182,-0.187948046169112,-0.041940539699742985,-0.0013023811491290616
2022-06-23,0.05999999999999961,0.020000000000000018,0.00045876079146217103,0.00046972759703000136,0.003530012523787156,-0.006814600536110453,-0.0016545641756790476,-0.0021743248812280294,0.04725387508195407,0.005433914166666699,-0.005270116186777438,-0.022454882730291288,-0.05142429813027763,0.07148419536803817,-0.020000000000000004,0.00201009758006343,-0.187948046169112,0.003448279278916111,0.009487049060657782
2022-06-24,-0.20000000000000018,-0.010000000000000009,-0.001588635823078718,-0.0031643496485074594,-0.002753184947962161,0.018867620821929176,0.0007702028698588105,0.0006461267001784554,0.029727049892998455,0.0106485125,0.0015701886152936007,-0.03585385461062338,0.06975704114899711,0.06261805366319503,0.009999999999999995,-0.0022955688377850336,-0.187948046169112,-0.064699176612252,0.03010553708080721
2022-06-25,,,-0.00036470743806350466,0.0030858121672066906,-0.0008475681580573904,8.186769169528909e-05,0.0008287823407229928,0.002930412935169688,0.04227721801989748,0.006104127500000001,0.007096432805669592,0.008958690314449305,0.039583158734396946,0.06382054351551493,,,-0.187948046169112,,
2022-06-26,,,-7.767499697560663e-05,0.002067167828129742,0.0045508780245595674,-0.00030001834412506854,-0.00016658429365295368,0.001619705892325941,-0.032672230197251274,0.0067464608333333,0.003900208580042837,-0.31733129222420897,0.01220738083831056,0.04957726361169794,,,-0.187948046169112,,
2022-06-27,-0.0699999999999994,-0.010000000000000009,-0.0006363876719090782,0.00047153060830673176,-0.0032057861281115574,-0.026139050736164175,-0.0014945437047963416,0.0022533597775476174,-0.002275419666308912,0.0051190066666666496,0.005392807687576153,-0.039435426298385444,-0.028715821549773295,0.04039983234363839,0.03,-0.0025903897532595366,-0.187948046169112,-0.010336009330662144,-0.0029775299301260105
2022-06-28,0.14999999999999947,0.020000000000000018,-0.0007828118226291883,-0.007308792601303277,0.0033649085786664943,0.003358413874594183,-0.0012882153338966587,-0.0015484408941369963,-0.014510788193074385,0.0061920125,-0.0036978712919580226,0.10605470804194492,-0.010135931694851223,0.040891040255478704,-0.01999999999999999,0.0037077439882278185,-0.187948046169112,0.050996404308920606,-0.02034865838324862
2022-06-29,0.3600000000000003,0.020000000000000018,-6.682132551413354e-05,0.0,-0.013627013774819707,0.0034503438904024703,0.0011032511741597738,0.00011975626514175897,-0.014099955664539829,0.00766918,0.0002867975842104919,0.05171587860702316,-0.03311543865637952,0.04330094670227184,-0.060000000000000005,0.0028280318341264987,-0.17221366101947,-0.007077170374085284,-0.0007120065009615928
2022-06-30,0.25,0.05999999999999983,-0.004859344477300408,0.0,0.013251985020375525,0.0013047074752742917,0.0002993726868329995,0.0004326784079204893,-0.017730440929995272,-0.0032583533333333,0.0010358223161858983,0.124532001601232,-0.024212411774081635,0.03894476132180885,0.019999999999999997,2.976106822671909e-05,-0.17221366101947,0.019342962843130973,-0.00879781483060782
2022-07-01,0.04999999999999982,0.010000000000000009,-0.0023457550277404477,0.009206433440891247,-0.001766591026191679,0.001827450921009822,0.00016952648946160225,-0.0012501530975223118,-0.029367633201097067,0.00558105333333335,-0.002996280246139495,0.07381129727557482,-0.03173467947879936,0.02740229040230352,-0.019999999999999997,0.004459097341567464,-0.17221366101947,-0.07258192872676883,0.010498459915641689
2022-07-02,,,-0.0008647151798815099,-0.00631226434746041,0.011280410663122287,-0.0011040339137731048,0.00047800969501647335,-0.002520721992709939,0.020767730711101117,0.00722503416666665,-0.006071840996067186,0.18914231247790644,0.00011108723544786189,0.017594591212937136,,,-0.17221366101947,,
2022-07-03,,,-3.8982042905417855e-06,0.00010946768187087553,0.001154940020749039,0.0006439535821490827,0.000377816514150335,-0.0019298355582023216,0.004398859271790421,0.009165566666666649,-0.004675346697072203,-0.6055177781900789,-0.003729742980571188,0.013902414296094708,,,-0.17221366101947,,
2022-07-04,0.009999999999999787,0.0,-0.0028238468088349128,0.0016896645411491578,0.005144170888769425,0.0005186333877630375,0.0010882237034754833,0.00023375521649130116,0.08324771696091367,0.0087982283333333,0.0005680933510658811,-0.13972745737891842,0.003919187932455168,0.01540955496469262,,,-0.17221366101947,0.030612753748312294,
2022-07-05,0.0600000000000005,0.020000000000000018,-0.0007178312354848343,0.0010482495165869711,-0.00124642548581913,0.0014151844140757536,-0.0008822727329801972,-0.001841403637911773,-0.025259903461551575,0.00836134,-0.004479951552901566,0.3928416975683177,0.05928991430710557,0.03191252130340057,-0.04,0.009130590647727033,-0.17221366101947,0.0003631741459928506,0.0015829235665787422
2022-07-06,-0.1900000000000004,-0.020000000000000018,-0.0014609899052841911,-0.0011259200873403527,-9.477218522137047e-05,0.002009297836742252,-0.002069579338429269,0.0016416048023010588,0.04950428532076094,0.010586783333333299,0.003986587822650219,0.18391488610727766,-0.010138532877577246,0.029537183199963065,-0.04,0.0031511142903077882,-0.166021616852506,-0.029852963149681333,0.0035667473495824
2022-07-07,-0.2999999999999998,-0.04999999999999982,0.00021515734852802756,-0.004233822591658496,-0.002543666397482779,0.001727356549546755,-0.0014088298734872653,-0.0007074276449820597,0.09764993402052308,0.00929434166666665,-0.001713600434681354,-0.07555025656360227,0.032830620544724985,0.029909013248849228,0.02,-0.0022919194676171983,-0.166021616852506,-0.02461779309237544,0.014853713471199015
2022-07-08,-0.13999999999999968,-0.030000000000000027,0.0011034174406527584,-0.003757384754653288,0.0045680309314686815,0.0034584309573865444,-0.002922276962960325,0.0003471218820209986,-0.056204852222279174,0.00855912249999995,0.0008387459035514081,-0.03030800654336605,0.047178404062546815,0.027558161729789723,-0.009999999999999998,-0.0021167101922205944,-0.166021616852506,-0.05679759839313325,-0.0008305563153676587
2022-07-09,,,0.001844222119713246,-0.0001055852665507834,0.0010309941442489064,-0.0007679072006944944,0.00010396437322891435,-0.00029225427951092486,-0.007904344118491316,0.0051998225,-0.0007061966804133671,0.5688723006031362,0.0017803533460463259,0.027379215671705034,,,-0.166021616852506,,
2022-07-10,,,-0.0027046681448456337,0.0018348016629182052,0.004640499964976802,0.0015560220265945024,-0.00019031553230665688,0.001242353795580107,-0.03569793087704076,0.0054669191666667,0.002997986143678335,-0.5982405803554083,-0.012996835567730496,0.028831885739364647,,,-0.166021616852506,,
2022-07-11,0.08000000000000007,0.010000000000000009,-0.00010922774267727417,-0.001672885919110904,-0.00921624076201325,-0.0007550018699400907,0.0005296400324740331,0.00031939420575300033,-0.03825011138575926,0.00789412166666665,0.0007697033762401997,0.03829777379142224,-0.03724712036960727,0.035475081862723565,-0.05,0.0067642496228002,-0.166021616852506,0.06024257787673548,-0.011594429978107001
2022-07-12,-0.010000000000000675,0.010000000000000009,-0.0004054500306956376,0.0007650878593595438,0.0041591432027022245,0.0017051577605659855,-0.001679379016821567,0.00013761581460303298,-0.022291189667434822,0.0085546158333333,0.00033089970074416235,-0.07017233334217089,-0.052669816173459574,0.03559110805649754,0.009999999999999995,0.0012563335037132362,-0.166021616852506,0.041906618178192634,-0.009286899019016914
2022-07-13,0.040000000000000036,0.0,-0.0006579758971851549,-0.0035399347678818295,-0.008071016508335842,0.0028156404752661805,0.0007586103061878786,0.00289420750378428,0.05096651334318997,0.0006845008333332999,0.006939171312686137,0.018551220906033707,-0.04296351353894144,0.03850607839269755,-0.15,-0.0013698865460840537,-0.169419402200676,-0.017372456866714625,-0.004466859031662551
2022-07-14,0.0600000000000005,0.010000000000000009,0.0017158358141693498,0.0029713585209900912,0.009351679105419654,0.004870474091407955,-0.0007339684956580602,-0.001771737371393562,0.047250175373715446,0.0031867408333333003,-0.004239091226744643,0.32394401991489735,0.05560086410714704,0.04330663501510806,0.03,0.0062972826171776575,-0.169419402200676,-0.015783867701261833,-0.0030031001895842735
2022-07-15,-0.14000000000000057,-0.020000000000000018,-0.003262645367798737,-0.003111374648789288,0.0034450085116335756,-0.002764743031355921,-0.0030728518264179446,-0.004153814549976551,0.03856213847176205,0.0060730674999999994,-0.009978651712648709,-0.02814151784560593,0.04252648975270069,0.0423821519034738,-0.010000000000000009,-0.004732198181526925,-0.169419402200676,-0.08577247532383625,0.01901922349251528
2022-07-16,,,-0.0007451830123052687,-0.010045351710710975,0.005378907304954397,-0.01103506669746997,0.0003431903382403933,-0.000595076266673862,0.027496989529639245,0.00813602916666665,-0.001438226692838808,0.33758003969788414,0.023036327689844496,0.04381707773752749,,,-0.169419402200676,,
2022-07-17,,,0.0011489470491903497,0.0016061396793457207,0.009209022088580232,0.002538315345172956,0.0008832149618689376,-0.0013132533500831338,-0.022051909278334687,0.009067679166666651,-0.0031841270862353757,-0.03668969048647627,0.05623260711484007,0.048848342951177064,,,-0.169419402200676,,
2022-07-18,-0.13999999999999968,-0.030000000000000027,1.4587950257770798e-05,0.001155743178700241,0.021098551132583344,-0.0025515739196167184,0.0002974109699597694,0.0005724109404503928,0.06205075887526623,0.0053103883333333,0.001389532807989772,-0.2963261120758269,-0.012600198037340847,0.04598572166387712,0.010000000000000009,-0.0057161762667119476,-0.169419402200676,0.043212860905040174,-0.00839879072885985
2022-07-19,-0.15000000000000036,-0.010000000000000009,-3.264279386366119e-06,-0.00043430397447042507,0.006455247787683467,-0.00029071069207237284,-0.00010980298363669254,-0.0004156619586775717,0.02210103343686328,0.01080295416666665,-0.0010087203828650381,0.6277135987546072,0.11401983683680977,0.0510739097990316,-0.03,-0.002371414328446342,-0.169419402200676,-0.03213127818279293,0.02725355801980278
2022-07-20,-0.1999999999999993,-0.020000000000000018,0.0010397868273195816,-0.0007909581588384794,0.00714935032639747,0.007746893228700556,0.0011180017571824406,-0.0018823536079504038,-0.03215138561907041,0.0077443083333333,-0.004585976028681266,0.00015613957858805688,0.012230085757874947,0.04041552591425144,0.010000000000000009,0.0009613125511815923,-0.182793071620602,-0.02563182902628025,0.005878503718333761
2022-07-21,0.08999999999999986,0.0,-0.00039255670067432034,-0.0006823387034746372,0.0016566571144606482,0.0020320993497136737,0.0009201097908972248,-0.0015941215589300043,0.026262810863768395,0.0119243433333333,-0.0039038691685627552,-0.3084498157124707,-0.006104759881588004,0.043461770440311215,0.01999999999999999,0.0024724771447628413,-0.182793071620602,-0.03277586423811174,0.009813054238449581
2022-07-22,-0.03000000000000025,0.0,0.0008984337827538136,0.004125822288312553,-0.0014396151485250046,0.0030251479526791766,0.00047291480948804913,0.0010199265652210481,-0.02329281846657499,0.011091365833333299,0.0025006503712908324,0.2792131571162775,0.012516625073899196,0.0438168188230011,-0.01999999999999999,-0.0036861036983824036,-0.182793071620602,-0.0034677104536955383,-0.009376269923423663
2022-07-23,,,-0.0014843507815433309,-0.0020668292982368667,0.006550373791019844,-0.02978865356437928,0.0010734414671198446,0.003111869260165505,-0.0067356287034231665,0.0079815558333333,0.00759936808541039,-0.3473181401661254,-0.023070876750860843,0.0480334195690982,,,-0.182793071620602,,
2022-07-24,,,0.0013332115247148538,0.004425447119741713,0.008294111902518699,0.002879178226772845,6.56222917487198e-05,-0.0010390799794239517,0.03947118967589216,0.0099633783333333,-0.002531244019697412,-0.01672571412916119,0.0010818238290469552,0.04593872928692656,,,-0.182793071620602,,
2022-07-25,-0.009999999999999787,0.020000000000000018,0.0010186592544432229,0.0005584758342514309,0.0006939197750638878,0.001328856966452273,-0.0006798320788742116,0.002322772238746403,-0.12002883509575712,0.0064705808333333,0.005645724157435324,-0.15516965998036072,0.0178300045969964,0.044415431836913856,0.01999999999999999,6.859651532398203e-05,-0.182793071620602,0.014227444127432154,0.0013142512363462089
2022-07-26,0.10999999999999943,0.020000000000000018,0.0015138617061676417,0.0004570426160684005,-0.004709283017498404,-0.0032590225238575228,0.0003314504873912694,-0.0008008694517081412,0.027389201558563645,0.0022320599999999997,-0.0019436377005810077,0.24025944334462568,-0.07864529752975093,0.03364476295802521,-0.01999999999999999,0.0024362057988067676,-0.182793071620602,0.05537314539706184,-0.011610332895749309
2022-07-27,0.010000000000000675,-0.010000000000000009,-0.0024148055299954402,-0.0007155941032051379,0.00032300697873340354,0.004355244864743072,0.0002797824149834952,-0.0016634548907177602,0.15629579307802444,0.0049462391666667,-0.004050302512991997,0.13710965541484302,-0.006202390771308021,0.032388969990994054,0.03,0.0004788761162473065,-0.201765913294151,-0.06052337137337771,0.025820034533563074
2022-07-28,-0.08999999999999986,-0.010000000000000009,-0.00016178474675579825,-0.001161657754214867,0.0054728803523905935,0.001030748085925403,0.0008287059150978349,-0.001703855124198377,0.003966438803033919,0.01594244416666665,-0.004169210541819097,0.07497861933976027,0.10236966730952742,0.054183996948039166,0.009999999999999981,-0.00572239683795317,-0.201765913294151,-0.0399438661316438,0.012060363275690378
2022-07-29,-0.21000000000000085,-0.030000000000000027,-0.0006487190040783963,-0.005361444247995619,0.006328702476610658,-0.0014340627824163679,-0.00033415177764878064,0.0015582724522792413,-0.003425278409441841,0.0128537358333333,0.0038123869138551674,0.07268432539735585,0.04531928577955084,0.05644516581869633,-0.04999999999999999,-0.0028562790474939703,-0.201765913294151,-0.0458165333688072,0.01410774953829197
2022-07-30,,,0.002547103735627005,-0.0005705312030088805,0.00959669062857664,-0.005575924120292085,-0.0009450565375496737,-0.0010565397230489306,-0.028307485033761494,0.00673103916666665,-0.002580843620741239,-0.2790008716755853,0.0050098762652223605,0.05481136644801748,,,-0.201765913294151,,
2022-07-31,0.0600000000000005,0.020000000000000018,-0.0009918036101625024,-0.005315910367434271,-0.004797285599922642,-0.0030322009906001324,-0.00043177351859913357,0.0015178142629793685,-0.019633945084520845,0.00704558749999995,0.003703931701918685,0.1939231226901693,-0.016386322627025843,0.05580097208998718,,,-0.201765913294151,,
2022-08-01,-0.03000000000000025,-0.010000000000000009,-0.001936618399954713,-0.0001895563675338462,-0.006516939367831549,-0.0007626103586723639,-0.0009197127584057467,0.003170249330018355,-0.025962835020694876,0.0047681108333333,0.007685362541120217,-0.5356261986302078,-0.01019312845690358,0.05614135903308668,-0.07999999999999999,-0.0029352920815215455,-0.201765913294151,0.06839885230455023,-0.002827038634318768
2022-08-02,-0.1899999999999995,-0.010000000000000009,0.00039775047083882175,-0.0020676923312019035,0.002303715635705784,0.0007653113756041916,-0.00026183788283854604,8.27835559541617e-05,-0.0208292658566045,0.0065174658333333,0.0001998435426723391,0.294875062707243,-0.014846055929481447,0.04399364179041283,-0.010000000000000009,0.004418984054379571,-0.201765913294151,0.04661951713247259,-0.006684702509966556
2022-08-03,-0.07000000000000028,-0.010000000000000009,0.0007481827221483226,0.0006931814572373766,-0.006504185718097397,0.0031100300543960343,0.00789492618994011,1.304930183426476e-05,0.02072162288085404,0.007011675,3.1747662384401173e-05,-0.0950238873100628,-0.00531328345751853,0.04392341871419,-0.06,0.0036032181423415466,-0.219844039064335,-0.08636576239910188,0.015517460750034573
2022-08-04,0.009999999999999787,0.0,0.0015502325382309693,-0.00014702106867748118,0.004383879178814513,0.006969688955476565,-0.0005045334356498031,-0.0030097284555769153,-0.015973703720911597,0.00572686333333335,-0.007345474478187841,0.04159181563126853,-0.009439466739245188,0.021541434626078586,0.020000000000000018,-0.004549145699697554,-0.219844039064335,-0.023508803318578853,-0.0007776471390830153
2022-08-05,-0.10999999999999943,-0.010000000000000009,-0.002499045184910426,-0.004227518011584803,0.004054156567794249,-0.0007109751423789351,0.0012326497784622456,0.0016873049027581757,0.04770650089976387,0.00960621166666665,0.00412971804718339,-0.4113537226924799,-0.006757027039595788,0.0070895636266378285,-0.06,0.003995019941473998,-0.219844039064335,-0.013618430710314655,-0.0016270689959387852
2022-08-06,,,0.00034692808198647824,0.0023118022147066647,0.006459331998632872,0.0028244131788499258,0.0003023154248544463,-0.001334116680637028,0.004562074042306514,0.010452662500000001,-0.003264857684012099,0.17161766362315217,0.04576643900198351,0.021634331466234558,,,-0.219844039064335,,
2022-08-07,,,0.0004366713688016828,0.0001840199180126919,0.00686633390444672,0.002527616699075723,-0.0005618731940034257,0.0006376671283637099,-0.0002056077356597198,0.006019114999999999,0.0015609557738744638,-0.5559086891697737,-0.014589435614272199,0.021451336454604498,,,-0.219844039064335,,
2022-08-08,-0.03000000000000025,0.0,-0.0005335056298686085,-0.0005415113131912888,-0.01053870033413685,-5.8551117365194034e-06,-9.550224886194339e-05,-0.001081576767970026,0.07638817478394326,0.0121641483333333,-0.002648796424523954,-0.07614092843289953,0.006295891935569384,0.02133180672572625,-0.030000000000000027,-0.0036257309908345192,-0.219844039064335,0.006597573413101188,-0.001238345410353503
2022-08-09,0.04999999999999982,0.010000000000000009,0.01038234903500787,-0.0010533068227044828,0.004261589099760334,0.0031843812403689383,-0.0008926545001219176,-0.0010362989841940168,-0.04061346448926862,0.0034009541666667,-0.0025422359583747796,0.5994875203767063,0.03539145031547143,0.02375516628881217,-0.03999999999999998,-0.00013867252669186314,-0.219844039064335,0.02229539634106814,-0.004257782198347826
2022-08-10,-0.1299999999999999,-0.030000000000000027,0.0008329020412117843,-0.0009120257194622474,0.004011001323124964,0.004674098412817906,0.0002650426567656455,0.004345530873711577,0.04184621114961207,0.00492858916666665,0.010620200099133212,0.22069894920674632,-0.035272335953843645,0.02861559821890281,0.02999999999999997,-0.00912643068314356,-0.233007980801655,-0.09788584124112054,0.021067154907855823
2022-08-11,-0.1200000000000001,-0.050000000000000044,0.0027029165865106734,-0.004094617223258755,0.006862112279404998,0.0022368769801921796,-0.001840100465496423,-0.0009331111626923962,0.016337965422270926,0.0114835308333333,-0.0022667943845329124,-0.001983107640788798,0.05916451720160151,0.03471963128360263,0.09000000000000002,-0.00031473811150206643,-0.233007980801655,0.02303557040182369,-0.0007056718966165221
2022-08-12,0.040000000000000036,-0.010000000000000009,-0.00031616234358652017,-0.001915483459816602,-0.015141056950900834,0.0009675467953170476,-0.001294910023805185,-0.00028029859590623566,0.03454097920837649,0.0048792433333333,-0.000681047641944929,0.033101016735748265,0.007643545329550177,0.03377760491566399,-0.04999999999999999,0.00249613031042184,-0.233007980801655,-0.03373085951857169,0.017174074409835427
2022-08-13,,,0.0034466151783510675,0.0015684073986466666,-0.02607633161369933,0.006465500394961798,-9.626956282955958e-05,-0.0008356183033338123,0.016752276659123353,0.007013405,-0.0020328810236604,-0.3058616871535763,0.029852756623880886,0.031834689004009896,,,-0.233007980801655,,
2022-08-14,,,0.004500750987587233,-0.00028244720324650563,0.0024759514549085285,-0.0007947967536764665,-0.0016051582544402158,0.0026833539722341425,-0.04967057999429755,0.0024844591666666497,0.006502996326542737,-0.10219032394091683,0.006311585285679619,0.02976811921485963,,,-0.233007980801655,,
2022-08-15,-0.009999999999999787,-0.010000000000000009,0.0008192197044485449,-0.005386766251017201,-0.006075457129085796,-0.0006580552999160416,-0.0009081543248823482,0.0013266698666316117,-0.024795801112921716,-0.0014995233333333002,0.003196673824148144,-0.10211997154912089,-0.014148606274271919,0.0317716916060555,0.0,0.003411022921683049,-0.233007980801655,0.021277398447284934,0.0039616294239337435
2022-08-16,0.009999999999999787,-0.010000000000000009,0.003876389780076809,-0.0005889821487068988,-0.0001235623648856448,0.006044580266325241,-7.684054039830075e-06,-0.004289498262881345,-0.010264371341961209,0.002840155,-0.010372779083130494,0.4354155676998291,-0.010146124450806693,0.03100539055273655,-0.020000000000000018,0.00205008294342246,-0.233007980801655,-0.013118250684838184,0.001873909275516894
2022-08-17,0.08000000000000007,0.020000000000000018,-0.0003636603624085699,-0.0004310110719818061,-0.0035944187722621343,0.006337777907360255,-0.0030526701435845184,0.025843736521370547,0.010232022412649219,0.00226196666666665,0.06074562846648539,-0.27679023693353993,-0.012829521175566076,0.026889232613460868,0.03999999999999998,0.0032032611354715357,-0.240432262528399,0.010608839079412569,-0.007264078640478289
2022-08-18,0.040000000000000036,0.0,0.00048669575883120093,-0.006942014928646996,-0.005719519854615056,-0.024276672937557284,-0.003554137713534757,-0.003308045079156609,-0.0003919189125922473,0.00046135416666665,-0.007545727733734922,0.20212506971124386,-0.024038474314057583,0.0182208284149449,0.04999999999999999,0.002385923209726748,-0.240432262528399,-0.01723306712377548,0.002266944033161522
2022-08-19,0.08000000000000007,0.010000000000000009,-0.0009154566482647659,-0.005893255648084287,-0.007365184399081965,0.002754248808197104,-0.003292696656313741,-0.0024113870600258585,-0.15238438633830684,-0.004391185,-0.0055182825146743554,-0.35680831140073455,0.0017656243713738496,0.01780731892908362,0.07,0.00560200444060488,-0.240432262528399,0.05180441118886403,-0.01298386938135998
2022-08-20,,,0.00021289718982685425,-0.006775881150713477,-0.007338056656264832,0.014173161145056824,-0.0006104793862575133,-0.000919040541885762,0.0022383724479683774,-0.01555378166666665,-0.002109907704046411,0.5432161307823471,-0.1190108904824079,0.04285847367407796,,,-0.240432262528399,,
2022-08-21,,,0.0003369156027440418,-0.0016236937594144752,-0.008681952570778412,0.00028599224155263726,-0.003740236606150656,-0.0010652692007522893,0.015326100708752299,-0.01007685166666665,-0.0024420368295769114,-0.36328377859592925,-0.006786216573724216,0.04155072712972663,,,-0.240432262528399,,
2022-08-22,0.16999999999999993,0.020000000000000018,0.0010845246675109876,0.004215951821844653,-0.004269224681063297,-0.10032399615629634,-0.0020843735935019017,0.0012201333575530989,0.0235678997065161,-0.00127934333333335,0.0027907385698324803,-0.14889512387520237,0.024260066765577334,0.0457688079431217,-0.019999999999999962,0.0044994077653131015,-0.240432262528399,0.14439450488189376,-0.021632427725286618
2022-08-23,0.05999999999999961,0.010000000000000009,-0.0036988633230176254,-0.006082689295588,-0.005541938001693491,-0.023641546295662275,0.00090508514518023,-0.0022888060567665793,0.010609099164361022,0.0018954025,-0.005246223230956974,0.2725094434195961,-0.0058699615795588436,0.045965457834044494,0.04999999999999999,-0.004462025316855467,-0.240432262528399,0.012941111515650583,-0.00224030906405126
2022-08-24,-0.0699999999999994,-0.020000000000000018,0.002009177753048597,-0.0002768305969549069,-0.00201992251579141,0.006650430058732843,-0.0006968651732897699,0.0002798607563573185,0.0012164693881743008,-0.0017323975,0.0006425061751298633,0.021907003961081712,0.017293326430324517,0.04814610876911946,-0.010000000000000009,0.0004411698465753844,-0.238095558210793,-0.05498934775915032,0.002911907251338164
2022-08-25,-0.010000000000000675,-0.010000000000000009,0.0009852352542987963,-0.001504935645759372,-0.0003051317947274106,0.0005241181212463846,-0.0008112469375385588,-0.0013965816882827776,0.026526409968708,-0.0017151975,-0.003207791939608736,-0.09782327495833666,-0.006293906034288426,0.04812285697086062,-0.07,-0.0004094771261877739,-0.238095558210793,-0.04664522692911488,0.013993218645289573
2022-08-26,0.05000000000000071,0.0,-0.0008055365111255068,-0.001635879556653517,0.0017318382301920302,0.0007657373686751186,0.0007454039667118171,0.000944516731342649,-0.06574278275695053,-0.0044554,0.0021721919867530755,-0.061227170352991134,0.01688389769018679,0.04924929707301252,-0.010000000000000009,5.688185072294516e-05,-0.238095558210793,0.16003651200451952,-0.03426852674898484
2022-08-27,,,-6.19228201697643e-05,0.0011543714139986183,-0.0007629157442191365,0.0009692471841586223,9.007745061380088e-05,0.0006744738224157042,0.013108089067198197,-0.0176219875,0.0015484061757510231,0.38114367156607415,-0.09049597694624908,0.03896712508869071,,,-0.238095558210793,,
2022-08-28,,,-0.0016600784473331527,-0.001186171643101255,-0.00653727460910807,-0.0022025750279856134,-0.00020692835804215413,-0.0011021502059728654,-0.014901449315864871,-0.01581628166666665,-0.002530952527438695,-0.37537617383207184,-0.00969315732349376,0.03897638780841717,,,-0.238095558210793,,
2022-08-29,0.1299999999999999,0.020000000000000018,0.003947882220898445,0.0027364339155738983,0.0012789981334594082,0.0022838339776191786,0.0008466395371116612,0.001804434751930498,0.0484941670272132,-0.010055518333333301,0.004143827426381262,-0.27342030428787306,-0.029867681871520422,0.03689201670828337,0.030000000000000027,0.0032693261945420105,-0.238095558210793,0.02511238782598113,-0.006688723509263639
2022-08-30,0.1200000000000001,0.010000000000000009,-0.002849764861045929,0.0002017997661821919,0.0006866029068864978,-0.0016437258748832314,0.001458211691960907,-0.0007460747582065356,-0.01904439850754882,-0.00733376416666665,-0.00171375483078129,0.3988321984657855,0.055163272637982014,0.04569203768714272,-0.04999999999999999,0.0017495211892359919,-0.238095558210793,0.0,-0.01108936779165326
2022-08-31,0.1299999999999999,0.030000000000000027,-0.0006805985304749062,0.00029096969284367845,0.00016454185931904085,-0.022211866544311388,-6.75167370412982e-05,-0.00020832572736001272,-0.03179264698933333,-0.0017267458333333,-0.00047902274424308785,0.10042700486784685,-0.022219044315734626,0.04466067997958816,0.04999999999999999,-0.00121187719052962,-0.225647032099882,-0.0130570211373775,-0.007847760257099878
2022-09-01,0.04999999999999982,0.020000000000000018,0.0008998424890925486,3.0615698674284474e-05,0.005152177422762197,0.005015725718723149,-0.0018467647838480226,0.000462861129235417,0.030852073792927898,-0.00079081916666665,0.0010620263312798412,-0.07452717555175799,0.014303754667002736,0.045791233737901456,0.04999999999999999,0.006982486717248548,-0.225647032099882,-0.01205536668860363,0.002991727649110487
2022-09-02,-0.020000000000000462,0.0,-0.00020371897833924304,-0.005288460119758943,0.0036860237203864827,0.0022835108091575442,-0.000940863824751698,-0.0003679379746368187,-0.0162601117307177,0.0038954733333333,-0.0008433407696996813,-0.13171339703726911,0.014838857519852653,0.045601591720137634,0.04999999999999999,-0.0050472576362246,-0.225647032099882,-0.003527340517968547,-0.010794530441165406
2022-09-03,,,0.00034141202874826535,-0.004125567607952378,-0.0007145519170731504,-0.020810963338376332,0.00025951006037306133,0.0003060422692867141,0.037725563158215375,-0.00491696499999995,0.000701703043405412,-0.018786096697533113,-0.009663074298656208,0.0289172266409515,,,-0.225647032099882,,
2022-09-04,,,0.00047454416483613403,0.0014876996633839629,0.0006479760159614811,0.003517110176664278,-0.0005439529848480542,-0.0024898488948178923,-0.0008110789810868425,-0.0043260774999999505,-0.005720023767498583,-0.3356743249702858,-0.009420892062915158,0.028899309940349772,,,-0.225647032099882,,
2022-09-05,0.010000000000000675,0.010000000000000009,-0.0010287323624875418,-0.0011544591088890413,-0.013794555997072378,-0.0023400681175244926,-0.00020578359023580095,0.0015917340945026082,0.0165461849485029,-0.003113465,0.003659769374246753,0.02820824509327408,0.011582942283895638,0.025338033558105714,,,-0.225647032099882,0.020210559662033223,
2022-09-06,-0.08999999999999986,0.0,-0.0013259586931453583,-0.00038860893562050986,-0.0058691720222369195,-0.001305203770639436,-0.001499653480830265,0.001240780654878747,-0.04411339754720813,-0.0025034575,0.0028393292559892257,0.18515684792219428,0.007310006205111321,0.014615794291954337,0.03,0.007988252084110137,-0.225647032099882,0.03478611608541593,-0.0041034472098147035
2022-09-07,-0.010000000000000675,0.0,0.0013366028508692762,-0.0054388341247251625,-0.0019327228739001074,0.005922961248477474,0.0011113060753066859,-0.000524987898594586,0.0031720542817959044,-0.015819375833333302,-0.0012017031072977255,0.5426368658302331,-0.04074566897611165,0.020144710341590755,-0.009999999999999981,0.0005913276920868071,-0.204861243621865,-0.08812682607349576,0.01817480422855766
2022-09-08,-0.16999999999999993,-0.020000000000000018,-3.5230472097181145e-05,0.0030514779830950853,-0.00017796854158645166,0.0010842384521942265,4.8629089000459304e-05,0.00186656794687863,0.014927728529767155,-0.0030680733333333502,0.004266257373043453,-0.21418912649676194,0.03149418458983185,0.023230202172118374,-0.010000000000000009,-0.0021072998286539857,-0.204861243621865,-0.042700787567897525,0.006589013388980547
2022-09-09,-0.22999999999999954,-0.020000000000000018,0.0001954718860697256,-0.0005635596639808534,0.0016861788995921518,-0.006138450056066571,0.0004933081433132478,-0.0022225827292978342,0.09073621495126878,-0.0021464599999999998,-0.005084555323118549,-0.07321347829916021,0.0029441345513263857,0.022451642119277262,-0.04000000000000001,-0.006366447744805548,-0.204861243621865,-0.03534850783982835,0.015155971507018862
2022-09-10,,,-6.164018388437727e-05,0.00047422576733588314,-0.0005233287454613101,0.0021137464002523904,-0.00013100003413077396,-0.003556878379894449,0.026387040392440546,-0.0037530124999999998,-0.008190095628419325,0.30541720467928457,0.07431324816195445,0.03559500502153167,,,-0.204861243621865,,
2022-09-11,,,0.0008469297894657915,-0.0009303240901892433,0.0029873400584564426,0.0031079715988382253,-0.0006068126253275917,-0.0025522119908264725,0.009972061012972476,-0.0098134066666667,-0.005914752493108681,-0.24480892480879385,0.025935940318168222,0.034700338580711684,,,-0.204861243621865,,
2022-09-12,-0.07000000000000028,-0.010000000000000009,7.395608512208532e-05,-0.0016805843725692605,0.0018956233111138536,8.961673337607323e-05,-0.001289012789747831,-0.005632595660449946,0.005783283544787831,-0.012622493333333349,-0.013161593417924918,-0.12055756630406272,-0.00439442058285928,0.035563196637721985,0.020000000000000018,-0.003675942122590925,-0.204861243621865,0.0463005970931456,0.01052863988146946
2022-09-13,0.17999999999999972,0.0,0.0007238450585899758,-0.002606515800353405,-0.00210689912073938,0.002004854202248219,-0.0006068452272134802,-0.00494360584771602,-0.15196776289133093,-0.0232171825,-0.011688992514829381,0.346965979150579,-0.001126711732974163,0.03596198140037932,-0.12000000000000002,0.008807059259403616,-0.204861243621865,0.1331647565067584,-0.04419911011958355
2022-09-14,0.0600000000000005,0.0,0.003926030419144069,-0.0011048580449273342,-0.0044388743970246,0.0031273454353545867,-0.0033383585629239284,-0.0070048064777378455,0.02139103116892475,-0.09761835749999995,-0.016743684450209937,0.12365115344664912,-0.09245013365310513,0.05094230047762253,-0.03999999999999998,0.00021456545956155537,-0.17917598744897,-0.041555670268499156,0.003381271704881783
2022-09-15,0.02999999999999936,-0.010000000000000009,-0.0009122525470670425,-0.013384270084445468,-0.0034373960740477862,0.00014016990799031953,0.006028573276942588,-0.0015414534786330368,-0.04607885190004766,-0.10152881416666665,-0.0037450479149068326,-0.26081591588499414,0.021131002832438517,0.050197467929247584,-0.04999999999999999,0.0034764480626465755,-0.17917598744897,0.004196077108450602,-0.011382294724738173
2022-09-16,0.23000000000000043,0.030000000000000027,0.00023870927872948083,-0.006663781182829543,-0.001233128189442561,0.0013802132638882055,-0.0009349318034383878,0.028919218350186453,0.002510828735924927,-0.00727024749999995,0.06796403676789524,0.09904454183480332,-0.06648235262401134,0.05680979409956036,0.019999999999999962,-3.9237086899568396e-05,-0.17917598744897,0.0011413354862703784,-0.0072080449142468694
2022-09-17,,,0.0013770058056082853,-0.0008172132446354152,0.0027048786423312598,0.0037178236058548406,-0.00016502573758439765,-0.0001391255105375607,0.034923030146386855,-0.0018922691666666501,-0.000316097990091184,-0.1962142084456723,-0.012122413471474454,0.044455164158474524,,,-0.17917598744897,,
2022-09-18,,,-0.0008126466895297481,-0.0009163015081589774,-0.0008235181921191226,0.0010037971955566066,0.00020180580189056046,0.0004767458728781652,-0.03858402383965011,-0.0025753383333333,0.001082986396601025,-0.35525369148060143,0.022634925219700505,0.043919497870731135,,,-0.17917598744897,,
2022-09-19,-0.1200000000000001,-0.010000000000000009,0.0017348588216099141,-0.0005816171993480506,0.007078132704650263,0.0005014993921636313,-0.0010975606508335449,0.003919186655228374,-0.0233084455692521,-0.0093555233333333,0.008849061835711406,0.25252101284274786,-0.06580962558461667,0.046575836927933455,-0.06,0.0010484622581659053,-0.17917598744897,-0.02074603794756591,0.006833745439536187
2022-09-20,0.0,0.0,-0.0015837420955632107,-0.0052213767525588735,-0.007921541390012537,0.003603165015439285,0.0028889292571271773,0.0002437657682845221,-0.021109628034741562,-0.00074773083333335,0.0005494006990857057,0.2775526804142304,0.019643643192981262,0.04914507988415048,0.07,0.000914705391135584,-0.17917598744897,0.05292240145434235,-0.011336124553071869
2022-09-21,-0.009999999999999787,0.0,0.0010155212070908218,0.0037044384428243115,0.006872220516648787,0.007863025151685077,-0.0018183887051302758,0.00250494285079675,-0.02563377782012494,0.0014691,0.005618039484301012,-0.18704019856745566,-0.03883630687176508,0.04020583313599419,-0.12,0.004903848430218183,-0.151540441425064,0.03010200083686687,-0.01726467378977503
2022-09-22,0.040000000000000036,0.010000000000000009,-1.6164149984051766e-06,-0.004164376268189735,-0.0001906216675994631,0.003476172382471639,-3.283992760568715e-05,0.0014803198399239298,0.05219508486319456,-0.0088123808333333,0.0033051486019352763,0.23022658446965,-0.03654966896062248,0.03682868917420884,0.10000000000000003,0.0033885607474246626,-0.151540441425064,-0.023130774659371856,-0.00846330926893124
2022-09-23,0.20999999999999996,0.030000000000000027,-0.0015131433497844048,-0.0013878505710653683,0.007140335129160503,-0.0012474119163560378,-0.0017331026867736846,-0.0033679203956460914,-0.0025888847697093384,0.0009049358333333501,-0.007522453668039074,-0.0803180655652543,0.054543202717444346,0.04230680638890824,-0.10000000000000003,0.008826975230126877,-0.151540441425064,0.08981062423828634,-0.01738282607756858
2022-09-24,,,0.0017822189255050829,-0.00046443087456609044,0.008958432601503117,-0.03225851098289976,0.0008488768586954457,0.001137824072502488,0.0015482133608326586,0.002870055,0.0025498942390140516,-0.03827804272167158,-0.0049126508820921365,0.042279484879896675,,,-0.151540441425064,,
2022-09-25,,,-0.0007392317973857867,-0.0018299806289010661,-0.005331309067340768,0.0015964892372429362,-0.0009446435563585426,-0.002151013330158054,-0.0014389464255652913,-0.00304635166666665,-0.004821396472081619,-0.3916711663730142,-0.013533692886153432,0.04020768512474045,,,-0.151540441425064,,
2022-09-26,0.05999999999999961,0.030000000000000027,0.0010444305833955925,-0.002046798611293798,-0.0008342312839172996,0.0007517815424023688,-0.00300087510389882,3.5591515521139305e-05,0.04443830786109551,0.00049682333333335,7.972655942074295e-05,-0.11272646238748106,-0.01265588195486051,0.03271947204015338,0.12,0.009139061463261378,-0.151540441425064,0.07530091959078611,-0.010394376865969335
2022-09-27,0.040000000000000036,0.040000000000000036,-0.0017225975243866996,-0.009061890886156035,-0.003863903914701547,-0.04285008029101061,-0.0010941410423205564,0.0016529451127782137,-0.005930512959871615,0.0044594316666666505,0.0036916507203897733,0.5896239185525984,0.02640286867856834,0.03364143214493146,0.06,-0.00011911597277514119,-0.151540441425064,0.010484215675599096,-0.0021226109775351887
2022-09-28,0.25,0.08999999999999986,0.0007564746757657259,-0.0006286013904238002,-0.001239764934676655,0.0039753879183029505,-0.0045842299243876675,-0.0012720278146108144,0.026598502477746963,-0.0027446841666667,-0.002826702835428369,0.17903097813267702,-0.0041864753673413295,0.029947436206843554,-0.019999999999999962,-0.0027303185828486676,-0.126393141015315,-0.07713283503295898,0.01948114438777715
2022-09-29,0.03000000000000025,0.010000000000000009,0.000548649799461582,-0.00554543834205141,-0.006593349187213409,-0.14890055728835394,-0.0024625209274810912,-0.007376813367479487,-0.01213977613268361,0.0049959875,-0.016511147444985583,-0.07664067344686808,0.011839754057655597,0.024916430094798055,-0.050000000000000044,-0.004261599575078989,-0.126393141015315,0.053543907636479204,-0.021352776272161478
2022-09-30,-0.07000000000000028,-0.010000000000000009,-8.778005667961373e-06,-0.008392415744171449,0.0027600139578376035,-0.00033875868907708346,-0.0019627475447662472,-0.00279859840692156,-0.016226348362439216,-0.00032550083333335,-0.006323526280451872,-0.2605203807126788,0.0014489690754463888,0.014268930807519325,0.010000000000000009,-0.0002266146795628643,-0.126393141015315,-0.006933529194856014,-0.01518139227639459
2022-10-01,,,0.0001988448910943156,-0.02502056424881509,-0.0022176158604169855,0.006775698221293868,-6.830583368227364e-05,0.0001113398051270848,0.02266563050065998,-0.0016764075,0.0002523240254147411,0.006576145003866492,-0.004698322714462586,0.014255281100170901,,,-0.126393141015315,,
2022-10-02,,,-0.000694793361477364,-0.002127013703148732,-0.0012845856009777747,0.0007294329747080644,0.0004921162685932272,0.0003563286575661645,0.003168812862456587,-0.00159135,0.0008074998944348587,-0.8616322583489203,-0.010960944655092366,0.013855926172008624,,,-0.126393141015315,,
2022-10-03,0.0,-0.020000000000000018,-0.001948506033194194,0.0044835916069049225,-0.006964892888097011,0.0016315590025615687,-0.0015582555222279405,0.000869412443534329,0.040963985729428366,-0.0019239891666666497,0.0019644403919525447,0.13734206776720626,-0.01938192915810488,0.015136943295470249,-0.06,-0.0034053971677634465,-0.126393141015315,-0.0492646600264961,0.02555462879740844
2022-10-04,-0.3099999999999996,-0.04999999999999982,0.001511203928572813,-0.006375607696586738,-0.005059458925375264,-0.0014751331892378973,0.00011347992671609708,0.0002749770586763798,0.11077054476383404,0.0026337283333333,0.0006205795817024287,0.3845863345034535,0.03188986916673353,0.016780873418576335,-0.02999999999999997,-0.007102522442355763,-0.126393141015315,-0.034818457184045304,0.030125340865302164
2022-10-05,-0.03000000000000025,0.010000000000000009,0.0028065015865584905,-0.007674859741671708,0.0032478751939724565,0.0064223748608662435,-0.000497225520062039,0.004072368277659308,-0.03523537054058616,0.0013809274999999998,0.009141360582379066,0.11162142411503384,0.032927881353733854,0.02039778866039547,0.08999999999999997,0.005372211771613067,-0.107572251280451,-0.01804977846876543,-0.0020200133350627425
2022-10-06,-0.13999999999999968,-0.030000000000000027,0.0015108832466088871,-0.007619651474361392,-0.0018806508550614012,0.000851712268211777,0.0001740237685734319,-0.006360602648028012,-0.0008205375646427299,0.00149042916666665,-0.014317242100483315,-0.04374809332187356,-0.008453487535017928,0.020890847319746095,-0.010000000000000009,0.0030514259784153452,-0.107572251280451,0.06672527031423714,-0.010297920383575132
2022-10-07,0.0699999999999994,0.020000000000000018,-0.0001366461250439804,-0.004826538748989025,-0.00027957948080352017,0.0028127426679896424,0.000920506116459795,0.0007985626849294266,-0.026227112998972905,0.0013726591666666501,0.0018104617315150325,0.10373288022941253,-0.005733513463695629,0.02116876752014422,-0.009999999999999953,0.0004855429298054048,-0.107572251280451,0.027150989065950704,-0.02840316716749136
2022-10-08,,,0.0017545616271264011,0.0004749830580656135,-0.0017191813799198334,0.0025456708020080965,-0.0002173897409918661,-0.0009376739793008125,-0.003495744202507194,0.0003769758333333501,-0.002125720814631033,-0.19492998738234676,-0.022393562724766527,0.023101888358456918,,,-0.107572251280451,,
2022-10-09,,,0.00036033002698053777,-0.0033810170487395892,-0.001490131193238296,0.0015840478595476072,-0.00010018931957432861,-0.00040336826389847255,0.014181793551520522,-0.0026398924999999998,-0.0009157419018526781,-0.6559676601967097,-0.004432297347963224,0.022728562021079302,,,-0.107572251280451,,
2022-10-10,0.010000000000000675,0.0,-0.0011172216111272992,-0.0017456346546587456,-0.0022351412607797376,-0.000204906187818147,-0.0006625851159417961,-0.0018843856486708871,0.023266642580772805,0.0008885908333333,-0.004286301180545927,0.06574412774370397,0.003205235185288107,0.020947208333621795,,,-0.107572251280451,0.03416724766789203,-0.00752066754461822
2022-10-11,0.21999999999999975,0.06999999999999984,0.002299095188468844,-0.0001515588622987991,-0.002803935550377332,0.0029987542652250786,-0.0007757652412074058,0.004057774359727769,0.016071886834463322,0.00010265166666664988,0.009200165662553618,0.4888571189292357,-0.019850069266143237,0.018378562923685882,0.03999999999999998,0.0027688985088083484,-0.107572251280451,0.03571808260207909,-0.006540572639369913
2022-10-12,0.05999999999999961,0.040000000000000036,-0.0005400982998320449,-0.00041496272050489745,-0.005861210720439557,0.003566704367027075,-0.0006422972078583336,-0.004952624606746261,-0.029093693885319356,0.00094663249999995,-0.011233237551634204,0.06751095740553141,-0.006556354576597376,0.008978424625868744,0.0,0.003784030453029885,-0.100312885443965,-0.0017857147602344803,-0.0032961833504643323
2022-10-13,-0.05999999999999961,0.0,7.049340131205358e-05,-0.00173412044624662,-0.006917070682587754,0.005336843523604481,-0.0024847723431018526,0.005929773515034919,0.009480148140483221,-0.00299228249999995,0.013401601325253247,-0.11283812463443653,0.008060128978288197,0.011114502554197244,-0.13,-0.003278925950267464,-0.100312885443965,-0.049773668205077115,0.025634291446896995
2022-10-14,-0.09999999999999964,-0.010000000000000009,0.0003023889474686855,-0.0078662083290773,-0.025696089875589467,0.004380377386533644,-0.002001500509609778,-0.00232134462189799,-0.026086000193390965,0.00522845499999995,-0.005214515012185278,0.5658961458818038,0.0036269671069875087,0.011807687539806613,0.020000000000000018,0.004716851717539328,-0.100312885443965,0.002501564781701937,-0.023947163771952162
2022-10-15,,,-0.0009421589285599496,-0.012321796928109743,-0.0035785702269960115,-0.04975489453832691,-0.000143064803475462,-0.0009171769086959061,-0.0004857571226480258,0.0003403841666666501,-0.002067506901798243,-0.12056332363954396,-0.0011568241059965794,0.009170605920551857,,,-0.100312885443965,,
2022-10-16,,,-9.903464611975473e-06,0.0013886284177212983,-0.0010189476631088698,0.0006460300931201264,2.5578957333565023e-05,-1.8773291292976011e-06,-0.0047123086512304265,-0.00182881166666665,-4.236384146901315e-06,-0.9052180380563073,-0.011798490948899235,0.00983541035353286,,,-0.100312885443965,,
2022-10-17,-0.11000000000000032,0.0,0.0008214007445289538,-0.00016660843929267735,0.0011592660725977223,0.008581075947542652,-0.0008938320998995541,4.098597331718822e-05,0.06029593462917432,0.0022920974999999497,9.24023117775189e-05,0.1547774581780408,0.01731981330964718,0.012518870219017887,0.04999999999999999,-0.0053731456229177965,-0.100312885443965,-0.020508685365981716,0.026135556911906832
2022-10-18,-0.08999999999999986,-0.010000000000000009,-0.00041649048530653687,-0.005589156219797709,-0.0034855134848235576,0.004328534294167048,-0.0004301162842759401,-0.0010011866864607592,-0.02242335029705562,0.00288362916666665,-0.002258635510716043,0.38558956756539087,0.017374892863883246,0.011257356026057947,0.010000000000000009,0.002116919667953354,-0.100312885443965,-0.02812533858922084,0.011362760181542697
2022-10-19,0.019999999999999574,0.010000000000000009,0.0008251217187666737,-0.004554599332022751,-0.0004477491674020488,0.004286005561937054,-0.0028962027314949064,0.0010254524931962502,0.007496327814761444,0.0039413383333333,0.0023066324645405916,0.08956098048155173,-0.013572928514173955,0.012572730481437087,0.010000000000000009,0.003757142689785553,-0.102017926686068,0.00848846102407741,-0.006694436704711038
2022-10-20,-0.08000000000000007,-0.010000000000000009,-0.00029631145759998785,-0.003456585232540617,-0.02049726434133258,0.0032053807047689007,-0.004484919458519704,-0.0036887131003392527,0.005278895350334418,0.00043287333333329994,-0.008284894347305817,-0.12664701312515025,-0.016013125969336746,0.014104734766629335,0.02999999999999997,-0.0030545807324751095,-0.102017926686068,-0.025684651962991634,-0.007982718516093001
2022-10-21,0.10000000000000053,0.020000000000000018,-9.081762112606984e-05,-0.0109577565467466,-0.01442485974123215,-0.0072213837012863385,-0.0011857051674374005,-0.0016270362632659734,-0.015290391535278254,0.00095335416666665,-0.0036719078058102244,0.10215119676665953,-0.0037187174394804874,0.01401053547930489,0.09999999999999998,-0.0025946642101315476,-0.102017926686068,-0.009720203898783364,0.02344776785243674
2022-10-22,,,0.0002737432908220256,-0.00034762659867491235,-0.00804586583254518,0.005081629402957535,0.0004736902856779155,4.7193356870157564e-05,0.017179106858301263,0.00243949166666665,0.00010674696482051928,0.12251754110888612,0.010598643482641217,0.014764071010146972,,,-0.102017926686068,,
2022-10-23,,,-0.00010175606991734846,0.0003037241437423221,0.0014813478409016025,0.0006168485777666892,0.00035500049380685067,0.0003276399339779293,0.04199482356988167,0.00314262666666665,0.0007410398544381324,-0.7541697199002977,0.006140610741784577,0.01390097199136038,,,-0.102017926686068,,
2022-10-24,-0.08000000000000007,-0.030000000000000027,-0.0004968363398656337,0.00021968003449750767,0.005291580972797758,0.0001655183336911951,0.0076928177590394305,0.0015759087827669355,-0.052658835379960266,0.0036522508333333,0.0035840771570782083,0.41212278362804994,0.028505970404160183,0.016310625980592165,0.030000000000000027,0.002791511836643501,-0.102017926686068,0.005374551062942601,0.01181191705979856
2022-10-25,-0.03000000000000025,0.010000000000000009,-0.0003301775208092855,-0.003389835658756158,-0.0006404208551788698,-0.02042286224241978,0.0008669825993807042,-0.0006318931277064547,0.08645680319807755,5.6445833333299954e-05,-0.0014368133518988739,0.3526821523388973,-0.01444264445988308,0.01645599029441367,-0.07,-0.005115757562255574,-0.102017926686068,-0.0476852471769047,0.01613576532526828
2022-10-26,-0.08000000000000007,-0.020000000000000018,0.0016677009647276283,-0.00032283599488277257,0.00020173351391628044,0.0015480120442431151,3.4529173537244395e-06,-0.001414144821340181,0.02368776506012186,0.006903600833333299,-0.003223026161416978,0.4105461378019724,0.06209001200477573,0.027483313602386292,-0.02999999999999997,-0.007128666301083442,-0.112321262226747,-0.04234575968644494,-0.007415138056792614
2022-10-27,-0.040000000000000036,0.010000000000000009,0.0003371352741760724,0.001433956636087572,0.00019472916518866698,-0.05943182358950026,0.0004743277382341275,-0.00016711117149311206,-0.08263178063938599,0.00483513666666665,-0.000381737104162526,0.23429918453304924,0.05183713304843951,0.028538626320683793,0.009999999999999953,0.0018208746728003433,-0.112321262226747,0.00402415029972536,-0.006101172384331832
2022-10-28,-0.21999999999999975,-0.020000000000000018,0.0050947326425234375,0.003375837019948003,0.0014578063361332862,0.002865305953729723,-0.0008362161161042066,0.004673634539751464,0.00016030721362607012,0.0034705775000000005,0.010612722545305217,-0.23242714117388177,-0.029555867910556956,0.03339666516824353,-0.04999999999999999,0.0040225908194653215,-0.112321262226747,-0.061743356165241625,0.024328034575768598
2022-10-29,,,0.00109932524087849,-0.005374781126072217,-0.0057882608486200275,0.0013895527739839787,-0.00010288815587037514,-0.0004167241337196035,0.021610661887810394,0.00472907916666665,-0.0009416250418686296,-0.1398268846285806,0.020740083069634534,0.03332023432462332,,,-0.112321262226747,,
2022-10-30,,,0.001887447065892314,-0.0011034419823607085,0.0036181862624502102,0.0024599757285307545,-0.00018144371506913668,0.002872725125359055,-0.03825387088708803,0.0050578316666666494,0.006472066308435016,-0.0384888748635398,0.025350412734599894,0.03297942011775976,,,-0.112321262226747,,
2022-10-31,0.08999999999999986,0.0,-1.2244266985122031e-05,-0.0008347649458228071,-0.002746797922756512,0.000499925802873792,0.005520201217249801,0.00035726321918976733,-0.031696285145834086,0.00498400749999995,0.0008064080064337637,-0.35157245116346403,-0.013108226681680222,0.0350144418028917,-0.019999999999999962,0.0032052089280902862,-0.112321262226747,0.005035842522954859,-0.007482306966124952
2022-11-01,-0.019999999999999574,-0.020000000000000018,0.004133988540254939,-0.005651373591522771,-0.013791780256179088,0.0037290093315254383,-0.0038773783587445253,0.00470881884898261,-0.006548204194915034,0.0019486483333332999,0.010527649800540653,0.39743641106682814,-0.008855704430388456,0.03429569400348141,-0.06,-0.0017504472736051824,-0.112321262226747,-0.002708455902177498,-0.004109694089747151
2022-11-02,0.009999999999999787,-0.019999999999999796,0.0006498721234040145,-0.009320354906907592,-0.006454442957789543,-0.009108120879969568,-0.004241297379096262,-0.00392312238042223,-0.04878661885888249,0.0038764983333333,-0.008726071162943171,-0.014048670018594979,0.002225560722345718,0.02754011535413494,-0.040000000000000036,-0.0006846997364586827,-0.127346759410773,0.001935359613189025,-0.02531980282762092
2022-11-03,0.1899999999999995,0.019999999999999796,8.279681247509806e-05,-0.009792416501229742,0.003362857836664617,0.003367378413991261,-0.0037413450419985514,0.004109457133807132,-0.008596369725035522,0.0026996308333333,0.009104669172472275,0.3363448629006856,-0.027302850223494622,0.021656566917274883,-0.05999999999999994,0.006754217103540405,-0.127346759410773,-0.021892977610237008,-0.010642409238982964
2022-11-04,-0.040000000000000036,-0.029999999999999805,-0.0011715602934878153,-0.010595752445336757,-0.0013604966746918893,0.0008367568746483062,0.00019906194442616753,0.003295058011539364,0.1117936916650953,0.0060505308333333,0.007242359362656865,-0.19796660052097173,0.004619420044093609,0.01867644956877585,0.07999999999999996,-0.008048731945461185,-0.127346759410773,-0.030092541492944935,0.01352678145799402
2022-11-05,,,7.384695440507534e-05,-0.0009085250977151731,0.0038925426209543883,-0.008005434212393412,-0.0005287698581812863,-0.001732646887552456,0.013277579070683016,0.00851170499999995,-0.003799710882500702,0.17959786516734588,0.05834353425079025,0.02835858740087892,,,-0.127346759410773,,
2022-11-06,,,-6.832393753939702e-05,-0.0010297884837689988,0.007152565688831103,0.000539941566708461,0.0022678795659757268,-0.002136268914779506,-0.06633366724909495,0.00736069416666665,-0.004715527239236734,-0.3030689916342333,-0.002188823118724363,0.027091831494614037,,,-0.127346759410773,,
2022-11-07,-0.05999999999999961,-0.020000000000000018,-6.523582597846879e-05,0.006509603237956051,-0.0016341036773749081,-0.009880415325262447,0.006580387017432301,0.0003722689596247329,-0.06901233684800538,0.005890620833333301,0.0008287687691823037,0.33192860789250367,-0.02574571218372205,0.02864027031537872,-0.010000000000000009,-0.0066332068048744475,-0.127346759410773,-0.0081800047119307,0.009568061802673
2022-11-08,0.08000000000000007,0.010000000000000009,0.0023787476847899718,0.023385651021237103,0.01332173374801654,0.000887685714567968,0.007149773260262282,0.0014072350773831328,-0.23265203037453697,-0.0025889275,0.003149084857278792,0.5171141506288193,-0.008392442317817234,0.02861650001770132,-0.030000000000000027,-0.005344159243320767,-0.127346759410773,0.0477140010757946,0.005582267593981172
2022-11-09,0.20000000000000018,0.0,3.56475613841809e-05,-0.014807819471555244,-0.00630770748454261,0.001630649977547107,-0.0006852420698545564,-0.0038214741340232387,-0.06088655933738667,-0.038908330833333296,-0.008568933947003043,0.019403216997046866,-0.13335859809093598,0.057918356224257186,0.040000000000000036,0.002806625027948151,-0.145063308167041,0.021306248544243456,-0.020996774887089842
2022-11-10,-0.1900000000000004,-0.020000000000000018,-0.0006779471117066949,0.0022041537024209525,-0.04881011563623539,0.002291758137963341,0.00520296537080934,-0.0047122023675464164,-0.000708018216516179,-0.08948097416666664,-0.01072427985829751,-0.1775910472695912,-0.18112519239506344,0.08457501635562478,-0.030000000000000027,-0.010225446659000603,-0.145063308167041,-0.10327589640936585,0.05395250428096254
2022-11-11,0.009999999999999787,0.0,-0.014872214449492674,0.019998823712598646,-0.01591555554749995,0.011064213499200738,0.004165009080271697,-0.006040942201951596,-0.05947912909352814,-0.039623761666666646,-0.013977198418781697,-0.15528842341017687,0.14194318796101732,0.10927333410369451,,,-0.145063308167041,-0.04387239946778143,0.009198359044827242
2022-11-12,,,-0.0006086933880123683,0.005362414795196543,0.0013653990229820312,-0.06718894847869766,0.004960214432350104,-0.007828695905463114,-0.017019199685480022,-0.027555295,-0.01850159150638595,-0.3579903830062444,-0.017789300160633244,0.10364538562989757,,,-0.145063308167041,,
2022-11-13,,,-0.014769867077489538,0.004041706748355793,0.008196797621750285,0.12224640841456445,-0.0021219483324187833,-0.0075606260150957606,-0.02633854055665932,-0.03724110166666665,-0.01816005130694363,-0.7146060511564554,-0.023358598239520842,0.10292397712517407,,,-0.145063308167041,,
2022-11-14,-0.13999999999999968,-0.06000000000000005,-0.014273212260307899,0.0006954269228821574,0.0018260427854610403,-0.003324738292356256,0.0013944625580506228,-0.003734744581269911,-0.022980436989797712,-0.018794736666666652,-0.009106492829813876,-0.08187530125625452,-0.026839771239340185,0.1029076959541655,0.0,-0.010290577208107443,-0.145063308167041,0.05233626717618245,-0.008975957665020573
2022-11-15,-0.03000000000000025,-0.040000000000000036,0.00026763371655242637,0.00353717332243768,0.0050894496815729355,-0.0020101010636897664,0.002910533871361605,0.0020594137943390793,0.02564320207573997,-0.0185519933333333,0.005046387209625206,0.5670529617180933,0.01684318016469457,0.10444855903658883,-0.04999999999999993,-0.003154181252559063,-0.145063308167041,0.03356436883509328,0.008675381307597263
2022-11-16,0.07000000000000028,0.0,-0.00503696349743802,0.00845448243460984,-0.005070166764911169,0.0022295273419968504,0.0002955778649907466,-0.006260508744505623,0.023744175483595545,0.0065369575,-0.015424986312624159,-0.276462102606426,0.01158969052916569,0.09492895027728765,-0.1100000000000001,0.0019706023776260295,-0.161988035334814,-0.017677747089685614,-0.008286297872086124
2022-11-17,0.040000000000000036,-0.010000000000000009,-0.001597327840441441,-0.005501302890113643,-0.005433481506626005,-0.0011691756665692702,-0.00198930461299995,0.000809226550703715,0.01384787306452097,0.002039505,0.0020032726477428498,-0.04970949048849333,-0.020160263728113813,0.0599845141213379,0.020000000000000018,0.0056240838661079096,-0.161988035334814,-0.007493790272797618,-0.003094109623736685
2022-11-18,-0.09999999999999964,-0.020000000000000018,-0.0007228222725295992,-0.004850196531219615,0.0063020817156872405,0.0006559853297167795,0.0012220409984609814,0.011977847429335175,0.00427496510501278,0.0005391008333333,0.02922688382325617,-0.2074427120976216,-0.005709785058569168,0.017454803124802645,-0.029999999999999916,-0.001005530502018459,-0.161988035334814,-0.03443485811610536,0.004747288330236188
2022-11-19,,,0.0002216943698559645,0.005231004960834099,-0.003911438214003893,-0.004037790206552648,-6.406587653408222e-05,-0.002875551956684938,-0.0009705552152566209,0.00294594416666665,-0.006938600432816221,-0.09153686645284119,0.004507645723954216,0.01769016330152798,,,-0.161988035334814,,
2022-11-20,,,-0.00032609553065579235,0.0012827036201995068,9.583335904288917e-05,0.0016970514065386857,0.00028489251389984696,0.0014040069378370452,-0.007038778197801827,-0.0056477991666667,0.003394797163993047,-0.6000144747887128,0.002389711421603338,0.016126088606011765,,,-0.161988035334814,,
2022-11-21,-0.010000000000000675,-0.010000000000000009,-1.763721741276662e-05,0.002635140501752319,-0.002368923348852907,0.002517893755555317,-0.003307516033104673,-0.0041416473052222885,-0.0066148261326965715,-0.0013185658333333496,-0.010014217879408795,0.4350618330596248,-0.04397346949107295,0.021002303001055846,0.039999999999999925,0.006827535953727981,-0.161988035334814,-0.03342439551727816,-0.003891212801477195
2022-11-22,-0.0699999999999994,-0.010000000000000009,-0.0003684703173050169,-0.005614350677390714,-0.00822756135262647,-0.00962029007765112,0.0007252830799966191,8.314940830639594e-05,0.030600318539399998,-0.00525815999999995,0.00020218574978046966,0.6102033104195287,-0.030315444044040123,0.020409067953143848,-0.05999999999999994,-0.003731062819294806,-0.161988035334814,-0.049036169381510675,0.013488571921957515
2022-11-23,-0.0600000000000005,-0.010000000000000009,-0.005197485886997103,-0.004177076996890745,0.0008074631814338741,-0.006491794291517425,-0.0013596842443930706,0.0008296930409826382,-0.00010760535004433793,-0.0004151741666666999,0.002012506709743565,-0.18850470009813255,0.022254745322756342,0.02270371226918046,-0.040000000000000036,-0.0038638095214533763,-0.174785695230255,-0.04515656701678372,0.005897283130643416
2022-11-24,0.0,0.0,-0.0008261824937579824,-0.00939325237389301,-0.018586155208018137,-0.13469748001631748,0.0029865674217980378,0.0010818011829276208,0.0134595532807037,0.00105019,0.0026257728300028674,0.0493343365950607,0.03456380924119702,0.027578307927018462,,,-0.174785695230255,0.0034339008479156163,
2022-11-25,0.009999999999999787,-0.020000000000000018,-0.002690584447474691,0.007340550539910495,-0.004541488672415882,-0.0006006317797114999,-0.00027321346160146014,-0.003868437346895477,-0.0017826093589257779,0.0020563024999999497,-0.009418901148338994,-0.25603354057566036,0.00790610788267414,0.027779317401109827,0.010000000000000009,-0.003389778879641092,-0.174785695230255,0.0039100734078427735,-0.0002831109441299162
2022-11-26,,,-0.0003350344971578589,-0.0019525900051169034,-0.0010234502444147523,0.08105124456466078,0.0016978575802201403,0.0023268801322929343,0.010027949048898888,-0.0048281891666667005,0.0056857494388628796,-0.11973038160289644,-0.004338612322983984,0.027721013356891276,,,-0.174785695230255,,
2022-11-27,,,-0.00010995543158518442,0.0038521451015569707,-0.00044146500135123395,2.964979824959655e-05,0.0005850201596090128,0.0003650746809195576,-0.0031847315226756316,-0.00542331416666665,0.0008896562426229848,-0.05147572539356005,0.0007082603766415661,0.027687492417910083,,,-0.174785695230255,,
2022-11-28,0.11000000000000032,0.0,0.0014397433380116433,0.0031004332222129873,-0.005642278561700879,0.0023604090722171263,-0.005642673128049662,-0.004758848387998864,-0.022204594117929313,0.00262256916666665,-0.011593476616918277,-0.12733472274566288,-0.0038484239098304364,0.02082463237799899,-0.030000000000000027,0.0021430158949593547,-0.174785695230255,0.08011775176197355,-0.015564652905561971
2022-11-29,0.0,0.020000000000000018,-0.0010866487219926698,-0.014307339334039644,-0.005631350876470105,-0.002879063328355746,-0.0035214076984325152,0.0016417780436309912,0.05047321836136893,-0.0013356833333333,0.0040008088881631244,0.40479542492414844,-0.018272113494338355,0.017811275728117065,0.040000000000000036,0.00047155943473065065,-0.174785695230255,-0.014512726371564533,-0.0015931188727940082
2022-11-30,-0.08000000000000007,0.0,7.363629003308304e-05,-0.008052095404098899,-0.0030630609853626923,-0.0003963826111061716,-0.0006477072278024927,-0.00022230488803518295,0.027352837259380307,0.0085641583333333,-0.0005404430731969413,0.024278939752290497,0.026345192444364524,0.018503629672170237,0.030000000000000027,-0.001165147656482901,-0.182667798695266,-0.06171018112886806,0.030478587582589256
2022-12-01,-0.0699999999999994,-0.010000000000000009,0.0022116323652901578,-0.001189702481838221,0.0025519681101763723,-0.06591480600060659,-0.0008715460344935124,-0.0017453621013976673,-0.06693879439170573,0.0055633533333333,-0.004249597514224366,0.24357627444463129,0.054749546443260806,0.024326206962962133,-0.020000000000000018,-0.012324917135421387,-0.182667798695266,-0.036619628549176664,-0.0008680002702714518
2022-12-02,0.019999999999999574,-0.010000000000000009,0.0019834752792916486,-0.004626993299802858,0.0037415523126636085,0.07488542424988012,0.0014041428614187414,0.0004964928768789146,0.0129218524576509,-0.0011453316666666501,0.0012123971625107243,-0.3111090650162606,-0.01491708500711593,0.025976375028752583,-0.050000000000000044,4.671849688531182e-05,-0.182667798695266,-0.040108203630671024,-0.0011953459028433144
2022-12-03,,,-0.0038582668289890614,0.004363295044122927,0.00263128434652217,3.332744804975472e-06,0.00041225834345096914,-0.0003272069614065727,-0.039223028367749935,0.0126749683333333,-0.0007991784255248718,-0.11125889203497691,0.010026093938855868,0.02560902814343262,,,-0.182667798695266,,
2022-12-04,,,0.005811803653649981,0.004880179384569037,0.0018088306912317608,0.005144684832124155,0.0011022589237029237,-0.0008476707493138389,0.0009752730533621412,0.0025565183333333503,-0.0020756365532667207,-0.18429040217927403,-0.024817281244674673,0.02845126112929132,,,-0.182667798695266,,
2022-12-05,-0.07000000000000028,-0.010000000000000009,-0.0032225773441971295,0.00036443660338795325,-0.0034574314831692233,-0.0025959116400514535,-0.0026171374850036946,0.0003142365042976044,-0.029553039859204842,-0.00039510333333330015,0.0007679415557357643,0.041716942700460294,0.02224170254468391,0.028929018792269477,-0.040000000000000036,0.005135540368239155,-0.182667798695266,0.08495434845065164,-0.018056283602074785
2022-12-06,0.14000000000000057,0.0,-0.0001718447968930809,-0.006436982788151686,0.00047601617986661217,-0.0017702450152328765,-0.0020233745664779506,-0.012906254653743272,-0.01078134094638099,-0.0012734424999999998,-0.03197054937506803,0.22930989336555346,-0.0140876218430473,0.02833500872461266,-0.019999999999999907,0.003099439705826157,-0.182667798695266,0.06619377695151263,-0.014503849921748468
2022-12-07,0.10999999999999943,0.010000000000000009,0.00018176096272615029,-0.0037182083290269625,-0.010288642439896929,0.0018677188019969617,-0.0013673858398642097,-0.001086046749460256,0.0020746610463686084,0.0036232208333333003,-0.0027337503051927826,-0.11725151195768842,0.008106583560650884,0.027238546564367274,-0.010000000000000009,-0.0021018813588531415,-0.187466059181832,0.022743455231331033,-0.0018640849162636641
2022-12-08,-0.1299999999999999,-0.020000000000000018,0.0024264199223741744,-0.004019711331487853,-0.00021939251025629753,-0.0019110701971606244,-0.0004751926627189969,0.0027459206600840445,0.019716589156240846,0.0010482775000000004,0.006894261736836971,0.03028337599004403,-0.022196613028018806,0.01829844566215739,0.010000000000000009,-0.002819201136321503,-0.187466059181832,-0.01734533146177375,0.007493612090724966
2022-12-09,-0.08999999999999986,-0.009999999999999787,-0.0005589597175014742,-0.001089282599108762,0.0013462012458333118,-0.003730685924141612,-0.00043992721696957756,-0.002615050347562208,-0.012267729842416928,0.0026307475,-0.006561704164487091,0.07319892001122105,0.03018171142057225,0.02185614560449741,0.06999999999999995,4.002690788951213e-05,-0.187466059181832,0.023937313143926886,-0.007376687214824429
2022-12-10,,,0.0013663654997028546,-0.0014145859210887943,0.0014065606129336934,-0.06765233217600496,0.00040426075443873776,0.008615398496772177,0.011428874785964164,-0.0006726124999999999,0.021465629286973247,0.01114730575471362,-0.009050833681876027,0.021783343776306006,,,-0.187466059181832,,
2022-12-11,,,-0.0006343089087449598,-0.0006256977492889015,0.00021546446227417023,-0.0011005660625776517,3.80526600999044e-05,-0.0003048115005457992,-0.008123620680163719,-0.01280184166666665,-0.0007516687202200596,-0.509879261424127,-0.000589099500106285,0.019210610481350626,,,-0.187466059181832,,
2022-12-12,-0.05999999999999961,0.0,0.0005604583888286943,0.002256056771509597,-0.0004783219528945896,-7.201167925127248e-05,-0.001699003258580785,-0.007652894993629196,-0.009345033833599461,-0.0076124083333332995,-0.01902704600005518,0.08226674185267231,-0.0008982983537956664,0.017031686673997546,-0.020000000000000018,0.0028655172824718633,-0.187466059181832,0.0908003643264963,0.014178262831054056
2022-12-13,-0.0600000000000005,-0.010000000000000009,-0.0011810319098734868,-0.007644676212774922,-0.003420406071733763,-0.0012631008634983044,0.02352315427583667,-0.02185463241665975,0.04882331868517675,0.0038286075,-0.057800840853209634,0.3491442917011512,0.00662863519107342,0.016202633251335568,0.07000000000000006,-0.0075390542784958825,-0.187466059181832,-0.10314075891951324,0.007263262233260903
2022-12-14,0.03000000000000025,0.010000000000000009,0.001927495467010566,0.05870393561489924,0.0005031775947506928,0.12432499931340775,-0.00045816851946824604,-0.0021247564013670045,0.009563599505821694,0.01180634416666665,-0.005799242171376769,0.34105235777537485,0.03428300645225603,0.020395112915857036,-0.030000000000000027,-0.00021914714094517507,-0.19065531251967,-0.06456808550659554,-0.006071158028412071
2022-12-15,0.16999999999999993,0.009999999999999787,0.0024825251221943486,0.003823736094572901,-0.003239312694533814,-0.12615199221866932,-0.00023528912897048375,-7.299877126609138e-05,-0.011983662307160334,0.00615056416666665,-0.00019979229952003322,-0.06249015384115065,-0.0035010698056446997,0.017129431558135365,-0.050000000000000044,0.005968725584295953,-0.19065531251967,0.07690848009961249,-0.02523746079196343
2022-12-16,0.1299999999999999,0.010000000000000009,0.0002761410492082564,-0.0018554540131324128,-0.0029914124960095916,-0.001973901567326672,-0.0018115437332125197,-0.004758268447900091,-0.10221424461847944,-0.00834021916666665,-0.013086010651021503,-0.20543661855135506,-0.030745600808413986,0.01939820094491645,0.10000000000000009,0.0008042336071296674,-0.19065531251967,-0.009240989853729786,-0.011200267830703936
2022-12-17,,,-0.0034348660456992998,-0.007834644944584615,-0.003768231026292002,-0.0002826607467705644,0.0005040722847152876,-0.00023469529871373733,0.023413514859424927,-0.016741505,-0.0006502307643033997,0.0924774109436923,-0.06130623841572774,0.030238939114950823,,,-0.19065531251967,,
2022-12-18,,,0.0045381743880573144,0.003992323523512395,0.007225267124332179,0.005640069946896343,0.0002897615262589697,-0.0010281591903185466,-0.03674393485196306,-0.01393551416666665,-0.0028543695612509574,-0.45707391683979554,0.015423755688891658,0.031475042904164585,,,-0.19065531251967,,
2022-12-19,0.0,0.010000000000000009,0.0014106165914087427,-4.10163590178645e-05,-0.0006172551322793815,-0.002574605420444457,-0.001301571745651102,-0.0019516958631065607,0.015822326801949383,-0.01143281666666665,-0.005433705061066988,-0.3337825858561346,-0.0030128301169619837,0.03143104984700707,0.009999999999999898,-0.0010033527504003104,-0.19065531251967,-0.008881053043960474,-0.009048278034292423
2022-12-20,0.009999999999999787,0.010000000000000009,0.00017073729054591333,-0.008277617230015993,0.0005755519684426624,-0.0010781154801926568,-0.0010632750097059678,-0.0019983193950064157,0.011675637563253561,0.0018147808333333001,-0.005588309077523937,0.4301594062480358,-0.01806387237745654,0.031157642314834585,0.12,-0.0032027729132586558,-0.19065531251967,-0.042831148003350084,0.0010367470114189814
2022-12-21,-0.1200000000000001,-0.010000000000000009,0.0005448329514623105,-0.003307209634976138,0.004102425071330611,0.00047703692358447286,-0.001035394824174983,-0.0015197291686734114,0.008267577065968682,0.0028069108333333,-0.004266504702955185,0.3557496354003132,0.03565473237049471,0.031481971476921694,0.030000000000000027,0.001203673353368906,-0.197196990754253,-0.06789610683241731,0.014758594440962725
2022-12-22,0.05000000000000071,-0.010000000000000009,0.0001799069236598257,-0.0033978190082787707,0.00016080560377926812,-0.00018041601639235693,-0.0011357792452022137,-0.0015159495626423717,0.004543596486626453,0.0036646408333333,-0.004269244552777016,-0.4436812169754437,-0.004315981481473176,0.03145817358806131,-0.039999999999999925,-0.00033452653561294454,-0.197196990754253,0.09045172358827225,-0.014557129502374977
2022-12-23,-0.020000000000000462,-0.010000000000000009,0.00046534574271877075,-0.0021841681549419644,-0.000945764674985359,-0.0009336260921476069,7.206355249517937e-05,-0.004085135946945944,0.011137959501342547,0.0083992875,-0.011597044092561784,0.13397501287431768,0.0020907166939349484,0.03018106602018114,0.009999999999999898,-0.0021915016866183024,-0.197196990754253,-0.051365165307409644,0.005850906388984001
2022-12-24,,,0.0005627327570008897,-0.0007654818749838165,-0.0012343403836964349,0.000815190056651884,0.0006602743553647666,0.0009110511770486868,-0.0005088590043217128,0.0021945316666666503,0.0025997188157817538,-0.06712073551037256,0.00017677002939974515,0.017107192505384478,,,-0.197196990754253,,
2022-12-25,,,-0.00015381439296491422,0.0016318330318713273,-0.0004561752609383037,-0.0024421325111259754,0.00038173164521952094,-0.00043953464480311124,-0.004800549102256263,-0.0012879458333333498,-0.0012538637461589775,-0.5352799172374264,0.0019671355751474514,0.016347876061968337,,,-0.197196990754253,,
2022-12-26,,,-0.00030552865924847537,0.003125928381429288,-0.0020014561907457777,6.49689887250634e-05,0.000245686461461007,0.00041352586299007744,0.005805430153873745,0.0045142791666666505,0.001180001751895765,0.25449881909764627,-0.0010391580633321194,0.016262378708695915,,,-0.197196990754253,,
2022-12-27,-0.040000000000000036,0.0,0.0004510792960744203,0.003184841635890686,-0.0011165466993833975,-0.0009160782410211223,-0.0017538509883264868,-0.0011580296088420533,0.03275400937594587,0.0010587608333333,-0.0033021637139728213,-0.039013551782723865,0.004564990853646615,0.013550436865918513,0.08000000000000007,-0.0018085725006473652,-0.197196990754253,0.03669273335938961,-0.004057826255055019
2022-12-28,0.21999999999999975,0.020000000000000018,-0.00073369834542814,-0.007571417343253206,-0.0028465958912020756,0.0028806472229857124,0.0012992848370911676,0.0017491072556136556,0.006050977184878032,0.0011349958333333,0.004989912239406991,0.32512311575255065,-0.011820038546592507,0.005454516836590981,0.04999999999999999,0.002080723949688945,-0.207358129906205,0.02238047283199185,-0.012093462699048985
2022-12-29,0.040000000000000036,-0.020000000000000018,-0.00014086517138941536,0.005018160430481637,-0.008608405710878201,-0.0009991195958295343,-0.00013250431286836785,-0.0014951227792756822,0.0113391410074755,0.00733842166666665,-0.004263223506344497,0.11475499118883878,-0.014520984613500001,0.007432402240714922,-0.08000000000000002,-0.002871154685188948,-0.207358129906205,-0.03212759107788932,0.017310618960092228
2022-12-30,-0.019999999999999574,0.0,0.0003590596336676812,0.00015014901362033994,-0.001182657721856995,-0.0005144301121913141,0.0013218930647842552,-0.0005568567226945146,-0.0021717655850055375,0.0063137425,-0.001594597555559264,-0.20147792195802694,0.008539641360284692,0.008448790720556697,-0.020000000000000018,-0.001909634026963758,-0.207358129906205,0.01067047934566645,-0.0025439680351091454
2022-12-31,0.019999999999999574,0.0,0.0003505172080985113,0.0026161616421471376,-0.0032229693554073923,0.0029363835876674627,0.00012119474135082504,-0.0014704464629149703,-0.011072070453280836,0.0098892725,-0.004223500844841874,0.08443696762739229,-0.002227161923804624,0.008406974929759342,,,-0.207358129906205,,
2023-01-01,,,-0.0007938058503238761,0.00012036663691354589,-0.00048761371761603725,0.0009136905886697591,0.00043492146912620875,0.0007683617159529507,0.021219925925852794,0.0043841575,0.002210117712378438,-0.37139664202437533,-0.0029530752624380256,0.008216064557525412,,,-0.207358129906205,,
2023-01-02,,,0.001137971673702756,0.0016413394014605715,-0.0011169719754839447,0.05855149676546226,0.0009246617259347547,0.0021248910346840177,-0.001848686318528341,0.00284104916666665,0.006092344973192937,-0.2185103571994318,0.003958124153603295,0.008600586451067914,,,-0.207358129906205,,
2023-01-03,-0.10999999999999943,0.020000000000000018,-0.001186293188169636,0.002065390113268418,0.00012789819002513247,0.05152076137244037,-0.0039160011683829895,-0.0009011398096549072,-0.0034584765809205537,0.0026199175,-0.0025690631647059163,0.3423156010517264,0.007434479996286518,0.009027093080564926,-0.07999999999999996,0.005460843470477705,-0.207358129906205,0.05520809501192625,-0.00400854439080689
2023-01-04,-0.08000000000000007,0.0,0.0007669177040301546,-0.011066849405553492,0.0014498481501954562,0.0006410198599280306,-0.0004899443885684146,0.002017711174470808,0.007528428316014949,0.007592085,0.005740367652776901,0.1058645399867234,0.00025632102949256453,0.007836191499254477,-0.06000000000000005,-0.004841725890815773,-0.224713240147116,-0.03964001502182368,0.007510674075383861
2023-01-05,-0.040000000000000036,0.0,-0.00043032536383246693,-0.0015100766894348963,-0.004422680352345659,-0.0008644295128133635,-0.0034438697232491602,-0.0005029003865767032,0.0023512101331580816,0.00719928,-0.0014227546937696889,0.3851626164812474,0.022160371231084712,0.008673075877430509,-0.06999999999999995,0.004933456912591616,-0.224713240147116,0.020239053771926585,-0.011713902384517638
2023-01-06,-0.11000000000000032,0.0,0.0004995765880678221,-0.008464237313519198,-0.004085287739557375,0.0017397072750412104,-0.0003749116805130148,-0.0031888934741832607,0.013390219810893866,0.0043679433333333,-0.0090656998385115,-0.3735700952284824,-0.002936234042398573,0.009037747961718842,0.050000000000000044,-0.008359873990302802,-0.224713240147116,-0.061042117682331476,0.022583841176025743
2023-01-07,,,-0.00023108661863142192,-0.0011560399863217,-0.00293513576239751,-0.0002979408149938362,0.0012104381117196408,4.261813881151407e-06,-0.0009031457451179216,0.0173702283333333,1.2185656253914842e-05,0.24627937470438235,0.01142293563565676,0.009025777185015278,,,-0.224713240147116,,
2023-01-08,,,0.00013758245119757772,0.0023431887811213446,0.004518925700015098,0.00263731606836228,0.0008211961244022603,-3.434159536970939e-05,0.0019284845091354801,0.0075026808333333,-9.827662766041338e-05,-0.7014883439352874,-0.002324432985919279,0.008928860863708876,,,-0.224713240147116,,
2023-01-09,-0.09999999999999964,-0.029999999999999805,0.0003456068504532586,0.0036118938064032295,0.008829303842245997,-0.0008818878704624963,-0.000996412980058277,-0.001307961098839559,0.02713530527415485,0.01132265,-0.0037465065789668516,0.23639457853093443,0.0113796222990879,0.009124611325761181,0.029999999999999916,-0.0077468095393067316,-0.224713240147116,0.03898405476855338,-0.0007679298504950083
2023-01-10,-0.040000000000000036,-0.020000000000000018,0.0002969185461134537,0.0008794796118349489,0.0017648216861730324,0.0010025762671701842,-0.00024078146595661105,0.003017655157742772,0.052970863033370716,0.00788528166666665,0.00862059467457928,0.8065874642697491,0.017746655697536674,0.010036566775153478,0.030000000000000027,0.0008111511677544314,-0.224713240147116,-0.06535815599061534,0.006954020552452533
2023-01-11,-0.03000000000000025,-0.010000000000000009,-0.00010885261183828286,-0.007469689525137369,-0.001422320945778688,-0.0007704370084954301,0.0019086491054521755,0.003048182875845316,-0.014341287075968231,0.01339625166666665,0.008649428328888147,-0.18967296788209143,0.012383603084063097,0.00945805443997287,-0.030000000000000027,-0.00072293259202727,-0.247385308505341,0.02447926408477974,0.012767544131229158
2023-01-12,-0.009999999999999787,-0.010000000000000009,-0.012709466827642454,0.005582865205916796,0.00458504966151043,0.00044878405310120603,0.0009209984065779547,0.005138021639017381,0.018425290569441415,0.01571177916666665,0.014425445751090555,0.13151198144098725,0.035526798822142186,0.013010176377803476,-0.029999999999999916,-0.006174075222404873,-0.247385308505341,-0.1133476518216221,0.0034101315868824145
2023-01-13,-0.08000000000000007,-0.010000000000000009,0.012259585468265154,7.975187499182104e-05,-0.007011639130088067,-0.0006481250752168334,-0.0038428907970285905,-0.0005697614296025803,0.04055480018300856,0.009242980000000001,-0.0015833338758078168,0.6446387721525304,0.03335311986829882,0.013345582035144361,-0.040000000000000036,-0.002133375720226205,-0.247385308505341,-0.025821768168481807,0.003988850553225731
2023-01-14,,,0.0005956531504101668,-0.01076936267588052,0.004814133040935186,0.0010282188473545461,0.0026948174582544886,0.0014885057097628607,-0.08541129061621747,0.0275325683333333,0.004142326846537158,-0.24803845439676708,0.040332666621791004,0.015591170714432792,,,-0.247385308505341,,
2023-01-15,,,-0.00017573277307125605,0.004949991275772473,0.0037109218847584434,0.0021082093506572903,0.0012884009498136538,-0.001029095234930515,0.013463555393600956,0.0172269633333333,-0.002865707886818431,0.3053056415745702,0.05820566825317609,0.01708385623871543,,,-0.247385308505341,,
2023-01-16,-0.019999999999999574,0.0,0.0009711522266952334,0.003536657563435762,0.004518312128300576,-0.0001004413074443149,-2.8522634094092462e-05,0.005146875533390609,0.03177575486253791,0.0138171058333333,0.014250559473187804,-0.7683625803754225,-0.003250085785902505,0.02030986137884436,,,-0.247385308505341,0.06027193901888994,
2023-01-17,0.0,-0.020000000000000018,-0.0008272872644773455,-5.0373156156845125e-05,-0.005744240592761451,-0.0031442502047481728,-0.0025019187111175616,-0.0016921959585907294,0.01241780742433823,0.0102033108333333,-0.0046512657788023186,0.383631347901239,0.01610185887273316,0.020453978374281055,0.07999999999999996,0.0003758714094210802,-0.247385308505341,-0.006692431671038168,-0.00203252611255067
2023-01-18,0.05999999999999961,-0.010000000000000009,0.0023632959146545614,-0.006618445931917902,-0.00045949452668019784,-0.0020363737217031193,-0.004745406437366731,-0.0021022867516747286,-0.028166691639194406,0.0060823108333333,-0.005781182995478773,-0.05774828787843643,-0.0030421704694332673,0.0230260494255769,-0.039999999999999925,-0.00114651383423503,-0.271815107331273,0.04938030877198285,-0.015685001660276754
2023-01-19,0.13999999999999968,0.010000000000000009,0.0011575523638752726,-0.010015226056073849,-0.0022505995252440794,0.10727667545629715,-0.0005361707303575176,-0.00038401378171227905,0.045440029571698404,0.008274358333333301,-0.0010590699475722632,0.22734684003309336,-0.02743300121717735,0.029702410192101462,-0.010000000000000009,0.004484556685400598,-0.271815107331273,0.008810629682154847,-0.007667669607521077
2023-01-20,-0.040000000000000036,-0.010000000000000009,-9.93329999662652e-05,-1.2103495827743825e-05,0.008170349825934717,-0.0015079263034461887,0.0007846472087846612,0.000851986604650426,0.014834261905115366,0.0050453875,0.0023500167789065134,-0.3753475995698325,0.019557917700099563,0.028829035561395513,0.039999999999999925,-0.002193679886969946,-0.271815107331273,-0.033196013169369376,0.018741671559173056
2023-01-21,,,-9.161259371094499e-08,0.0023735243830638715,0.0003643147123648713,-8.908697466922495e-05,0.001906814174561784,0.0005309364154396445,-0.02326615659003899,0.01581123416666665,0.00146447035418033,0.3390094729186015,0.07162807328529842,0.0352425866277987,,,-0.271815107331273,,
2023-01-22,,,-0.002500138325788699,0.00271977066007594,-0.0012643722209884543,-0.0007095887067869946,-0.0011123647508405924,0.0003855666673048627,-0.006506106423085205,0.01516553,0.001060977278427671,0.06117909975094857,-0.00934363736444462,0.031735627732321796,,,-0.271815107331273,,
2023-01-23,-0.08000000000000007,-0.010000000000000009,0.005457208910694961,0.00427619421904894,0.0051635981797621515,0.0015361556477285101,3.9910343709764184e-05,-0.0010635682063785989,-0.0016279976123459855,0.01122129749999995,-0.0029295093774674695,-0.23800302375758034,0.0007604023047195664,0.03150934335834839,-0.029999999999999916,-0.0017208128627910213,-0.271815107331273,-0.0020171464227400904,0.011811328415708644
2023-01-24,0.0600000000000005,0.010000000000000009,-0.0007129360508079045,-0.0018905052239370861,-0.0007510831468452983,0.003269072722406893,0.0011368241265672485,-0.0018660389609546745,-0.028004746341935918,0.014226260000000001,-0.00516656243179278,0.07787516974250944,0.0060774535539048925,0.03139999838996907,0.029999999999999916,-0.00039959839214898096,-0.271815107331273,-0.031276581676723314,-0.0007117296325205302
2023-01-25,0.019999999999999574,-0.010000000000000009,0.002900481836046734,0.006622091366257122,0.0017984843525935617,-0.0013656665052226803,-0.0008306359606381806,0.0025751654475312594,-0.023591122598493965,0.01096453916666665,0.007117072486069106,-0.024045074983608212,-0.03201986849211951,0.03486573738658347,0.010000000000000009,-0.0010686185091479672,-0.292716045299118,-0.006269613013595521,-0.00018174643434853976
2023-01-26,-0.10999999999999943,-0.020000000000000018,0.0037910061403814404,-0.0039836886958655865,0.0019685932959429132,0.0018109646464994106,-0.0016552088150432198,0.003478409462429648,0.012509108916044443,0.008950284166666649,0.009517987458335885,0.20221800595131,0.030625547637806123,0.032946174845066505,-0.030000000000000027,0.00044035538398912166,-0.292716045299118,-0.018514149564143434,0.01094771756997659
2023-01-27,-0.009999999999999787,-0.010000000000000009,0.0015025633282564105,-0.005049176669414059,-0.0056046955930246925,0.0009052236321243451,-0.002114770397701004,-0.001044800863448324,-0.001771847290183142,0.0084428858333333,-0.002843358561849889,-0.14831527386221277,-0.007046087333878112,0.033521634848079865,0.010000000000000009,-0.0008296094545281463,-0.292716045299118,-0.011815389870590831,0.0024917027916835366
2023-01-28,,,0.0019713823584621443,-0.005697776522909725,-9.985794358661652e-05,0.0010338385701986505,0.0005618842178657578,-0.0007009504123182346,0.005327005630635981,0.0094364808333333,-0.0019132088508758377,-0.03174402629349445,-0.0001068131531461868,0.01879813562877125,,,-0.292716045299118,,
2023-01-29,,,0.0029073266562965948,0.0020258822550383126,0.0007186978643481078,0.00015519795954977418,-0.0002510255258947965,0.00036438943146208796,0.0821521559904888,0.0085597858333333,0.0009947897911332386,-0.560547297454831,-0.009325984605626721,0.018796921517816843,,,-0.292716045299118,,
2023-01-30,0.02999999999999936,0.0,0.001735763797665496,-0.0012609387951144715,-0.0013598523795336614,-0.00041132648945722383,-0.003171417027105651,-0.0018731258090265508,-0.06900622753071732,0.012712959999999999,-0.005107964573826335,0.6194717411104137,0.03937753497444549,0.02442224172814244,-0.029999999999999916,-0.00022706477666911695,-0.292716045299118,0.07441663794828601,-0.013053559781990742
2023-01-31,0.040000000000000036,0.0,0.0013682132966073186,-0.008894098430104231,-0.0015165279161870866,0.0006749351460759086,-0.0029368418850157767,0.0003976871735423417,0.015181746687343867,0.0090288,0.0010834812868422234,0.022365128814674,-0.04474811319601417,0.03048395987329746,0.010000000000000009,0.0007138188136641688,-0.292716045299118,-0.027454698464409955,0.01453628532231832
2023-02-01,0.009999999999999787,0.0,0.0008135989731402226,-0.0067541556805106,-0.002628082118924617,0.0013004745613734857,-0.0012543222995682385,0.0021063160481313245,0.04767518331100249,0.0119823583333333,0.005711924383955325,-0.20887714647903408,0.012129065808278171,0.028024462110179806,-0.010000000000000009,-0.0029822488782036416,-0.309349794521238,-0.08214973689794558,0.010398089735209837
2023-02-02,-0.36999999999999966,-0.040000000000000036,0.00016481626395126677,-0.002450568900887484,-0.0014078343843016395,0.001739947446925278,0.001315016093163822,0.0015695196405427214,-0.016954046481036943,0.01776157666666665,0.004240683450673976,0.15019731446404913,0.029985368180340515,0.02792008290634983,0.010000000000000009,-0.0023952612646986893,-0.309349794521238,0.04700318728466035,0.014592431217643309
2023-02-03,0.010000000000000231,-0.010000000000000009,0.0006896217318287875,0.004723018881855994,0.0014676221518482057,0.0011099285128490183,-0.002926836244540553,-0.0017621252522784735,0.014562281566546889,0.01302887,-0.004748374103970695,0.2031601619740207,-0.0021554595325981715,0.027690104281140247,-0.08000000000000007,0.009816283549497484,-0.309349794521238,-0.021587454604383716,-0.0104086439893738
2023-02-04,,,0.0021952112224421258,-0.013265723479130768,-0.0026307321576683955,-0.000894137718455091,0.00037780377997048497,-0.0003203421104502364,0.01960332968702737,0.00795888166666665,-0.0008659758853321093,-0.12011376571201206,0.0031788466052892223,0.027644733122664147,,,-0.309349794521238,,
2023-02-05,,,-0.0014330829419656867,0.001181933832291042,0.0002501402303526174,0.0011962833960568766,0.00048077501254841686,0.0014395538753127573,-0.01439583881068397,0.0059599975000000005,0.0038875152716870923,-0.6017107251866761,-0.0018238309231912463,0.02718068126012982,,,-0.309349794521238,,
2023-02-06,0.040000000000000036,0.0,0.002490962930692164,0.0006618205302508403,0.0023659485793211888,-0.0012267147669853882,-0.0017481070869039823,-0.0013549969129136126,-0.005250369477225707,0.00875253249999995,-0.003652348950902645,0.2261082811551439,-0.01939718009884161,0.023694202134071956,-0.040000000000000036,0.008594077902089658,-0.309349794521238,0.05827920153773514,-0.006159416919169658
2023-02-07,0.0,0.0,-0.001041402738959742,-0.006115502359823935,-0.0011313248182706548,-0.0015917670488084302,-0.017908377696492308,-0.0006938712314407343,0.032599000015477504,0.00676727749999995,-0.001842165433172624,0.18042926235188828,-0.007874288485761313,0.01567587660226821,0.010000000000000009,-0.0016065527546462732,-0.309349794521238,-0.040436067970150535,0.012790383040920617
2023-02-08,0.08000000000000007,0.0,0.0032563401065332704,0.0005086174976684103,-0.0012813733654483265,0.0033364738371320472,-0.0017324673762859105,-0.0032078178965462127,-0.002881462461191055,0.01050386666666665,-0.008545973617799392,0.1392161611435906,0.027959111619526515,0.01830157190184992,-0.019999999999999907,-0.001695697253309092,-0.316594612243536,0.050676812869171695,-0.011142539811004326
2023-02-09,-0.020000000000000462,0.0,-0.0015350319667507156,-0.007975751584143966,-0.000319603761857617,-0.002365112133037652,-0.0010611643984826725,0.0019141742263944462,-0.08350470985154483,0.00473498916666665,0.005102945648187033,-0.11030310877125468,-0.013954819158762045,0.015299837760128485,0.009999999999999898,-0.001378467886963719,-0.316594612243536,0.05355766711912313,-0.008869043032445845
2023-02-10,0.1900000000000004,0.030000000000000027,0.00048168574321833863,-0.000850715683955094,-0.0013544318952965987,-0.001569593424567984,-0.0005942491568752485,0.0026605691214358993,-0.0023745779531555585,0.0036571675,0.007045592110722479,0.39121952034366037,-0.058025532713199476,0.026128985722076444,0.050000000000000044,0.0013643180527038723,-0.316594612243536,-0.008729444376650353,0.0021928652588769637
2023-02-11,,,0.0025368828010503323,-0.0014100136263394774,-0.0010595905441911748,-0.0004265603470320371,-0.0004853443721610808,-0.0012952747059480252,0.004251544343359239,0.0051274625,-0.00342222007155597,-0.19628449944144744,-0.01446575138140392,0.025490006009613292,,,-0.316594612243536,,
2023-02-12,,,0.0013242383993076327,-0.0011854125430192336,-0.00019952244235117784,0.0004795109327572873,-0.0007358457574132766,0.00025559974954389897,-0.015217999909176506,0.0010132700000000498,0.0006757460138302492,-0.5671838072201877,0.014604400303906404,0.027328072776230557,,,-0.316594612243536,,
2023-02-13,-0.009999999999999787,0.010000000000000009,0.0004943284955362027,-0.0023609157463792435,1.53821690361561e-05,0.0007801111608330691,0.015755927786791243,0.0004279145781432912,0.011922933988442234,0.00364402583333335,0.0011482244160946624,0.0766307135033906,-0.011220707080326596,0.027040925368996455,-0.040000000000000036,-0.0013251450040900892,-0.316594612243536,-0.00929784041042847,0.011383550959928712
2023-02-14,-0.08000000000000007,-0.010000000000000009,-0.0009261211427413365,-0.006940372699850925,0.0026119547919821852,-0.0015543731909149511,1.8115893266676853e-05,-0.0026107460413323787,0.027861045847409553,0.0056323599999999995,-0.007026154541869655,0.41224872594509265,-0.0021440284515850346,0.027167012635432378,-0.029999999999999916,-0.0004993628850389342,-0.316594612243536,-0.07289850795004771,-0.0002804160812814871
2023-02-15,0.02999999999999936,0.0,0.016142759022738602,0.0032703651032591342,-0.0020527317072364377,-0.004779822367705105,0.00291036097792515,4.529233666514167e-05,0.06194962798831768,0.0040758875,0.0001226709463935181,0.16640346925193675,0.025699416088023883,0.02667501209180223,0.019999999999999907,0.004433014191207896,-0.312703320472894,-0.03662229397979466,0.00276928565518908
2023-02-16,0.0600000000000005,0.0,-0.0005545187707624993,0.007748361185778606,-1.507770371759816e-05,-0.02049268438881843,0.0022313485888487694,0.0006619776328503671,-0.0507810250728514,0.025029395000000003,0.0017952000369412784,-0.029714728528688297,0.0813977330613779,0.04286121702328208,0.050000000000000044,7.803394314453982e-05,-0.312703320472894,0.10112776327554895,-0.013884644172641458
2023-02-17,0.13999999999999968,0.030000000000000027,0.004649652042597001,0.008209415604443045,0.002053768746561603,0.05670065921593577,0.0020412568287698674,-0.0021681263687683594,0.03250491475739297,0.01237981666666665,-0.005903808084017298,0.10472720848882004,-0.020110141894363012,0.03527576429420996,-0.020000000000000018,0.0007260877839607716,-0.312703320472894,-0.0074645780790461025,-0.002771285205906082
2023-02-18,,,0.006654160264333588,0.002175889221938356,-0.004754194120513047,-0.007988261650490755,-0.00016167641378551903,0.0004991535978527781,0.02522780740620871,0.016554706666666648,0.0013620669477151502,0.05492397444015864,0.03326043988932455,0.034234655338330665,,,-0.312703320472894,,
2023-02-19,,,-0.0001017707667660305,-7.143160926242582e-05,0.0013861135174725579,0.0006965987819115641,0.00040159950359162103,5.6617418145276654e-05,-0.01513805589771719,0.0133278458333333,0.00015443987794796428,-0.7481691607328756,-0.0010635768216261715,0.03494922036853387,,,-0.312703320472894,,
2023-02-20,0.0,0.0,0.002351961074209279,0.0016231461197103595,0.0012487235310944902,0.00043073057304040136,0.0008436371319928444,-0.0007747892369461851,0.036313535664205226,0.0100386175,-0.0021173151601597113,0.2912273162137884,-0.01092288537381635,0.034911975404014355,,,-0.312703320472894,0.058683501828090456,
2023-02-21,0.11000000000000032,0.020000000000000018,-0.0004633115143765409,0.00033763232467514336,0.0008757064673241343,-0.002112300887457475,0.001327265689038845,-0.0013677467033925187,-0.011056337367012307,0.01224755,-0.003753692807962655,0.14174621401661913,0.016097201733309675,0.03407591116012605,0.06000000000000005,0.0006053615312611171,-0.312703320472894,0.07441073231952489,-0.02024478441412292
2023-02-22,-0.08000000000000007,0.0,0.0005416320533928159,0.005244948341457263,0.0008920011340852338,0.0010331032200337183,0.007498579673380927,-0.003010912315412758,-0.01588581168839692,0.0077194608333333,-0.008376077421414115,0.08654424696726494,-0.02049941601562574,0.03665913797380509,-0.010000000000000009,0.0017667197909512211,-0.298124057144096,-0.02568786063691242,-0.0015747857327728099
2023-02-23,-0.11000000000000032,0.0,0.004383800650440197,-0.0010086012023891493,-0.010660913901620094,0.0023148339145056206,0.0014397380634974099,-0.0005883895613729732,-0.014888238994934529,0.00865468249999995,-0.0016474437873759524,-0.03038239516269472,-0.009649913679753142,0.019915874568033273,-0.050000000000000044,0.0020725139017212513,-0.298124057144096,-0.0529711669556856,0.00531527346027616
2023-02-24,-0.019999999999999574,0.0,-0.0012159766408557067,0.0015443556704849643,-0.0037241680416872022,-0.003111132923051258,0.0032008852024007226,-0.0012948722259508486,-0.016797910164302862,0.0069631666666666505,-0.003646801521139821,0.03683087813152114,-0.0014208573938209925,0.018240868737027478,-0.04999999999999993,0.003943832157051297,-0.298124057144096,0.024761835106176022,-0.010593457421727237
2023-02-25,,,0.00185158138887032,0.00977489896202418,0.0005918620209587932,0.000303776718491849,0.0006927329001270151,0.0001959244184165843,0.006107079235664671,0.00346769666666665,0.0005530274234699672,-0.1525175291758524,-0.0299490185790059,0.014838301284167629,,,-0.298124057144096,,
2023-02-26,,,0.0003085042806627682,-0.0004917256458167676,-0.0008378971974031434,0.0007318727724263664,0.00087669126454902,0.0002039426746678027,0.005147421175247463,0.00645125916666665,0.0005758399919932578,-0.42845338891571266,-0.00474867123683492,0.014606421772072888,,,-0.298124057144096,,
2023-02-27,-0.07000000000000028,0.0,-0.0005071181289363201,0.001633670872006083,0.0016650338763233724,-0.00048819559304484644,3.409038034086321e-05,-0.0013051809137116454,-0.018128985971212368,0.00748349499999995,-0.0036910970227314772,0.05705710898583423,0.02264239310998058,0.018701154793842902,-0.030000000000000027,-0.001432321815882709,-0.298124057144096,-0.03379016918012123,0.003068304831167268
2023-02-28,0.009999999999999787,0.020000000000000018,0.0017139992337362243,-0.0018884143094925275,0.000873253028517891,0.14646355256898386,-0.0001193917602804909,-0.0007964639681934684,0.012209014713937429,0.0053679208333333,-0.0022588698143151662,0.17571683832929602,-0.0025059728342902952,0.01658212534637859,-0.030000000000000027,-0.000494380143897466,-0.298124057144096,-0.012004946096823232,-0.0030405976856187067
2023-03-01,-0.04999999999999982,-0.010000000000000009,0.00010678002047280843,-0.004430055596549991,-0.0028903502626577097,-0.0008726941158083868,0.0013962963208073115,-0.001972970334308598,0.021971563118893197,0.0060388225,-0.005625532311932518,-0.125404342159071,-0.016206682185297402,0.01605292956555008,0.010000000000000009,-0.005780926696138167,-0.272743452874726,-0.005813969865419821,-0.00473646161526986
2023-03-02,0.009999999999999787,-0.020000000000000018,0.0023700627315984897,0.005004247899444763,-0.000260418839588206,0.019250220031100124,0.005532682763050732,-4.672890948432496e-05,0.02388633563547284,0.007721835,-0.0001343639757288529,0.23924902491081537,0.027752758559965396,0.02029175213470777,0.06999999999999995,0.004099029212131455,-0.272743452874726,-0.04930049844945428,0.007553542016923487
2023-03-03,-0.1299999999999999,-0.020000000000000018,-7.378843684049996e-05,0.012928163651745294,0.0010638892130408902,0.01755408377267787,0.003996069267965439,0.0017052453545794292,-0.0956671978796476,0.0013776374999999999,0.004911134713025108,-0.1522852781214403,-0.00851979682878938,0.020513826848957376,-0.07999999999999996,-0.0029433136148426797,-0.272743452874726,-0.05778918655741583,0.016018800257414867
2023-03-04,,,0.0014858286927936664,0.010188420691660698,-0.0021872614059762537,-1.469275061530543e-06,0.018854199137047944,-0.0017312730026670614,-0.0028137358003484858,0.0066173075,-0.005081427705674942,0.2502594170774624,-0.047866723878221946,0.02521331346378678,,,-0.272743452874726,,
2023-03-05,,,0.004562144749161598,0.007144497162753233,0.001568498000371674,0.004750674696330979,0.0016793951650388656,0.0013105349175304797,-0.013813944237079523,0.0022462333333333,0.003855356823449754,-0.9148694241582738,-0.0011193102342006841,0.02523763577001664,,,-0.272743452874726,,
2023-03-06,-0.07999999999999963,-0.010000000000000009,-0.000801625740597554,0.0031483220521710885,-0.0022191244795080937,-0.0013959725479150877,-0.0019088019449208747,-0.0013628781838820978,0.01291889655696592,0.00157461916666665,-0.004001988718802768,1.4588862246513095,-3.979647291686272e-05,0.02261306563041947,-0.020000000000000018,-0.0023974226766725337,-0.272743452874726,0.0064690252551260485,0.00068692352399502
2023-03-07,0.009999999999999787,0.010000000000000009,0.0019993264358120918,-0.006550361072377274,-0.0007897327153535489,0.08388126679542587,-0.002353471318834507,-0.0012982113478742445,-0.011170307535188021,0.0041399008333333,-0.003818037987607095,-1.0366165486819385,0.0011664458381875189,0.022774816061798035,-0.12,0.008078662710992113,-0.272743452874726,0.05132016130228978,-0.015445639173959691
2023-03-08,0.10999999999999988,0.020000000000000018,0.0011439808220811047,-0.0040568524799281785,-0.0035678650297701424,0.0001671024834257666,-6.759810803133672e-05,-0.00035522582348252027,0.0009767003816870709,0.007643034166666651,-0.001047193002904643,0.2686025026490244,-0.005563721027847622,0.022362918308281805,-0.040000000000000036,-9.221393309655213e-05,-0.241790206561384,-0.02480747370426739,0.0014138210863556822
2023-03-09,0.17999999999999972,0.030000000000000027,0.002401861867229405,-0.0011448854799220066,0.00017482179682533252,0.0015849072159773018,-0.0002401821684645531,-0.0019268535243610152,-0.0929773156914744,0.00509552,-0.005698108963836649,0.1062760959187355,-0.020699693943780573,0.017560239231478265,0.10000000000000009,-4.363991472011719e-05,-0.241790206561384,0.16818052803769667,-0.018631872945281458
2023-03-10,0.34000000000000075,0.07000000000000006,-0.0006358443280168649,-0.0016678673112512355,-0.010100571721453809,0.012344516343281133,-0.005142644957426786,0.0013992911525141224,-0.03861277581168656,-0.0032460308333333,0.004120023293097072,0.23430374806288667,-0.06373101283035543,0.02614097067861516,0.06999999999999995,-0.0016786996618796124,-0.241790206561384,0.09245136688105804,-0.014583974750191686
2023-03-11,,,0.003745085173297993,-0.02902686976471691,0.02196616205908652,0.021792883172762262,-0.005275259242455719,0.00893098538498797,-0.01444962606516055,-0.08552721916666664,0.025769020645881383,0.2615308009814151,-0.008144846886937212,0.023145666264466742,,,-0.241790206561384,,
2023-03-12,,,0.00251763901594342,-0.06820057011113578,0.032395912249796203,0.23276233345372357,0.0036717987884210515,0.0014359268111215303,-0.013460236363325283,-0.0823762508333333,0.004096867314025659,-0.16705258677885365,0.02344294678811393,0.02697261833529066,,,-0.241790206561384,,
2023-03-13,0.41999999999999993,0.1399999999999999,0.001672157571156205,0.02211285368452259,0.1701649034898986,0.22692023538473022,-0.011099646202206648,-0.006457019687456125,0.11465962289312466,-0.01572509666666665,-0.01834933307953232,-0.10288499205488726,0.07412686530058497,0.042097281077718755,0.42000000000000004,-0.0029108134397777263,-0.241790206561384,0.06705551214672534,-0.001510881613258519
2023-03-14,-0.29000000000000004,-0.010000000000000009,0.011499842110742179,-0.019571796867045528,0.016703171943289456,-0.025586026736892184,0.006841911679906325,-0.002734522751450292,0.0175730357131316,-0.007234104166666701,-0.00792778893275301,0.9587787252687621,0.07282392891931125,0.05031448759247548,-0.08000000000000007,0.001028508117409288,-0.241790206561384,-0.11115909486998987,0.016342380801372514
2023-03-15,0.45999999999999996,0.1399999999999999,0.005972676682755149,-0.02793145856262969,-0.03911043577361663,0.0016756529142296491,-0.008697270431891363,-6.400052410499712e-05,-0.014927914443344566,0.008460665,-0.00018468840500120788,-0.37700247194126874,0.020524025444089572,0.0499062175911741,0.14000000000000007,0.008998012354943796,-0.209259011052117,0.09672663774840373,-0.00700533639823675
2023-03-16,-0.27000000000000046,-0.029999999999999805,0.014660889855450769,-0.020713072456248708,-0.04055603981981053,0.0031222713966257646,0.0016715851137208738,0.0021032741301020763,0.019491378501292407,-0.0026022775,0.006061792684083945,-0.11930200403740747,-0.02077027823205446,0.04991441509179863,-0.15999999999999998,-0.0031645024972526414,-0.209259011052117,-0.12840736942098552,0.017409551286965197
2023-03-17,0.2400000000000002,0.010000000000000009,0.0012714841310738027,-0.01530842944966039,-0.038775489738942785,0.00017711210275622038,-0.006060998050898761,0.001748446634663802,0.10154891383163234,0.0110708183333333,0.004981126819861231,0.12307001656087713,0.020418991700591534,0.036353936177750526,0.15999999999999998,-0.0012972366900001475,-0.209259011052117,0.10401119337862985,-0.011080586449226715
2023-03-18,,,0.017682251780593138,-0.019438404591372676,-0.02074787180475566,-0.0037400206534798164,-0.00036246397789582653,0.00028397498464516834,-0.015214639626180254,0.0156393533333333,0.0008063834048102123,-0.13922344232190903,0.07652706852337521,0.037153679801066104,,,-0.209259011052117,,
2023-03-19,,,0.0005225026463831597,0.0005140709491247327,-0.007465902584441613,0.005003077354801952,-0.0003823923996744412,-0.0011922132408660427,0.05125601829980797,0.013833974166666652,-0.0033885186028280905,-0.30225756779346924,-0.013277171822815207,0.04187016666229672,,,-0.209259011052117,,
2023-03-20,-0.019999999999999574,0.0,0.007371406450529828,-0.0022373001470935017,-0.00312016807308136,-0.0033667354304660205,0.0017925794221441988,0.0006594334247153618,-0.02602932420288469,0.005085125833333299,0.0018790283073180406,-0.022654328149244674,0.028462654683381987,0.037731000056747635,-0.030000000000000027,-0.004536273167691007,-0.209259011052117,-0.05478615205513826,0.008878824909595906
2023-03-21,-0.3000000000000007,-0.10000000000000009,0.000884296116413765,-0.019849812398513512,-0.0005752567230036671,0.00490535116684269,0.007232252835498134,-0.0004099309028762646,0.02199326786783735,0.0044755308333333,-0.0011761463437851129,0.17824216688648117,-0.020647672404665203,0.034998842278133366,-0.12999999999999995,-0.0009780501701692756,-0.209259011052117,-0.12182847450168266,0.012898635541985115
2023-03-22,0.15000000000000036,-0.020000000000000018,0.006430459000556943,-0.005405172686013837,-0.0024756126157829557,0.0006524911456291929,-0.004886704634747373,0.0007115200068959793,-0.016141819487263873,0.00461905916666665,0.0020306260521784714,-0.4112899111973271,0.02479880817561423,0.035188099133105596,0.09999999999999998,-0.002269815791250629,-0.177758223455981,0.04033544025049984,-0.016600211922495944
2023-03-23,0.09999999999999964,0.020000000000000018,0.008244495119568008,-0.014307740473300986,-0.016347246246300403,0.002418330009961821,0.0042483265298481265,-0.0025994489777137293,-0.002617265665956319,0.004869165,-0.007470496683421054,0.08374286965284551,-0.032549139048212515,0.037324862266211026,0.09999999999999998,-0.007180316762936734,-0.177758223455981,0.015600940442479505,0.0029800838470404045
2023-03-24,0.1200000000000001,0.020000000000000018,0.004912496737586086,-0.01020970205755661,-0.0030139257079642764,0.0007103254526639235,0.004007232248463344,-0.0033143499479449654,-0.07368490081463054,0.00668177166666665,-0.009645458331671236,-0.4512577835178915,0.039720589663296633,0.03873988366729842,0.0,0.005837202302985567,-0.177758223455981,-0.03923840459681527,0.0056239581242092385
2023-03-25,,,0.01530566658267434,-0.012487632018097047,-0.005594659759288926,0.0013583826379310558,-5.595543396909345e-05,0.00032895110684552664,0.002335642305454548,0.0036582483333333,0.0009614328066038964,0.05615996381930871,-0.03604082377571235,0.031492972826626935,,,-0.177758223455981,,
2023-03-26,,,0.0005210974158250672,0.001073220759849693,0.0004106964629565538,0.0006656273138515944,-0.0003561452230040908,-0.0005186037155879881,0.03261776683815643,0.00857258416666665,-0.0015156148492182406,-0.3622491871655735,0.0021400614145299633,0.031056871983671342,,,-0.177758223455981,,
2023-03-27,-0.1899999999999995,-0.020000000000000018,-0.0056461464297401925,-0.006897235419751413,-0.004849037308706633,-0.006662750449505201,-0.004608790616529301,-0.005325327380585405,-0.014247422318414185,0.004304253333333299,-0.015624840523311536,-0.009140117599492927,0.013270587871612302,0.029285185154507083,-0.02999999999999997,-0.0017090832732984396,-0.177758223455981,-0.0538628058975279,0.0016455897389313634
2023-03-28,-0.020000000000000462,0.0,0.004798211252325783,-0.012713127136724468,-0.016736969376527324,0.0016509010663486653,-0.00155823596142313,0.00036949496553473896,0.025664217580578737,0.0089784058333333,0.0010903391265997917,0.21230744924480896,-0.03218899098561036,0.030837791657614414,-0.06,-0.004503109899420821,-0.177758223455981,-0.031059928367811462,-0.0015750808409311645
2023-03-29,-0.17999999999999972,-0.020000000000000018,0.000524749804579887,-0.0034898131871963075,-0.0057151483469759885,-0.0010011741660804878,-0.00045507351676356137,-0.0054296895468604126,0.053853877111494065,0.0132325025,-0.01613588698799582,-0.038573493559321353,0.01827491345154841,0.02994402008728134,-0.040000000000000036,0.00010023404658277002,-0.159026745130937,-0.043496239804468484,0.014136861145887636
2023-03-30,-0.08999999999999986,-0.040000000000000036,0.0004893393269799846,-0.0017307300690185933,-0.0027737726559917504,-0.0012730184902193277,-0.0032566526921195592,-0.0010289099448741717,-0.04999707069246885,0.0122730833333333,-0.003077212409229425,0.14630833695354126,0.025279544370499982,0.028676369117068657,-0.040000000000000036,-0.002659602727909771,-0.159026745130937,-0.005243850506011061,0.005698994460608731
2023-03-31,-0.16000000000000014,-0.010000000000000009,0.0009015034889360451,-0.012829100319957362,-0.0008232148153151115,0.0006272765640576644,-0.0023940458490670263,-0.0026591200888991446,0.06076064760893012,0.0099125683333333,-0.00797770374434263,0.06656756075957485,-0.007002894142706611,0.024152376883947616,-0.029999999999999916,-0.0003987134007115145,-0.159026745130937,-0.016967533256703415,0.014333332809426835
2023-04-01,,,0.0012587145804384657,-0.01009313275868902,-0.0006909017002263211,-0.0028179797314693807,7.463116333529165e-06,-0.001831997836372759,-0.012042719457281338,0.00973595416666665,-0.005533535200819149,-0.1339169856586285,0.01701219599744027,0.01972727850081385,,,-0.159026745130937,,
2023-04-02,,,-0.00045784368016948826,1.7931214648869464e-05,-0.00046081705190264416,0.0028223499481416572,-5.960871425868652e-05,7.320208111914383e-05,-0.021762906558731726,0.00605257666666665,0.0002216814066611811,-0.5921918846889047,-0.0005924755666177645,0.019825979912577205,,,-0.159026745130937,,
2023-04-03,0.0,-0.020000000000000018,0.00025825104394088,0.00058438537669451,0.002664483177592302,-4.126430655174059e-05,0.0009071151518944021,-0.0010469191275335717,-0.05442227221567445,0.0013498933333333,-0.0031780059498348525,0.12009583301873296,-0.011603169101464549,0.02029187952771421,0.039999999999999925,-0.0003335000864659321,-0.159026745130937,-0.008053734807096813,0.0036920936495175027
2023-04-04,0.15000000000000036,0.0,0.0010288718951109374,0.0034871786835978225,-0.00306239993131739,0.001252470990235091,0.00026496104363230504,-0.0012793100933065626,0.096127691976433,0.0019130008333333,-0.0038982435111531385,0.518917174381616,-0.003984616104370426,0.014506885263079965,0.050000000000000044,-0.0014962529378479417,-0.159026745130937,0.02396919011299614,-0.0058139203852078936
2023-04-05,0.10999999999999943,0.020000000000000018,0.0025790658863738686,0.0008591447099410735,1.0699592570862603e-05,-6.271216950630136e-05,-0.00020507451704241368,-0.00036067454927708856,-0.0029168089695455774,0.01317071916666665,-0.001101553306557036,-0.15389985697003314,0.022961443299198133,0.015290297911780208,0.0,0.0012858728153952725,-0.155059091363656,0.004201686853700259,-0.0024954291924714767
2023-04-06,0.0,0.010000000000000009,0.0007389708414401661,-0.002004599606632035,-0.0019285853867354995,-0.0010609285238147523,0.0012485115142376155,0.001522644651627641,-0.021843467112383868,0.00449167166666665,0.004647938222516092,0.060223042284200425,0.010964249638368716,0.013081241325843531,-0.030000000000000027,9.97474880595206e-05,-0.155059091363656,-0.036290001405200556,0.003572739725370866
2023-04-07,,,0.0006038634771344813,0.0035981490137953027,0.0005004655818406375,-0.00035427124951050435,-0.00027977597541687017,-0.000824950774936465,0.005011303135612814,0.0059585408333333,-0.002514811219423831,-0.23151405439362946,-0.013074488755380744,0.014091935864422696,-0.05999999999999994,0.0003980526479274715,-0.155059091363656,,
2023-04-08,,,0.0009924548613882206,-0.004319492711744732,-0.0004182346809169837,-0.00039591933578599986,-3.448342823325493e-05,-0.0010888638790949848,0.0005287231574219493,0.0012359049999999998,-0.0033289313266579067,-0.13673891756678377,-0.003433942867288325,0.012785538696610824,,,-0.155059091363656,,
2023-04-09,,,0.000480264870819425,0.00015306897462260806,-0.0009519327012087705,0.0006079841905762134,0.00011856061472474473,-0.0007550773390462445,0.0021988328561584536,-3.365750000000004e-05,-0.0023152606789855314,-0.2717007101904049,-0.00359536322229585,0.012865773225420799,,,-0.155059091363656,,
2023-04-10,-0.13999999999999968,-0.010000000000000009,4.926749659896521e-05,-0.0001351605729765749,-0.001298948681791792,-5.5969084904446875e-05,-0.0010450219725575637,0.002139933976895766,0.1001313304963633,0.0089958625,0.006540888197706786,0.24008977074227544,0.009198056768356087,0.012191673886431246,-0.010000000000000009,0.003680547078835694,-0.155059091363656,0.03050811933198272,0.0009958450470115565
2023-04-11,-0.07000000000000028,-0.010000000000000009,0.0009955197301029094,-0.007635155372228168,-0.003774890323196399,-0.0011289270139224236,0.0005884840632519382,0.00018337221597580723,-0.0007231022359363988,0.01125946166666665,0.0005588362158623976,0.36439565286499315,0.03577871196636555,0.016901313461672413,-0.010000000000000009,-0.0022563978425074183,-0.155059091363656,0.006829551105661746,-4.137234502721299e-05
2023-04-12,-0.009999999999999787,-0.010000000000000009,0.0016834781805906292,0.001333010874992229,-0.00014418224951144037,0.002068603862204314,-0.0026517004508136294,-5.028261904881131e-05,0.026411265545646795,0.00420899916666665,-0.00015280202775144443,0.05211402018263177,0.005607860352296192,0.015634679433038742,0.05999999999999994,-0.0043751783428662705,-0.158244211294037,-0.0005236973149282953,-0.004143458650798237
2023-04-13,-0.1299999999999999,-0.010000000000000009,0.0017536174005203136,-0.011625442199604675,-0.006984948745060499,-0.0023756077615049312,-0.0004980443540850965,-9.847830416137718e-05,0.08916102346173752,0.01143226416666665,-0.0002991807427304903,0.09968029152945387,0.0012249929545090936,0.015544138999408373,0.030000000000000027,-0.0051517735454940095,-0.158244211294037,-0.06996618043961655,0.013175446748329378
2023-04-14,-0.0600000000000005,-0.030000000000000027,0.002710900013766039,-0.0018624122661622163,-0.0009713163825318303,0.001531811188732899,0.007944495441011496,-0.0019107162298830581,-0.07060767132364833,0.014725342499999999,-0.005869192330038184,-0.03874536563319884,0.03184463912479758,0.016318188825522297,-0.050000000000000044,0.003921636465115341,-0.158244211294037,-0.04187592049169053,-0.002071498810490624
2023-04-15,,,-0.00021397667066448038,-0.0038092112062824393,-0.0007129467224107723,7.6465012022951e-05,0.00011239605053647668,0.0010039663391736885,0.010292869973988684,0.008056903333333301,0.0030885481319557232,0.24743665097510134,0.022951083257874132,0.015468052607645572,,,-0.158244211294037,,
2023-04-16,,,0.001528976320544042,-0.0015713857818262817,0.0038329643779181984,-0.0007527436523271494,-0.00017584708689041408,-0.0007840399803265571,-0.01084214916198243,0.015459504166666648,-0.002410737614161995,-0.6499020940421919,-0.004901375043195193,0.015731363944682546,,,-0.158244211294037,,
2023-04-17,-0.019999999999999574,-0.010000000000000009,-0.00011123058625623341,0.0011361397105185882,-0.0025450981419144906,-0.0009976039032181959,-0.002988876287976899,0.0014118978854998855,-0.019876575185238117,0.0089201983333333,0.004324154910107751,-0.011566160088778971,0.0059171803396288036,0.01596382642330753,-0.019999999999999907,0.003544205873987849,-0.158244211294037,-0.007054702979889971,0.0033007789687626854
2023-04-18,-0.040000000000000036,-0.009999999999999787,0.0004755637060299643,-0.0066678036751088325,-0.027634729021415057,0.00046156343512446815,-0.001961814706450624,-0.0020059441358754116,0.020589460421731945,0.010344185,-0.006137027961634308,0.31836898026336796,-0.023796136421532856,0.01818184333862044,-0.030000000000000027,-0.001458154258888733,-0.158244211294037,-0.007104825623744482,0.0008547842551518414
2023-04-19,0.040000000000000036,0.0,0.0012547151267235327,-0.007930259482152225,-0.003820353414834651,0.0016500632644446866,-0.0006707515792377005,0.0016166021016529011,-0.10291683394372594,0.00659635,0.004945498558390184,0.021832665067333494,0.0211744299318257,0.01911799747050385,-0.030000000000000027,0.0016618580642022707,-0.16941221999112,-0.022229812953790784,-8.424204429147153e-05
2023-04-20,0.1299999999999999,0.009999999999999787,0.005558911589978782,-0.003444183869544514,0.0017583382465351878,0.0023920339839768414,0.006671853772874098,0.00014467654093597277,0.005734287788950591,0.00424660416666665,0.000444357641597203,0.34536635813241895,-0.06722289971005252,0.03441237212289231,0.040000000000000036,-0.001535926590905845,-0.16941221999112,0.04223047966046023,-0.005970339945818637
2023-04-21,-0.08000000000000007,0.0,-0.0017697005178707842,-0.008851200042883062,-0.0035676730492404086,-0.003637951315076367,-0.0023285428144027946,-0.000950783604803005,-0.045128024626334494,0.01537727916666665,-0.002917035618559933,-0.15484412643245324,-0.00831192053362736,0.031007808615539943,0.0,0.0016088474964819355,-0.16941221999112,-0.023572099074266717,0.0009027859909256364
2023-04-22,,,0.0006140316156447143,-0.007031483562279966,-0.009347007428256289,1.602111203854998e-05,-0.0004884449225319661,-0.0007390656163137548,0.029254955049033984,0.010783404166666651,-0.0022722589280816914,-0.00795823744109369,-0.04179459933237044,0.029965653644264203,,,-0.16941221999112,,
2023-04-23,,,0.0014596046155455472,0.0006361485204722919,-0.005027338319486633,0.0014830860843027783,9.762817275688774e-05,0.0003065784199333426,-0.04294995992913491,-0.00029704000000005,0.0009432948420282936,-0.5509611979154252,0.01752746979267792,0.0325605400970615,,,-0.16941221999112,,
2023-04-24,0.020000000000000462,0.0,-0.0012659396545919965,0.001012449559117747,-0.0008645164348864084,-0.0034764223790302077,-0.0005494928778241354,-0.00043332263037743654,-0.0005184913839790437,0.00488932749999995,-0.0013327944324653936,-0.03646994057183542,-0.008314389172379926,0.03155393187193213,0.0,-0.0009039241654642538,-0.16941221999112,0.007130154984591464,0.0008512120612227392
2023-04-25,0.15999999999999925,0.020000000000000018,0.000784132065072898,-0.003506258657935451,0.0016962100988539804,0.001011598239602409,-0.0007681419177035765,0.00014245948813662468,0.028284776098359304,0.0051663108333333,0.0004380300479022525,0.308969710373939,-0.007390917436575425,0.031471886668931325,0.13999999999999996,0.003426059044931762,-0.16941221999112,0.10500521275836983,-0.015937145594968172
2023-04-26,-0.009999999999999787,0.010000000000000009,0.0010870635727797504,0.00020845818918043186,0.0010834265519062433,0.0011117128859069816,0.00021090458580238513,-0.0006209233429192344,-0.09486427533514052,0.0033306250000000003,-0.0019110053160248392,0.04243209595555112,0.022553642427992546,0.031728245358005155,-0.009999999999999953,-0.0024291055814575913,-0.182857257962459,0.004255325570138524,-0.0038486098771102206
2023-04-27,-0.14999999999999947,-0.020000000000000018,-0.0003967662004243542,0.0010024230670372782,0.0001339405124557618,-0.0016241950690910878,-0.0022171152041890493,-0.005088660585847301,0.06623171655670214,0.00357640416666665,-0.0157651610264751,0.5574089634172132,-0.0007789269329502079,0.02103854619515323,-0.07000000000000006,0.000896325377513385,-0.182857257962459,-0.10100577447362014,0.019377167380001836
2023-04-28,0.019999999999999574,0.010000000000000009,0.0011766636409031748,-0.006618628478830856,-0.002884954306484608,0.00036956170786193267,-0.0013559990473787145,-0.002420455400296889,0.012043547851413972,0.0061271633333333,-0.007576614123192583,-0.06943943532843759,0.0309105475886709,0.024560818828616434,-0.05999999999999994,-0.0017179643754596796,-0.182857257962459,-0.07623317925686868,0.008219359612569477
2023-04-29,,,-5.231685791775773e-06,-0.0017269529624445684,-0.010853226923012457,0.0013576235615217207,0.00013102438994333946,0.00024156224688781362,0.006216449050199932,0.0004434199999999999,0.0007588318294363277,-0.45657169935266606,-0.006652646651315924,0.016395150821798415,,,-0.182857257962459,,
2023-04-30,0.03000000000000025,0.010000000000000009,0.0011951461380791857,0.00038669249371737574,0.0014793761464723294,0.0002197625151077263,7.084248093396761e-06,-0.0009360694159849623,-0.01868158959742094,0.0059492933333333,-0.0029437567153923028,-0.6109659470125016,0.0007701014357598974,0.01578602283895174,,,-0.182857257962459,,
2023-05-01,-0.08000000000000007,-0.010000000000000009,0.0002847650087252412,-0.0003346183253066525,-0.0004939590352062256,0.0070390617435258694,-0.0005281623382736335,-0.0003132246550102343,0.004212597197830007,0.005772724999999999,-0.0009864475378112494,0.38635932127537287,-0.0027849185221603943,0.01516751317838657,0.04999999999999993,0.0018326695351822408,-0.182857257962459,0.018832948333091792,-0.0003862138497261469
2023-05-02,0.25,0.040000000000000036,0.0004653419443172324,-0.0034698469715561384,-0.0006577983282375121,-0.0037646484578031363,-0.0009936755045827045,-0.00022673242129615706,0.024289998972533373,0.0086728783333333,-0.0007139525963469089,0.29694548502850904,-0.03567895630918226,0.021526712733815047,0.020000000000000018,0.0013971740875842187,-0.182857257962459,0.10049796633493857,-0.01165389752800472
2023-05-03,0.08999999999999986,0.010000000000000009,0.00012023321199857569,-0.006530173650529592,-0.006252006143076481,-0.0043023925882313,-0.0010013237256283568,-0.002075770454591873,-0.0057777775936312505,0.00041913916666665,-0.006553564248013273,-0.13005515905937884,0.01960351936949893,0.021062655658154836,0.020000000000000018,-0.0040815391566138,-0.193646480469212,0.031010236742559982,-0.007022889090581685
2023-05-04,0.16000000000000014,0.06000000000000005,0.0012990539926211024,-0.0029230985941553606,-0.0026495517306166683,-0.0016575678155074799,-0.0005171353013651666,-0.0017113532159217185,0.0086482178959578,0.007150946666666651,-0.00543270759402718,0.10085743108251372,0.01450955992005614,0.021659499783013455,0.13,-0.0006449180598204762,-0.193646480469212,0.09113771199852438,-0.007244906241250959
2023-05-05,-0.1800000000000006,-0.030000000000000027,0.002154338581639321,0.0009566864431696987,-0.0013320866984399625,0.002349384745705989,0.001525541714126386,8.368716321415324e-05,0.08223799999365931,0.0036956149999999998,0.0002667597859621824,-0.373028762023917,-0.009415697251910937,0.01804586821258313,-0.09999999999999998,-0.004138872151897566,-0.193646480469212,-0.15589435943208496,0.018306159168067992
2023-05-06,,,-0.00017345663167438278,0.007924647756816186,-0.00126256404411791,-0.0009206060748422588,9.179399769219437e-05,-0.0004281037841429014,-0.08355432613386211,-0.0019561208333333,-0.0013654914970607558,-0.2379334110181502,0.041575830050516745,0.024415444486601857,,,-0.193646480469212,,
2023-05-07,,,0.001063876303509752,-0.0004790760449205884,0.0012003859955066036,1.7630202916971233e-05,4.693865256754572e-05,-0.00047548210990999934,-0.01939135240259836,-0.0098985383333333,-0.0015188707654882768,0.11846198570687226,-0.03477009124636008,0.0285622463858208,,,-0.193646480469212,,
2023-05-08,-0.04999999999999982,0.010000000000000009,-0.0031609588649685063,-0.0008920711371769818,0.0014701460805419905,-0.0033999973691114897,0.007256637557298239,-0.0017531176109341093,0.019472969397882994,-0.00929559166666665,-0.005661190958928417,-0.06859303379956787,-0.006170198151070626,0.02862620398141302,0.0,0.00017796093087607545,-0.193646480469212,-0.01229163851155679,0.0004519981658628325
2023-05-09,0.020000000000000462,0.0,0.0056536011751688675,-0.0027692990156940015,0.0006041591773816064,0.004893254879723191,-0.000999636292870224,-2.2778918904269046e-05,0.005748051174732945,-0.0033404224999999997,-7.369561009153493e-05,0.6981784253306024,-0.028515191667263524,0.027296917882681678,0.0,0.0020893032783844134,-0.193646480469212,0.042093270911541136,-0.004589891663840717
2023-05-10,0.040000000000000036,0.0,0.0006906097366031006,-0.0035908864790563035,-0.0002891636444158244,-0.0011859941017941602,-0.00030248280304941296,-0.001071676682170365,-0.04200358533227052,0.0041198858333333,-0.0034722476968066618,-0.7728982324621747,-0.0024885041704901718,0.02582897608285456,0.010000000000000009,-0.002000756321242747,-0.202071871174879,-0.04445176257083405,0.004473890233027689
2023-05-11,0.02999999999999936,0.0,0.0007741752593520478,-0.002618763921648555,-0.0007415289605538627,0.000532032541498095,-0.001719141679956063,-4.024756675093348e-05,0.045964044770984536,-0.0003463025,-0.00013041347238492687,0.5943478820885856,-0.00028170546086818426,0.024678946765629355,-0.030000000000000027,0.0037362737248178846,-0.202071871174879,-0.0005904930788642737,-0.001698060217456998
2023-05-12,-0.04999999999999982,-0.010000000000000009,0.0012296252472784846,-0.0014361107254256234,-0.0006369588498870216,0.0011082398849854046,-0.0006076128295452872,0.0007222011882362486,-0.038605931273676564,0.00219603416666665,0.002336135774300961,-0.48734903329405815,-0.023553722129463446,0.025593058587021503,-0.020000000000000018,0.0028255360509348293,-0.202071871174879,0.005889298529552889,-0.001584552162620767
2023-05-13,,,0.0016039897918127834,-0.0019381741640526636,-0.0014461448418774702,-0.0008032281550436073,7.474036462149494e-05,0.0007008496697385674,0.006702673663095226,0.001098335,0.0022620319793978587,0.14844763337641217,-0.0014602925730088905,0.014563279784105463,,,-0.202071871174879,,
2023-05-14,,,0.003485736722006478,0.00282190578408352,-0.0010450311713648308,0.0009261390616184354,-2.5295953943568265e-06,-0.000628438731882408,0.007819930425789528,0.00156940833333335,-0.002028079281590276,-0.37617354782644075,-0.0029932429525792205,0.011627061426312391,,,-0.202071871174879,,
2023-05-15,0.009999999999999787,0.010000000000000009,-0.003537144719680294,-0.003497536867930454,-0.0019459769218349355,-0.0017498257804833296,-0.0013176532032396263,-0.0012588370454554541,0.011531572880782263,-0.00210185583333335,-0.004069519199076431,-0.21193053141491675,0.0026196214170981164,0.01247188207623196,0.030000000000000027,-0.0017297771157140929,-0.202071871174879,0.005270876038999006,0.0029538685652354957
2023-05-16,0.020000000000000462,0.0,0.00010006630869631549,-0.005281848418927839,7.493733612913443e-05,-0.0007964168225536716,-0.0010021290344910305,-0.0023534085665779113,0.006913827652194095,0.00579082416666665,-0.007645021654712813,0.7093171090455616,0.011649273249057245,0.010612700701474376,-0.030000000000000027,0.00011328587366676857,-0.202071871174879,0.04956867724884573,-0.006398135861992671
2023-05-17,-0.040000000000000036,0.0,0.0005269951307357441,-0.003910615201761276,0.0013465715817273342,0.0017609701831965328,-0.0014598923625634872,-0.0020188481695174523,0.004412828478585405,0.0045129508333333,-0.00659543693314233,-0.14577234599558872,-0.0027872478220619815,0.010613911862586239,-0.030000000000000027,0.003624240873389084,-0.208776637530173,-0.06427915140456486,0.011820660164447716
2023-05-18,-0.05999999999999961,-0.020000000000000018,8.29854687068689e-05,-0.005837215420487299,1.959853054437087e-05,-0.0006966236886484669,0.000666362314596441,5.995773102064711e-05,-0.02378496114104793,0.003432455,0.00019663678671364264,0.000939097419564952,0.006032841305906467,0.011082067919119958,-0.039999999999999925,0.004018435449509639,-0.208776637530173,-0.04982804698185195,0.009400774284705093
2023-05-19,-0.07000000000000028,-0.020000000000000018,0.00028487014353852157,0.0036355517633758607,0.00016733943551601522,0.0005318579694011213,-0.0006999794668139494,-0.0012609031702483424,-0.005761054803256768,0.00781641416666665,-0.004140505915185719,-0.024153414961238698,-0.01523657392562327,0.00845873179310163,0.010000000000000009,-0.00261398601380769,-0.208776637530173,0.04626509784449917,-0.001446955746059686
2023-05-20,,,0.00042007043324689976,-0.0017827760730546713,-0.0006816491743197749,-4.3174981257354726e-05,-0.0001735373545270555,0.00019301498034171753,0.01689402459200113,-0.000712175,0.0006348174801736643,-0.11972522213560975,0.003465801828644596,0.008551565646386153,,,-0.208776637530173,,
2023-05-21,,,0.00027974409755570425,0.00017520568660612647,-0.004658802674584192,0.0001758189156400033,6.907152510391573e-05,0.0002492406727369484,-0.0018788724736593992,0.00059894166666665,0.0008192020510038976,-0.8665685326113406,0.005762866914118071,0.00861387463666595,,,-0.208776637530173,,
2023-05-22,-0.08000000000000007,-0.010000000000000009,0.00018360328372081205,-0.00043782640947840213,0.0027564619420640635,-0.0004201379497647393,-0.0007938395632391927,-0.001259892725046111,0.015086757460015844,0.00826151166666665,-0.004144600993131928,0.5357591906874477,-0.009814259569295686,0.00960418263842767,0.010000000000000009,0.002604826068250965,-0.208776637530173,0.02351666280292397,0.00015504597144122556
2023-05-23,0.05999999999999961,0.0,0.00043053407107483736,-0.0037938582886739543,-0.0006948531548124608,-0.00017418006418810415,-0.0015697022231974957,-0.0014586092954884796,0.036848456193182395,0.0095595575,-0.004812284305298728,0.09921108844730503,0.0055051581980785766,0.008573432121114341,0.009999999999999898,0.00193754092823184,-0.208776637530173,0.07390043007382019,-0.011285515564489756
2023-05-24,0.08000000000000007,0.0,0.0002828071080417205,-0.006282656631502746,-0.0030624273972649618,-0.00035552106324314594,-0.0015119381438462203,0.0005485165870394084,-0.035665857202593396,0.006820330833333299,0.0018096634273845635,0.37521128638248075,0.01627650289071776,0.010683137917689347,-0.019999999999999907,0.0012857379563859794,-0.212912478810876,0.0778401093804586,-0.007345550785867516
2023-05-25,-0.09999999999999964,-0.020000000000000018,0.000928381349431829,-0.00327308000065157,-0.0017882012911916928,0.0006732735966439052,-0.0002989352746614683,-0.0019380418875583037,-0.007614847518311516,0.00411540416666665,-0.0064067671894128915,0.28165773794822774,-0.03113263701592039,0.016060515651854356,-0.09000000000000008,0.0030341918672727175,-0.212912478810876,-0.04545076365291845,0.00871956478556335
2023-05-26,-0.04999999999999982,-0.010000000000000009,-0.00044560923676852457,-0.003556513658756689,-0.002050678514911023,-0.0002032474586223085,0.00022288949860993325,0.0034642357485010146,0.0016372047198053492,0.0053577325,0.011425850110013399,-0.27184549884712994,0.003993240639410143,0.015367250453632903,-0.06999999999999995,-0.0017467889912241574,-0.212912478810876,-0.06419027109052067,0.012964582735314423
2023-05-27,,,0.0008985869303513104,0.0010057937816758521,-0.0006679180454831561,-0.00011821523699433635,-0.00011533580991497247,-0.000391861886509333,-0.007834667321715371,-0.00026253750000000014,-0.0012857734729511284,-0.11872378022392513,0.010925942973207647,0.01596348046802684,,,-0.212912478810876,,
2023-05-28,,,-0.0001182673644039036,-0.0021001829391477903,0.00030422277378098236,-0.0005668602477892349,-0.00012480412218829166,-0.0013937152818335435,0.05443366600437148,0.00541874166666665,-0.004585914643762517,-0.5349174305745359,0.002800576833005165,0.015830661374925125,,,-0.212912478810876,,
2023-05-29,0.009999999999999787,0.0,0.0014872006075773922,0.0015001138357218205,0.0022261258248596587,0.0015170005962671903,-0.0002131177910284732,-0.0005043069228714048,-0.008107447626473533,0.0142515108333333,-0.0016642241120345656,0.7018531364268739,0.045276016099957586,0.022533109833085836,,,-0.212912478810876,-0.027677564522831766,
2023-05-30,0.040000000000000036,-0.010000000000000009,-0.0007139099362322604,0.00011145264581957648,-0.0008375697792017197,-0.0010931786220169822,-0.0004681325641380357,0.0010858994397580713,0.012770435358436643,0.0084247758333333,0.003578387308282151,-0.006235789843584749,-0.011554343330516564,0.023697888559999547,-0.030000000000000027,-0.0006285631568765382,-0.212912478810876,0.0,1.664492918251881e-05
2023-05-31,0.11000000000000032,0.020000000000000018,-1.1113795227174707e-05,-0.0037598045815750874,0.0006053644877883107,-0.0003807187735643358,-0.0007799162055626616,-0.0028983354333439702,-0.029220274864106985,0.0091782,-0.009572111816650991,-0.07481379711093203,0.0011142615352255198,0.023207415002545903,0.010000000000000009,0.003408405391757796,-0.214955360857216,0.027120306219194035,-0.006127372232972661
2023-06-01,-0.040000000000000036,0.0,0.0009708398573125737,-0.002403216938858256,-0.0009197360983178875,0.0019366067555814232,0.0004221793811391213,0.00017309178731842798,-0.010201480659134477,0.00806410916666665,0.0005744793106559661,-0.16479771756009634,-0.015511153409095875,0.019884586979998536,0.040000000000000036,-0.0076103419685455975,-0.214955360857216,-0.13656193964448793,0.009806229149665668
2023-06-02,-0.28000000000000025,-0.030000000000000027,-0.00016935422861401672,0.00330411520497937,-0.004596083547171024,-0.0001459431981990056,-0.00038521004864008993,-0.0019950387647262513,0.029186971178267962,0.006319864166666651,-0.006638929568800022,0.14371657276414013,-0.011264436320352827,0.020862866899177383,-0.09000000000000008,-0.000368250481137089,-0.214955360857216,-0.06944938827187119,0.014429789652144365
2023-06-03,,,-0.0007202153373823476,-0.002937149965923439,-0.0026847607278370766,-0.000933991473599433,-3.544673124293498e-05,-0.0015779202787603182,-0.009381679460161918,0.0056515608333333,-0.005282083882386656,0.1942924323338018,0.01990438262508796,0.021683166662048305,,,-0.214955360857216,,
2023-06-04,,,-5.057794666609497e-05,9.353602694105028e-05,-0.0008467383197969213,0.0002719065433762895,-3.0507145435304714e-05,-0.0006223839672515974,-0.0090675115861326,0.008317925833333299,-0.0020910617970743384,-0.7576701203476706,-0.00732270362836516,0.02214001451406776,,,-0.214955360857216,,
2023-06-05,0.019999999999999574,0.0,0.000260698298626326,0.002439743897970035,0.0009797721751486211,-0.0002608617651479775,-0.000665289626019355,-0.002337324278085124,0.0007332954195905873,0.0083875333333333,-0.007886860175929813,-0.009511297371222673,0.004870799105114196,0.012382523077224941,0.040000000000000036,-8.332996541682292e-07,-0.214955360857216,0.008864701760248117,-0.0020055732655688274
2023-06-06,0.0,0.0,0.00014185527494303332,-0.006089311841319014,-0.0013489994178604273,-0.00023442600909123724,-0.0016373990629718884,-0.0035234462774419695,-0.015896771191434074,0.0042634533333333,-0.011988257531653609,1.1295920201825767,-0.050131169319285324,0.021867661396394397,-0.040000000000000036,-0.0002750268168476566,-0.214955360857216,-0.05369013314031257,0.0023511165774898757
2023-06-07,-0.05999999999999961,0.0,6.573098691201672e-06,-0.0053098575185271625,-0.0033115223629600486,-0.0007148632970768127,-0.0015867486995685424,-0.0027800120591026504,-0.057182379149902145,0.012019070833333301,-0.009546035328807398,-0.011516018215709273,0.04568781377918524,0.03004011576547502,0.040000000000000036,-0.000940663236895567,-0.216762491016721,-0.0014336920018487298,-0.0038192757067676553
2023-06-08,0.05999999999999961,0.010000000000000009,0.0009545393257181574,-0.004645317572016835,-0.00022984183299889694,0.0004380481849523911,-0.0009077798312589162,0.00016750522586412802,0.011966586001829845,0.00868655916666665,0.00057724431668368,-0.3131476419243028,-0.029956918671349926,0.03158227824027521,-0.020000000000000018,-0.0024040420849971156,-0.216762491016721,-0.021022883701408812,0.006169535247098068
2023-06-09,-0.09999999999999964,0.0,0.00023584652925410764,-0.0029168161439057285,-0.003056137709749258,-0.00019510760647670832,-0.0011167837078317818,-0.003734673317931333,0.0023650611785503784,0.0079447583333333,-0.012935386974821515,-0.4325043004589051,0.006785838620065435,0.03163003311777989,-0.04999999999999993,-0.00116316350036616,-0.216762491016721,0.013100624045697895,0.001147473763687401
2023-06-10,,,0.00030916864551019734,-0.0036534013954796596,-0.0025805635631973105,4.595012576666808e-05,0.0003555178573456818,0.0009751881820610148,-0.006856917276963838,0.0077805333333333,0.0033950339093429395,0.032997643768022396,-0.002574649724510498,0.030209671885603313,,,-0.216762491016721,,
2023-06-11,,,0.0006246525215995126,0.0010871394858614218,-5.167842157225932e-05,-0.0035853796796451987,0.00022980562513746905,-0.0012462314785464757,-0.009901372726955108,0.0050749433333333,-0.004341698284785056,1.1906635619628907,-0.03521191771387837,0.03238001600173249,,,-0.216762491016721,,
2023-06-12,0.04999999999999982,0.010000000000000009,0.0003575378682825367,0.0009123791892844006,-0.0008301137532370057,0.003031369114172219,0.007718246792571166,-0.0023021364069537773,0.021600134485105196,0.00894083249999995,-0.008133022305858108,-1.196200435206382,0.00028813618709971857,0.03210632516376959,0.020000000000000018,0.001718327037036893,-0.216762491016721,0.08187649996870361,0.00927790266568529
2023-06-13,-0.16000000000000014,-0.020000000000000018,-0.00010937117807270753,-0.0028362733027410976,-0.004450484178552458,-0.00028017436915615525,-0.0013951618498274792,-0.0010681498423815749,0.012682903509919047,0.01265733249999995,-0.003790856582927874,0.06392653893763035,-0.0027323602858294643,0.02658342485021003,-0.010000000000000009,-0.0037491538822926884,-0.216762491016721,-0.027010419882762537,0.00690866488336539
2023-06-14,0.0,-0.010000000000000009,0.0007738812860364092,-0.00441877643178878,-0.005757952756419621,0.001499598922763393,-0.0012829334315461456,-0.0014944438218916349,-0.042526996947267,0.00921071666666665,-0.005321156017816714,0.01370227972475306,-0.002405719774505178,0.016251390347311136,-0.08000000000000007,-0.003478653180010838,-0.217837866615066,-0.051257270683949585,0.0008190720692198283
2023-06-15,0.03000000000000025,-0.009999999999999787,0.0005130937085810892,-0.002961669744709386,-0.0027447743647119097,0.0016733266033856255,0.002574970875038673,0.004155906176713347,0.008091181635657299,0.007761585,0.01476577083233387,0.1794978725244299,-0.04042274237835769,0.018747441740119084,0.010000000000000009,-0.0018868399184643891,-0.217837866615066,0.043699694347870466,0.012104580063653003
2023-06-16,-0.05999999999999961,-0.020000000000000018,0.0001373711034538082,0.004413132039349699,-0.020828457159860033,0.00012413844660040784,0.011633750086596822,-0.0002490694029909972,0.029792640411757693,0.009844700000000001,-0.000889106723319124,0.15946124922520677,0.01332904952923426,0.019903481496557185,-0.030000000000000027,-0.001128410618088438,-0.217837866615066,-0.06850038194239971,-0.0036783763376515566
2023-06-17,,,-0.00023532515877170167,0.004265580528043528,0.002269489502891088,0.4211746763517046,0.00013629869170540904,-0.004127207482461237,-0.015485054994136781,0.012351620833333299,-0.014851249995223283,-0.12969540713471683,0.029901540707152473,0.02503568558805946,,,-0.217837866615066,,
2023-06-18,,,-1.7771248913355784e-05,-8.25982038757009e-05,0.0029649836782601373,1.6832062963484863e-05,8.999604083450376e-05,0.0001149756640448196,-0.0031921394070457657,0.0095346908333333,0.00041676392039311156,-0.35916365208347073,0.006191737262184957,0.0214280881896081,,,-0.217837866615066,,
2023-06-19,0.0,0.0,-0.004560884065223663,0.0002813650454569737,0.0020148402202990706,0.00032595765586434985,0.0008606656999186742,-8.286032769260573e-05,0.020311984565517794,0.0073721358333333,-0.00030059336654075704,-0.12718782524115763,-0.005239335264909716,0.021542725461324276,,,-0.217837866615066,0.046889223687822223,
2023-06-20,0.0699999999999994,0.0,0.0005490304327112116,0.004015189571128703,-0.001010667131757979,0.0058083118956178985,0.0031099001292542823,0.0027489261971269724,0.09153783876012933,0.0100006675,0.009955158627052051,-0.020022158810673235,0.012896292131431817,0.022040272252815917,-0.009999999999999898,0.004378233154987754,-0.217837866615066,-0.022088536093292976,-0.0047463803686902395
2023-06-21,0.10000000000000053,0.0,-0.0004948248525816827,0.0022220317615664923,0.0053954386659051945,0.004057758885943424,-0.027412847266810262,0.0002468853495125308,0.012093575883355138,0.0068929375,0.0008652215729424247,0.807609944737265,0.04387708000895518,0.026893587667414155,-0.020000000000000018,-0.0017756089911138417,-0.219850953499671,-0.05023212548633316,-0.005259081846185509
2023-06-22,-0.020000000000000462,-0.010000000000000009,0.0004204882450028234,-0.0022056652009893756,-0.0039572394485359015,-0.0018257856167384985,0.00030424740633397927,-0.0003532468908826373,0.007003559228488433,0.014366917499999951,-0.0012385785670805264,0.25781387690900837,0.05820941790109513,0.022354329069335002,-0.010000000000000009,0.00023749148468876768,-0.219850953499671,-0.022214624733774002,0.0037038857650539825
2023-06-23,0.10000000000000053,0.010000000000000009,3.16739263457066e-05,0.0008099144351071028,0.0057269066242006715,-0.0018288362958012406,-0.0005844631157545283,0.0005797088697570763,0.008371031953543556,0.0082568883333333,0.0020306229558676864,-0.20207989725483796,-0.007737002616616527,0.02508351170842306,0.0,0.0033357575385855043,-0.219850953499671,0.040233130236452475,-0.007688274822307051
2023-06-24,,,0.0021199493834682323,-0.0005651556532548715,0.00021658709191915145,0.001145589792298206,0.00010976256272580181,-0.0002814443410771017,-0.005399374219366493,0.0038748,-0.000985445557509501,0.08079681603282673,0.016011927831241186,0.024690950535947498,,,-0.219850953499671,,
2023-06-25,,,-0.00046545252918596993,0.00025773303063409715,0.0016066579135403517,0.0006453202538808277,-1.4806872782878593e-05,-0.0013367913063613327,0.01438351682023281,0.01000121916666665,-0.004693860318953549,-0.6527550155183851,-0.005818512993120695,0.026009601279914123,,,-0.219850953499671,,
2023-06-26,0.04999999999999982,0.010000000000000009,-0.0008248173903953899,-0.0005510944940873165,-0.002200099242235039,-0.001157283832593961,-0.001074915509774835,0.0014912444265060708,-0.007466086696690239,0.0081639075,0.005229163450739917,0.15644320788945637,0.005020380966845809,0.02487574302976674,0.039999999999999925,-0.0006372044487461537,-0.219850953499671,0.05852157161965588,-0.004496875789266497
2023-06-27,-0.15000000000000036,-0.020000000000000018,-0.0013458385207447917,-0.003073327499834816,-0.00535922930157953,-0.0017876427256641406,-0.0015378703667732292,-0.00111754389285597,0.02532574680093003,0.004402925,-0.003910154190040847,0.28785653086888024,-0.013253866676086839,0.027505846800119985,-0.039999999999999925,-0.0015228749302984568,-0.219850953499671,-0.03644561992045636,0.011390657230512247
2023-06-28,-0.03000000000000025,0.0,0.001851771039812412,-0.005158359159083765,-0.0017955327918390959,0.0016360120807097588,-0.0010788799196341837,8.739061238111109e-05,-0.022577564684779332,0.0078580383333333,0.00030599084571028676,-0.11028502350744389,0.01474829955581844,0.024193895914655383,-0.030000000000000027,0.0037215694346821593,-0.223873894300495,-0.022820276259056804,-0.0003540724651998062
2023-06-29,-0.1299999999999999,-0.030000000000000027,0.0004063186462259205,-0.0036220266471999486,-0.0041774550536847295,-0.025517157391345677,-0.0019217691074212338,-4.089170497872638e-05,0.006255143991171968,0.01139460666666665,-0.00014289230481642092,-0.416358856508006,-0.02659340377029377,0.01544520306122908,-0.020000000000000018,0.0015808082493133924,-0.223873894300495,0.008157256948982727,0.004463550205313638
2023-06-30,-0.08999999999999986,-0.010000000000000009,0.000938470029798469,-0.006057478013816835,-0.003922180953992024,-0.0011104469734291988,-0.005730611238539486,-0.004748071336288414,-0.028684697456445144,0.0128569425,-0.01663567769634031,0.22397106100663444,0.013114141040247655,0.016259965314552628,-0.040000000000000036,-0.0013931240207725182,-0.223873894300495,0.003685960678923461,0.012194363266363695
2023-07-01,,,-0.001335905689140426,-0.02120306164621337,-0.00938553029290517,-0.00047263634433672696,6.902598983869003e-05,-0.00019132499828569823,0.01661057791241586,0.014727885,-0.0006762218334369202,0.547515286803287,0.0215164282515976,0.017240876520589424,,,-0.223873894300495,,
2023-07-02,,,0.0006120715283673918,0.0008882389623044503,0.0005581999751400546,-0.0005006203847831661,-4.1072696673226665e-05,7.327703441227567e-05,-0.014055657553731631,0.009841744166666649,0.0002590348016056607,-1.2000895940597525,-0.0007723563059070604,0.016999995856579672,,,-0.223873894300495,,
2023-07-03,-0.05999999999999961,-0.010000000000000009,-0.0007226429470697259,-7.633917871591537e-05,-0.0012095855674877898,7.984308517566013e-05,0.001996460803927705,0.0029396632694591823,0.069671831570322,0.01306827416666665,0.010357325280322838,0.36863179554427294,0.0022424127834776617,0.016949227412603754,-0.020000000000000018,-0.001246581389357182,-0.223873894300495,-0.0014727543162749157,0.0011700018289602099
2023-07-04,0.0,0.0,0.0007819964518763813,0.010884782228168684,-0.0014231945627066168,-0.004319475923426964,0.0005006837838712661,0.0003797422640332982,-0.032265115327931596,0.0073265175,0.0013308229124343051,0.5056960493003392,0.014219696503742453,0.016103861211110855,,,-0.223873894300495,0.009534358987301594,
2023-07-05,0.019999999999999574,-0.010000000000000009,0.0004729188550303176,0.002363372712143461,0.001219212875900643,-0.0005237817308088704,-0.000560413028841742,0.0003078224794395252,-0.00396369095131861,0.00974283749999995,0.00107687542894615,-0.2580949763916667,-0.010113178313886253,0.016460919997979207,0.09000000000000008,0.001143526999588751,-0.229968534269704,0.034436688269902316,-0.0019702536362675716
2023-07-06,0.08999999999999986,0.010000000000000009,-0.0007398264353105942,-0.0033223778647972924,-0.003443114431235136,-0.011076252632192609,-0.002307128868577714,0.0002880277678373814,-0.0598639966673562,0.00583662666666665,0.001004258719896898,-0.0016282747811927891,-0.011633908507709158,0.012673814700705388,0.050000000000000044,0.003938665679536157,-0.229968534269704,0.0851290234926485,-0.007954065287478329
2023-07-07,-0.019999999999999574,-0.010000000000000009,0.0020023875666838344,-0.003081289354769309,-0.0007578729188710633,0.0016370646564091546,-0.0005973411284304871,-0.0020707675922293956,0.003067918068035064,-0.00039595000000000006,-0.007238289734796715,0.6498882487069426,-0.022794646390498007,0.015385676892184801,0.05999999999999994,-0.006221990022692303,-0.229968534269704,-0.04030938844678911,-0.002869292613603136
2023-07-08,,,-0.0014832836910956375,-0.0031480054063293735,-0.0016688652748870218,-0.022124826738979173,-8.893394075988354e-05,-0.0004670883403892137,-0.0035202111866903447,0.004954745,-0.0016398108697136145,-0.4781616970336248,0.009109087408502206,0.012860386085169625,,,-0.229968534269704,,
2023-07-09,,,0.0004619098581882303,0.0010810865261852113,-0.002183873291741589,0.0011076112159742475,-9.387307289752558e-05,0.0011775268380743444,-0.0022182289525584007,0.00431077416666665,0.004128422395517672,-0.7037143727380519,-0.002034309654870799,0.012835712546102284,,,-0.229968534269704,,
2023-07-10,0.04999999999999982,0.010000000000000009,2.2145308860712165e-05,-0.0008253288948129411,-0.0004509652961088762,-0.0006064582158985236,-0.0012973731093888499,-0.00040058251632306934,0.022610970704572454,0.0048936466666666505,-0.001400715124763663,-0.04737002781504582,-0.0010119816458612398,0.012672048680781558,0.040000000000000036,-0.0010191954952070148,-0.229968534269704,0.016053856488563056,0.0024022317330238963
2023-07-11,-0.08000000000000007,-0.010000000000000009,-0.000538102997694424,-0.004180181541758131,-0.0035144855314909154,-0.0003055624982068115,-0.0005948908381393873,0.0007660486875449847,-0.016604274261253393,0.0101443908333333,0.0026753399057208517,0.7427102327029257,0.005938681344737412,0.011025418713642945,-0.050000000000000044,-0.0018545231602251633,-0.229968534269704,-0.01537977489916953,0.006719588071620208
2023-07-12,-0.09999999999999964,-0.010000000000000009,0.0005301726317843315,-0.0003800985168648245,0.00197020974312016,-0.017446429606083478,0.007562833948136749,-0.0028788846174583197,-0.006412875940102563,0.005944345,-0.010168496129173239,-0.22975017892498442,0.0038704675246135777,0.011136558740043588,0.030000000000000027,-0.00927270302465466,-0.238721867762715,-0.09167797025510538,0.0073838175010525475
2023-07-13,0.020000000000000018,0.0,2.3949059193597903e-05,-0.003597607506945873,-0.0016948655752515253,-0.017947429810259843,0.0007159269403621967,0.000987201037356832,0.08246001328017612,0.0059145025,0.003501051193072423,0.19882350175964847,-0.0041259098354892694,0.010468736448550925,0.030000000000000027,-0.0038786940462873787,-0.238721867762715,0.005156549179245573,0.008434509266770363
2023-07-14,-0.07000000000000028,0.010000000000000009,-0.0009344127291273565,0.0038568673795140343,-0.0015976357810603453,0.0023630899387196737,-0.0008157398694774502,0.001966824400139974,-0.114167507267403,0.01507254999999995,0.006933264097688902,0.4647611854747081,0.05027320926140644,0.018856127834741755,-0.08000000000000007,-0.0011680857787652599,-0.238721867762715,-0.02003777617589675,-0.0010249061954503702
2023-07-15,,,0.0037928184627704043,-0.004625965792761884,0.00014033256371891154,-0.0026479869295129373,-3.1241229801733815e-06,0.0010895350143768523,0.05884101149730616,-0.0053472383333333,0.0038201245962133836,0.04760169634830721,-0.03545690893539005,0.02521079635697135,,,-0.238721867762715,,
2023-07-16,,,0.00026197863542001994,0.0011310910500703837,0.0010359743403792246,0.0010967596653004323,-1.7225755890518593e-05,0.005691444669706912,-0.0018499976709688256,0.0010255083333333,0.019721169804299558,-1.1924674340622305,-0.001405361087329052,0.025193085325464465,,,-0.238721867762715,,
2023-07-17,0.07000000000000028,0.010000000000000009,-0.001844009504560563,-0.002349393332577435,-0.002650887771782955,-0.002647084416544299,-0.001677727810791124,-0.0005844182137626074,0.0019092283143569734,0.0007595841666666499,-0.0020038488826453803,0.1909505292661205,-0.003168898984628371,0.02525749348354155,-0.020000000000000018,0.0006866718465330379,-0.238721867762715,0.010440064996683152,0.0038479435973783893
2023-07-18,-0.07000000000000028,-0.010000000000000009,0.0027943374905876743,-0.006987596324267771,-0.0005845024804084821,0.004143635424533334,-0.0007454338799651042,-0.0008805040680752664,0.01695636202570398,0.003326905,-0.003024409773561223,0.3684798179202064,-0.004327295974517143,0.02530730684010664,-0.009999999999999898,-0.0008567044906468979,-0.238721867762715,-0.01344307025645275,0.007092079866133361
2023-07-19,-0.009999999999999787,0.0,0.0005640904608498644,-0.0009520779485675944,-0.0005598637627721025,-0.020634304099268336,-0.00036872201378680046,0.00144870687214567,-0.009424983328085711,0.0057077475,0.004969434996681024,0.17705140100962755,-0.0089152187506663,0.025510062127778014,-0.050000000000000044,0.0027289896384878887,-0.251604190990203,0.03400179727748931,0.0023550834835130985
2023-07-20,0.009999999999999787,-0.010000000000000009,-0.0006762903864669775,-0.00086844081017875,-0.002223740981385014,0.0012300789246544705,-0.0007247370513188408,-0.001517900725959352,0.006717489969210554,0.0052664458333333,-0.005203624186988075,-0.24458611704689195,-0.0009042673705745756,0.025473682800206943,0.040000000000000036,0.0021154264129439326,-0.251604190990203,0.016576956172192236,-0.006779806181850034
2023-07-21,-0.009999999999999787,-0.010000000000000009,0.001256255077391477,-0.0021569152407271306,0.00047710440462301197,0.004463349967883852,-0.0010877973458819131,-0.0017777046087349053,-0.014171860025454898,0.00105323916666665,-0.006122219783966465,0.24675631274736692,-0.001751059155549448,0.012412594351481981,-0.030000000000000027,0.0029473160317987634,-0.251604190990203,-0.02827299593538335,0.0003241023001034904
2023-07-22,,,-0.0006563548022356368,-0.002594419469719067,-0.00672650074756816,0.0003592477451347481,2.9461640596248493e-05,0.003986649911934692,-0.0034097713152896458,-0.0064610325,0.013678131047499013,-0.41076681523218134,0.0022590422512269327,0.003459836806913063,,,-0.251604190990203,,
2023-07-23,,,0.00024276281873333806,-0.0002257909200180638,0.0006801683958551853,3.3885868103495025e-05,-8.9532931676392e-06,-0.0005877089584623914,-0.016866684726969613,0.00030745916666665004,-0.0020046822200428284,-0.16247097319037967,-0.012273970899214125,0.004950851488356517,,,-0.251604190990203,,
2023-07-24,-0.07000000000000028,-0.010000000000000009,-0.0005847049615400772,-4.138581954130039e-05,-0.0003488125975393678,0.0003586912191092597,-0.0016483926627630099,-0.00037467168252192296,0.056453892547266994,0.0006442441666666501,-0.0012780006634369508,0.10383730168964082,0.013698388256354641,0.00840810106214768,0.030000000000000027,-0.0010977536179170855,-0.251604190990203,0.022538213193345147,0.004025974035343438
2023-07-25,0.020000000000000018,-0.010000000000000009,0.00044294919732369096,-0.00553651709679269,-0.00720018334296712,-0.0008550028949279483,-0.0007591095208825516,0.0011581389212229275,-0.01794919460225839,0.006060566666666651,0.003942143468534737,0.5679665287385521,-0.0247418232616285,0.012157508537993406,0.010000000000000009,0.00037425388343326205,-0.251604190990203,-0.00360101217359432,0.0028107581456495723
2023-07-26,0.07000000000000028,-0.010000000000000009,-2.9558774878821333e-05,-0.0006420305744775637,-0.001905779565464515,-0.0012200641576794182,-0.0009014838759116151,0.00014731272986149852,0.00019819811621129592,0.0066513983333332995,0.0004998690441897987,-0.6977948601067634,0.0025842579819161803,0.012263364160463856,-0.020000000000000018,-0.000819127738470371,-0.266562708828232,-0.04954802703253414,-0.00015545953102247267
2023-07-27,-0.13000000000000034,-0.030000000000000027,0.0012494010225672077,-0.002936148519023475,-0.002117847890251894,0.0015765531322048335,1.009886900427727e-06,0.0002710206209235093,0.00685296737491262,0.0032143933333333,0.0009189896657072356,0.5090187887285166,0.006138766259367676,0.01274519308518402,0.05999999999999994,0.0011355642419337286,-0.266562708828232,0.08846344328220779,-0.006445427491140521
2023-07-28,0.040000000000000036,-0.010000000000000009,-0.0013516432649000138,-0.000931847674277564,-0.0024496910292514597,-0.0003288296624005059,-0.00040870246315207793,-0.0009667016582932557,0.015662292474146713,0.0095107233333333,-0.003280468464773664,-0.2633508478751455,-0.006210205522285201,0.012841033803171524,-0.010000000000000009,-0.000897820766023294,-0.266562708828232,-0.07790527582081364,0.009829414508766732
2023-07-29,,,0.000550262778210175,-0.001174906353348902,-0.00517302020743471,-0.00014643233376466036,5.8830471889373975e-05,0.00040914349037229095,0.0016708013832271054,0.0049046183333333,0.0013898096099072999,-0.2296305002413556,0.00620908087627295,0.013175125001819036,,,-0.266562708828232,,
2023-07-30,,,-6.444118991351593e-05,-7.220179306014756e-05,-0.0011668774792981747,0.08467693373822166,-6.86368633095446e-06,-0.00035529668691094784,-0.021559089937986664,0.0039482375,-0.0012067800046706156,-0.45893002459286514,0.002384219477878949,0.012429600280404948,,,-0.266562708828232,,
2023-07-31,-0.029999999999999805,0.0,1.5260635361491022e-05,-0.00024262489463752748,0.0019926123354396556,0.0003435500547883057,-0.00033761253698045456,-0.0002806143721368006,0.023546782643569367,0.00725747,-0.0009538265669080976,0.5513466069529747,-0.006436535669005405,0.01097874529007108,0.0,0.00030643587729528576,-0.266562708828232,0.022256111517823918,0.0014676396864565788
2023-08-01,0.029999999999999805,0.0,-0.00038606933548868203,-0.001868236684379676,0.0026626715521408375,-0.012808872699513627,-0.0023357614984473316,-0.001165615614643793,-0.009804797919865412,0.0051150383333333,-0.003962486071473414,-0.0694144962528308,-0.0019977372218751314,0.00534737947129132,0.040000000000000036,0.006342717201560433,-0.266562708828232,0.021771542083273143,-0.0026686495524472775
2023-08-02,0.14000000000000012,0.020000000000000018,0.0002974163349033597,-0.006394426552885377,-0.013899717336228046,-0.01574518101827355,-0.0013287392949304702,-0.0014034049311530661,0.004010158396531821,0.015529775833333299,-0.00478539480709635,0.6443150597655182,0.008517834949399852,0.006162828157227589,0.06999999999999995,0.004652920503260383,-0.282557900000424,0.14415317321257737,-0.013936235197657965
2023-08-03,0.020000000000000018,0.010000000000000009,0.0008612087321302309,-0.004814413028925656,-0.006872710037798742,-0.001079022079078941,-0.0011725810499122482,0.00022307797355430184,0.006285773947461994,0.01343119416666665,0.000761301079775344,0.12250852632036165,-0.015212753723370484,0.008256272122781549,0.10000000000000009,0.0022597401650550353,-0.282557900000424,-0.01062178058805463,-0.002551225527671619
2023-08-04,0.029999999999999805,0.0,-0.0005659939755225438,-0.0037875959164423707,-0.006945976898886708,1.2972260819199646e-05,-0.000771074133399965,-0.0031668256010340297,0.0058772046768738795,0.0119510108333333,-0.010853715855611484,-0.3972461174088933,-0.00012291698307577978,0.008034502505741432,-0.030000000000000027,-0.0048300532199005985,-0.282557900000424,0.07150228309237727,-0.005314091027456058
2023-08-05,,,-0.0014486402372680418,-0.0023942075321398736,-0.006008063650981335,-0.000858760053343565,5.363588219892785e-05,0.001313807845729521,-0.006632702257739041,0.01316751,0.004517385199106869,-0.005721156574938559,-0.0034899400276423714,0.007405573521939366,,,-0.282557900000424,,
2023-08-06,,,0.0011613686233188463,0.0003045749129559714,0.0014379182057812044,0.0005355991985253572,-1.9093285229281513e-05,-0.0008087969779569674,-0.004910187245845868,0.007361400000000001,-0.002778491899689573,-0.7944554030010627,0.0010964779897528294,0.007283743391650875,,,-0.282557900000424,,
2023-08-07,-0.03999999999999959,0.0,-0.0007792274163870072,0.00010682726916690434,0.00028229951598593336,-0.001121883812524977,0.0007148590289059691,-0.005434374195780968,0.019381928086917195,0.0166484908333333,-0.018885459975153833,0.007865485897339269,-0.0023287755548228356,0.007078262879318121,0.05999999999999994,0.002184935079506012,-0.282557900000424,-0.0809690625336672,0.008983583955258112
2023-08-08,0.029999999999999805,0.010000000000000009,-0.0034342087366427713,0.003525427203620903,-0.0013988052994661528,0.011574783206113581,0.001594167233328593,0.000950752305532378,0.021246764408548117,-0.0110529841666667,0.003335190949003734,0.9177101565567374,0.002362602530610864,0.007261212557361586,-0.04999999999999993,0.004689990567368518,-0.282557900000424,0.013854125870915723,-0.004227192022497661
2023-08-09,-0.06000000000000005,0.0,0.0008395977653637399,0.006594355242863519,0.003178168777908221,-0.0006845832201080421,7.877927861141633e-05,0.007512685524390807,-0.0320217443371214,-0.004509917500000001,0.02597208057307776,0.0553108311441843,0.01832086182011301,0.009928310455749944,-0.07000000000000006,-0.0013775702495548714,-0.299997052953485,-0.001877934824200178,-0.007063636404007312
2023-08-10,-0.10999999999999988,-0.010000000000000009,-0.0004517266501854806,-0.0009039449714175217,0.0014925871365343796,-0.0006308873831001201,-0.0015895529931748626,-0.0021696989280763,0.007907795143804276,0.0116412175,-0.007419990456978249,-0.06825762138461712,-0.0035259638678663318,0.007646701612813522,0.06000000000000005,-0.002664331611076598,-0.299997052953485,-0.006916091698373261,0.0002506562955826297
2023-08-11,0.0,0.0,-0.0006147280110785718,-0.005021665653469388,-0.010851501490812907,-0.009000495572302425,-0.0008092521323891322,0.0015937911577139621,-0.0072237881206356856,0.007699633333333299,0.005451446496101168,-0.555930339847605,-0.004092321232181789,0.007950649855039729,0.0,0.0039257139118662465,-0.299997052953485,-0.06584326258405504,-0.0010702036647138868
2023-08-12,,,-0.0015809930585540962,-0.001381418062931898,-0.009756794196753954,0.0016170410773864877,0.0008601791956545605,-0.0005657490805942857,-0.004523123492351869,0.00497204166666665,-0.0019333669833692297,-0.3495917298606744,-0.0013603068785356482,0.007780568159572855,,,-0.299997052953485,,
2023-08-13,,,0.0004993238119758252,0.0017386149136318825,0.010335201101470572,0.0005325911878265676,0.00017669873248972432,-0.00041925204554461404,-0.008063075470741376,0.00562332666666665,-0.0014354032325141603,-0.2956675741648064,0.0005207252569161722,0.007788535666515861,,,-0.299997052953485,,
2023-08-14,-0.040000000000000036,0.0,-0.000625626409729563,0.0007121873485350654,-0.0037730119024449193,1.9151086372598533e-05,-0.001730687440415647,-0.00038563144839044543,-0.009974198292072781,0.012331804166666651,-0.0013198295334180244,0.3017446153334617,-0.004604880262111258,0.008015042300468291,-0.040000000000000036,0.003718830331652434,-0.299997052953485,-0.0013486178712933672,0.005733913274736935
2023-08-15,0.06000000000000005,0.010000000000000009,0.00024239969480418288,-0.00675382815949676,-0.006736829944479822,-0.06572896846734474,6.0178452685380255e-05,-0.001116510464744928,0.03414687069084184,0.00828606416666665,-0.003831357378675167,0.699580051076098,0.003056335775428742,0.00803767654339395,0.06000000000000005,0.0011669467442017023,-0.299997052953485,0.10495557538098277,-0.01161806073636562
2023-08-16,-0.040000000000000036,0.020000000000000018,-0.0028163848764866236,0.0010947539588610914,-0.00987331112357359,-0.012154187585978037,0.0003090325629152598,-1.8990570044810694e-05,0.013495437472550892,0.010959495833333301,-6.53143328612716e-05,-0.05869921116440529,-0.008451256622353775,0.0037550320807859866,0.020000000000000018,0.0011838659756762127,-0.315844819436814,0.019254505790136545,-0.00758413033820915
2023-08-17,0.14000000000000012,0.010000000000000009,-0.00033689022774826486,0.002023161633976547,-0.0012792249407108148,0.00220624273707098,0.00040209941121066594,-0.00047854721850429426,-0.23213109806254079,0.00244468666666665,-0.0016479419132327852,0.2890393996021104,-0.011986431268960002,0.005180102637179587,0.04999999999999993,0.0014040229092211476,-0.315844819436814,0.06405419648156752,-0.0077427623561252545
2023-08-18,0.0699999999999994,0.010000000000000009,-0.007933654329582282,-0.0028347936795895434,-0.008659949400083853,-0.0027130849510460403,-0.0018715807326074767,0.0014587474739638897,-0.06738699016634302,-0.0059031658333333,0.005005585636828124,0.8725484003498284,-0.07914003515444887,0.02894137899799729,-0.020000000000000018,-0.0007644540066822358,-0.315844819436814,-0.03353539601689448,-0.00014874022775579476
2023-08-19,,,0.005344184551023132,-0.0007972247132108734,0.01137037016825427,0.0055501515751471865,0.00038168104472095636,0.0015298607761020065,-0.027580747420490704,0.00220892666666665,0.00522481487132175,-0.5319174474913362,-0.0132814808368869,0.028380054623449613,,,-0.315844819436814,,
2023-08-20,,,-0.00022890710604088672,-0.00019006859510759588,-0.0012558418629928939,-0.00026440612365614605,0.00037408199951226284,0.000264804301840725,0.023018642681976426,-0.002141585,0.0009019377545610319,-0.9490580315783538,0.003756735276117482,0.02872341656662066,,,-0.315844819436814,,
2023-08-21,-0.04999999999999938,-0.010000000000000009,-0.0007613910600458558,0.0001228376570367327,0.009547370199552457,-0.0005277150290705978,0.0002984903012725603,0.001811558611984781,-0.005686908949958409,0.0022511308333333,0.006150373542726297,0.22202381905613905,0.005016747386973032,0.029566674245336832,0.030000000000000027,0.0002540528078194271,-0.315844819436814,-0.00987518916770469,0.006855621481268059
2023-08-22,-0.040000000000000036,-0.010000000000000009,0.0005496152453308732,-0.00047699493737050826,-0.001260671549329732,-0.002813338547832378,-0.010902187128287924,-0.000499023586375134,-0.032195593657421126,0.0040225633333333,-0.00167210523719544,0.10672015316297755,-0.005461624502114931,0.02889456957318259,-0.050000000000000044,-0.0008911290895543544,-0.315844819436814,-0.00938423308989389,-0.002781282092231052
2023-08-23,-0.010000000000000231,0.0,0.0009275708264478537,-0.0012080523052951794,0.001453401977695104,0.001125261776654096,0.0004331685922454906,0.0010064468752378577,0.007932796655048133,0.004681017500000001,0.003370951141379587,0.3919755957448553,-0.011221219855296873,0.02879836538602074,-0.07999999999999996,-0.0027014889585785795,-0.328307965287589,-0.06010913890800618,0.010984339030271073
2023-08-24,-0.009999999999999787,-0.020000000000000018,-0.00026408731557630487,0.0015214651298016807,-0.005901110444790788,-0.004580695404833054,-0.0012377586099126961,-0.0008772091683687416,-0.0076075326025438605,0.0038981325,-0.002933812393750969,0.06555023518485176,0.021189002233400672,0.03211636656729383,0.010000000000000009,0.001703944497601917,-0.328307965287589,0.07357144348127864,-0.013549420207498386
2023-08-25,-0.010000000000000231,0.0,-0.0008736918183356936,-0.0035348181017753454,-0.0062294766615280705,0.05746134988536944,0.0005950388469180743,-0.0012798639555922106,-0.007674804313412887,0.0033355158333332998,-0.004298547355059845,-0.3012184131563025,-0.012201369683450765,0.012569784238733075,-0.030000000000000027,0.0023119515210003883,-0.328307965287589,-0.09252336889714563,0.006695523315476848
2023-08-26,,,0.0003336979293374058,0.002379067681664774,0.0047386038237954035,-0.0007081257811670497,0.00017995821877077594,-0.00027951035718538854,0.0013420336164826686,0.004440075,-0.000941395514535841,-0.671412597631867,-0.0032428288363785447,0.011566617036431397,,,-0.328307965287589,,
2023-08-27,,,-0.00039875212407665194,0.002189815651799664,-0.011139879542264468,0.00031651104508234905,0.00023615999381695213,-0.000128607866491118,0.012119278697412104,0.0056846458333333,-0.0004335536983204614,-0.51493794412652,-0.003087932493967537,0.011454374791945924,,,-0.328307965287589,,
2023-08-28,-0.040000000000000036,-0.010000000000000009,0.00028124163205850953,0.0010661356832959354,3.139669272720175e-05,-0.00017792502942899955,-6.794524909702819e-05,0.0013523291748036125,-0.008301503996562582,0.0034549508333333,0.004549191304558977,0.2420076564029962,0.004887800968106373,0.011442645115930754,0.0,-0.001645980178049733,-0.328307965287589,-0.039016652342451774,0.0062450565111582534
2023-08-29,0.010000000000000231,0.0,0.0003462547499332977,0.00020513604552442063,-0.0025754702485501963,-0.000299049177806242,0.001351016869915344,0.002076234057456141,0.10425610919031067,0.00337985416666665,0.006953708950040056,0.7028061236298404,-0.0006188479889217513,0.011294925668129339,0.030000000000000027,-0.00040401958465086096,-0.328307965287589,-0.04267494802136884,0.014404107984150372
2023-08-30,-0.07000000000000028,0.0,4.5603332093476664e-05,0.007308028292704873,0.006229716388948181,0.002242085267528022,-0.0004337531797364108,0.00014616680283100327,-0.042915154734792745,0.0059247399999999995,0.0004875123246553984,1.1194777233754378,0.05288102500783552,0.022089194165673603,-0.030000000000000027,-0.003942342999020632,-0.337046760568235,-0.04024545947978275,0.003825802169906467
2023-08-31,0.050000000000000266,0.0,-0.00014657357360279617,-0.0034790324249848463,-0.0025403186180013933,-0.0017391267564033457,0.00027115305820583663,-0.0026554201926528805,-0.07871659958616578,0.00483695666666665,-0.00889636096815352,-0.653169206570321,-0.015174753686153723,0.022881444384461744,0.020000000000000018,0.0035938905112331554,-0.337046760568235,-0.0225874812318807,-0.0015982216816592398
2023-09-01,-0.040000000000000036,0.0,0.0003452174786872287,0.0013723527770416214,-0.0005354783492308663,-0.00028950271861601036,-0.0008906807096719408,-0.0008025613663342731,-0.0033917048968797815,0.0033690641666666993,-0.0027020316620705565,0.2951606237730001,-0.04363159376775129,0.028768047383724907,0.07000000000000006,0.004431836752913476,-0.337046760568235,-0.03601289392496909,0.0017975431036134637
2023-09-02,,,0.00016835831824293923,-0.0007056363006816149,-0.004972366104376703,0.16888778320641248,0.00021394496731107,-0.0006686682475001456,-0.0023262105574392506,0.00491675666666665,-0.002257318020898614,-0.22947620864407123,-0.0066738733900664916,0.028838968003633895,,,-0.337046760568235,,
2023-09-03,,,0.0002103546490487507,-0.00040375927837494675,-0.00018011707638392518,0.000886734339536266,0.0005700306356988063,-5.6888886558224215e-05,0.0053586220094710745,0.0031669875,-0.00019239291836979161,-0.7855626550471977,0.0025007350786409015,0.02886925996583344,,,-0.337046760568235,,
2023-09-04,0.0,0.0,-0.0006101802454690906,0.0017579893417213244,0.0009312889427052471,5.6427409432842895e-05,-0.0011157237685746873,-9.533930615412992e-05,-0.0038041299704722393,0.005541870833333301,-0.0003221519865387015,0.11345105489458766,0.0018125965301302046,0.028790990984022904,,,-0.337046760568235,0.05426823841771533,
2023-09-05,0.020000000000000018,0.0,-0.0009342248527282083,-0.004171392245039165,-0.0022781668043723793,-0.0024085494676226475,-0.0018128098489138367,-0.000523039927714007,0.01825030653794085,0.0046675225,-0.0017659961715413798,-0.018598950995412537,-0.003976835975030908,0.02880626363828877,0.019999999999999907,0.005578198849990557,-0.337046760568235,0.013654542009391868,-0.0042030108696096136
2023-09-06,0.029999999999999805,0.010000000000000009,0.0008917831322118367,-0.0024915204620361005,-0.005820571256067936,-0.04847364771661465,0.0003863690379230386,-0.0006364160025145827,-0.000861724027001918,0.0038404683333333,-0.0021538475449992974,0.0942083649254416,-0.00012040146482972768,0.016306501815716384,-0.039999999999999925,0.0035560839376200803,-0.342516036462604,0.030923054209525347,-0.006995992744252888
2023-09-07,0.040000000000000036,0.0,0.0004287975497623208,0.002135606073079133,0.001396728551309243,-0.0032460039848843034,-0.0012486073341312252,-0.0022200456983573346,0.02415541005169855,0.005680257500000001,-0.0075404569655901504,0.3405225289777975,-0.0006637922417920173,0.01636094275301187,0.039999999999999925,0.0007029779236988887,-0.342516036462604,-0.003466207976486224,-0.0032164682050073168
2023-09-08,-0.04999999999999982,0.0,-0.00028664470071460154,-0.0043467137279371935,-0.0048085378309538195,-0.001802963873127706,0.001141488568394867,-0.0005928256901421443,-0.010023473808209204,0.0039007308333332998,-0.0020255207171095504,-0.5391912811388362,0.012545809227003483,0.006103881889275804,-0.04999999999999993,-4.346038115432549e-05,-0.342516036462604,-0.039665256392431125,0.0014255841976638095
2023-09-09,,,0.0017622051883130704,0.005272376235379651,-0.0001508012336696766,-0.022124203704446933,0.00035677023875290467,-8.744982373461102e-05,-0.001799478974689235,0.0042274174999999995,-0.0002992460627943059,0.2873082025587091,-0.008503710634911803,0.006502233888924808,,,-0.342516036462604,,
2023-09-10,,,-0.0001818880822326877,0.0008141797569485991,-0.0018682949870229217,-0.00021994081035675602,0.00045994837671645687,5.8850230949040456e-06,-0.01498982757217908,0.00238434,2.0150138598549536e-05,-1.6207132073920367,-0.0009290822761953906,0.006456593466436949,,,-0.342516036462604,,
2023-09-11,-0.03000000000000025,0.0,0.00012003033924373823,0.0019545632944840833,0.001108200756832266,4.87618221590142e-06,-0.0006946614654199199,0.0010565225731228472,0.02748870840957672,0.0023582875,0.0036084341663064406,1.4902922601357516,-0.006273743320566714,0.006797535386928723,0.039999999999999925,-0.005005639626796565,-0.342516036462604,-0.0028943580263645075,0.006701012782986737
2023-09-12,0.020000000000000018,0.0,-0.0003148089099722208,-0.004232783969808866,0.0006563766290450481,-0.007252709207624488,0.0009458679315525659,-0.0007875871313709752,0.000899070490113147,-0.00018943416666670002,-0.0026912270425119003,0.7145136847121158,-0.035103579226536556,0.014633428544592953,-0.029999999999999916,-0.0003898942430362595,-0.342516036462604,0.030683819938601697,-0.005712155841120392
2023-09-13,0.010000000000000231,0.010000000000000009,0.001442014060151424,0.00574819776219937,0.00012749338121458093,-0.0008035080214708859,0.00012203445434980843,0.0001002834997045585,0.026633004966634056,0.00011035250000000001,0.0003431185685058275,0.03514705724558056,0.028719173630082712,0.019632190501977172,0.0,-0.001950928671302421,-0.342184537512443,-0.054145306617599864,0.0012408533465713134
2023-09-14,-0.07000000000000028,-0.010000000000000009,-0.00027853019474079183,0.0002353320368890867,0.00014320779327545215,2.9374442492797815e-05,-0.0004556396118760553,0.000585798643434385,0.025909896682630284,0.0004556258333333,0.0020010416184660894,-0.30134719174415975,0.010831314551034404,0.020182776208246697,0.0,0.0015237664239702298,-0.342184537512443,-0.05020065399163709,0.008394550741110507
2023-09-15,0.010000000000000231,-0.010000000000000009,-8.799384233050504e-05,-0.003144556332630602,0.0005573748890662976,-0.0012094687122920793,-0.0005875334223466799,-0.0015965261819635768,-0.02034268967633691,0.0024079433333333003,-0.005459831527425059,-0.03230764115809176,0.01161958402939808,0.020091050869649223,0.020000000000000018,-0.00033410535353706194,-0.342184537512443,0.07293724031268667,-0.012234084667106515
2023-09-16,,,-0.0005421870259330579,-0.0019896103809054974,-0.0030842349185966965,-0.01831871447823493,0.0005511176410899403,3.18686917799319e-05,-0.0070489549826376965,0.0022300408333333,0.00010933750626363613,-0.19547919863497196,0.006683733498616614,0.01983157411502775,,,-0.342184537512443,,
2023-09-17,,,0.0005707133206878815,0.0024667534638034175,0.003991957134765749,0.0020790375853627046,0.0002536222528477886,-0.00014154522818210852,-0.012252754839666612,0.0020510608333333003,-0.0004858386487785933,-1.0978016598270854,-0.003738661221135124,0.019934121418415468,,,-0.342184537512443,,
2023-09-18,0.029999999999999805,0.0,0.0001589890440869988,0.0009253950682493177,0.006193677647485103,-6.90268542109688e-05,-0.0005787827372414008,-0.00015387516212542958,0.03163504437144023,0.0015650974999999998,-0.0005281218874130586,0.6229106140928982,-0.004359361865995599,0.0198173688671217,-0.040000000000000036,-4.2905564858308765e-05,-0.342184537512443,0.01511363781004782,0.0007210364368379629
2023-09-19,0.0,-0.010000000000000009,0.0003210721182864239,-0.002126597296004617,0.0009183596464219289,0.0001969456810554375,0.007998387189135087,0.0020985085613247794,0.021359801392529958,0.00104018,0.007235899497830949,0.9417907350498022,0.008482879551173536,0.011122062650893196,0.020000000000000018,-0.00024179077129016235,-0.342184537512443,0.00782643624946422,-0.002153419552961111
2023-09-20,-0.04999999999999982,-0.010000000000000009,0.000986999712837516,-0.004445804671200241,-0.0013403241736383079,-0.00015132998646433412,-0.0010775560540580674,-0.001159849272760018,-0.018713015978291045,0.00199105583333335,-0.003988511576619527,-0.29474519260048704,0.011008862129750038,0.00693410309865372,-0.06000000000000005,-0.001649532256370989,-0.337375030597964,0.07045648214458033,-0.009439204623111763
2023-09-21,0.1200000000000001,0.0,0.0002886323754209229,-0.0015156779109495866,-0.008172151565024351,0.05172692154622646,-0.001609367014506127,-0.0012917664937377937,-0.0005712040782328915,0.00317229916666665,-0.004453767329268658,0.12154130206626486,-0.00869236718185017,0.008350171369932533,0.14,0.004849142100980863,-0.337375030597964,0.1471437389347341,-0.016536873951467967
2023-09-22,0.040000000000000036,0.0,-0.00013381234268805382,-0.007052158584340602,-0.0002231083173243584,0.07130888292306414,-0.0003085950832162929,-0.0008565300260666518,-0.008037744200675856,0.0010106575,-0.002963212911652808,-0.2760217534890303,-0.02209946812553571,0.011630837587812824,-0.030000000000000027,-0.00018265336145351085,-0.337375030597964,-0.019574603124629775,-0.0022982509659392747
2023-09-23,,,0.000270774447937667,-0.0013461516508330483,0.0009238656045408265,-0.0008173347295618315,0.00026595757792133485,-0.0009191236362856885,-0.001808586598878305,-4.2816666666700026e-05,-0.0031904057542750173,-0.1167803713205559,0.0032411288299562468,0.011278977206985716,,,-0.337375030597964,,
2023-09-24,,,-2.6205703834280955e-05,0.0008087379030866367,0.004393673430792096,0.00033148513176139115,-5.998192226595822e-07,-0.00016155493055650106,-0.009235403489721215,0.00372206,-0.0005618325653041592,-0.47585434145722966,-5.5585578653451894e-05,0.011287025855867,,,-0.337375030597964,,
2023-09-25,0.040000000000000036,-0.010000000000000009,2.6837282359263097e-05,0.00011658959537394079,-0.00332249966378542,0.0008774265357360855,-0.0012037832502067012,-0.0012086457005021144,0.013425493495307392,0.00104839,-0.004208219606715256,0.18772919224483364,-0.010142938573662191,0.011710862646927868,0.12,0.004791408453001189,-0.337375030597964,-0.017595761890379702,0.004015021275819208
2023-09-26,0.06999999999999984,0.010000000000000009,-0.0005097647027998999,-0.003917355285910795,-0.004492742201096674,-0.0011356807218285325,-0.0005822952129102898,-0.0005795622697541825,0.01550285203744908,0.00698269166666665,-0.002023018916171723,0.4624757055662912,0.003456258969657397,0.011053067098013314,0.06000000000000005,0.0029429041819080126,-0.337375030597964,0.11396246582890468,-0.01484412871796259
2023-09-27,-0.009999999999999787,0.010000000000000009,-0.00010185949650638203,-0.002524638792503479,-0.002047142551334796,-0.01517361041002986,-0.0010931851088560266,-0.001030127435585362,-0.004853604467204357,0.01179637916666665,-0.003601946964072761,-0.20651870223928295,-0.0005258402359385485,0.009276856261657234,-0.010000000000000009,0.00419859031687686,-0.328393989844005,-0.03875619592612001,0.00022929233000645866
2023-09-28,0.05999999999999961,0.020000000000000018,0.00038836956071833364,-0.004843414108020988,-0.004541963642345016,-0.0008810251524221916,0.0011046494002419774,0.0006108076235506663,0.05520833377500355,0.0057095075000000006,0.0021396770659390524,0.24814873766418266,0.0043121514466910645,0.00970060221423875,0.03999999999999998,-0.0037088111811458546,-0.328393989844005,-0.04950392047941632,0.005875776887473094
2023-09-29,-0.05999999999999961,0.010000000000000009,0.0008860966437132098,0.0037705046388003013,0.006289961768579045,-0.0009093039290502006,-0.003118703204483096,-0.0022407555786533237,-0.016681043254724744,0.005132807499999999,-0.007847335206269665,0.47061866547791553,0.02920726216694501,0.01206241106700961,0.010000000000000009,-0.0018501740479210937,-0.328393989844005,0.010327114155849415,-0.00271316867551441
2023-09-30,0.0,0.010000000000000009,6.579408568071773e-06,-0.020716496732677267,0.0015827768102161988,-0.0003496966477991429,0.0005741399585934818,-0.00035769047298254384,0.0061763996450851675,0.0038902800000000003,-0.0012591079364364637,-0.3912735843965381,0.0030539337926097313,0.012065132519370908,,,-0.328393989844005,,
2023-10-01,,,-0.00011973158785543925,0.002181425474409185,-0.0013217725257035104,4.861836652624416e-06,0.0002989085609611228,-0.0006037607081820843,0.02024303303605254,0.0043555408333333,-0.0021295411257193347,-0.5390525531792622,0.0018790484220619942,0.011973575312921756,,,-0.328393989844005,,
2023-10-02,0.08000000000000007,0.010000000000000009,-7.838288414842174e-05,0.002387458709278916,-0.0022718391823364137,0.0005274130578414005,0.001764911129565214,0.0037144116197403497,-0.034343703948556625,0.0066542933333333006,0.013052772095260911,0.4262180773005136,0.03661363194262864,0.0151009533874205,0.010000000000000009,0.006087346022357387,-0.328393989844005,0.00512383699986918,7.928697692172193e-05
2023-10-03,0.14999999999999947,0.020000000000000018,0.00026255255359718555,0.006660515998479872,0.006082035537201388,-0.0005649900259942034,-0.0016344751158692788,-0.0013932942015035745,0.005611612967771888,0.0062079883333332996,-0.004868230305848645,0.5924495675024822,-0.026508424818357638,0.020810528913933698,0.08999999999999997,0.0059172273691165955,-0.328393989844005,0.11620440368645157,-0.013839410161484267
2023-10-04,0.11000000000000032,0.010000000000000009,0.0009486302920220864,-0.0014316810378983856,-0.0029722570261939943,-0.0013745610667474353,-0.0003822665094985633,-0.0014715391794359932,0.02952469045365512,0.0052717875,-0.0051655056793358444,-0.4909567912274464,-0.005891648521580945,0.021222737378451654,0.020000000000000018,-0.0015377192884979962,-0.316146726886143,-0.06258559280887388,0.008077093787001388
2023-10-05,0.009999999999999787,0.0,4.505456233057429e-05,-0.0030861364706098937,-0.00018088021644711613,-0.002259482405370805,4.125806201667106e-05,0.00010571615707592195,0.004510346496512107,0.0033794399999999497,0.00037199891791432106,-0.044913531251024055,0.003931344522559136,0.021228556767712785,0.010000000000000009,0.00246228415282701,-0.316146726886143,-0.004855687986658808,-0.0013048673867483984
2023-10-06,-0.04999999999999982,0.0,3.5581553050384206e-05,-0.0004412225404497448,0.0020225190376275603,-0.0021227879179912218,0.002269002952219384,-0.00020726105756327617,0.022283572464088776,0.00121379583333335,-0.0007311077820859184,0.15128553400136882,-0.01724394776112375,0.02000480463940874,0.010000000000000009,-0.004392223051334021,-0.316146726886143,-0.05789039675059726,0.011745628333713398
2023-10-07,,,0.0006532682689665042,0.011213090692992847,-0.00265434643862646,-0.002040058781666035,0.00040058195653942054,-0.0005506409427986924,-0.005364195382695593,0.00341205666666665,-0.0019457515329279083,-7.498233467964513e-06,0.019676704358392,0.021444936432885923,,,-0.316146726886143,,
2023-10-08,,,0.0013405565109944585,0.0016293643734125772,0.0019292331036382694,9.28774473713006e-05,0.0001196819489655114,-0.0007612771659350082,0.006991760627218836,0.0047482800000000006,-0.0026966319737747923,-0.708627420046545,-0.0031009198316616507,0.021523544498024797,,,-0.316146726886143,,
2023-10-09,0.009999999999999787,0.0,-0.0001132675263696964,0.0011717217530116892,-0.00038384311815418395,-0.00031984699796162093,-0.0002938973964679734,-5.136768446489884e-06,-0.014936885370176746,0.004290644166666651,-1.8215071500013722e-05,0.11851533021293377,-0.0007898303665799805,0.014830629571446364,,,-0.316146726886143,0.014224990931347214,0.00628403208104622
2023-10-10,-0.08000000000000007,0.0,9.657683070847855e-05,-0.0023469170242955482,-0.0001448684942881671,-0.0009661685482663081,-0.0009954052766301667,2.452061733626477e-05,0.004017241209310822,0.00573066916666665,8.686105213127555e-05,0.3896859063071227,-0.023194082160622645,0.014034031826610638,0.0,-0.0034764707577013,-0.316146726886143,-0.03858814490518636,0.0051944583608865
2023-10-11,-0.009999999999999787,-0.020000000000000018,-0.0004810057677757441,-0.005089599694932128,-0.0015729167879526456,0.0015202381328295825,-0.0015114463322002537,-0.0008970313160420023,0.013742985450774469,0.005725299166666651,-0.003177721753833692,0.02767910201758219,-0.007706218997352594,0.014095691126781067,-0.10999999999999999,-0.0012902024965368852,-0.30493685637798,-0.056778533670305276,0.0042838286545681115
2023-10-12,0.0,-0.010000000000000009,0.0001889086422132405,-0.005464296759763602,-4.0184095010036744e-05,-0.01502223342120144,-0.0010343404424674521,-0.0005526046151752496,-0.002533848817250704,0.008318686666666651,-0.001960602028011371,0.1933380020720875,-0.010954094130431148,0.013808902216658698,0.04999999999999999,0.0035807856626295376,-0.30493685637798,0.036611776669452034,-0.006265948885271655
2023-10-13,0.04999999999999982,0.010000000000000009,-0.00019016198840003575,-0.0057393530547977375,-0.00724655585612504,-0.0012017820897792077,-0.0003437090399106232,-0.0008140072610806103,-0.007760900986253066,0.007464896666666649,-0.0028940634137021026,-0.11758913079147701,-0.011171140970366518,0.013174708750546956,-0.04999999999999999,0.0031222992438673103,-0.30493685637798,0.14633109111062836,-0.005031477449687571
2023-10-14,,,0.00017847557262875907,-7.329369729173193e-05,-0.001039298041758208,0.00035464819576067324,0.00034887717676170807,-0.00014637511677462417,0.0015191020464328424,0.007738895,-0.0005214832425357119,0.07618254760589703,0.006674626898235113,0.009454492124828111,,,-0.30493685637798,,
2023-10-15,,,0.0004094143266143855,0.001613610160457887,-0.0024067293969730597,0.00021436046642098983,0.00047365111300655215,0.00015154616789755988,0.016715720830688893,0.0051352475000000005,0.0005401566292926604,-0.8776165731417938,0.0018557113594349025,0.009981599718032122,,,-0.30493685637798,,
2023-10-16,-0.03000000000000025,0.0,0.000317239309722985,0.0014193526861846226,0.0019109938232140067,8.547910534090626e-05,0.0006974069106359673,0.0019024472702983376,-0.03364243636718856,0.0047553133333333,0.006760892573800108,0.18011098935964306,0.0060559022548570965,0.010921868801241285,0.02999999999999997,-0.002242888035707047,-0.30493685637798,-0.11565021856092406,0.010538619453747344
2023-10-17,-0.019999999999999574,0.0,0.00021899514252402593,0.0032160139874459893,0.002122504207829073,-0.0008144518720819871,0.0006516298807107244,0.0010101488886805413,0.009293919348959076,0.0023887875,0.0035736849866604328,1.2490129047147547,0.03825352389239142,0.017207298268441973,0.020000000000000018,-0.001609325506087167,-0.30493685637798,0.03819215952192012,-9.832133478049343e-05
2023-10-18,0.07000000000000028,0.020000000000000018,0.0003896642052117896,0.0018278014542125762,0.00042148049896292253,0.00013984648615566355,-0.00016758392122286032,-0.002502305537757849,-0.02126159611783186,0.0015341500000000002,-0.008874590374976921,-0.7425195441850835,-0.0131034757365723,0.01788938682889625,0.07999999999999996,0.00562578680200243,-0.29540211660796,0.07226863379677839,-0.013490386223825368
2023-10-19,0.04999999999999982,0.020000000000000018,0.0010089732737839979,0.0026630980999372573,0.00222432275149987,-0.0011603273544338532,0.009878115064292481,0.0014273638691178724,0.03229432352697738,-0.0013724549999999999,0.005122105056392198,0.13977185330144445,-0.0018929828437819738,0.017060920282589254,0.12000000000000002,-0.00013569573160854276,-0.29540211660796,0.10743951848565914,-0.008519009694152757
2023-10-20,0.14999999999999947,0.020000000000000018,0.0022430886914711246,0.005245550367796347,-0.006893311012657759,0.12513190208322753,0.00023300099012539156,0.0023581434428595013,0.021525753010480143,0.00273429583333335,0.008407106663463369,-0.06493904025775232,0.008167004991532981,0.01574570597066254,0.01999999999999999,-0.0015035773415910114,-0.29540211660796,0.014382061862394657,-0.012665186185758515
2023-10-21,,,0.0010056849373866002,0.0014556171862362532,0.0014980691903733188,-0.12399652964306966,0.00022249617742505954,-0.0006852072199025786,0.022799515069432053,0.00321961166666665,-0.0024361245416001645,0.5737298051370259,0.027672197054744885,0.01765289419263551,,,-0.29540211660796,,
2023-10-22,,,0.002640630677704857,0.002175338215387665,0.005243332419579826,6.833971521351871e-05,-0.00011226119061668035,4.2755412125556575e-05,-0.0029514704164014024,0.0062199583333333,0.00015216541734815723,-0.8769308883963203,0.011923720946803027,0.01732650026803685,,,-0.29540211660796,,
2023-10-23,-0.009999999999999787,0.0,0.00031971722356324047,-0.0011880765502952381,0.000697815379981224,0.001222363853961246,-0.0010292568829700457,0.0004709228307212673,0.0039818861706025326,0.01079082499999995,0.0016727509454818616,0.3274985079749165,0.012366515648285413,0.01718935221968643,-0.04999999999999999,-0.0026521239409893482,-0.29540211660796,-0.0637097536514859,-0.0016869643388464084
2023-10-24,-0.09999999999999964,-0.020000000000000018,0.0009273514994377364,-0.0031255826041373704,0.0003152496686610018,0.0005213319574039226,-0.003287842946398275,-0.0014249047898186194,-0.012457775066116627,0.0247235283333333,-0.005053277556943124,1.0889362978115877,0.07589553853221946,0.02878198524285226,0.0,0.0028915542274754458,-0.29540211660796,-0.07120444629179179,0.007239491399758435
2023-10-25,-0.040000000000000036,-0.010000000000000009,0.0006061444057501592,-0.01521596750510752,-0.010229796974621636,-0.006284755783867919,0.000750640870921036,-0.0040017613549232466,0.05153308295690069,0.0145877775,-0.01434077418065937,0.23749287044674583,0.018966103458133692,0.025503441002407277,0.06,0.0011760965221201403,-0.289491102905705,0.06232864837782337,-0.01444339793934546
2023-10-26,0.1299999999999999,0.0,-0.0010123795611331355,0.0028510658056181376,-0.00286894649205473,0.002364777000852689,-0.0003150993359656494,0.0012416733354034036,0.0025227271638304746,0.015961448333333298,0.004470320097903341,-0.636170357988214,0.00937134048216272,0.024069128451303892,-0.03,0.0017700226781993678,-0.289491102905705,0.023979617315482482,-0.011903071819741484
2023-10-27,0.03000000000000025,0.010000000000000009,0.0017423685537261942,-0.003305931432043776,-0.0007424439667188435,-0.002023639914278068,-0.0011784419332236356,-0.004331474638289631,-0.013721637848056698,0.01404272249999995,-0.0156632430332427,-0.0496143570214396,0.0008490272475686596,0.024986547848994057,0.010000000000000009,-0.003120832945234575,-0.289491102905705,0.028130579571917114,-0.004811871761209119
2023-10-28,,,0.000833329342360409,-0.004065854030007261,0.0023326613647779424,0.0006467589218036297,2.7557117890340828e-05,0.007080820173006246,0.01034349650153216,0.01525681999999995,0.025480175504418053,-0.3500469000536242,-0.010626197387289921,0.027694872401526134,,,-0.289491102905705,,
2023-10-29,,,0.0010224312169616325,0.0002696863882124764,0.0002384534708015321,0.0007181869706345286,0.0003542221816659581,-0.0011616908100078713,0.03375182359680836,0.019364634999999998,-0.004137520707984379,-0.650449235006203,0.0016609671376730632,0.028271782524450784,,,-0.289491102905705,,
2023-10-30,-0.03000000000000025,0.010000000000000009,-0.00016966935477142811,0.0040133384269364246,-0.0061717523644042194,-0.0007972081447734341,-0.0011098098559381923,0.0005637743311925037,-0.008954305695619632,0.0175808408333333,0.0020078701594853096,0.2127743766674683,0.012855594875081852,0.02826335802181898,0.0,-0.0017196463256912153,-0.289491102905705,-0.07414413786501495,0.011938544947970087
2023-10-31,-0.08000000000000007,0.0,0.00013585982113587626,-0.006280780538734388,0.004593990085799113,0.0010099879066535354,-0.002123735792613681,-0.003081568467452257,0.011697344912847069,0.01182169,-0.011000958568344876,0.54094062422803,0.0023470732728274285,0.009621513595718379,-0.04000000000000001,0.003468641746004586,-0.289491102905705,-0.08503404666014003,0.0064540892074660405
2023-11-01,0.04999999999999982,0.010000000000000009,0.001570226357833524,-0.007698809388053874,-0.0026517336264834045,-0.0036235902509411965,-0.00018367336368646208,0.003055233661584943,0.02741245293226673,0.01810352166666665,0.010905463883402475,-0.07890761495840572,0.00448496653728059,0.007443684671964276,0.010000000000000009,-0.0003569862323606898,-0.288558653306806,-0.0725825481291138,0.010451180679737604
2023-11-02,-0.3199999999999994,-0.040000000000000036,0.0019900413623981585,0.0006824712107997641,-0.0024023116986624923,-0.00034494479794956316,-0.00258187599932057,0.0013461298124571649,-0.04577024549993516,0.0217624125,0.0047551742954313105,0.3011973817122776,0.01929831163186369,0.009518194184354761,-0.13,-0.0073814356895054445,-0.288558653306806,-0.07442720599522001,0.018682956430735587
2023-11-03,-0.11000000000000032,0.0,0.0005998780285090258,-0.010399321064414359,-0.0034776463945703933,0.0009845873766243603,0.009171413272709856,0.0002825718047171915,0.004839692145857342,0.01095660916666665,0.0010044795860350562,-0.014712198631191688,-0.020074735026808486,0.013340745275895294,0.04999999999999999,-0.009200590413344756,-0.288558653306806,-0.04907756178600975,0.009349869637437891
2023-11-04,,,0.004038370892924767,0.0009670755591008437,-0.004818988025621019,-0.0008554011360221413,0.0009323211773965567,0.0006873109961854756,0.025608053630857178,0.009399515833333299,0.0024413056231751018,-0.17781083157375738,0.006385491829978877,0.01228838587156117,,,-0.288558653306806,,
2023-11-05,,,0.0022446793506102087,0.00236560950522861,0.00017475683308598833,-0.0001539938106221649,0.0002844988330545576,-0.0004206861320053825,0.019862178727749123,0.0182067633333333,-0.0014939806400921906,-0.48148570572903576,0.010311217243893393,0.012465108126473766,,,-0.288558653306806,,
2023-11-06,-0.040000000000000036,-0.010000000000000009,-0.0007174086996062289,0.0006389505506110369,0.0030898030841764526,-0.0019859627165669455,-0.0013761798994412844,0.0011335849883038038,0.0024408134071174288,0.01610843999999995,0.004015091889902923,0.3204318000108047,0.010984911938726036,0.012289611625234516,0.0,-0.0008874106598355525,-0.288558653306806,-0.0013422820807296176,0.0017514263468019209
2023-11-07,0.08000000000000007,0.010000000000000009,-0.00018678243572867255,-0.006863510593664415,-0.0008416724194848148,0.0003371498348423031,-0.0008086803402943701,0.0020763708495251942,-0.0003811565789551315,0.0103173258333333,0.007306945985967089,-0.02082298989344837,0.00024256571556667648,0.012385545963520088,-0.07,0.003522810597425874,-0.288558653306806,-0.00538721841621026,0.00283611569324016
2023-11-08,0.0,-0.010000000000000009,0.004211562542911753,-0.0008322629516654266,0.3681652387848308,-0.002097781317844501,-0.0012004318248888136,0.0004061989488875937,0.016747027577413566,0.0134342483333333,0.0014215233399461691,0.31630374544837003,0.0027920094947166863,0.01240283742260475,-0.10999999999999999,0.00012204596561105063,-0.293305338046868,-0.024608213721266203,0.0010044332873562212
2023-11-09,-0.040000000000000036,-0.010000000000000009,0.0013852640699839667,-0.004805761818380612,-0.007462829124120594,0.00016943983066655192,0.008098064739420862,0.0010500609769483493,0.022936441429036374,0.026458611666666652,0.0036951781009839438,-0.28258954004464387,0.006138755689292329,0.010615023655627524,0.030000000000000027,0.00029072064939672515,-0.293305338046868,0.05650460538252977,-0.008116762182437398
2023-11-10,-0.009999999999999787,-0.010000000000000009,0.0043057187914244425,-0.005568555138860747,-0.0004058437379500058,0.00535041819993936,0.008956697305809625,0.002479176466326913,-0.00889380065287429,0.039839171666666645,0.008748124889089914,1.1405299662354749,0.07246600403394586,0.025355237127993965,-0.020000000000000018,,-0.293305338046868,-0.07607196623838153,0.015495728650984475
2023-11-11,,,0.004120945656143092,-3.5481220771038726e-05,-0.002055556691818988,-0.003451695539357645,0.0006809704039497486,-0.0007451066958956796,-0.017432532686137456,0.0167047375,-0.002622967690386299,-0.5140190861733709,-0.004056425448983397,0.026279208595083856,,,-0.293305338046868,,
2023-11-12,,,0.0010792329882122064,0.003737696840518782,0.005100288397020999,0.0028868946219091658,-9.88127239225491e-05,0.0005139404827942297,0.006558289702311381,0.0293296,0.001809760229534215,-0.6256197037737323,-0.009233344664430994,0.027749176323150444,,,-0.293305338046868,,
2023-11-13,0.0,-0.010000000000000009,0.002569856937473187,-0.0010716538476975516,-0.002608016727552826,-0.001070572852976562,-0.0018815264858441946,-0.00030401675478381054,-0.004713598134562109,0.0252858133333333,-0.0010681385558075451,-0.36983669676354286,-0.002426820687919317,0.028235997045685562,0.03999999999999998,0.002439539226966936,-0.293305338046868,0.04079376546973723,-0.0008360910851976655
2023-11-14,-0.11000000000000032,-0.020000000000000018,-0.00046585034821804735,-0.007505039411648729,-0.0032774085862882717,-0.0030303810453936836,-0.0017461208174233975,0.001246529298477444,-0.06109936028200795,0.01959689666666665,0.004364736813763056,0.7909121267382704,-0.0035261198051810654,0.02847501335599374,0.030000000000000027,-0.008831100923185176,-0.293305338046868,-0.04149973090675285,0.018895282757299015
2023-11-15,-0.029999999999999805,-0.010000000000000009,0.0024882217892341547,-0.0074085688768288725,-0.005028945063014223,-0.0022360180108135573,0.0018038685090477722,0.001280348148849392,0.07945893559950641,0.013715715,0.004471449070862895,0.09277651483111922,-0.03373029072340764,0.03279460195368215,-0.010000000000000009,-0.0022695698179964197,-0.301834557172664,0.0014114328384078334,0.0015958076771482865
2023-11-16,0.12999999999999945,-0.010000000000000009,0.0029935738620386274,0.010649792959221548,-0.002258875618634311,-0.001102397110671078,0.0005306304866387092,0.0005781372793694748,-0.04949725781459591,0.01997790749999995,0.0020136023637599867,0.15557033326549033,0.052192530912373594,0.03763648545357111,-0.010000000000000009,0.0008297203823124377,-0.301834557172664,0.009824640428518272,0.0011896413835668085
2023-11-17,-0.02999999999999936,-0.010000000000000009,0.001183488192661372,0.003349611984650799,0.0011864710445032393,-0.002089270405010175,0.0017521656517495946,0.0003099785736458681,-0.021895898484155296,0.0097294483333333,0.0010798506321775655,-0.3560368919821878,-0.04767886173561576,0.031410259634885355,-0.06,-0.002708007626217146,-0.301834557172664,-0.036988569369340585,0.0012812755985169844
2023-11-18,,,0.0016204750500777429,0.00731522244083822,-0.001032653938422246,-0.0020550748719330744,0.00029045444000422473,0.00033909910459025577,0.018788916817047658,0.01089779166666665,0.0011803043468529759,0.2032114304483846,0.0030244820318065836,0.031631196327745664,,,-0.301834557172664,,
2023-11-19,,,0.0019395421081871333,0.0017006686987242315,0.0005094601718043875,-0.0006525682961067576,0.0004693905071784826,-0.00015973219742545095,0.027967377609874288,0.00886127666666665,-0.0005560683182054588,-0.6807634465949329,0.002306744315509583,0.03172976710711438,,,-0.301834557172664,,
2023-11-20,-0.07000000000000028,-0.020000000000000018,-0.00029245178978494897,0.000849730182307098,0.004372038950861894,-0.001519325534261941,0.0006571342987322767,-0.0026758799458063195,0.015964242101204094,0.013513379999999998,-0.00936787473353753,0.07512064364597584,0.023443928914173715,0.033439840800377506,-0.02999999999999997,-0.004930723673942872,-0.301834557172664,-0.02866789486957222,0.0073631338909265764
2023-11-21,0.03000000000000025,-0.010000000000000009,0.00021516950302474886,0.00242514642982072,-0.0007417734603879445,-0.0019335545589376471,-0.0008459548298755161,0.0017568167144055436,-0.05530866478256331,0.011887880833333302,0.006155056844184601,0.317514742241873,0.0037973189653705223,0.03344638452272951,0.019999999999999962,-0.00024285026487724792,-0.301834557172664,-0.004484312447328609,-0.002022988790832514
2023-11-22,-0.050000000000000266,-0.020000000000000018,0.00210008558432336,-0.0032108993711890176,0.0006602209548583855,-0.009649565872597587,0.008388579587240421,-0.0007730656995110499,0.055285096343998016,0.01061085166666665,-0.0027265985684601156,0.18953632927149305,-0.04143054449065128,0.03485597483759682,-0.019999999999999962,0.003786570393037536,-0.312342976159386,-0.03817257350502956,0.004052866464977711
2023-11-23,0.0,0.0,0.005351816718566921,-0.0004902006104601874,-8.445549465501906e-05,0.002575262312481677,-0.0003932158052605982,0.0005295903596636008,0.009034157325670736,0.0153333258333333,0.0018679301255243798,0.24015816147735672,0.05175761864463762,0.03474636152814122,,,-0.312342976159386,-0.0038986404156573506,
2023-11-24,-0.04999999999999982,-0.010000000000000009,0.001434656173236537,0.0011985438254520585,0.00236783353115749,-0.02274338640651819,0.0018644849683091616,0.0015260525767136516,0.003969234418787022,0.01728152166666665,0.005373125111259439,-0.67882881399617,-0.003183755977804161,0.028162174753118364,0.019999999999999962,-0.003899698869675561,-0.312342976159386,-0.0269216575662643,0.0005967555980319617
2023-11-25,,,0.0007246738144244188,0.010935204445883962,0.0044003749387579606,-0.009327895552767586,0.0001431745034512954,-0.0003570172449829888,-0.0041943327888396935,0.010832711666666649,-0.0012546280832893778,0.5350504695830985,0.010424161242270167,0.0281850288146219,,,-0.312342976159386,,
2023-11-26,,,0.0021843845508654745,0.0007332985514463239,0.0018406001856654908,0.0005685935080858147,-0.00038612434809145687,-0.0006407787428595958,-0.023298027663159998,0.0144698658333333,-0.0022549049314784524,-1.1348667716808631,0.0020368170651172586,0.028192274013176342,,,-0.312342976159386,,
2023-11-27,0.040000000000000036,0.0,-0.0003762406099917015,-0.0028561087961302585,-0.0009025809002320553,-0.001622876084884274,0.0067410929880165294,-0.0011105009642393164,0.001234607805239974,0.00925013416666665,-0.003946509294620624,0.46318654896208855,-0.009369054582172333,0.02766573569178426,0.0,-0.00031200145021781367,-0.312342976159386,0.018290768366989063,-0.001956142216799961
2023-11-28,0.009999999999999787,0.0,0.0005370124386942683,-0.008861783049429037,-0.0017671998666152914,-0.0014791974713773786,-4.617495749459611e-06,0.00043766812096700453,0.02119063109509529,0.011759005,0.0015572421841683697,0.5116676609580836,-0.01155627048431586,0.02810506015220389,0.06,-0.004859800508643097,-0.312342976159386,0.0,0.0009796471418237473
2023-11-29,-0.10000000000000009,-0.029999999999999805,0.0012146469505928542,0.0033903449479309954,0.0011369066082710824,-0.025550437975378766,-0.0014542851380751182,0.00019983296340940154,0.004589070457667053,0.010787182499999949,0.0007091770523702681,-0.029067066951932292,0.011900379479118723,0.021518643114047904,0.020000000000000018,0.0018838273402828065,-0.323503378664538,0.022595429549647772,-0.0009466837674256823
2023-11-30,0.040000000000000036,0.0,0.0020557598000312824,-0.0037006005047320835,-0.0015687578470235336,-0.041745794771667774,0.0003315859653772988,-0.0005387510982751128,0.0058319198439847975,0.0105109358333333,-0.0019137324835660032,-0.05917377955772792,-0.0054390165274850796,0.009234296453257055,0.010000000000000009,0.0035616237480393664,-0.323503378664538,-0.004633212921488106,0.003776991191685397
2023-12-01,0.03000000000000025,0.0,0.0022804832956504384,0.0031460054512198713,0.0035230425885859006,0.00037576031163963456,0.0004993409770906143,0.0016311834358028222,0.08300876229866373,0.01609688416666665,0.005785905718911131,-0.18916699674475393,0.005027320318267324,0.009392439831996184,0.019999999999999962,-0.002506394279543578,-0.323503378664538,-0.022701561992056085,0.00585654170061467
2023-12-02,,,0.0010735812830410946,0.002155630557496409,-0.0027808947842229304,-0.0009206008395043452,-0.0003944828127861441,-0.001043163579941175,-0.007676949654667826,0.012648930833333301,-0.0036948425337423843,0.45379969985770224,0.0209883637252229,0.01180454818627703,,,-0.323503378664538,,
2023-12-03,,,0.002045809065047086,-0.00022374859093082924,-0.0019605691327686564,0.0003434748068963172,-4.137223218494623e-05,0.0010655236808058504,0.004471980465861215,0.0245972483333333,0.0037737359977528077,-0.4134753903091307,0.02887387240807722,0.015591413948316755,,,-0.323503378664538,,
2023-12-04,-0.07000000000000028,-0.010000000000000009,0.0011720428843388503,-0.001617888948149474,0.004587377225661207,0.0014292937472874996,-0.0010495937695159253,0.0008715655397272301,0.02517238671139915,0.03048702416666665,0.003073024042313909,-0.07343907047234466,0.01185722690325497,0.01415294798646196,-0.019999999999999962,0.004411543701252185,-0.323503378664538,0.03500940966665267,-0.0054231665551185415
2023-12-05,0.0,0.010000000000000009,0.0004447192979442095,-0.004689134933930822,0.0002657259266636333,-0.03892141081795359,-0.0007287026331319362,0.0009736765366703804,0.022996283556516006,0.02034302749999995,0.0034194344311304975,0.9513558066476179,0.036373287572275204,0.01425281351702521,-0.030000000000000027,0.0026410917931896094,-0.323503378664538,-0.01774053468782366,-0.0005691170958783687
2023-12-06,-0.009999999999999787,0.010000000000000009,0.0026986165948192416,-0.004567842466558104,-0.001366137677688083,0.001326733931457207,-0.00022161234246738203,-0.0005829218285732142,-0.023311010076706155,0.017686990833333298,-0.002045292350298875,-0.06055275528430627,0.036038843323602396,0.01600545077588574,-0.08999999999999997,-0.002137370092506252,-0.333888343782537,0.009295186987123838,-0.00391377911138413
2023-12-07,-0.020000000000000018,-0.010000000000000009,-7.684574139292874e-05,-2.6871571900209875e-05,0.005388736531953395,-0.0016635806643535884,0.00041608096856703,0.001336914033387466,0.03470161826054521,0.013593716666666651,0.004686573047754328,-0.2545754723836205,-0.0173286172578237,0.019329599433781354,0.03999999999999998,0.0005631707240363326,-0.333888343782537,0.006915125519932452,0.00793661041331184
2023-12-08,-0.020000000000000018,-0.010000000000000009,0.001897419107945355,0.0006701644788894207,0.0031134977474266403,-0.07567894324271761,0.0007402903273865519,0.002320350040896871,-0.013311960691590984,0.027057527499999998,0.008088204525502515,0.029990202912979644,0.020733419567876804,0.0185492712827774,-0.03999999999999998,0.0013208377720950182,-0.333888343782537,-0.05589806077429893,0.004087074621006437
2023-12-09,,,0.0021650493114907157,0.008001799012287706,0.00263371183434646,-0.003240368602004562,0.000315499701980238,0.0001483970738859999,-0.010092543416724501,0.025330362499999953,0.0005152214607780769,-0.15897018766772708,0.011822972363907634,0.018761164154332346,,,-0.333888343782537,,
2023-12-10,,,0.004234968028408009,0.0029666698011253847,0.004499401594182749,0.001373516699728023,-0.00035115552570980183,-0.0012154792750297698,0.007109554116510102,0.02843323749999995,-0.00422638650661618,-0.33314156934840605,-0.009195456063066635,0.020623569064481966,,,-0.333888343782537,,
2023-12-11,0.040000000000000036,0.0,-0.0008603203602676689,-0.00039341628498720224,0.0021117193775881263,-0.0004048958805657885,0.0051743538734296,-0.00044488524526903176,-0.08894873173719549,0.0195828625,-0.0015594573731698865,-0.3584354487992765,0.002491913140370291,0.021002797893530097,0.0,0.0013835987851580356,-0.333888343782537,0.022418873288413632,0.003916851675080935
2023-12-12,-0.03000000000000025,-0.010000000000000009,-0.0007344541290713384,-0.016943184222107284,-0.013689333968992815,-0.007280889488825305,-0.0014125724939383077,-0.0017690466117348288,-0.0038581384182130064,0.018571459999999998,-0.0062164029885170445,0.9445796691373005,-0.05847807404647568,0.030690733471479048,-0.050000000000000044,-0.002037999195518836,-0.333888343782537,-0.045351901252959514,0.004588758060085851
2023-12-13,0.03000000000000025,-0.010000000000000009,0.0007269427445155265,-0.00403446677780207,-0.01571546897178865,-0.0021199716146749117,0.00165468603626012,0.0006493888383635932,0.024818321998703673,0.023649622500000002,0.00229021624151559,-0.4635645238308896,-0.0019543538177862617,0.02581758460844511,0.11000000000000004,0.003931549547532498,-0.342712020871061,0.009892908383740018,0.013558420429298224
2023-12-14,-0.31999999999999984,-0.040000000000000036,0.0008494113066423442,0.009846599751924154,-0.0055896667914135355,-0.0014436037607908681,0.0013616746671703274,0.0011394076707190953,0.0007571488111742519,0.0107061375,0.004011193816486674,0.1727413658609166,0.03112519598673134,0.0290143676876979,-0.030000000000000027,-0.013200294363103104,-0.342712020871061,0.0235114194481012,0.00264357337426091
2023-12-15,0.03999999999999959,0.0,0.001454539504230834,0.00850724374074442,0.001478141573681059,-0.05749726538096239,0.00046069617033188534,-0.0005658649751179201,-0.03871407216135569,0.018973049999999998,-0.0019909893512887467,-0.049818039515793604,0.013265054709317952,0.028230447775175437,-0.08000000000000002,0.0014199365963420973,-0.342712020871061,-0.01615544022228521,-7.628136810033936e-05
2023-12-16,,,-0.0010000266029882078,0.004099443365613105,-0.0032086973088528686,-0.0048323795068028665,0.0007773812683125705,0.00011798696327231846,0.005797833241005705,0.0200780925,0.0004157860163991639,-0.2497728026324868,-0.033466162600113016,0.029798203778761478,,,-0.342712020871061,,
2023-12-17,,,0.0013022922913474015,0.0030472315146411145,0.009378581890625001,-0.003975697691343623,-0.0005487820561792397,0.0005430656578304559,-0.008116585940989162,0.030204770833333297,0.0019104895008852309,-0.3856698003164268,0.004822942738140576,0.030175518324560523,,,-0.342712020871061,,
2023-12-18,0.0,0.010000000000000009,0.00019196749182683848,-0.002842022683054028,-0.0021177647394194964,-0.0019612784508347336,0.0004338126529953575,0.0003846999766426669,0.0177065302770283,0.0249074483333333,0.0013517442340778547,0.14480246206622607,-0.01641012798596485,0.03013177631758481,0.050000000000000044,0.0014354364939102027,-0.342712020871061,0.02254523832105626,0.004518097487249406
2023-12-19,-0.04999999999999982,0.0,0.000645547302095018,0.00446757755696279,0.0021826479969862737,-0.006000562127939758,0.0006748628337776696,-6.261355744547848e-05,0.0025630360071992237,0.02117563166666665,-0.0002200331512200684,0.4674755285828221,0.01908041870309302,0.02193338407679776,0.0,-0.0037347551530597656,-0.342712020871061,-0.0023913921320755094,0.005849255234901207
2023-12-20,-0.029999999999999805,0.010000000000000009,0.00032354408915345674,0.0015724915529288903,0.0003619163246622412,0.009049485520522186,0.0010950415186139384,0.0013615272077453177,0.03461513316230401,0.01895702916666665,0.004778936594116204,-0.04757313506313848,-0.014234041327393792,0.022808795643320803,0.0,0.0006719477154524256,-0.351639782985535,0.08707788182788123,-0.014793144174520378
2023-12-21,-0.020000000000000018,0.010000000000000009,-7.818073800730235e-05,0.00594786278146376,-4.626075451043283e-05,-0.0011508826200866456,-0.0009189253048766368,4.585022205658196e-05,0.006616814674575597,0.027766376666666648,0.00016038921250003763,0.20570815359027103,0.021047910034642507,0.020789504011898975,0.03999999999999998,-0.0018981812219811545,-0.351639782985535,-0.0014641291048893557,0.010248790092495241
2023-12-22,-0.020000000000000018,0.0,0.0011992230443184275,-0.004769354159378722,1.1166509168869223e-05,-0.0005562234305415223,0.0018918722755616425,0.0007396866049511208,0.02565313217810728,0.0358311483333333,0.002588844625110219,-0.13687494310950987,0.010980483151645733,0.020547657467152185,0.030000000000000027,-0.002133575326947579,-0.351639782985535,-0.0464851304942151,0.0016587067997893001
2023-12-23,,,0.0014742975886269645,0.011136115010246337,0.001627821093965462,-2.217587109381907e-05,6.299432269876876e-05,0.0006299021916401277,-0.020558399419548717,0.01434327499999995,0.002199474711002188,0.07448170804205988,0.021667260890490515,0.016213747974383484,,,-0.351639782985535,,
2023-12-24,,,0.0010051015434470257,0.00024915025102074993,0.005850201079487502,-0.0005109711220608177,0.0001098013602523059,0.0009944262920019555,-0.02240209296289951,0.02115142166666665,0.003462872053368048,-0.8210516866617302,-0.006337689127936096,0.016961487659093322,,,-0.351639782985535,,
2023-12-25,,,0.00035758483127744053,0.0009383353614604567,-0.001178160660948349,-0.0027718951453024224,0.00791226345743732,0.0007929642981963084,0.012101308234155225,0.0308367283333333,0.0027745934918927784,0.45526033020586504,-0.018325292080260125,0.017376893943669963,,,-0.351639782985535,,
2023-12-26,-0.020000000000000018,-0.010000000000000009,8.392031226148682e-05,-0.0008675275255906654,-0.0027785281240055564,0.0009164604258330235,-0.002653114878213559,-0.0015896959890639463,-0.0051588946865264735,0.049837478333333296,-0.005555344393182067,-0.02722536574791479,0.008881986913079131,0.01638304884846543,0.03999999999999998,-0.0014708975125161672,-0.351639782985535,-0.0030745604542454785,0.004222736399949412
2023-12-27,-0.03000000000000025,-0.010000000000000009,0.0006033134388071361,-0.012966989129531217,-0.004496590022918612,-0.005434324082323687,0.001246864688778697,0.0012183821068194821,0.05221779485279765,0.030540597500000002,0.004265816544553171,0.1820779935809091,-0.022513816961415196,0.018078146531384193,-0.03999999999999998,-0.003493425370439951,-0.360736937097786,-0.04406692515988864,0.0014294192776826975
2023-12-28,-0.020000000000000018,-0.010000000000000009,0.0007332179589958723,0.004733272528748412,-0.00032671984264341316,-0.0010453558608315015,0.0003225703976266275,0.001425623955892874,-0.03458765144950354,0.048742856666666654,0.004970019389707866,0.29255368431810774,0.04217144523218322,0.022875170437787334,-0.010000000000000009,-0.0005276860078380352,-0.360736937097786,0.0032128541693254853,0.0003701020331980942
2023-12-29,0.020000000000000018,0.0,0.0012287916295242892,-0.0008048536656555152,-0.005275804537443938,-0.002258203715911556,-0.00045887011622702226,-0.0003053292441069378,-0.03516039845855227,0.035932485,-0.0010618764773496431,-0.13550956100954967,-0.01618086283512166,0.024010212485483507,0.07,8.782626619030509e-05,-0.360736937097786,-0.0016051367812286443,-0.002830472999853839
2023-12-30,,,0.0001289339451367141,-0.0029314176508350876,0.0003370244223351473,-0.040156582894211104,-0.0009438131439460275,-0.0008758003468310995,-0.0038553437087315992,0.035394699166666654,-0.0030492525126335646,0.01620494894577223,-0.01605810675272601,0.02289447075296495,,,-0.360736937097786,,
2023-12-31,0.050000000000000266,0.0,0.0013252566908637598,-0.004465018567035981,-0.0028777907960306926,-0.0020358444213660083,-0.001340102133977951,-0.0018275404229413398,-0.014861018718576006,0.034969669999999994,-0.00638441627701,-0.4062174760152341,0.0006028026916841908,0.02292923450406239,,,-0.360736937097786,,
2024-01-01,,,0.0003020704088201867,-0.006762367377776338,-0.00419810950101519,-0.001153819787134793,0.0005685623802086904,-0.00143286913118623,0.04894926744601787,0.0369480308333333,-0.005037187333786716,-0.3145315824495449,-0.0032956772768656497,0.02194410773490352,,,-0.360736937097786,,
2024-01-02,0.1499999999999999,0.020000000000000018,6.287868156597639e-05,0.0028865375026913046,0.006452111138277359,0.0005923852038856408,0.0016372033623452435,0.0047645296320504614,0.0228374630051615,0.0516372208333333,0.016679383369192263,0.2234710467912437,0.03783917270404714,0.026379518891424106,-0.030000000000000027,0.007133709751991013,-0.360736937097786,0.0584962066816086,-0.0056766608929663676
2024-01-03,0.16999999999999993,0.030000000000000027,-0.00013585692509232117,0.009228991650123428,0.0036348387803239726,-0.0025820786036660657,0.00013550039372373597,0.0053276197394886435,-0.13159534957061178,0.00972438166666665,0.018329428025976386,0.8258340889241297,0.011547307155548647,0.023862134471975556,-0.03999999999999998,0.0035754317806331315,-0.369106183493562,0.06169356900533973,-0.008048614308973967
2024-01-04,-0.020000000000000018,0.0,0.00462277870327765,0.008202405563624416,0.003547579835619218,0.0031872171046519898,0.017565343076828104,0.0026447061447150634,0.02762019411332203,0.00881551166666665,0.009134033587839867,0.2625403875463673,-0.05748662168211115,0.029258124131482953,0.02999999999999997,-0.0006267847901506585,-0.369106183493562,0.006389798098771493,-0.003434296699870387
2024-01-05,-0.009999999999999787,0.0,0.004159392393849103,0.005280620887415367,-0.0026963145204624847,-0.0006231436966398477,0.0019158669050036697,0.0035911313502770066,-0.025866973050802048,0.0079555008333333,0.012294029493227155,-0.5568386949243305,0.02913561415354001,0.03158871389505948,0.040000000000000036,-0.001948046043667162,-0.369106183493562,-0.056783811850178,0.0018240092336760938
2024-01-06,,,0.0035816392080467202,0.010683434824118281,-0.0031825931452770942,-0.04859598176845365,9.368701650401609e-05,0.0005329782761755011,0.0014122938696787925,0.006650868333333299,0.0018119772936086966,0.07866649072027587,-0.0017844657280539264,0.030805791568265864,,,-0.369106183493562,,
2024-01-07,,,0.0062975340406245875,0.0008117353962176317,0.0011448903712773777,0.0010352108282837321,6.363739312304201e-05,0.0015293030039562256,0.010337334336142713,0.0073539858333333,0.0051813795619154454,-0.8548826405136337,-0.007462077085998299,0.031032677216721278,,,-0.369106183493562,,
2024-01-08,-0.050000000000000266,-0.010000000000000009,0.0027734364759999,-0.000105209427150997,-0.0030350320525226386,-0.0008222231765559136,-0.00011713403059640785,0.0008928069728301819,0.06910188657180673,0.00691502666666665,0.0030121714197752203,0.21154365408038187,-0.005611288772701771,0.031101019704326306,0.0,-0.0011515321928889932,-0.369106183493562,-0.0204320388172059,0.01401598713236396
2024-01-09,-0.040000000000000036,-0.020000000000000018,0.004033910577785897,-0.002245447850588361,0.007055301825069527,-0.006047096591982175,0.007029475553572573,0.00043404613298257894,-0.02593118287652388,0.013023409166666649,0.0014714224868360645,0.9753362542022411,0.05812505472629864,0.035720596332696225,0.009999999999999953,0.0034823815146163284,-0.369106183493562,-0.024769068112408643,-0.0014789856520085465
2024-01-10,-0.08999999999999986,-0.020000000000000018,-0.00020736336976974872,-0.005685162784865102,0.0013684299206478494,-0.00961113763780653,0.0003173247334423553,0.0009427725666939989,0.048627295239156924,0.01517673916666665,0.0031895835075128015,-0.08760632822585332,-0.006890401558483558,0.035732214278049,0.010000000000000009,0.0007918873728547382,-0.377655423787376,-0.005500996190347607,0.005649939819610594
2024-01-11,0.04999999999999982,-0.010000000000000009,0.004672675759687481,0.0029991885955207346,0.004203056728421693,-0.02284116881230521,-0.0007706940297453926,0.001242530575287478,0.029907977407581103,0.0213842433333333,0.00418502356823821,0.44698644781031194,0.05594376447638378,0.029965450209963607,0.04999999999999999,0.0010865711074758977,-0.377655423787376,-0.01989719441526283,-0.0006712890360400792
2024-01-12,0.010000000000000231,-0.010000000000000009,0.005885570882716249,-0.00021267500508177865,-0.004932967617726323,-0.0300943935467246,0.008466849241391832,-0.0020366465454411467,-0.029994986267654566,0.017999108333333298,-0.006927532490337553,-0.06711702745072191,0.0022561863272336164,0.029925809815778522,0.10000000000000003,-0.0029871514650690045,-0.377655423787376,0.020684906153512372,0.0007507264519421852
2024-01-13,,,-0.000631054519498788,0.004105036875180579,-0.010108008332142497,-0.006325494424829393,0.0007282663300532179,-0.00028477095637446183,0.006497152730012847,0.006938575000000001,-0.0009731759115606406,0.024109905696304827,-0.05660730798328599,0.040055343802488264,,,-0.377655423787376,,
2024-01-14,,,-6.697570005940118e-05,0.003406449062695422,0.0013305994446517456,0.001464254817712172,-0.00027476905231291063,0.000625293542493665,-0.012479164264767424,0.01337062166666665,0.002135049295768506,-0.7665181807401173,0.009552312440708125,0.03963907560234055,,,-0.377655423787376,,
2024-01-15,-0.020000000000000018,0.0,0.0005757539614124251,0.001267510082601967,-0.0036444125937161965,-0.0005966076324003036,-0.00014706622814610423,0.00031724635360757717,-0.00880355504043787,0.01720433666666665,0.0010813302825616125,-0.23508400689986847,-0.03176671311819311,0.04229198969390716,,,-0.377655423787376,0.04239555896768543,
2024-01-16,0.040000000000000036,0.0,0.002153310815931724,-0.0005555998289333409,-0.0026591727537801837,-0.06972903538498677,-0.0005065982577789503,0.0024169680659970475,0.021115892517599745,0.01186874,0.008195904808428049,0.06290060668075421,0.016805874700771946,0.035946936211219624,0.03,0.008678580428846061,-0.377655423787376,0.04356539775729251,-0.003738298623245484
2024-01-17,0.040000000000000036,0.0,-0.0015890382134536181,-0.0023023106145480705,-0.0038086356547829556,-0.006472338034955534,0.002576223018758694,0.0016060835871088675,-0.012618624148514005,0.00722742166666665,0.005423208569008712,0.11856164942030756,0.02106862350148401,0.0367952784516793,-0.09,0.0038432916640092074,-0.385691596045184,0.06638832653318483,-0.0056327271267555545
2024-01-18,-0.040000000000000036,-0.010000000000000009,0.00022225866820203073,0.010206623689240609,-0.002620485466102485,-0.0035483154144603534,-0.001446021436742041,-0.0007154807554677634,0.0025180082001307383,0.0162084583333333,-0.0024088179650596756,-0.05438868846261843,-0.017006120085957168,0.028525466574256805,0.03999999999999998,-0.001245816611116446,-0.385691596045184,-0.04565108002627216,0.008766724739531995
2024-01-19,-0.040000000000000036,0.0,-0.0017936104588730589,-0.0025040747823528325,-0.00039307074660338695,-0.00032747179858062483,-0.0002691010209517867,-0.003677219929089917,-0.014423634377339824,0.014337289166666649,-0.012469147471621365,0.04812055398694128,-0.0295092357970655,0.029149817415385495,-0.03999999999999998,-0.0020311872367013706,-0.385691596045184,-0.06053616146872809,0.012238283870230404
2024-01-20,,,0.00012978732041431725,-0.004244317803852162,-0.003062899762482228,-0.0034879448557878765,0.0007874855222536369,-0.0024966312678678516,-0.0006608681867884747,0.00963890916666665,-0.008562132284892825,-0.059787779618914204,0.00859430206938098,0.022322512252732317,,,-0.385691596045184,,
2024-01-21,,,0.00016586616804040389,0.007487741454749399,0.0009339923686858858,0.0024614046816509054,1.5676864326599096e-05,-0.0010382775331803022,-0.003099086224499812,0.0073959433333333,-0.0035824988573639315,-0.9593420789362586,-0.003599839855842054,0.02161448939223407,,,-0.385691596045184,,
2024-01-22,-0.04999999999999982,0.0,-0.0007710499159081419,0.0026391666642960536,9.711706318320277e-05,-1.9309758680794913e-05,-0.0014279854615221192,9.748705638567786e-05,-0.04094937197036157,0.0110513458333333,0.0003364375783341368,-0.1611297945658239,-0.004129979418015793,0.018173085343440278,-0.020000000000000018,-0.00021884921873649432,-0.385691596045184,-0.008305068498485113,0.0021918970535104165
2024-01-23,0.019999999999999574,0.0,-0.0014893939386944608,-0.006514040807047444,-0.005585792915636406,-0.007566003833599777,0.00010510560763729139,0.0004417408035719028,-0.03355591385350272,0.01081779499999995,0.001523234761698083,1.3202682536766004,-0.05608482684162583,0.02557237661755875,0.09,0.003990607564024806,-0.385691596045184,-0.049738301151430075,0.002917131506229964
2024-01-24,-0.06999999999999984,-0.020000000000000018,0.008437036962163151,0.004397180417013228,0.005961765733543609,-0.016369907740586657,0.0007293503436746499,0.0010411182940973855,0.010249147642231855,0.01032265416666665,0.003583497062580819,0.022588723445435083,-0.010286444497735442,0.021301372308266224,0.010000000000000009,-0.005037435365219167,-0.392822082474146,0.045940347478671484,0.0008116591682760799
2024-01-25,0.010000000000000231,-0.010000000000000009,-0.0006205054537818378,0.004786847906094618,0.00261204585090259,0.0003928850510073114,0.00129957004186541,-0.00016259786912774888,0.008928590656123746,0.01126065666666665,-0.0005595382797560091,-0.3662083394418169,0.0024678435245198893,0.02239228470531366,0.01999999999999999,0.0028136617398724084,-0.392822082474146,0.023318092991383654,0.0052465060919910655
2024-01-26,-0.06000000000000005,-0.010000000000000009,0.00014832046756480563,0.005843444538602652,0.005378865647553835,-0.0029917600272985493,0.0006700151872480904,0.0036955506883159972,0.04649923634328262,0.0111968158333333,0.012649023890749414,-0.34140879599790447,-0.006158317076794324,0.021272729690103714,-0.04999999999999999,-0.0017709792724209805,-0.392822082474146,-0.014227121290131706,-0.0006520097562336957
2024-01-27,,,0.00023537375265876603,0.003772625650727434,0.0017153980701840143,-0.13293419271162743,-6.018505076532255e-05,-0.000540450844704011,-0.010702371922301763,0.00766356166666665,-0.0018397700545226836,0.35880278285738937,0.034507054076516316,0.026609636069915024,,,-0.392822082474146,,
2024-01-28,,,0.00516167089895615,0.0009542201742683956,-0.0007967263594273947,-0.001670130715361748,0.0002378364743512505,0.00027401327659082704,-0.0296950068825484,0.00861967166666665,0.0009334242912052554,-0.7624072414701732,0.0028440592912034215,0.0268245098110792,,,-0.392822082474146,,
2024-01-29,0.020000000000000018,0.010000000000000009,-0.00031564919522036503,0.0008365904898092048,-1.3446007794205675e-05,0.0002658645581439644,0.009792079696595658,0.0004639327930906989,0.04117982011133984,0.0117611775,0.0015939194665496176,0.28172030301130485,-0.003504162491574053,0.02682995749238153,-0.01999999999999999,0.001958827169139532,-0.392822082474146,0.025317807984289953,0.0075283737614562085
2024-01-30,0.009999999999999787,0.020000000000000018,0.000990304293405837,0.010731258109594482,0.0019019159659992917,0.0024420604711381144,0.002880495352936594,-0.0033179835158100713,-0.009338922549702375,0.0097246675,-0.011489016701112277,0.3508740780811077,0.027138019949397844,0.017232349530319505,-0.09,-0.0020815368307722792,-0.392822082474146,-0.02155416033498625,-0.0006008383499374048
2024-01-31,0.16999999999999993,0.020000000000000018,-0.0011961023704563354,0.010308915172260472,-0.006732062879778484,-0.08832369074763526,-0.0014310913589797526,0.0014156379692561907,-0.027780949195230203,0.01074515,0.00491099707017596,0.19453541698615556,0.001953346237174464,0.015779390542130088,0.019999999999999962,-0.0014056017276331545,-0.399031413880617,0.0752343097986099,-0.016236787963986643
2024-02-01,-0.029999999999999805,0.020000000000000018,0.001550443226877868,0.004219274944126303,-0.06111268462271279,-0.0006020445728285336,-0.0005057396163287855,-0.00360013984199671,0.017890287480663215,0.00978667,-0.01253052762996029,-0.045969480541031865,-0.01690957961554966,0.018475921863026712,-0.04999999999999999,-0.0008273573301407211,-0.399031413880617,-0.033300987126971826,0.012416277903485096
2024-02-02,-0.08999999999999986,-0.020000000000000018,0.0011166238854373916,0.0006897881435303579,0.0005628131253106458,0.000574454613926632,0.0010740529827120088,0.0008215087652918868,-0.006540695509860062,0.009596735,0.0028762573035913605,-0.05833036762185483,0.00987111555591157,0.017740565669409986,0.0,0.004713245375744357,-0.399031413880617,-0.0021637224453106008,0.010627786351802726
2024-02-03,,,-0.0003560365177316182,0.006803011947070453,-0.003481142860091607,2.5008359906259457e-05,0.0004906895555230727,0.00026208416984178104,0.006980989716546473,0.00966857416666665,0.0009163175695899572,-0.2003008349381792,0.002414020404878701,0.013347218423239675,,,-0.399031413880617,,
2024-02-04,,,-4.26080680328445e-05,0.0014925366971157254,0.0025259114922569987,-8.565331394907029e-05,0.0003078535612129158,-0.00027193546510691674,-0.011336402299440383,0.007851135,-0.0009510696414577225,-0.7462929059236442,-0.0050130501059215595,0.013726834556254919,,,-0.399031413880617,,
2024-02-05,0.029999999999999805,-0.020000000000000018,-0.0007367401379211892,0.001752183742131891,0.0002772519586574803,-0.00242377632499473,-0.000652827080749457,0.00035204118647203474,0.023788428456408408,0.011988434999999999,0.0012302568427217941,0.3070556204852081,-0.005421336270921394,0.013879716918235701,0.040000000000000036,0.003690391431261375,-0.399031413880617,-0.013081581897489425,-0.0031914641356145523
2024-02-06,0.020000000000000018,0.0,-0.00021076047283030623,-0.0022983143307341402,-0.005165420190747611,-0.004552067601737296,0.0022290765531661023,-0.0005020189337353622,0.04936386022471525,0.013407232500000001,-0.0017587544896104123,0.4535356274652007,0.0024469025561261654,0.008537128862488657,-0.010000000000000009,-0.0032206997652766134,-0.399031413880617,-0.04564952688757318,0.002307761728426172
2024-02-07,-0.08999999999999986,0.0,-2.6588031063115696e-05,0.009778021138730487,0.0031395645072185186,0.0042144774536697314,0.0013620384594150506,-0.00026899486232010724,0.030616353419451486,0.0083006258333333,-0.0009449477047203536,0.0363419834497828,0.020986029795583287,0.012111321805469165,-0.020000000000000018,-0.00044570558452772246,-0.405893558156077,-0.01776794522073999,0.008207666921331125
2024-02-08,-0.050000000000000266,-0.010000000000000009,0.001063193078498557,0.007519233986539205,-0.0009642381495087625,0.002983482205714695,0.0019544419927299394,0.0028140431164653708,0.022478632077050222,0.0164078233333333,0.009860650734406168,0.14063195716246743,0.023976176988794107,0.011778498385123473,0.010000000000000009,0.0014455461891271781,-0.405893558156077,-0.003122563036793924,0.0005704010073621646
2024-02-09,-0.04999999999999982,0.010000000000000009,0.0005003124495666349,0.007685548604783698,1.7895620512026565e-05,-0.004948444731450211,0.001699139479135139,-0.0030740300895695104,-6.442466341312393e-05,0.0147138608333333,-0.010795019130503755,0.1955902117589516,0.011536522768567337,0.011861808496351819,0.0,-0.0003370246373783914,-0.405893558156077,0.01088657719301489,0.00572597559086141
2024-02-10,,,3.775795946054597e-05,0.007085190316905144,0.003279647485043838,0.0027623987683913945,0.0006261631384880118,0.000555496426082411,0.023460039899406315,0.00692407,0.0019605996439903237,0.3915534459942553,0.033145363889398954,0.01502743478404628,,,-0.405893558156077,,
2024-02-11,,,0.0008060393398113271,0.0012394405564298272,0.0037239798194919622,-0.0019557299634694594,-0.00010088679790743382,7.541995549928472e-05,0.024381054863832408,0.01556933416666665,0.0002658683892485521,-0.9203775577527632,0.00892722235145913,0.013269720153896521,,,-0.405893558156077,,
2024-02-12,0.020000000000000018,0.0,0.001772200114762324,-0.0010866716922495181,0.0014682620849133556,-0.0013756077850353469,-0.001572334605054824,0.0007899742341019832,0.07292768615420082,0.0165149308333333,0.002776193859314042,-0.09737590779066957,0.005502047401276049,0.011120506778512151,0.020000000000000018,-0.0008364438731343071,-0.405893558156077,0.0744945950079483,-0.0009494002275562963
2024-02-13,0.009999999999999787,-0.010000000000000009,0.001810712067866822,-0.004215510971759526,-0.006773811261897951,-0.14469679771466204,-0.0010800112745619338,-0.0007628478302407184,-0.023275638833343985,0.02308906666666665,-0.002677838537016754,0.9345030843603336,0.048563551319550397,0.015204569972585427,-0.040000000000000036,0.00480414026460263,-0.405893558156077,0.1291247125315751,-0.013768624761212322
2024-02-14,0.020000000000000018,-0.010000000000000009,0.0006916729290538359,0.0027366190808707598,-8.242088984859651e-05,0.0069667266499332334,0.0013779057770471708,0.002013505554856656,0.05126235780350738,0.016826890833333302,0.007062279134553833,0.08803648655193992,-0.006291730637575527,0.018572145665151623,0.040000000000000036,-0.0009879780352823886,-0.412688878593043,-0.09733114803038889,0.009534129096895327
2024-02-15,-0.029999999999999805,-0.010000000000000009,0.0022381133525206064,0.002917377337954106,-0.0007581051164983765,-0.0002455493682296765,0.00026685962092534466,0.002077904959195115,-0.006391533367365658,0.0223645033333333,0.007238161605761806,0.1253236625537585,0.045886658245238715,0.02139676398897766,-0.030000000000000027,-0.0015506224349666198,-0.412688878593043,-0.026066991943984874,0.005804399991795606
2024-02-16,-0.010000000000000231,-0.010000000000000009,0.0029507076417658574,0.004735772574081504,0.004908393857014867,-0.007300226040399835,-0.0004384374491032904,0.0015214097182226463,-0.007848102822254564,0.0231366558333333,0.00526434003657606,-0.12464082129253974,0.009903813751991297,0.021526115786216427,-0.020000000000000018,-0.0005083292663679018,-0.412688878593043,0.016283545634914187,-0.0048150123419912205
2024-02-17,,,0.0032573385834180992,-0.00010950704857984741,-0.0002909931712468023,-0.0023762703064313323,0.00011223826700431807,-0.0009416431775284491,0.0004914260469522058,0.013926273333333301,-0.003255344223298762,-0.32092708830498007,-0.001452541683296117,0.022182472190750535,,,-0.412688878593043,,
2024-02-18,,,0.0013672651961368523,0.0003180140303651777,0.0031575783692131456,-0.004106198956946544,-0.0003099180361685452,0.00032724176606600185,0.007865228486492381,0.0191622833333333,0.0011321550269894351,-0.08907128723310223,-0.008001947993409027,0.02391948714410701,,,-0.412688878593043,,
2024-02-19,0.0,0.0,-0.0005607070864463609,-0.0002981180857781853,4.6942634461845175e-06,0.005701937040987118,0.0003060858185821463,0.00018186481619214862,0.01857162694859461,0.02686263416666665,0.0006288345756989281,0.07307786531382313,0.019626463314312857,0.02373286080030318,,,-0.412688878593043,0.032472628629516276,
2024-02-20,0.03000000000000025,0.0,0.00013080511231880072,-0.002496714548607126,0.009264644839427271,-0.005221759965447783,0.007704635178761549,-0.0001249824688328249,0.000709473059817712,0.0180603983333333,-0.0004354526280618592,-0.052502261865391045,0.008219553145845708,0.018724830910830992,0.020000000000000018,-0.0010785794850312058,-0.412688878593043,0.04713783352183709,-0.006023414477223099
2024-02-21,-0.03000000000000025,-0.020000000000000018,0.0020942010032049575,0.00045485716033922196,-0.006870949397204431,0.0014956377774592276,0.0005784979125434147,-0.0007689576304880808,-0.0026183981095975867,0.01761490666666665,-0.0026848678102247624,0.3795215508452735,0.0170565626913971,0.017436965997902024,0.0,0.0001487248089766524,-0.420545365615693,-0.005201572196073201,0.0012633935945860486
2024-02-22,-0.11999999999999966,-0.009999999999999898,0.002706657162674288,0.0023717147556248704,0.002707937781499608,0.0008046079898931849,-0.0007291503637411677,-0.0013102384843755703,-0.021435466025733783,0.02454310166666665,-0.004588103832964622,-0.09991956300493109,-0.010665188694281232,0.011900820043893685,-0.03999999999999998,0.0005294460061922024,-0.420545365615693,-0.05356032383373677,0.02090289169482773
2024-02-23,0.009999999999999787,0.019999999999999907,-0.003618695048365102,-0.0030462745288880374,-0.005258672441517921,-0.0047137633890301095,0.008697882986365113,-0.00031425839640114453,-0.013753800419303873,0.0110364458333333,-0.0011132318081955033,-0.15727668443994158,-0.0055679844171354865,0.012259897229990368,-0.04999999999999999,-0.0005377079153214837,-0.420545365615693,-0.05586464799279289,0.00034788317372758115
2024-02-24,,,0.0014501385190703701,0.004666117050623795,0.00400499659397896,0.0020889565512743364,0.00034767917969398586,-0.0007123501580470175,0.02887309933331904,0.01735344166666665,-0.0025289137952769864,-0.16456124128590036,-0.01279208437956766,0.013584565543519164,,,-0.420545365615693,,
2024-02-25,,,-0.0008799835934896962,-0.0012429904949224128,0.0019472410106750747,-0.0014850498404491367,0.00020244627313381576,-0.0009846252716868124,0.03070747119670375,0.02120603666666665,-0.0035067913776536167,-0.32867181660017025,0.01744201935713724,0.01412856847444788,,,-0.420545365615693,,
2024-02-26,0.0,0.010000000000000009,0.0006140834227790673,0.0022416419469410824,0.0025163665424876164,0.0014178928715806011,0.0022043711430491273,0.0011266511830337162,0.028657796981599475,0.0236865058333333,0.004020445381502111,0.14864403411699598,0.02242805921245206,0.014649951752399696,0.0,0.00018422436431730915,-0.420545365615693,-0.0007275373183772693,-0.00379393524610272
2024-02-27,0.029999999999999805,0.0,0.0025869653789341784,0.010634551187842829,0.0042183325488938835,0.0006251909389713197,-0.00021697129380445846,0.002207052108216295,-0.014986750080606995,0.047154569166666646,0.007827615004727324,0.5762682367090721,0.0352488020378333,0.0186159690032191,0.019999999999999962,-0.0007809146518376053,-0.420545365615693,-0.022820276259056804,0.0017048185442885
2024-02-28,0.050000000000000266,0.020000000000000018,0.0022739874866317647,0.001315914252474726,2.7669299676203966e-05,-0.008300989400228284,9.823697104887026e-05,0.0017800812316835207,0.012141447457522632,0.0480598583333333,0.006269581974974839,0.3088158268459089,0.03332088811392017,0.020685887086657365,0.020000000000000018,0.0013490702096108365,-0.428633732001712,0.030071939654377378,-0.0016594504761027196
2024-02-29,-0.020000000000000018,0.020000000000000018,0.0002593571885330662,0.0064674356023971214,0.002114040114248712,-0.0047558079034690105,0.0006894219471622698,0.0024433221149071298,-0.007445751903421898,0.07860943749999999,0.008547925143722877,0.49283280715597844,0.06744935370023472,0.026953661356763123,-0.020000000000000018,0.00044901086304083293,-0.428633732001712,-0.03230824323265802,0.005215420393339443
2024-03-01,0.029999999999999805,0.010000000000000009,0.004182784026734568,0.0010077452988572256,0.004105057484999557,0.03810924990215527,0.00034655119405703125,0.0008867821810994728,0.01952028619244302,0.0552698625,0.0030854778716122872,-0.22528659767631107,-0.015097758673616664,0.028786235653577616,0.040000000000000036,-0.0014145716426279265,-0.428633732001712,-0.02187940918125708,0.00797592505779221
2024-03-02,,,0.0045789982491513895,0.008669604918893214,0.00439493775789652,-0.00027214396983851313,-0.000690546763669614,0.0016180429690671979,-0.008055419081570073,0.0414764725,0.005601558381949019,-0.5796599777288618,0.021520791220882466,0.02467204091318113,,,-0.428633732001712,,
2024-03-03,,,-0.00038256271288204357,0.0012487323286746043,-0.006892358867926094,0.000357983730607823,0.007657308280714156,0.0007731541544333973,0.036101851505905745,0.04214284666666665,0.002686032396612063,-0.3601420044655642,-0.0043204817322645235,0.027180363828241513,,,-0.428633732001712,,
2024-03-04,-0.06000000000000005,-0.010000000000000009,0.003233986753228939,-0.0006463192418358174,0.0033565303309190907,0.00018667373863584885,0.007235410141236083,0.0033263616829633143,0.07531822029692159,0.06986304916666666,0.011557441476793327,0.098301165711487,0.017325883343772483,0.027264525689564084,-0.040000000000000036,-0.0011501424889441836,-0.428633732001712,0.028573372444055778,-0.001193997432469729
2024-03-05,0.050000000000000266,0.010000000000000009,0.0004619401802279363,-0.0033142013077148524,-0.003032896649764328,0.0007392100940008897,-0.002187937036991574,0.00127501287261377,-0.07787645739639906,0.09633824499999999,0.004385274126367171,0.9003955024568899,0.059797233732725635,0.03059679873281839,-0.019999999999999962,0.00010423707159468165,-0.428633732001712,0.06943754651095446,-0.010245348981573699
2024-03-06,-0.040000000000000036,0.0,0.008414376063026707,-0.0015876695524399361,-0.03906424265786721,0.004401599377805573,0.0037026121745994127,0.003280288517796361,0.03925408133572125,0.044127664999999996,0.011235908959713367,0.32428198826918575,-0.03672442908867233,0.03820281134088001,-0.030000000000000027,-0.0034779473175756692,-0.434945858598842,0.002762432695909922,0.005127959537251314
2024-03-07,0.0,-0.010000000000000009,0.0007810174812729675,0.010839229051983557,0.0072551494806104445,-0.005902994887505384,-0.00048353790559977125,0.0028183236008510475,0.015425209975494843,0.0349295108333333,0.009549139678131575,-0.2511617070244431,0.04675665458742667,0.034113483110570296,0.030000000000000027,-0.0022771121111251347,-0.434945858598842,-0.004146515961848785,0.01025138288139793
2024-03-08,-0.010000000000000231,-0.010000000000000009,0.0029542470408825887,0.003657148996587164,-0.0746414675614155,0.00039288044998055056,0.011044350325421575,0.005291177382934732,0.01855246051725484,0.0409079675,0.017879771440634927,-0.42120798361200235,0.011148167281403457,0.03191389573590344,0.019999999999999962,-0.001797924336124801,-0.434945858598842,0.020562753296510472,-0.006549938065646188
2024-03-09,,,0.00417197479263032,0.023136661308638357,-0.015395450754013267,0.0026779326334786663,0.015478572838330781,0.0039008518753073586,0.007806621724533953,0.0304428125,0.013181026533297962,0.20841388469406438,0.014220852750480246,0.03184169659199401,,,-0.434945858598842,,
2024-03-10,,,0.005631463858100275,0.0012974578330111183,0.0009950945222122864,0.0011136488190284133,0.0015513923555591357,0.0007250369025368497,0.03131360517666443,0.0524642133333333,0.002434645780314734,-1.0038410809957459,0.00428051608586074,0.031108805558192645,,,-0.434945858598842,,
2024-03-11,0.0,-0.010000000000000009,0.004729077791757461,0.005724556518135273,0.03602970443133692,-0.0007538343080741805,0.0016411105803912256,-0.0007760350583268143,0.06636027994767744,0.0809898108333333,-0.002610404976993915,0.4785682705132796,0.0004650286431854404,0.03169820814279326,-0.019999999999999962,0.0005366344814765611,-0.434945858598842,0.03204546567234923,-0.001122868255180265
2024-03-12,-0.05999999999999961,-0.010000000000000009,-0.0025605932379750883,0.00879139625309303,-0.0019393872666021873,-0.002694364904428136,-0.0009185294772789637,0.001845591361186202,-0.013175051143373659,0.0698629208333333,0.006191345245444541,0.6037766409514667,0.04465361940472613,0.02842113699386782,-0.010000000000000009,0.0010607554005348518,-0.434945858598842,-0.09504740224401598,0.011139497364013096
2024-03-13,-0.050000000000000266,-0.020000000000000018,0.003704893203329831,-0.0015649095414726612,-0.0010378871150722008,0.00010267180880577194,0.0020894426715753435,0.002748140319420253,0.014803937777963077,0.046913634999999995,0.009167687729374095,-0.044084190166763286,-0.016039667058294543,0.023068253696240867,0.0,-0.0016874126878496654,-0.438585937812748,-0.006524126076943304,-0.001926391571869246
2024-03-14,0.0,-0.010000000000000009,0.003345933424688508,0.013415964184391603,0.005465383351754784,0.0006619099213125203,-0.00114516376946985,-0.0002707833505983798,0.022502683130846343,0.0493892383333333,-0.0008985689704385163,-0.2113966710172118,0.014939234684996213,0.01845794285579689,0.02999999999999997,0.0023046971715983133,-0.438585937812748,0.04618938246937443,-0.002875205915668033
2024-03-15,0.010000000000000231,-0.009999999999999898,0.0016785893234273603,-0.007395945464006862,-0.0002665016528367766,-0.00257526671729845,0.0012147125516933275,0.0036771959311503867,-0.08684500600656384,0.04149895416666665,0.012148654809300496,0.17136789478611608,-0.027951295832392142,0.023472446711621638,-0.019999999999999962,0.0013239624558991636,-0.438585937812748,0.0006942034294761257,-0.006503996116926203
2024-03-16,,,0.004292435222575205,0.006153378451589245,0.010367806741856271,-0.12093136606833542,0.0006394433306214059,0.0026208186758149695,-0.036356528678058005,0.0351000283333333,0.008574866898482173,0.2774712543483249,-0.032109209791650474,0.026725300058744447,,,-0.438585937812748,,
2024-03-17,,,-0.004419613722423393,0.0032762907756229195,0.010597228197982374,-0.003566737765750477,-0.000789775185796712,-0.00018809929160868436,0.029342756818428004,0.0365634008333333,-0.0006125011319398807,-0.542666330369423,-0.0621273167516105,0.03481801888795198,,,-0.438585937812748,,
2024-03-18,-0.03000000000000025,-0.010000000000000009,0.005567382184752459,0.0004181754136430837,0.0023428520612313116,0.003625351462992759,0.0020309237440288307,0.0011422484993466595,-0.006827093167579607,0.027696910833333296,0.003721234632027857,-0.0015374145513763879,0.04146809303360065,0.040142961018427396,0.019999999999999962,0.0014516001063311634,-0.438585937812748,-0.0055671681713502785,0.006298168875158439
2024-03-19,-0.029999999999999805,0.0,-0.0012922304562142974,0.0032904162683613826,0.008065363357809571,-0.0015720239516946982,0.0063346949568354885,0.0024325254289216214,-0.09164690241473182,0.0260210708333333,0.007928742663214722,0.08129098694348946,-0.02163830139400328,0.033692869889721776,0.010000000000000009,0.0029647023641325987,-0.438585937812748,-0.03623842350055684,0.0056332831318908205
2024-03-20,0.040000000000000036,0.0,0.0041409966987328226,0.008607274191758331,-0.006636762236156227,-0.1360233384809943,0.0004957391401001016,0.0006694433547698482,0.06462988102998299,0.015459033333333299,0.0021721196431147235,0.4426083976353659,-0.0959715303708431,0.045623533515772655,0.06,-3.555745195704674e-05,-0.439979924043935,-0.0580952618410171,0.008864697827339896
2024-03-21,-0.0900000000000003,-0.010000000000000009,-0.0007845654319451412,0.004821255446248561,-0.01135016137710493,-0.16394694074310207,0.0025767501117585152,0.0022714017375113325,-0.031136484389002985,0.0153007108333333,0.007353828605209392,-0.03628824100921214,0.09533471922103273,0.0640881194140831,-0.02999999999999997,-0.0009952945648139533,-0.439979924043935,-0.009245058144050855,0.0032313725131380977
2024-03-22,0.03000000000000025,0.010000000000000009,0.0021092575972566597,0.015383929662437065,0.004994839341761885,-0.19652111256706664,0.0010468164802319934,-0.00235873728285708,-0.021341598715409717,0.015894309166666648,-0.00764569637369383,-0.4379491639682533,-0.020297553137441367,0.06388961433489398,-0.020000000000000018,0.0031042270812502437,-0.439979924043935,0.010777625493829213,-0.001403246406415093
2024-03-23,,,0.0011354671689467618,0.0031773876137159924,0.016477035311190782,-0.1169336065091705,0.00037449411178292516,-4.1520020908390656e-05,0.0007651176336898436,0.015725494166666652,-0.00013516004536470074,-0.1227060418524545,-0.040732930783387904,0.06438676140747739,,,-0.439979924043935,,
2024-03-24,,,-0.0004601220364655085,0.000414149161886537,0.016083308284134866,0.0015684648397432648,8.153051403488199e-05,-0.0011880963925040853,0.04770678419946386,0.01918372666666665,-0.0038756854571383435,-0.5031940150605071,0.010643692135780362,0.061281461251692856,,,-0.439979924043935,,
2024-03-25,0.029999999999999805,0.0,0.00032985066064893944,0.0010895380634098185,0.012348623340335246,0.019130281463675874,0.0007361911659617875,0.0011285470489920222,0.06406369446011712,0.024616627500000002,0.0036844933952829826,0.04510148629597029,0.03781291752393813,0.06083890410955941,0.08000000000000002,-0.0012773845660714045,-0.439979924043935,0.00990484288093807,-0.003059595569942175
2024-03-26,0.040000000000000036,0.010000000000000009,-0.002293878830220257,0.004266630062248693,-0.02151598724783619,-0.014761070843230988,-0.00042862304065487714,-0.005490429969038227,0.006811185747476163,0.03797043,-0.018046431121685472,0.46027709539597944,0.038212137345392194,0.06229550801509856,-0.030000000000000027,0.0003692632579177513,-0.439979924043935,0.003783583779639166,-0.0028037482252578627
2024-03-27,0.0,0.009999999999999898,0.0036547304356942755,0.002067640832080969,0.0062093559453068135,0.005697592257020176,-0.003848460652225164,-0.004458746681665705,0.0021241800576217796,0.0431274433333333,-0.014841225955433458,-0.1384655620573052,0.0014475347538229072,0.04476656064942017,-0.020000000000000018,-0.0005394841819503782,-0.438077679353677,-0.035361101559473695,0.008593565940708814
2024-03-28,-0.029999999999999805,-0.009999999999999898,0.0013844574106690872,-0.0031378697214705566,-0.0072949223347652525,-0.23521662686783262,0.0018619253827644514,-0.0016068216794603487,0.02248621849356952,0.047471507499999996,-0.00541296078737829,0.08976411372645345,-0.01679777567530567,0.029842851759429707,-0.04999999999999999,0.0004511047184720951,-0.438077679353677,0.017836843575025352,0.001115888770669926
2024-03-29,,,0.00048128877884875477,0.008685194253945028,0.006676221864237456,0.002439188845923403,0.0009938411989411783,-0.0031526953616288727,-0.02852110396707365,0.03271660166666665,-0.010717213946879493,-0.25624783983092597,0.01688457490140849,0.028606167887685864,,-0.0003668169500645746,-0.438077679353677,,
2024-03-30,,,0.001794677236910205,0.00020556422365578724,0.01795964701870777,0.000849599223817515,0.0001195477040302783,3.488235788656925e-05,0.0032864200976564697,0.0309302058333333,0.00011922327509885074,-0.19089954341180548,-0.011867123362473316,0.021912691925685592,,,-0.438077679353677,,
2024-03-31,0.029999999999999805,0.009999999999999898,-0.00014086418595909777,0.0008275791712076123,-0.002195181488917566,6.824690685888264e-05,-0.00011588972398742019,-0.0017181496918730655,0.04102284959261829,0.05945748416666665,-0.005888681662430209,-0.3849825274771458,-0.002753372613307363,0.022516078472811743,,,-0.438077679353677,,
2024-04-01,-0.029999999999999805,-0.009999999999999898,-0.00026792444082555754,-0.0022370536580045377,0.0010563049432728404,-0.0007132382865805,-0.00038649074546816487,-0.00018900441111120302,-0.018711228245494267,0.045249075833333305,-0.0006496531810683513,0.11645998017006166,0.030130929589186103,0.02101432117556206,0.0,0.004090150514680424,-0.438077679353677,0.04802122910655493,-0.0020155996658246522
2024-04-02,0.10999999999999988,0.0,-0.0004218313333372314,0.0073663385289637565,0.013383217080208828,0.0005936851390932303,0.007672336501881701,0.0031745647825255838,-0.07538330828361538,0.0162090683333333,0.010939295435062099,0.574397487905982,-0.02944780287885463,0.020292973804028187,0.04999999999999999,-0.001742865279370065,-0.438077679353677,0.06796670413163897,-0.007265395734467717
2024-04-03,0.0,-0.010000000000000009,0.0019091536574542065,0.003787304882307157,0.0017234103251008764,-0.0035179753252525077,0.006538983859046876,0.005952595362827015,0.0065083821604588156,0.01279432416666665,0.020326229757045504,0.2544237900955323,-0.06656061494273607,0.03161570524091355,0.020000000000000018,-0.002341501041117411,-0.43351836552788,-0.01935098392252721,0.0010904938060498637
2024-04-04,0.010000000000000231,0.0,0.006343470069588322,0.003810044235899442,-0.007825217516690547,0.003951212002247664,0.0001590761424660666,0.0027396380896186805,0.007787649350310813,0.01368242416666665,0.009219405881609606,-0.27740107865226826,0.011534105423025808,0.032620113343238846,-0.020000000000000018,-0.0021382986386893066,-0.43351836552788,0.13187265550318195,-0.01241098305745858
2024-04-05,-0.06000000000000005,0.0,0.008517230295574989,0.005040519223240187,0.008891664287014754,0.0010126201099045207,0.005686208151036553,-0.0031792056728481744,-0.021259407576129118,0.011759974166666649,-0.01076796307951295,0.002815563602887451,0.02027647759874145,0.03306383902618836,0.0,0.0016820708739455625,-0.43351836552788,-0.019765930721800995,0.011038072569657942
2024-04-06,,,0.004283656140004067,-0.0025128974353741595,0.014120921140321922,-2.3711976612019447e-06,0.00026075355627361155,0.00021638797409699885,0.015516976093528643,0.01120842999999995,0.0007367864469666128,-0.020378846708161553,-0.005903135376830976,0.03299294104865806,,,-0.43351836552788,,
2024-04-07,,,0.0009776886515298255,-0.000655176335006185,0.011750131994092484,-0.003713609531523685,0.00018881823841625787,0.0009017008491878321,0.03024033331728392,0.01707454666666665,0.0030649774687542455,-0.6112849813646878,0.013829379107054531,0.03385757465815005,,,-0.43351836552788,,
2024-04-08,-0.03000000000000025,-0.010000000000000009,0.001079585756224901,0.0009644339253438878,-0.004169149589009657,0.0033528270687159644,-0.002812630953473882,-0.0033778268355469975,0.07411126440868644,0.024541775000000002,-0.011497663431581852,-0.03395241287318791,0.016191782725791318,0.031886381145749716,-0.019999999999999962,-0.0018924252804861652,-0.43351836552788,-0.05382465001378023,-0.00037475749305038164
2024-04-09,-0.009999999999999787,0.0,0.00133044665036532,-0.011621988957376693,-0.04387461034331084,-0.001213696077159465,-0.0026794100074140985,0.0019068840763954294,-0.0453136295278779,0.0154599675,0.00648966013274782,0.6396769556674874,0.04959655761649642,0.03583686830347746,-0.020000000000000018,-0.00025762019553443594,-0.43351836552788,-0.013921338518608106,0.0014444457627025287
2024-04-10,-0.040000000000000036,-0.020000000000000018,0.0006876452307961712,-0.008148506346042809,-0.012100405588087297,0.0009122843252972508,-0.0010707689699051225,-0.0008604417944723575,-0.006904822914164916,0.0159057633333333,-0.0029199780748127035,0.0802658406392939,-0.04413438682758586,0.028582344012266357,-0.03999999999999998,0.007164542415101671,-0.428028620646095,0.05329396194384772,-0.009501978333886996
2024-04-11,0.06000000000000005,0.0,0.0003854478683754186,-0.004418020643037334,0.008100094655300557,-0.000193636642670243,0.0003418807516400266,0.000596193981703314,-0.009368851222707605,0.01627055166666665,0.0020248302333312797,0.019869351352517703,0.014929333543032035,0.0286657516126956,0.04999999999999999,0.00029114140795627463,-0.428028620646095,-0.05797781125627388,0.007417237205871174
2024-04-12,0.08999999999999986,0.030000000000000027,0.0014865911522880697,0.00125704712419813,0.004047295390913858,0.030272159097773643,-0.0028640887627275602,-0.0004426133767552394,-0.046007607529705175,0.0165498058333333,-0.0014985369523511588,-0.23230346890860362,-0.00741960154991555,0.028802046838268914,-0.010000000000000009,0.00557942804509004,-0.428028620646095,0.1492522404114709,-0.014657607029448627
2024-04-13,,,0.0006331715846701265,-0.008343693556919725,0.013377967731596498,-0.0006491847570116156,0.0016382881836159392,0.0043651240254985,-0.15070288066774837,0.01043934,0.014705482694673479,0.353487170704066,-0.05975545049184276,0.038012274067582064,,,-0.428028620646095,,
2024-04-14,,,-0.00012950588579270449,0.003958783146168606,0.03317473070933118,-0.00022565103974454118,-0.0005557985317762657,0.003455551024210484,0.027933381591968738,0.010763416666666649,0.011483474060698487,0.22757766416452663,-0.05730429268257771,0.042226756754355096,,,-0.428028620646095,,
2024-04-15,0.029999999999999805,0.0,0.0034754280473986224,0.0058054157889722464,-0.00413304589723043,0.0002563240157657174,7.491864562855544e-06,0.0018492896025453002,-0.0080848026153212,0.00731347666666665,0.006091853435694032,-0.18241010187856166,0.03231478104249462,0.04443802560828378,0.08000000000000002,0.0011155903875899043,-0.428028620646095,0.10518719041257052,-0.012094130563305328
2024-04-16,0.08000000000000007,0.029999999999999916,0.000814972325700493,0.004487208872511554,-0.014849425407178962,-0.0017046571544851315,0.008236813808528264,0.001281512330380088,-0.02753903597630178,0.0139742775,0.004234503705849981,-0.00774461364527333,-0.027003404840331702,0.03584403281206478,0.0,0.005688506895578982,-0.428028620646095,-0.04412089498574856,-0.002058690186348855
2024-04-17,0.06000000000000005,0.0,0.0020705263564478648,0.005372350594350218,0.0200990366496865,0.00047825029396322876,-0.0011603554874600652,0.0009405292481250125,-0.00820305100389228,0.009684657499999999,0.0030928377464872017,-0.06766217962952129,-0.0005468044639226526,0.03497043868887072,-0.040000000000000036,-0.0008344705882405989,-0.422117906276509,-0.01037977087542341,-0.005797336366097028
2024-04-18,-0.029999999999999805,-0.010000000000000009,0.006037571724817374,-0.0020018681409331752,-0.018502087180250246,-0.000244361283783778,0.00201281614348191,0.0066022190034882595,0.010107629023065329,0.006786460833333299,0.0214883462796388,-0.03610456728421334,-0.03579332610170674,0.0329387187996889,0.0,-0.00015445748060205489,-0.422117906276509,-0.011599135843352038,-0.0022106328639264206
2024-04-19,-0.020000000000000018,0.0,0.003354328961368024,0.015960490805765563,0.006576951587666899,0.0017623379608028233,0.012294392774470508,0.0005223708208068685,-0.005201173314836545,0.0041363291666667,0.0017013907995585672,-0.1439475614479862,0.030700889190389085,0.03847809002311533,-0.009999999999999953,0.0008597809957331393,-0.422117906276509,0.038686382389833796,-0.008797102336545848
2024-04-20,,,0.00671052413974084,0.025943586023620957,0.01290012993688994,0.0015887604160684902,0.000366539349125645,-0.0013046842623896774,0.027521675405250082,0.0018306316666666998,-0.004256418497970641,0.353960894809222,0.004262494314554461,0.033893171760652416,,,-0.422117906276509,,
2024-04-21,,,-0.0003829138649473586,0.0009605248947053047,0.0073123974709294335,-0.0013966004664759195,-0.00023521564604646702,2.2560316258163603e-05,-0.0023566405828727498,0.0071371533333333,7.373785737626703e-05,-1.046786268274528,0.020940475992753744,0.02697440542598925,,,-0.422117906276509,,
2024-04-22,-0.08000000000000007,-0.009999999999999898,0.0008303562838992129,-0.0004404756771106695,0.004157583980339993,-0.000692446812293924,-0.0005138342208765342,-0.0005999029444610571,0.03872516797715357,0.00884527916666665,-0.0019616117119849058,0.11011806062574889,-0.0004787547082664666,0.02380873052021208,0.0,-0.00037860261964262065,-0.422117906276509,-0.09938045106208993,0.00869332773488729
2024-04-23,-0.08999999999999986,-0.010000000000000009,0.00021436112518291621,-0.003962915168987004,0.012150575563061393,0.001932173815614263,-0.000901493137117979,-0.0004637111818363034,-0.006684146542555484,0.0036125525000000004,-0.0015175521561145784,0.3227911041534166,0.022751703039207174,0.022167932686999795,0.09999999999999998,-0.002752016110505906,-0.422117906276509,-0.07665412247896741,0.011893624576652329
2024-04-24,-0.010000000000000231,0.0,0.004949082945647137,-0.004922391701534237,0.004571027239783238,5.278208966318471e-06,-0.002783183562217291,-0.004159920991202532,0.001982088237469915,0.012418451666666651,-0.013679463470708045,-0.14870821303584636,-0.0002715524212782909,0.022154672869225067,0.010000000000000009,0.0013623076158033598,-0.416980636271055,0.0176883954819802,0.00021297196541247843
2024-04-25,0.050000000000000266,0.0,0.000353885277433087,-0.006186175803812697,-0.010635014694912636,-0.0014916915406543289,-0.0009094149975985301,-0.00582739441044861,-0.013254062748436938,0.01068625166666665,-0.019465126351206823,0.289433111129268,-0.028888080434737947,0.02003513841181996,-0.020000000000000018,-0.0004199758819769528,-0.416980636271055,-0.03829440467641687,-0.004586941901457919
2024-04-26,-0.08000000000000007,-0.020000000000000018,-0.0003385050275568211,-0.0021635409711886324,-0.003151723071469773,-0.0008297893213269809,0.0008844477275637041,0.00032969279000496105,-0.007966693541429707,0.0087905758333333,0.0011124191286055695,-0.14872240458675007,0.004591586394325673,0.017103859007604142,-0.02999999999999997,0.0008845111455872967,-0.416980636271055,-0.022369353785621104,0.010157373516559431
2024-04-27,,,-0.0004514511686235396,0.0005974020072821516,0.005658121765993066,-9.284791774301188e-05,0.0002738334265929595,-0.0014187624464500898,0.034467948944877064,0.0108054675,-0.004797194776414134,-0.13752583698636459,-0.009496657517632609,0.01774955314748145,,,-0.416980636271055,,
2024-04-28,,,0.0009168011605264322,0.0037666500217972206,0.015340109469081365,0.00031676808787592224,-0.00015734632080814138,-0.001322279219038406,-0.013901053885482885,0.01332499416666665,-0.004491066412438877,-0.07604076380393862,0.017766627429692903,0.017196348830613956,,,-0.416980636271055,,
2024-04-29,-0.040000000000000036,0.0,0.0011874433508266761,0.00035803900372346256,-0.0016011574711994323,-0.00023635801735836544,-0.001496699225327884,-0.0008431778935083807,0.01297727867007401,0.0074035933333333,-0.002870081153998671,-0.168961749598096,-0.0038083777461949196,0.017285163502658348,-0.050000000000000044,-0.0032766881190244845,-0.416980636271055,-0.024243611609992666,0.003173415687477643
2024-04-30,0.06000000000000005,0.010000000000000009,-0.0009733280414609513,-0.006072984755910144,-0.005163786145206114,-0.0014050423230371524,-0.002104912606967773,-0.003283376184594213,-0.010777560747730687,0.00979587916666665,-0.011231595746351228,0.46016104170485345,-0.0010281089228278504,0.014220102758196622,-0.009999999999999953,0.003587342594052245,-0.416980636271055,0.06466632483127155,-0.015855554753445134
2024-05-01,0.029999999999999805,0.0,0.0005032302402640169,-0.003000554257086702,-0.004380946517541465,0.0028462352607449056,-0.0012028895369361064,-0.0006322578779614053,-0.06391687270302343,0.011324565,-0.0021747333049877593,0.3191185585455815,-0.05580073181343674,0.024327992590245574,0.019999999999999962,0.000256095376196086,-0.414811723801186,-0.016752969135374052,-0.003441392364873508
2024-05-02,-0.04999999999999982,-0.010000000000000009,0.0007909234725600679,-0.006690223719595212,-0.006500986696250019,-0.0004015437498369659,-6.727021172891884e-06,0.0017620932477488594,-0.0007511073173331704,-0.00034322916666665,0.006049170446560081,0.21896219538972547,-0.027681972870133784,0.024183632375936424,0.040000000000000036,-0.004712885044469317,-0.414811723801186,-0.04723192466441839,0.009087013401336108
2024-05-03,-0.08000000000000007,-0.010000000000000009,-0.00034961313389194617,0.0037598894980815866,0.010981035267211215,-0.001358837366705029,0.0018079518076838362,0.00217401146021052,0.05551048347586901,-0.00045213166666665,0.007426554883231383,-0.5449480672555773,0.009221427799772317,0.024731203509728707,-0.020000000000000018,-0.0024605870964089505,-0.414811723801186,-0.08453735296670528,0.01247858860899953
2024-05-04,,,0.0006399296974618602,0.003990885582748942,0.012829582388052275,0.00016573601018039303,0.0007456286813950252,-0.002803086167590046,0.00985287282450765,0.010601964166666651,-0.00959302579890897,0.11328547887579994,0.04903169652707041,0.03336354847074647,,,-0.414811723801186,,
2024-05-05,,,0.0008994619089662846,0.009303376143415127,0.01812870320443902,0.0002433593462131836,0.00032738686060801116,0.00040260517019195807,0.0012723207252240505,0.008942203333333301,0.001383964339516998,-0.4958972119940096,0.00981659126640101,0.032717233422458504,,,-0.414811723801186,,
2024-05-06,-0.050000000000000266,-0.010000000000000009,0.00033631509282663094,0.0010915203763132654,0.0033357089000142126,-0.0013644181367288475,-0.0024988406921264074,-0.0017618047462676068,-0.019521540530513002,0.0088551475,-0.006055246428693892,-0.10168597213632173,0.0049302954965931055,0.03284295258200471,-0.020000000000000018,-0.0020177953055835474,-0.414811723801186,0.0,0.010273136069377742
2024-05-07,0.03000000000000025,0.0,0.0006822237554583642,-0.01058714134801868,-0.015571043831363306,0.0008695710030429382,0.00030085186019561015,-0.0010057349695423632,-0.004066633834957148,0.00736549166666665,-0.003474225466098144,0.1740630788812166,-0.018193949612029515,0.03342496526033018,-0.019999999999999962,0.0016533854510205614,-0.414811723801186,-0.01946169209280013,0.0013425358193490666
2024-05-08,0.040000000000000036,0.010000000000000009,0.0006804721546405989,-0.00026294130641517306,0.005843266144431819,0.001094855086423486,-0.0009607745623175651,-0.001763907767792342,-0.010292290853996348,0.007197986666666651,-0.006116672676884827,0.01715986194528296,-0.014578572168914289,0.025485869223523718,-0.010000000000000009,0.000815439023168274,-0.414659094547622,-0.01753762066532749,-5.7829262942732385e-06
2024-05-09,0.040000000000000036,0.0,-0.0007211417746988503,-0.0037523602049963443,0.004231669221004952,-0.0006244583394784826,-8.017093312373126e-05,3.235771137367942e-05,0.015665904575899826,0.0113156925,0.00011253479021478009,-0.02538787976500879,-0.015868514913635123,0.023524504760485117,0.010000000000000009,-0.0002389955649872988,-0.414659094547622,-0.02413507573524054,0.0050780025958907515
2024-05-10,-0.020000000000000018,0.0,0.0006694431473002864,-6.981888027682794e-05,0.0027873690920193674,0.001264790895517285,0.0001799216989310726,-0.000342802241718681,0.00917569246197333,0.0062188008333333,-0.0011930685854949427,0.17604114698004508,0.025957340944715523,0.02500890755449957,-0.020000000000000018,-0.0012237006262099115,-0.414659094547622,-0.011093616148503127,0.001648021406346345
2024-05-11,,,-0.0017735277241935664,9.388096715601813e-05,0.003976806234749599,-0.0019232417043129606,0.00014319154192062944,0.0001289791625105525,-0.01098577804324855,0.00785048916666665,0.00044912276091849834,-0.017162331765074187,-0.03968779631327192,0.021759777951004027,,,-0.414659094547622,,
2024-05-12,,,0.000102284462571881,0.0006488075688363789,0.002726323010189246,-0.0008181848806392316,-0.0001505505881639459,-0.0005630554502359445,-0.00028758401997689933,0.00589690916666665,-0.0019618224877080235,-0.6651453422829132,-0.0012067587554503837,0.020731072444173406,,,-0.414659094547622,,
2024-05-13,0.020000000000000018,0.010000000000000009,4.076716087354561e-06,0.00014388345473010956,0.0007614663368957645,0.0009805022852047997,-0.0003149441337377683,-0.0011679323453080515,0.026749008111852695,0.00879417416666665,-0.0040803861679162825,-0.017149936075666155,0.00979354346854048,0.021324408658925206,0.0,9.916403091025927e-05,-0.414659094547622,0.08034912716421339,-0.0002412845541712727
2024-05-14,0.0,0.0,0.000834429075032358,-0.0006147370234466804,-0.000526387950879331,0.00023845009761221998,-0.0018195654277552893,2.370876483088519e-05,-0.0276299169684176,0.009322041666666649,8.284582710968803e-05,0.8237899150475397,0.013918593155034083,0.02212558369041727,0.010000000000000009,-0.0008239336367443784,-0.414659094547622,-0.013323661198470838,0.0048261000617184635
2024-05-15,-0.010000000000000231,0.0,-0.000492135712902905,-0.006800900950100105,-0.00580331858057305,-0.00021702091243471167,0.0017479905352880602,0.0033469942836533858,0.09493476174057495,0.006607685,0.011647324991356081,-0.23813277780508182,-0.021932331433967743,0.022921899637135198,-0.010000000000000009,-0.0046966564041825976,-0.415382117081369,-0.0750255086328191,0.011647879688046814
2024-05-16,-0.04999999999999982,-0.010000000000000009,0.0023594545320753707,0.011279858587294472,0.006615786840520557,0.0002668743498000339,0.007200920139699139,0.0007876751606246712,-0.03199764154527656,0.0085026933333333,0.002741091967009918,0.4578739453558089,0.062438889775420864,0.033097562319262676,-0.030000000000000027,-0.0010775920860677246,-0.415382117081369,-0.0024125464053836865,-0.002083874307301059
2024-05-17,0.009999999999999787,0.0,0.0009922105853777464,0.0017643959547570124,-0.006699847265857593,0.0011547779770895634,0.0007598448796526777,-0.0001858699708147913,0.050525828466485075,0.00443177583333335,-0.000646637679532899,-0.2568137152940514,-0.022715388813251025,0.03357031486233874,-0.009999999999999953,9.733604452222266e-05,-0.415382117081369,-0.035235107465910076,0.0011641104408202096
2024-05-18,,,0.0004280398604221523,0.0032341833396283834,0.0010187160476035704,-0.0004178512966778537,0.0004965755597528688,-0.0004420804880342603,0.007832675575356532,0.004958895,-0.001540436020307182,-0.02292506421814036,0.0387870418819682,0.03108510754102864,,,-0.415382117081369,,
2024-05-19,,,0.0010409890545085723,0.0021259933190876396,0.009274035216501652,7.025358915665573e-05,-0.0002145489851954762,0.0004284535337469871,-0.02108739792611013,0.00822576416666665,0.001492668078190414,-0.6072090065881224,0.0029007556333335263,0.0308475843905745,,,-0.415382117081369,,
2024-05-20,-0.020000000000000018,-0.010000000000000009,0.0005232214570720853,-0.00013941487847157728,0.0027608450193396796,-0.00047989777132743553,-0.0007510449238243252,-0.0015730852387970437,0.12075991022366778,0.0086648058333333,-0.005487221594877524,-0.2864870639267996,-0.01290567674937678,0.03226456046048787,0.02999999999999997,-5.361614061616393e-05,-0.415382117081369,0.013256200747134628,0.0009159960683451374
2024-05-21,0.0,0.010000000000000009,0.00017270754064538314,-0.004609048761598919,-0.023096966731360975,0.0018398669852354838,0.005049116060621412,-0.00385606260980903,0.030592684659503492,0.028603319999999953,-0.013648646892872908,1.3683453569437518,0.1248065848386857,0.054705048787677034,-0.02999999999999997,0.0012398593227009869,-0.415382117081369,-0.02415777621697801,0.0024986983273898034
2024-05-22,0.040000000000000036,0.0,-0.0007864631165546756,-0.00834611383940103,-0.010783160957981285,-0.0025312741051426967,-0.0007891805211642747,-0.001536246409209376,-0.015181407815038163,0.015837846666666648,-0.005485565856931806,0.21833069164683702,0.009513428382537138,0.05145274062541359,-0.020000000000000018,0.0013740840402549637,-0.415720627211292,0.03561453000836412,-0.0027097176835475523
2024-05-23,-0.009999999999999787,0.0,0.003070620859377582,0.0009055445766677397,-0.0013960647334158606,0.00047436265265370515,-0.0031865025355516923,-0.00025083343050375304,-0.019765768404286503,0.0189928675,-0.0008956705357422155,-0.35229065434574136,-0.013951624318411869,0.051273026931547235,-0.010000000000000009,0.0016564331951807176,-0.415720627211292,0.03831274646650451,-0.007408176785643761
2024-05-24,0.009999999999999787,0.0,0.0006462684566385121,-0.008675418228312746,-0.007119599662237643,-0.0008808936493999485,-0.00030429302325502217,0.002720940583597627,0.00030656305624373784,0.01422049666666665,0.009670361246807748,0.4438247089850983,-0.006035840919778837,0.04941609218128105,-0.02999999999999997,-0.0010724637160759443,-0.415720627211292,-0.0680424339346235,0.006976578915070419
2024-05-25,,,0.0003531111276813156,-0.002306604723251169,0.0033550077033318976,-0.003951610004316711,-0.00031750265776262805,-0.00034898758905258583,0.022816044595598862,0.0114564875,-0.0012347118582157874,-0.5657025135652917,-0.000606379132783959,0.049221837419306184,,,-0.415720627211292,,
2024-05-26,,,0.000770072085027985,-0.0006014447675508484,0.0007811320543182218,0.00048122563632984944,-0.0010919496930245224,-0.0018768497018481782,0.018498339730224862,0.01566503666666665,-0.0066592340363817925,-0.6942787946174603,0.008364132912996734,0.04904438586391598,,,-0.415720627211292,,
2024-05-27,0.010000000000000231,0.0,0.0004828461917036392,-0.0009888307323888664,-0.0034067884572498985,0.0005979181000054833,-0.0001276197006154927,-0.001257779171383468,0.030009891117510287,0.020643884999999952,-0.004487088009583912,-0.11313369360092024,0.004413952013209944,0.047787529862794643,,,-0.415720627211292,0.03540921591972035,
2024-05-28,-0.03000000000000025,-0.010000000000000009,-0.0005980276976536719,-0.0033564849050031994,0.009180441083517732,-0.004162198967333629,-0.001640243698057661,-0.001253061162964557,-0.004005407546720136,0.020734340833333302,-0.004482991743219917,0.45318804423380354,0.015050842118198505,0.00998205490202607,0.06999999999999995,-0.0015404418320246194,-0.415720627211292,0.04431104632491101,0.00024880404548
2024-05-29,0.06000000000000005,0.0,-0.00025835200874023536,-0.008041014725364056,-0.002181491374547486,-0.00496302963961666,-5.331258007122716e-05,-0.0015162165609703686,0.0030191024586311874,0.0183927983333333,-0.005451182931058492,0.366058539199706,-0.014445213446784372,0.011170303298919874,0.050000000000000044,0.0060272578223701245,-0.415076663141108,0.10008345855698231,-0.007394346936504093
2024-05-30,0.040000000000000036,0.0,-0.00024748266846183573,-0.00360673072107125,-4.401638431488736e-05,-0.004372029430628719,0.0014457198988146395,-0.00016300835780165887,-0.0170127845688923,0.0108790433333333,-0.0005886800686311375,-0.22133311458130023,-0.015352605925021783,0.011449470694244233,-0.020000000000000018,-0.0016712808274155222,-0.415076663141108,0.013217583731954363,-0.0059929167225423186
2024-05-31,0.010000000000000231,0.0,0.0008027091842859343,0.005743989652668584,0.004832261399076002,-0.0007066908812166144,3.122940084576715e-05,0.00044015713186666206,0.010303193933790589,0.012467385000000001,0.0015888157976365362,-0.015463766324845274,0.0036318186535597196,0.011355869059238364,-0.010000000000000009,0.0011300589054430432,-0.415076663141108,-0.11330104228893667,0.007995864911521267
2024-06-01,,,0.0003065056981837483,0.0006471803131370407,-0.007249828425962505,0.0007810930079677619,-0.00010802798298618093,-9.532618668811422e-05,0.01101079473453715,0.0176523133333333,-0.00034384349449285344,-0.20564165001958587,-0.004951846974145093,0.011521732002699878,,,-0.415076663141108,,
2024-06-02,,,0.0006944498874627637,-0.0009010379908242348,0.00034504603804626124,-0.0017983878818833353,-0.0003029330029353294,-0.0009530444072714947,-0.00894819921793028,0.0115740525,-0.003443120983028729,-0.5709566411729708,0.008612617343931298,0.01155382322199163,,,-0.415076663141108,,
2024-06-03,-0.03000000000000025,0.0,0.0013278758766190723,-0.000413721125397069,-0.005313999830426509,0.00017315650262691401,-0.0007250733290934514,0.0019269998218139042,0.02681069260887977,0.0151262683333333,0.006944563259648793,0.3730612326039814,-0.004047785264629752,0.011403706909211378,-0.02999999999999997,0.002069144841557069,-0.415076663141108,0.01459879942115272,0.0011154342969863507
2024-06-04,0.050000000000000266,0.020000000000000018,-0.0002589288558981995,-0.0004622175271521742,-0.00657690991348697,-0.001866172918512731,0.00045148641500273624,0.0004976636509775658,0.03750043253052398,0.01072206666666665,0.0017864882101623035,0.4887234037112702,0.0059587871744189985,0.009552988981732369,-0.030000000000000027,0.0030578231039086745,-0.415076663141108,0.0038066281215627384,0.0015016920495654063
2024-06-05,-0.020000000000000018,0.010000000000000009,0.0012452067501459861,0.0015710451655748308,0.0029517307787950567,-0.0015525206966327263,0.0011463662548975649,-0.0002550073710810905,0.024121108451354595,0.0199839975,-0.0009160640923058201,0.017323653402760708,0.019223065935797742,0.011139942164952506,0.010000000000000009,-0.0015632425169140873,-0.411569827209585,-0.04110698953477154,0.011778026448059364
2024-06-06,0.0,0.010000000000000009,0.0005758445708192478,0.004010371906953643,0.008344976488144168,-0.00021622722187339798,-0.0005134237473329122,0.0003189903277336456,-0.012058540254075295,0.019847944166666652,0.0011451909331692696,0.05006399820021965,0.011428711028233854,0.008534244781811638,-0.010000000000000009,-0.001327860934692282,-0.411569827209585,-0.003966685090105226,-0.0001998694317570937
2024-06-07,-0.050000000000000266,-0.020000000000000018,-0.00019001875210928877,0.0006628529207372604,-0.008835348735522934,-0.0021030049719317585,-0.0016695134588698049,-0.000325043857302962,-0.030480245868993013,0.019339356666666647,-0.001164988362090353,-0.2533715309239964,-0.010592218405779808,0.010559942444029502,0.0,0.009577973052765643,-0.411569827209585,-0.029034297528845343,-0.001115893180715588
2024-06-08,,,0.0007679199755263223,-0.009712155966781976,0.0017338119310325237,-0.0009936834424073664,-0.0004254900436865651,-0.0007757860957483124,-0.0031589128336629276,0.0117633333333333,-0.0027848024846919496,-0.013335423779319974,-0.028035983625645043,0.015934737580429934,,,-0.411569827209585,,
2024-06-09,,,0.00031173560321694796,-0.001614665066254345,-0.002709499818675811,0.0007648986936962591,0.00011517757599343569,-0.0007213624773775118,0.01589106220740648,0.0095776525,-0.0025967167283258885,-0.6445816225418208,0.0004215974993643843,0.015523488801944945,,,-0.411569827209585,,
2024-06-10,0.0,0.0,1.038146090316209e-05,0.0014599252516247956,0.0010731651753828424,-0.00041996069691971214,-0.0009626324661247766,-0.0002573717822282171,-0.004651232581605093,0.0094425833333333,-0.0009272123539969974,-0.08581684395439637,0.0055355927561837725,0.015612301193268575,0.03999999999999998,0.00293783284626592,-0.411569827209585,0.04167269640056803,0.0025775665246072776
2024-06-11,0.040000000000000036,0.010000000000000009,-0.00018562581667713277,-0.003484467771053147,0.004044334800524443,-0.001560957785026356,0.0003176885028834221,0.001750031068723041,-0.04230103631686275,0.00860714166666665,0.006289800016631808,0.5174598529581357,-0.006456536846212448,0.01560233901183178,-0.019999999999999962,0.0009873062588487969,-0.411569827209585,0.008597161197211545,0.002706754843456949
2024-06-12,-0.10000000000000009,-0.010000000000000009,0.00039034327048382384,0.0007396814942542784,-0.0014511762865443297,-0.0016687672789088579,0.002037781703253334,0.0017904756441865235,-0.003660499986406716,0.010485544166666649,0.006407480409442127,0.7261887347810004,-0.039305932038536565,0.01827983212692352,-0.020000000000000018,-0.0016573581927588066,-0.40587065522571,-0.06510937146055396,0.008467727171883155
2024-06-13,0.11000000000000032,0.020000000000000018,-2.8433646218157517e-05,0.00841152938371659,0.002215652003585418,-0.0008091429875663327,0.0002274949968463821,0.0010329854308400424,-0.015893107493916987,0.00931127416666665,0.0036789350970746378,-0.09576638707156594,0.015232880196665688,0.019048618689100644,0.0,0.0015654443530506157,-0.40587065522571,-0.008340331916218968,0.0023418286723053683
2024-06-14,0.08999999999999986,0.029999999999999916,0.0002430378184346149,0.004322204867951447,-0.004857636380162553,-0.0010557463018060652,-0.0014159641596186796,-1.2691134908028045e-05,-0.003975953626481407,0.010687915,-4.50530920600594e-05,-0.1848051633034157,-0.02469783606052322,0.019965610525077403,-0.02999999999999997,0.0011756985538751152,-0.40587065522571,0.058553308751574384,-0.00039391312700232106
2024-06-15,,,0.00045971964558245114,-0.004148936016680145,-0.008051092618827546,0.0012024006235614698,0.00793510292799717,-0.0004434478505769032,0.025712244229104224,0.0069036783333333,-0.0015880619797770915,-0.04139760790277282,-0.003255469648707137,0.01860085062731272,,,-0.40587065522571,,
2024-06-16,,,-0.0006027115978135523,0.0007325079474352614,0.002548267311289551,-0.0011107975664672752,0.00016887777738632993,-0.0007854855146518644,0.012127994494282819,0.00821083916666665,-0.0028196385468003205,-0.5008167933501809,0.013616313347236913,0.0201425016882378,,,-0.40587065522571,,
2024-06-17,-0.03000000000000025,0.0,0.00023941370548402117,0.002587555497130222,-2.3014465592454534e-05,0.0003297333390151594,-5.037472500809559e-05,0.00391527744436564,-0.03762572057104766,0.0070313683333333,0.013975586730097628,-0.18064124230727602,0.010632215208908892,0.02069736528331389,0.0,0.0005603675384673323,-0.40587065522571,0.007083854888404684,0.007635185920104703
2024-06-18,-0.019999999999999574,0.010000000000000009,-0.00018331862859904176,-0.001104004174654919,0.00520096639499746,-0.0011823904485086098,0.00214859478176016,0.002690045116950234,-0.026815724569660623,0.00622161166666665,0.009510473908817157,0.7830472780908431,-0.01633773885431058,0.021153887081641207,0.0,-0.002106225745055035,-0.40587065522571,-0.03593200922606288,0.002518189767846124
2024-06-19,0.0,0.0,-0.00016163779511945008,0.009596688389871816,-0.001536246051496669,-0.001561996771366642,6.646169278861387e-05,-0.0010178165127485792,0.01506888844039603,0.0080879475,-0.0035880320420089715,0.3013305065291591,-0.014544494770658885,0.01620710795192899,,,-0.398692137945984,0.01452810056290943,
2024-06-20,-0.010000000000000231,0.0,0.0009552153642558358,0.000988170113699726,-0.0015256641236210992,-0.00021731686420541348,-0.0016107137953145518,0.0014689274390985994,-0.016345633597071352,0.00886635916666665,0.005165885347346566,-0.5389883842592204,0.009173993213901764,0.015217288193598143,0.019999999999999962,0.0017278510610516662,-0.398692137945984,0.06213178110700612,-0.002529152276068203
2024-06-21,-0.020000000000000018,0.0,0.002115244066451527,-0.005485257606432591,-0.013798437254076529,0.003183707069940521,0.0007894892046880363,-0.000120522827786709,0.0098992942986672,0.0075471033333333,-0.0004231820305430997,0.13138367101913706,-0.0068032662588219574,0.012314499587290343,0.0,-0.0006717664245377009,-0.398692137945984,-0.006042314455962483,-0.0015633874377698476
2024-06-22,,,0.00026814200148470035,0.002147721188610492,-0.0014989044672244565,8.113511532081308e-05,0.0001311577121643478,-0.0008658934531761873,-0.0005879438534321453,0.0054038725,-0.0030460181373113395,-0.027560505786259355,-0.005200352812578011,0.012393605624054282,,,-0.398692137945984,,
2024-06-23,,,0.0003287067170078816,0.0006490057405675957,0.006730533311544582,-0.00015361791801306304,-0.00022605533631371165,-0.0004227127946742592,-0.009623701681691516,0.00758208166666665,-0.0014900483800435998,-1.168251915868198,-0.001837896666144173,0.010517275183454196,,,-0.398692137945984,,
2024-06-24,-0.020000000000000018,0.0,8.250783607695196e-05,-0.0010509487245133208,0.00011576217109185681,-0.0006563831598845015,-9.740276318009059e-06,-0.0018722424556825094,-0.026397851295486715,0.00449989166666665,-0.006626352499779056,0.4401223372268325,-0.019130948144356133,0.009816528708340494,-0.010000000000000009,-0.003196663539148048,-0.398692137945984,0.009800304598292175,-0.0030698792217993542
2024-06-25,0.0,0.0,-0.0003098855428591627,-0.0047659412258442314,-0.0045410788936979226,0.0015627014062096765,0.0014226971006542672,-0.0017643349797973951,-0.000513601204746198,0.0051798358333333,-0.006293859243053034,1.2035431289758787,-0.03209024256940601,0.013288443098941484,0.040000000000000036,0.0018509685314294089,-0.398692137945984,-0.03745183592880208,0.003925930900576802
2024-06-26,-0.009999999999999787,0.010000000000000009,0.0005482466691849469,0.008931225915994418,0.0018122561034389628,0.00030536946505031574,0.0009522491092350312,-0.0004686168366894775,-0.008253508620928935,0.0076769525,-0.0016799624911060496,-0.6848209862498041,0.017180044441427053,0.016521437143631114,0.02999999999999997,0.0025648508813089776,-0.39097034174799,-0.022844632684022148,0.0015711783413401292
2024-06-27,0.029999999999999805,-0.010000000000000009,-0.0014992955558271743,0.0038257500676172696,-0.0004937738269615618,-0.0018518657599718008,-0.0014381210908234845,-0.0015526049998622982,0.03153385173200702,0.014961083333333302,-0.005578194926761526,-0.005131228651127537,-0.012671990817131988,0.015299118120898205,-0.019999999999999962,0.0006267148881766715,-0.39097034174799,-0.02501138849361295,0.0009068706560970696
2024-06-28,-0.029999999999999805,0.0,-0.0010527291331117296,-0.009903743943391939,-0.0029452585194681144,0.00026682333084292176,-0.002337222183036205,0.000633716370691547,0.014399929800344238,0.0122328408333333,0.002275256077260875,-0.0950829312496243,0.01794916918677847,0.018352975333045935,0.06,-0.0010267627060676077,-0.39097034174799,0.016207810226853248,-0.004091988512145761
2024-06-29,,,-0.00021877103446424202,-0.009580761590164352,-0.008172216222283785,-0.00011571122030954497,7.79503032662618e-05,-5.283128434077194e-05,0.0039136652322860725,0.009839334166666651,-0.0001894992761627386,0.1667138636108221,-0.020239227447812886,0.019224235875773824,,,-0.39097034174799,,
2024-06-30,0.029999999999999805,0.0,0.00020847292848013118,-0.002104344816799914,0.003024638050859441,-0.00038475995925887603,-0.0006902218684983651,-0.0009307669801425,0.026968052642305684,0.010184155,-0.003342137233683402,-0.7331904011270891,0.004023601033487222,0.01962343444206259,,,-0.39097034174799,,
2024-07-01,0.0,-0.020000000000000018,0.0008740012186511913,-0.00022842665617437853,-0.004748309184787577,-6.215835018091363e-05,0.0018244295403160523,-0.00013727927642756129,-0.013497305644455261,0.010427453333333302,-0.0004947821303355935,0.381292921574209,0.0245391599224836,0.02173871630182899,0.06,0.0020621134311396006,-0.39097034174799,-0.017843133567584157,0.002672015942936312
2024-07-02,0.020000000000000018,-0.009999999999999898,0.00033699570468218146,0.008429815284270439,0.0071992546813574,0.0013159695810725568,0.0004923513006421803,-0.0006672537899407566,0.022137100862746423,0.0170512708333333,-0.0024095973492396653,0.40812063317881864,0.0010718880645807067,0.016643814639718205,-0.020000000000000018,-0.0014069878956401993,-0.39097034174799,-0.015670423756861673,0.006176219776783398
2024-07-03,0.020000000000000018,0.0,-0.0010466668876212063,0.0008799187768330724,0.004930881376698331,-0.0022519508525281036,0.0011435547469406942,-0.0006938241966678488,-0.01706349847286457,0.0132659483333333,-0.00251459921074229,-0.3417453234356948,-0.009158331774785729,0.016286078893165624,-0.03999999999999998,-0.004151278694748406,-0.384322758789469,0.0049751346401136765,0.005071516198198012
2024-07-04,0.0,0.0,-0.001089119914454374,0.006358056957441666,0.0017464584358360172,0.039821024937605566,0.0005808863932769148,0.0005420635666834058,-0.07776603515167055,0.0034915758333333,0.001966259990676719,0.5446533300161603,-0.03289038392192507,0.02035547735230945,,,-0.384322758789469,0.013963265881363984,
2024-07-05,0.020000000000000018,-0.010000000000000009,-3.2416970798426344e-05,0.004303115190216155,-0.009419015184288624,-0.02045687196978034,0.004557108614000314,0.004358647240709316,-0.0835638566602922,0.0045554108333333,0.015742429787868457,0.30753808933924176,-0.061667623555517435,0.028067667752105945,0.02999999999999997,-0.0024315187124335225,-0.384322758789469,0.017785432433216286,0.005433988413196644
2024-07-06,,,-0.001723490285220231,0.020575689625767377,0.01108361586160343,-0.017014777794701577,0.0009451454219343139,0.0013118345530458988,0.018181430663024477,0.0038222466666666503,0.004694354416872787,0.3876984569738625,-0.01792771804641996,0.027988300444615425,,,-0.384322758789469,,
2024-07-07,,,-0.001155446860891177,0.0033304462447828085,0.025029575515991536,0.0002518764130889814,3.0152293117501976e-05,-5.5766222475959334e-05,-0.037574773559572006,0.0036053783333333004,-0.00019911565219015608,-1.0807171467916061,0.026494191658897354,0.031369852918922296,,,-0.384322758789469,,
2024-07-08,-0.06999999999999984,0.0,-0.0006174384398141985,-0.0006888390194632121,-0.00021002036078523182,-0.004654133022291384,0.0007852076988202642,-0.0005249378905112004,-0.015773810392156137,0.00660793166666665,-0.0018777338081876933,-0.02303499159591771,-0.04356265797231006,0.029394803734390587,-0.020000000000000018,-0.0009609705731294937,-0.384322758789469,-0.008853176536884888,0.0010161544279974066
2024-07-09,0.009999999999999787,0.0,0.0004120043379770394,0.007880651093700028,-0.012953138220361508,0.04280133675255946,0.00019515556249685142,-0.0010046928914938388,0.04289850316549403,0.00445899166666665,-0.0036044121926898675,0.7178505246551936,0.021690070669559948,0.03266939373303377,0.020000000000000018,0.0004011919100577188,-0.384322758789469,0.011254138074423103,0.0007408185037576231
2024-07-10,-0.040000000000000036,0.0,0.00081958036657854,0.0003893030341622073,0.002134196661052726,-0.03800413661199793,0.0007562714299687923,0.0003344468723581792,0.0061452507755836916,0.00609714666666665,0.0012022050436176206,-0.3655698438121196,0.019437207535217625,0.035442305719607305,-0.020000000000000018,-0.0017648260882614508,-0.37902553904143,0.026815486862409088,0.010156283642139385
2024-07-11,0.010000000000000231,0.010000000000000009,0.00011798635431387307,0.005068949291551269,5.817495045093511e-05,-0.0005683991198004898,-0.001730261763806494,-0.0012918956384693331,0.011257788407350465,0.00551304416666665,-0.004643809186923373,-0.06697047128783468,0.003322948851613296,0.03462606674600673,0.040000000000000036,-0.003419279347438575,-0.37902553904143,0.005432687013227078,-0.008801629230175578
2024-07-12,0.009999999999999787,-0.010000000000000009,0.001420698930867228,-0.0059958895938735015,0.0032708787579448866,-0.000490993287699359,-0.0008644479617019082,-0.0006088848746145176,-0.00035752445878909375,0.00526249,-0.0021942791188179303,0.06554653270421085,-0.002361945603520779,0.025095650380966325,0.02999999999999997,-0.0026801598690875394,-0.37902553904143,-0.03625298499514873,0.005501853628775422
2024-07-13,,,-0.00022368459924791502,-0.0039091303982008605,-0.0005886507269116766,0.0005198207171032429,0.0004503288921723434,-0.0006345331184347691,0.034501273049139164,0.0039038275,-0.0022928778553516606,-0.13111365738177627,0.009387635811133825,0.023747053772389965,,,-0.37902553904143,,
2024-07-14,,,0.00017643149244969726,0.0037148720876874486,0.012185856521027383,-0.002241295848588509,0.00012848253945683838,0.0004616582669899487,0.03174342737720479,0.0070782325,0.001668931741826913,-0.43341308035586845,0.017134486817204544,0.022563545115794257,,,-0.37902553904143,,
2024-07-15,-0.06000000000000005,0.0,0.0005461998238791071,0.000504723224890984,-0.0013995834299900933,0.0009343856655642848,0.006780805960364858,0.0015649064182716589,0.05283562900756677,0.006442667500000001,0.005674870785998557,0.2366329761730224,0.02722016588007197,0.010611412473414546,0.060000000000000026,0.0015856367351050338,-0.37902553904143,0.051614270156636,0.0028221956620431143
2024-07-16,-0.04999999999999982,0.0,0.0012271513632854676,1.9741961369317066e-05,-0.001717666092713303,0.002467387758719147,-1.69664189144684e-05,0.002385087577501278,-0.009990824798551073,0.009790555833333301,0.008587500616569661,0.5893088804523837,0.06596839186593402,0.02259997408993681,-0.05000000000000002,0.0007474697844891409,-0.37902553904143,0.005321183213280012,0.006369053660041146
2024-07-17,0.009999999999999787,0.010000000000000009,0.003740957631492623,0.00017233663376162845,0.0034704594891539556,-0.0011802517003396667,-0.0013019557194797475,-0.00010002669576549861,-0.008974437963732252,0.01003929916666665,-0.0003582014206217573,0.097873621546014,-0.003509809260410837,0.02429827715806693,0.0,-0.0016995295318622539,-0.373580776340949,0.09330942022834732,-0.014025410555021267
2024-07-18,0.0,0.0,0.001359579082711039,-0.005608202459162663,-0.00576233590537708,-0.0011942082956791374,-0.0007204401199137528,-0.0007263982839601667,0.005546159294886736,0.0065194183333333,-0.0026032522877308807,-0.20565557237248008,-0.016320326341469318,0.027080685666748254,0.0,0.0022249507668128388,-0.373580776340949,0.09543573696438656,-0.00784708046968241
2024-07-19,0.0,0.0,0.0032198254974266645,-0.001478865556624554,-0.0035724658252559867,0.001105042031177769,0.0016187111998347636,0.0013871960820520009,0.06556162257188848,0.0080041025,0.004973558946021276,-0.210576396495093,0.00435667585190013,0.026520235042637876,0.020000000000000018,0.0028958550012321282,-0.373580776340949,0.036367644170875124,-0.007165907407030048
2024-07-20,,,0.001529870559328262,0.006633321477864111,0.008206473049679792,0.0019089649765576633,0.0007920776743381633,-0.0007389665097172607,-0.003429270494587148,0.0052577858333333,-0.0026484611060091506,0.2931394798900553,0.031956545563850816,0.027105093332711837,,,-0.373580776340949,,
2024-07-21,,,0.0015636370834982707,0.0055790196959879575,0.022585002700481676,-0.0006271854705220064,-0.0008839390393455031,3.224078447256934e-05,-0.002051224042627291,0.00671359,0.0001155954353847257,-0.71561205213497,0.006358864569069675,0.027473555717284263,,,-0.373580776340949,,
2024-07-22,-0.040000000000000036,0.0,0.0010090562164844156,-0.003602891408271173,-0.009224671727097887,-0.0001225277510358249,-0.0005064765512940384,-0.001144039753313878,-0.010967632531008116,0.0072142808333333,-0.004107928343006217,0.4125445433729678,0.007981959044728591,0.027192082173051715,0.0,0.0005698880105144966,-0.373580776340949,-0.10253963931618504,0.010734189165974684
2024-07-23,-0.029999999999999805,0.0,0.0006317674480924305,-0.0002800907131666824,-0.017759449235746943,0.0007144991444043295,0.000895912612647626,-0.0011649690571260251,-0.0007460395248557511,0.0066751408333333,-0.0042042659387849625,0.4181687892503837,-0.01644866969094624,0.016653616880744702,0.09,0.0013552231075237842,-0.373580776340949,-0.012825015475916857,-0.0015593317997986134
2024-07-24,0.08000000000000007,0.029999999999999916,0.0013775219251321302,0.005098353299150858,-0.0007834056120736173,-0.0012123728886736104,-0.0011978526425633121,-0.0012638339559807865,-0.006068842994365309,0.0071205958333332995,-0.004575642252877438,-0.0045986106697820444,-0.006707669105684985,0.016874068765560992,0.06,0.0014027599086183784,-0.368683996845393,0.20338440133374736,-0.0234211784438898
2024-07-25,-0.020000000000000018,-0.010000000000000009,0.0013109014462288028,-0.0030502972602631765,-0.008290419764661976,0.001128550656901181,-0.0013498341536081503,-0.0014291341726206856,-0.017994048083792572,0.0097828475,-0.005192420063501137,-0.3195440783528688,-0.025604228311442063,0.01877482421002633,-0.05000000000000002,-0.00023392655541432106,-0.368683996845393,0.023014714440228623,-0.005155950404247989
2024-07-26,0.020000000000000018,0.0,-0.00033400801564831425,-0.007218730096816703,-0.0021363544270701935,-0.0006498248138165871,0.00207925348820201,0.0012678731678925964,0.03954914454514806,0.00890645416666665,0.004617432906016159,0.32846084406419185,-0.02234279016284219,0.020444195101580288,-0.01999999999999999,0.0011601914888981213,-0.368683996845393,-0.11893483631896773,0.011029442312487703
2024-07-27,,,-0.0006994580884744494,0.009095381728390474,-0.0012017595237505765,0.00031902982540653915,-2.34173266751018e-05,4.695638298350311e-05,-0.006350553222452223,0.0114710708333333,0.00017059642532384645,-0.2942950881020318,0.03242411327569611,0.020579826761712165,,,-0.368683996845393,,
2024-07-28,,,0.00019392953367317138,0.0007890113783048375,0.0014083325195249732,-0.00040084088370554924,3.282457700300207e-05,-0.0002824953853109578,0.015213953535623489,0.0109306358333333,-0.001026802241632797,-0.011303402380820362,-0.002615125281354513,0.020139807420570165,,,-0.368683996845393,,
2024-07-29,0.029999999999999805,0.0,0.0009922042476452394,0.000433439649320042,0.001845868716821748,0.00016464011204810107,-0.0026855331702788383,-0.0032828789985074533,0.013305676944759197,0.01544082666666665,-0.011978030097701592,-0.5985197625038456,0.004164936280607455,0.01978591637915524,-0.03,0.003770616933670645,-0.368683996845393,0.012731302606759254,0.0008129903108695657
2024-07-30,0.07000000000000028,0.010000000000000009,-0.00011290217577991989,-0.012375177150691658,-0.008747565847465617,-0.0013258358869473674,-0.002016525877680471,-0.0015839511037123648,-0.010162453874024247,0.011894368333333299,-0.00581919796192457,0.8919505998094208,-0.004211513350112561,0.01916810382643604,-0.010000000000000009,0.0011778218261957463,-0.368683996845393,0.06359681280919638,-0.004972496433737206
2024-07-31,0.04999999999999982,0.010000000000000009,5.1692249019616965e-05,-0.00811973440502428,0.011523413979564856,0.0013319102697091374,-0.0008403107025283362,-0.001790788930410271,-0.012183583914599675,0.0193852458333333,-0.006614554447477238,-0.3564077341213158,-0.010205502132645497,0.0193090305991993,0.0,-0.00522905902143922,-0.365004925198564,-0.07816017699709299,0.015670005291918088
2024-08-01,0.10000000000000009,0.030000000000000027,-0.000757346802992965,-0.004487881567839376,-0.0034285708786058015,-0.0008017484243590312,-0.003041477428779791,-0.0026392749780297323,-0.007139389020607487,0.015365939166666651,-0.00979903157631227,0.10756307893810461,-0.01850407177406806,0.018139492044798568,0.03,0.0018746980318651296,-0.365004925198564,0.12778447055875164,-0.013788191433052432
2024-08-02,0.3700000000000001,0.06000000000000005,0.000694040075079594,-0.00994586129681527,-0.0012209444397426638,-0.00022606299423733964,0.000328864665941934,-0.0015417090326094284,-0.04705556370415494,0.011769616666666649,-0.005770664281200072,0.17601308505158375,0.0007333772298891298,0.01602019836828557,0.09000000000000001,-0.003244154356520923,-0.365004925198564,0.22968477886273497,-0.018552885294603527
2024-08-03,,,-0.0007297315688715517,0.00019538161036360718,-0.004860718423497949,-0.0019255167113075944,0.0008019646738354839,0.0015640806284852949,-0.036908294929366633,0.010662092500000001,0.005858840198234909,0.019084782284999265,-0.06689528861396002,0.024512012230593315,,,-0.365004925198564,,
2024-08-04,,,0.0011234469862394742,0.0033980757015777937,0.0013228521491740158,0.001141459868081224,0.0010456340434324494,0.0014442812861764963,-0.056984677539507464,0.006813722499999951,0.005385386237533497,-0.13311416196678835,-0.018476831221402895,0.024019550030608385,,,-0.365004925198564,,
2024-08-05,0.20999999999999996,0.06000000000000005,-0.0012782011872007643,0.004235586015165252,0.004349886921070091,-0.0003941688312256334,0.0026735218569431704,0.0039774546249374395,-0.22976513297643508,-0.01321482916666665,0.014721829318963688,0.09870978987272402,-0.06316475556768474,0.027704019214921993,-0.03,0.0008953769681614432,-0.365004925198564,0.5001661916240487,-0.030427045496882243
2024-08-06,-0.26000000000000023,-0.040000000000000036,-0.0004154552646416782,0.01410480682284327,-0.00671018174435727,-0.0019014758649109917,0.003128657073362928,0.0057455412589687,0.05859071574958729,-0.0063493033333333,0.02095535507759486,1.2445001186132616,-0.08857076213070497,0.03430145444119631,0.020000000000000004,0.0006026730551758064,-0.365004925198564,-0.33068141334524936,0.010300905557720341
2024-08-07,-0.10000000000000009,-0.010000000000000009,0.0015363649882687925,0.01128073464141785,0.001528898972853375,0.0033006028430701143,0.001389499631674493,0.003125510419612283,-0.010127504519813143,0.00493497416666665,0.011233225596287545,-0.8819764478439182,0.026417501304046874,0.041302595126669325,0.049999999999999996,-0.0006746945321731701,-0.363124320391722,0.005039607498405818,-0.007764756389251559
2024-08-08,-0.08999999999999986,-0.020000000000000018,0.0021638993177020135,0.01302021124265588,-0.0040665381425740105,0.0337948070819147,0.0002421909918322849,0.0030304829499209,0.07360925238988653,0.005754395000000001,0.010775109447550177,-0.18662374298478676,-0.031495087123029494,0.040851099939359446,-0.010000000000000002,-0.0009975047018375705,-0.363124320391722,-0.15756764205842666,0.022781128575607212
2024-08-09,0.010000000000000231,0.0,0.0023768028204051717,-0.0011915253278945044,0.003412743597929095,-0.032443957396505796,-0.00035510943314480647,0.0007671607121220214,-0.039461311315331316,0.00874415666666665,0.002708420134890742,0.09886312413874301,0.12628220702655418,0.07344940110792002,-0.06,-0.004213109714410024,-0.363124320391722,-0.15520209407615182,0.004660780212150328
2024-08-10,,,0.004191298351249914,-0.00047080294974475206,-0.0028576624995382527,0.00019681880790119082,-0.00016759972990408283,-0.0007341873942573153,0.00845931812809085,0.010793033333333299,-0.002591423673158932,-0.3482142538206712,-0.023376303894021275,0.0702506693321184,,,-0.363124320391722,,
2024-08-11,,,0.0019850921205690967,-0.0010258680158441598,0.0019076172534417564,-0.0008963592406299667,-0.00044799754395822487,-0.00041748610727894377,-0.018231289928795386,0.0073351375,-0.0014759180958739512,-0.8458152174919569,0.0009188466504502996,0.07025877577078887,,,-0.363124320391722,,
2024-08-12,0.029999999999999805,0.0,-0.0009779927402567778,-0.00100621258561544,-0.00540370193874217,-0.000997505839297301,0.00044319518937549463,-0.00022513668490250314,0.008658406112800162,0.0136556383333333,-0.0007971730297247284,0.4331824083485111,-0.02693998816289664,0.06672669883596462,0.0,0.002379057624697367,-0.363124320391722,0.016553445168778325,4.3036707511490135e-05
2024-08-13,0.020000000000000018,-0.010000000000000009,0.00039608513634947036,0.0017264931813312542,0.00032847800692231726,0.00024358997201833917,0.007059292559204696,0.0005131613694274075,0.03292493000251309,0.0067985475,0.0018289507067815018,0.5920011654025857,0.036412681650600985,0.055622067139523376,0.03,-0.0016715742921995513,-0.363124320391722,-0.13360037479265952,0.016707226654933294
2024-08-14,-0.08000000000000007,-0.020000000000000018,0.0013247465846102473,0.0005590447545514857,0.0006774281390658034,0.0022415104487818623,2.6126783688781608e-05,0.0011554295116593155,-0.004270741381790078,0.00438903666666665,0.004105951883512281,-0.2504367725153107,0.006153473252147381,0.05548388407104008,-0.03,-0.004766059812205903,-0.364279112823429,-0.11262253292528923,0.0038164760676338005
2024-08-15,-0.1499999999999999,-0.040000000000000036,0.0036374778183748463,-0.0008098239446988217,0.0026444712032849564,-0.0017102112982691424,0.0005819635943470441,0.0013162010153785775,-0.006159948729800967,0.007175895,0.0046595274795281204,-0.09444754595058816,-0.023201484424066394,0.054465417546974766,-0.05,0.001262784636128167,-0.364279112823429,-0.06112660078247378,0.016004444012784447
2024-08-16,-0.020000000000000018,0.0,0.0028423999931522035,0.0026144867230618414,0.0006591197792410851,-0.0005746628749206116,0.0017834423781191739,0.0012154350106165885,0.00962128706419493,0.0030395041666666503,0.004291235640608865,0.10814306468601691,-0.027342626325317185,0.023987701258613717,-0.010000000000000009,-0.0015282783395642596,-0.364279112823429,-0.028639986137001028,0.001987841126329215
2024-08-17,,,0.0018139100206589964,0.007461150777413001,0.0030904432785160024,0.0004778735785042055,9.962775609746987e-05,0.0004760121969010302,0.012658503670735004,0.0053550758333333,0.0016757781812580205,-0.12551629638071987,0.015133617656314054,0.024339496625921865,,,-0.364279112823429,,
2024-08-18,,,0.0011451251337874866,0.00019843647473686882,0.003142625750018102,0.0004154005217589639,-0.00022686946288595893,-0.0007869022072369502,-0.011467084128534437,0.00583847916666665,-0.0027711399075746974,-0.8784134981960436,0.008652364223288666,0.024703665463558892,,,-0.364279112823429,,
2024-08-19,-0.08000000000000007,-0.010000000000000009,-0.0010851102815025546,-0.0015609783427831378,-0.005422278261784419,-0.0028607868995085585,-2.4319481302618168e-05,-0.000621888791139118,0.0015363127958166558,0.00107752,-0.0021954238809611024,0.380909140052587,-0.008140874406890765,0.022403282684705886,-0.03,-0.004244385680455487,-0.364279112823429,-0.010186845306992875,0.009675327436177383
2024-08-20,0.040000000000000036,0.010000000000000009,0.0023564184689176676,0.0045757189365744945,-0.006815072134140078,0.0035818600296759593,0.012877353577820284,-9.026828583844696e-05,0.0012616143535815808,0.00333108666666665,-0.0003232067430323033,0.3083211552831892,0.014577324065890119,0.01769076248702919,0.03,-0.0008700948952311549,-0.364279112823429,0.08062012035591337,-0.0019865481747167735
2024-08-21,0.020000000000000018,0.0,-0.00030098960696626467,-0.004735703763171094,-0.0013223497352058675,-0.0007776874138796943,0.0004484901074396394,-0.0005739893776800208,0.04543430545426231,0.0045116883333333,-0.0020585478488580763,0.21396698301505793,-0.0167911287924527,0.018045157775019374,0.04000000000000001,0.0006624900755918262,-0.37254444574949,0.024262465411956757,0.004230718284185642
2024-08-22,-0.06000000000000005,-0.010000000000000009,0.003329889807637257,0.0018604140019024215,-0.004370302958974134,0.0012705280725646237,-0.001998388059001624,-0.0017786490502640646,-0.013075640667371592,0.004665674999999999,-0.006393138073672986,-0.0019695564718074173,0.02784252214747153,0.019831388388808033,0.0,0.004169264331578049,-0.37254444574949,0.07573102868092851,-0.00897294942546445
2024-08-23,-0.020000000000000018,-0.010000000000000009,0.00035381194557201017,-0.0037291024665697765,-0.0022827139020191057,-0.0009459933857393094,0.0010541330026093215,0.0010229947014534935,0.07596744619702751,0.00705905,0.0036858984947647873,-0.1395951281164387,-0.007564347295764546,0.01599321054691178,0.04000000000000001,-0.007406247313634928,-0.37254444574949,-0.10125373370517332,0.011417986208501318
2024-08-24,,,0.003753996542952649,0.0030732318485643503,0.00120659352998448,-0.00023665051321912093,0.00020005381431261943,-0.0009809261284676749,0.004318010904615659,0.0068616183333333,-0.003534763591502702,0.49249206989999283,0.055428429043933844,0.025026443892106915,,,-0.37254444574949,,
2024-08-25,,,0.0010404196020329527,0.001645372876214394,-0.0006298597801243205,0.0017010149009709429,-0.0001753631575176306,8.1587242037751e-05,0.007434655458456633,0.0074658625,0.0002944245492122433,-0.6148482022741499,0.0016673027208847862,0.025253964762254003,,,-0.37254444574949,,
2024-08-26,-0.040000000000000036,0.0,-0.00042717621365503093,-0.0022732484327308037,0.0016507060275244656,-0.002023008356280591,-0.0005081448452125914,-0.001283299115463562,-0.03694509802542345,0.005753609999999999,-0.004638760489320133,-0.2616567353352712,-0.0032671404262187426,0.024746243802773297,0.0,0.0019296418960390582,-0.37254444574949,0.018119833461963886,-0.0031587066155740473
2024-08-27,0.020000000000000018,0.0,-0.0004744207976379796,-0.00689079582653594,0.03191320805383264,6.0969371653089995e-05,-0.0021831363389199616,-0.001221869955397949,-0.07754195630613789,0.004690619166666649,-0.00442710251102774,0.11506677610031985,-0.02199915525657803,0.027404123621448315,0.09,0.001419764856460226,-0.37254444574949,-0.04560638329359623,0.0015939320118754097
2024-08-28,0.020000000000000018,0.0,0.0007273844413465169,-0.006884221546798081,0.00275853375669454,0.0002113488643565352,0.0007998019212554397,0.00107992545915369,-0.012631100232906032,0.0003865025,0.003916936939100675,0.638513659212556,-0.07169701517501675,0.039765551209493454,0.01,0.00022234848498747795,-0.382833859335976,0.1033494215290327,-0.0059939669454234235
2024-08-29,-0.040000000000000036,0.0,0.001526877107570331,0.004171640113501082,-0.0008814979935647816,-0.0010456079134116946,0.0008729388558754785,0.0014215553646383247,0.01410041677636343,0.0018613574999999999,0.005137234645127788,0.1282913092224296,0.009681796076487607,0.03798588428797577,-0.01,0.002777237951740119,-0.382833859335976,-0.08919217091793996,-3.934142455719325e-05
2024-08-30,-0.020000000000000018,-0.010000000000000009,0.00031449895457724106,0.006142787885136301,0.0009467671920193102,0.0009059140700618613,0.000555107684325551,-0.001483387547309053,-0.009962791292838677,0.00476360999999995,-0.005364269518076718,-0.3220810334738042,0.002783920686991541,0.038088517625453976,0.0,0.0007597333529751893,-0.382833859335976,-0.04242071588395202,0.010042467382856302
2024-08-31,0.040000000000000036,0.010000000000000009,0.0004154816223611647,0.002194572007835367,-0.000984602120526398,0.00033399749071496703,-0.00013101739944819217,-0.0016772154466748897,0.0021392806650570337,0.0024791975,-0.006099258435736567,0.2633575089667306,-0.0014599562971108363,0.02806694320452296,,,-0.382833859335976,,
2024-09-01,,,7.13339503402173e-05,-0.000657649747587315,-0.0002691870128673145,-0.0006703169538925536,-0.00019738508354082842,0.00030008143342434617,-0.027285856779161607,0.00323449166666665,0.0010937779457316215,-1.2259502927665282,-0.00450130497946008,0.02765865614524764,,,-0.382833859335976,,
2024-09-02,0.0,0.0,0.0005516799410520993,0.0008231225256282683,-0.0008379125840181098,0.00059804998719708,-4.3724340976249565e-05,-0.0012953306705072965,0.040760346717465264,0.0052579158333333,-0.004729779129362882,0.740168120098167,-0.03063925879187003,0.027998872793011064,,,-0.382833859335976,0.03601043752303301,
2024-09-03,0.14000000000000012,0.020000000000000018,-0.002372748827397331,0.0003565959047478348,-0.000693751004672745,-0.0005460140463924037,-0.0009528305565037268,-0.0012252726747184503,-0.010438178021395371,0.0074886175,-0.004490361639278881,0.08980900174426568,0.03616389038300906,0.03416217434123033,-0.04,0.003711848013453256,-0.382833859335976,0.2870387787660391,-0.021378012454581707
2024-09-04,0.040000000000000036,0.010000000000000009,-0.0007036816455433674,-0.00579997569923194,0.0030003313345456396,-0.0026609809847889117,0.0009364744276737803,0.001567554276582591,-0.016385144753439593,0.0018341225,0.005746519171038279,-0.09802036736963254,-0.03342136223106325,0.0238819442785719,0.05,-0.0021745209764700846,-0.394349386214827,0.02854618190636149,-0.0016037653903602234
2024-09-05,-0.06000000000000005,0.0,0.00120286248802753,0.009710146990814544,-0.01203822145645594,0.003164820503483902,-0.0003072691588501493,-0.0004494928501975042,-0.006980333931799407,0.004527867499999999,-0.0016439223369955737,0.3980630416368087,0.006469259675138934,0.023625861903644064,-0.03,-0.0004988412861530733,-0.394349386214827,-0.06892586756719687,-0.0030226412501868083
2024-09-06,0.10000000000000009,0.0,0.00042594150438010533,0.0007950243657311517,-0.0056158713549198805,-0.0010341918536042741,-4.672955233563643e-05,-0.0008454843336368131,-0.01968937746854867,0.00439861166666665,-0.0030993715849199906,-0.27731822987303073,-0.03298433855058411,0.0258040327368548,0.08,0.00037395020856045846,-0.394349386214827,0.11744797115333228,-0.017410901670867673
2024-09-07,,,0.0006170274978100646,-0.0017613726813335902,-0.031086321076627035,0.0005596042119342328,0.000854042568892447,0.0012116988377910629,0.005828994611962004,-0.0018018633333333,0.004442647009686633,0.6201320159157843,-0.051444762662266566,0.0300565704675987,,,-0.394349386214827,,
2024-09-08,,,-4.361199260666637e-05,0.0025934120410590795,0.004272668996980048,-0.0001382229542714168,0.0003075333999888753,0.00011101475149832295,0.014066549266377654,0.00104447083333335,0.00040617090847822935,-1.0228129289757495,0.012985154606401551,0.031823516421435175,,,-0.394349386214827,,
2024-09-09,-0.03000000000000025,0.0,-0.0008022545553727989,0.00034806023042361744,-0.0008125790382022424,-0.0010288649213298184,0.0010264594640204835,0.0015924420015712933,0.04327799496244131,-3.5269166666649764e-05,0.005814149552690889,0.037047524063172015,0.011076470706733697,0.03193392890365116,-0.039999999999999994,0.001765799980627314,-0.394349386214827,-0.1403206328193236,0.011513555690020993
2024-09-10,0.10000000000000009,0.020000000000000018,0.0006076527785760135,0.004907030706497673,-0.011169042947784967,0.0010487378338031774,0.004600315537912935,0.0033244205224361245,-0.000784056488141155,0.0035590358333333,0.012085027224353726,0.5926197376836374,0.03374731663160328,0.03139414652372154,0.039999999999999994,0.0023725942840666647,-0.394349386214827,-0.01920640404431495,0.004462660724490419
2024-09-11,-0.020000000000000018,0.0,0.0016967273621296935,0.005337437177731496,0.00456026268283313,-0.0005720765944531802,5.3452252204143165e-05,0.0007695824588839819,-0.009610090106675817,0.003408165,0.00277706020250705,-0.20011358023948206,0.011312491806275672,0.029786401186563637,-0.03,-0.0018854073714482666,-0.405599016202763,-0.07564115784844638,0.010608580303038906
2024-09-12,-0.04999999999999982,-0.020000000000000018,0.000708070602660534,0.0014955302497888451,0.0018663716071672214,0.00045875435957774835,-0.000323653664326689,-0.0019021324783514322,0.01833996818823761,0.00352962833333335,-0.006875743014452661,0.21797217784677375,-0.01193594783514151,0.029802468260186874,0.010000000000000002,-0.0027167713006033267,-0.405599016202763,-0.03567697136534509,0.007467372942029371
2024-09-13,-0.020000000000000018,0.0,-0.0004539347054060151,0.0005136287233945278,0.0021481443355067403,-4.782106021825099e-05,0.0015745282304672785,-0.0010928742279652651,0.062434730281339404,0.0021257324999999997,-0.003978234222066959,-0.1359885624307234,0.010388899287132347,0.027135307840598595,0.049999999999999996,-0.006449906709724118,-0.405599016202763,-0.03033238784923542,0.00539309687837175
2024-09-14,,,0.002659529727950062,0.010661880305688778,0.007582456174096509,0.0018084208116370488,0.00015863756895401546,-0.0007840121947873169,-0.02075063277591077,0.0049141133333333,-0.0028641636158061477,-0.01642880913090341,0.038397241949221825,0.016726311021929355,,,-0.405599016202763,,
2024-09-15,,,-0.0007922910235300547,-0.0008537671411966147,0.001404113968709893,-0.0013687266850450036,-2.8226355653732302e-05,-0.000544934466460716,-0.031908464323070616,0.00523614749999995,-0.0019955488978745045,-0.6700015731397148,-0.01067052785186921,0.019408583434194018,,,-0.405599016202763,,
2024-09-16,-0.050000000000000266,-0.010000000000000009,0.0015268831452110987,-0.0004704702753728099,-0.0037246615941757644,-0.00046041645853018534,0.005368421312096925,-0.0006119783975132029,-0.014907802753911814,0.004254973333333301,-0.002257923762160713,0.14524149433575517,-0.02674854788743518,0.024283621356474227,-0.01999999999999999,-0.00129548240284727,-0.405599016202763,0.03442476421251994,0.0012558720767881226
2024-09-17,-0.06999999999999984,-0.010000000000000009,-0.0018012514023842243,-0.008127167124379166,0.0006621948042696085,-0.0006134166952518883,0.000918683923897226,0.00020020112733976414,0.035163524913945345,0.0086455683333333,0.0007398921144542923,0.6054091413749978,-0.014504700435090804,0.021948527753997162,-0.010000000000000009,0.0008679531290791687,-0.405599016202763,0.027052009338480953,0.00026447349073777104
2024-09-18,-0.040000000000000036,-0.020000000000000018,0.0010903179034634299,0.00519044010498523,0.01613233709594552,0.0017761642300853954,-0.00012502201798979812,-0.0017214175904445295,0.017092984235952263,0.008386313333333301,-0.006379073799560083,-0.0037960506305324488,0.027682064654399013,0.02418009422487973,0.03,-0.0003396871867371587,-0.415491284661138,0.03460166618245708,-0.002900603126386514
2024-09-19,-0.10999999999999988,-0.019999999999999907,0.002008075052252232,-0.0025095631455305262,0.008761355045272043,0.0006549647817267527,-0.0003627730648084058,-0.0010475651403887023,0.054181967567865745,0.009979585000000001,-0.003900565130400782,0.17546368435120704,0.013663908590973587,0.023687035690821666,0.05000000000000002,-0.0021073209381086144,-0.415491284661138,-0.11006468170819783,0.016834291247587174
2024-09-20,0.04999999999999982,0.0,-0.0005679223460287621,0.0018529807260414357,0.006033382362978917,-0.001307670238474529,0.0005134185898774136,-0.0028491936407323087,-0.0074492802724227866,0.0111060258333333,-0.010691985866328526,0.03073334091903564,0.0336651777557615,0.026014007894552615,0.03999999999999998,0.0008182568126509082,-0.415491284661138,-0.0110838573137082,-0.001942855451501302
2024-09-21,,,0.0016827432652923246,0.005636887431660987,0.006556886895215813,-0.00016930721258477273,0.00033482248688097664,-0.000384137419267841,0.015674605529543403,0.008572689999999999,-0.0014507989692407912,-0.10007753698811053,0.019677738940532517,0.023280975868865496,,,-0.415491284661138,,
2024-09-22,,,0.00035300889987223107,0.0009785641255625835,-0.0006155521183276767,8.2163450152039e-05,0.0005004096530748316,-0.0004970457429980101,-0.021592846560918835,0.00725413916666665,-0.0018812990564368302,-0.8898486420869851,0.013191331804978655,0.022133211432903338,,,-0.415491284661138,,
2024-09-23,0.0,-0.010000000000000009,9.177028226795236e-05,0.002526297225956436,0.006000152693481801,0.00017465735245409466,3.111188895989797e-05,-0.0008977765800994816,0.01985057743169552,0.00687794916666665,-0.003407151847129152,0.39907267764576293,-0.004698055463219031,0.017110626777177593,0.0,0.00020672430587342916,-0.415491284661138,-0.01623006912004099,0.0028053309143558636
2024-09-24,0.06000000000000005,0.0,0.0006964074156845092,-0.001784754690615079,-0.0022020976008587318,-0.0007513694094300013,0.0002961301390403032,0.000524807777616842,0.026084671173546892,0.0067285949999999995,0.001993696991841852,0.27844138358234294,0.010440934305631519,0.01247889688041135,0.07,-0.0024835166545864595,-0.415491284661138,-0.03197203269783655,0.002507969702996604
2024-09-25,-0.020000000000000018,0.0,0.00016684238884422163,0.0036290569653648877,0.005948849529745803,0.0008330285829665937,0.0003083453365735143,-0.0004628725071494546,-0.016417534576014414,0.00822953916666665,-0.0017587462595953535,0.09453290323005918,0.00899275668123689,0.01158833076869631,0.010000000000000009,0.002602096170936541,-0.42350702044705,0.0012987014812364528,-0.0018629115860662182
2024-09-26,-0.04999999999999982,0.0,0.0007162186458274564,0.002422328668599548,0.010882388150980188,2.0443528839601156e-05,0.0011101438579574163,0.0013993533730669184,0.022901876607105163,0.0059401275,0.005313479063367705,-0.18161814008070004,-0.023661633965611682,0.018222215244376706,-0.07,-0.0030199195648847876,-0.42350702044705,-0.0025990917815201797,0.0040304808028714945
2024-09-27,0.0,0.0,2.5745239099314486e-05,0.005578680027165551,0.0026606644521616095,0.0006314820814765431,-0.0005005110733967348,-0.0009260352233961843,0.011521160310569378,0.00338625,-0.0035113220685139028,0.3103697568537259,0.02548275701248548,0.016499674055980747,0.010000000000000009,0.00026921057053552744,-0.42350702044705,0.09844007281325284,-0.0012539688882462485
2024-09-28,,,0.0012376536723149598,-0.0010384158776248356,0.00343499840046037,-0.0003072021098776301,-0.00012867354541238344,0.000335776900288965,-0.005028798754362539,0.006214455833333301,0.0012744535659923975,-0.10699793083585703,0.01766164683698649,0.016258565640880716,,,-0.42350702044705,,
2024-09-29,,,0.001380463614905539,0.0022662270963123374,0.0017694998716693967,0.0018300024257574352,-3.1558745464760307e-05,-0.0013370793511632054,-0.0016358920165387735,0.00815931166666665,-0.005084445167503251,-0.6776585780876216,-0.0022555221054306306,0.016290451827446515,,,-0.42350702044705,,
2024-09-30,-0.11000000000000032,0.0,-0.0011534324066075883,-0.0025139678229446306,0.0007019406352427404,-0.0015884576071476142,-0.00479339696564652,-0.0033710068413518716,-0.01305999550114116,0.0086848875,-0.012872444637391152,-0.10249070573528465,-0.005914102137023288,0.016411742725558735,-0.05000000000000002,0.0014463848064520946,-0.42350702044705,-0.013654115365024477,0.004227593432856835
2024-10-01,0.040000000000000036,0.0,0.0017337142017505667,-0.01793829960708711,-0.001600746514224769,0.0007345845864698098,-0.0009607279440193423,0.0008115196217602296,-0.05343598334593041,0.01036436,0.0031110405388570994,0.8495440685253661,-0.030624483667371045,0.020675105024714577,-0.01999999999999999,0.00330652283252153,-0.42350702044705,0.1408268913712467,-0.009367852083837391
2024-10-02,-0.009999999999999787,-0.010000000000000009,-0.0008940266556789585,-0.00372857508772701,0.06919828911748171,-0.0023292009976646315,0.0018677411078700315,0.0017634698950160501,-0.030922851370030258,0.0046965508333333,0.006739786171116873,0.4279273730669843,-0.04796953934210089,0.02631065533391106,0.03,-0.0009512436973890814,-0.429791165099201,-0.018868484304382704,0.00013837448536691
2024-10-03,-0.020000000000000018,-0.010000000000000009,0.0003894676275082801,0.0020790140914110416,0.0005323957985944453,-0.0009375560278960484,-0.0005203963010169394,0.0003038829901881467,0.011853166037758591,0.0065935808333333,0.0011562311180275482,-0.256938292313196,-0.019725501101757324,0.026000568509286847,-0.010000000000000009,0.004491741178162201,-0.429791165099201,0.08077504018521164,-0.001682811533125772
2024-10-04,-0.1499999999999999,-0.030000000000000027,-0.0003098680329220182,-0.00010798953796018813,-0.005260926338188726,-0.0019804995616660545,-0.0001846250323774878,0.0016757538023919512,0.01534373580264942,0.00554325749999995,0.006350931504748761,-0.10097353602463537,-0.0030592057486033162,0.021537644876159903,-0.09999999999999999,0.0008185336100794416,-0.429791165099201,-0.06450598547034314,0.008930275984438296
2024-10-05,,,0.0005265103558296227,-0.000303805303638749,0.004394984120046812,0.0035383213838369424,0.0003236814279040625,-0.00033529589483376865,-0.001604279032142915,0.0089113583333333,-0.0012679232458862255,-0.21447428074749597,0.02565960488601493,0.023560338833796424,,,-0.429791165099201,,
2024-10-06,,,-0.00024282072082963238,0.0013696615808978948,0.0015979412500111885,-0.0010516792692219401,4.88052094406439e-05,-0.00039746244451115695,0.021974873586294345,0.0098356275,-0.001505165238002128,-0.9039525167182169,-0.0004026269757007649,0.023697862953386693,,,-0.429791165099201,,
2024-10-07,0.06000000000000005,-0.010000000000000009,0.00014096128648698764,0.0001954441707967958,-0.0004970670101772335,-0.0005608401868210284,-0.0005626353564143703,0.00014679911059860536,-0.029326666680762347,0.010547777500000001,0.0005558701171595777,0.18608192363785375,0.010425552902719933,0.025126643699187486,-0.010000000000000002,0.0016710012480292136,-0.429791165099201,0.16428727655451691,-0.009632284107421896
2024-10-08,0.040000000000000036,0.010000000000000009,-0.0008364033609989394,-0.009544190195086205,-0.0010005265263017642,-0.001351466257211392,-0.0018012220835690491,-0.001292243977716655,0.015950026999221347,0.00851672166666665,-0.004895014295633997,0.8267460044894311,-0.00733556870618551,0.023322735277558945,0.019999999999999997,0.001945435410909191,-0.429791165099201,-0.055393188315379316,0.00964271689419327
2024-10-09,-0.050000000000000266,-0.020000000000000018,0.0017340917549628614,-0.004856647669133034,-0.0075735417848394795,0.002261267224169762,-0.001780220518459498,-0.0029676297276883656,0.005391689475348155,0.00940695916666665,-0.011312630015787927,-0.18527192671278014,0.003026667188567864,0.014248722095187778,0.010000000000000009,0.0017886775644706532,-0.434039883700033,-0.026491615446976535,0.007088203896394418
2024-10-10,0.050000000000000266,-0.010000000000000009,-0.0008140202119780176,-0.008981231666134655,-0.004673251430679127,-0.0018086640927886097,-0.00018209470249801654,0.0014784791250022616,-0.0035987930305514237,0.0081107658333333,0.005650945801851603,0.01615188463834317,-0.028292413488460212,0.016533099118822527,0.039999999999999994,0.0017318682645282024,-0.434039883700033,0.0033500868852822663,-0.002072227971014584
2024-10-11,-0.010000000000000231,0.0,0.0008203105666152234,-0.0007736575176956399,-0.0014969145273092531,0.0006097847070761156,0.0008097322350517524,0.003081212769721772,0.03595486684539818,0.00650768749999995,0.011684578277931474,0.028794335595768113,-0.00034495517329310044,0.016481054443454317,0.020000000000000004,-0.0009314211428117503,-0.434039883700033,-0.02271177593442797,0.006033611862784838
2024-10-12,,,-0.00025073671015663537,0.007118572742360893,0.01986275560147079,-0.0002151865051098716,0.0003245790079829166,-0.0006541240507209467,0.020844462772432956,0.0084402333333333,-0.002469982463131288,0.020995578895742856,0.02912062417054364,0.017392188573610304,,,-0.434039883700033,,
2024-10-13,,,-0.00033598470534212965,0.0009824123623428348,0.0008447073777098072,0.0010061413194312348,-0.00020171697397987213,-0.0003444596861348066,-0.02519639633917987,0.009594998333333299,-0.0013028784334601737,-0.5430643291753847,0.015020243124260793,0.018161707452475143,,,-0.434039883700033,,
2024-10-14,-0.009999999999999787,0.0,-0.0004175787371409797,0.0005765479419448262,0.00011061999005580632,-0.0003287268627295126,-0.0015513202481223978,-0.0005254230668305426,0.08928798861503337,0.01625845666666665,-0.0019875376439578594,-0.07542724993464538,-0.0051756141362942765,0.01806830062105435,,,-0.434039883700033,-0.03785312477953795,0.007678060962994948
2024-10-15,-0.040000000000000036,-0.010000000000000009,8.129627386238683e-05,-0.004593952870720161,-0.005726976591063384,0.000465200193064701,0.0003416429378060109,0.0022327067840845587,-0.027314978722267135,0.0120984133333333,0.00842147125747171,1.0298201842136323,0.056727667169228134,0.02716164172226283,-0.05,0.004315749667302526,-0.434039883700033,0.046612304869419585,-0.007638509068755184
2024-10-16,-0.03000000000000025,0.0,-0.0001411175328452156,-5.26384183210144e-05,-0.0010601914239099382,-0.0003220619508934622,0.0003786983427538462,0.0007814556300590069,0.03697046960268722,0.009658866666666651,0.002931978809876848,0.08080511878296763,0.001805611661569776,0.02721784036043073,0.009999999999999995,0.003322883852062475,-0.437281239851303,-0.052722303510997826,0.004668155706577082
2024-10-17,-0.009999999999999787,0.0,0.002968818058864804,-0.0011633464525058477,0.004286211677075114,0.0003585650634992306,0.0011674335819353095,0.0002104571191622844,-0.022356051977759382,0.0096454625,0.0007890767758112982,-0.2620298760730629,0.006937139615558958,0.021687543224109283,0.04000000000000001,0.0015215554567786782,-0.437281239851303,-0.0242968788501825,-0.00017117513483455582
2024-10-18,-0.010000000000000231,0.0,-0.0007958388033621805,-0.0019196193938000108,-0.005975638458668714,-0.000842163192308399,0.001250659726888799,3.863069190729322e-05,0.0463550773036728,0.0083046858333333,0.0001449534212829074,-0.1505168213172267,-0.004011931881779884,0.022155546589658806,0.0,-0.0015619037431928717,-0.437281239851303,-0.05817472103695609,0.0039637370431258034
2024-10-19,,,0.0011784540684790991,0.0061554067603184414,0.004387733417643035,0.0016311028556642037,0.0003468441346621182,-0.00024940770270768,-9.059163820664049e-05,0.00725872,-0.0009365443634303041,0.14186068921961814,0.016008482792123538,0.02123334302676218,,,-0.437281239851303,,
2024-10-20,,,0.0010408881241271897,0.00018586892340195668,-0.0014530573147634234,-0.0006555370617904924,-0.00010919872109334612,-0.0005399784883756638,0.023104584968545623,0.0113976658333333,-0.002030447394044663,-0.9648266271069046,0.0007281854798181847,0.021631009317185434,,,-0.437281239851303,,
2024-10-21,0.0,0.020000000000000018,-0.0004475184594638074,0.0005187345080954143,-0.0015693719665144177,-0.0007260501384934544,-0.002076250587787152,-0.0005605607660274332,-0.021063727485926984,0.01492854666666665,-0.0021078266251925316,0.3339525901955701,0.021421516209183464,0.02075070652285319,0.04000000000000001,0.004486424679885026,-0.437281239851303,0.018681862011808548,-0.00182444274130944
2024-10-22,0.040000000000000036,0.0,-0.00022970093291231595,-0.009126809335321541,-0.00532610014736862,-8.307609927902644e-05,-0.0007672843472735989,0.0010810228084904322,-0.003392163440263106,0.0094472158333333,0.004057795628981449,0.6578580024371755,-0.025778789397480233,0.015307329806156934,0.0,-0.0005223266637131019,-0.437281239851303,-0.009297305144284618,-0.0004750033835065892
2024-10-23,0.03000000000000025,0.010000000000000009,0.00033533452214403006,-0.002768095459839286,0.006374585510018327,-0.0007797084277556097,-0.003063085431696245,-0.003359833234593676,-0.014557592539235777,0.00960749916666665,-0.012627022376449106,-0.21120348291411326,-0.009060267025078363,0.015921509611551275,0.0,0.00226732888843717,-0.441757439891514,0.055569851154810834,-0.009233777411951749
2024-10-24,-0.020000000000000018,0.0,-0.0004857418511869169,-0.006433994082719326,-0.015065724349934242,0.00025551169673442795,0.0004368125417340879,-0.00031817549872361804,0.014829709387377444,0.012591745000000001,-0.001204608786575434,0.09885396867007193,-0.02353809935211772,0.01802118477904242,-0.03,-0.001447799621932866,-0.441757439891514,-0.008350779217420001,0.002143483186927142
2024-10-25,-0.040000000000000036,-0.010000000000000009,0.0008922006322994806,0.0028512023425572306,-0.01527499763722171,-0.0006050927649329725,0.000835155626045885,0.0037290081141439636,-0.05427265843999504,0.0092028408333333,0.014039277926914442,0.01763451885279498,0.013740124404782828,0.019144860926520832,0.0,0.0007851537313596779,-0.441757439891514,0.0634569616201146,-0.00029953572187402244
2024-10-26,,,0.00011222509028604613,0.00627877676993475,-0.5620502555517612,0.0039548712646044005,0.00017966453892119752,0.00028579348453571543,0.013406715452626524,0.0103975233333333,0.0010680825469415883,0.3161716677489622,-0.035104712023098464,0.021242195530096226,,,-0.441757439891514,,
2024-10-27,,,-0.00034788381790958517,-0.00026188167399072884,0.01696216959067009,-0.00443988011250986,-0.0004355388415834323,-0.00022364951691914835,0.023360294221743964,0.01106799,-0.0008353736708890455,-0.7349399483470143,0.014924084971638411,0.022856019888069193,,,-0.441757439891514,,
2024-10-28,-0.07000000000000028,-0.010000000000000009,8.86472593891119e-05,-0.00031279076308530167,-0.00757041647228589,-0.0007478750899739456,-0.0002846592299063632,-0.0002463192155185259,0.06999841977495457,0.0132849858333333,-0.0009205953706649853,-0.31752618449013115,0.012061760681855622,0.021183424846822528,0.01999999999999999,0.001580479051265904,-0.441757439891514,-0.026415689939765397,0.0026479514493722434
2024-10-29,0.03000000000000025,0.0,0.0007480694645599222,0.0017272704542177528,-0.0021741789773464604,0.0012718755955495697,0.006936861013477219,0.0012943800171798276,0.03943165829800569,0.01459544166666665,0.00486170631188771,0.8934346118542599,0.025537796885790578,0.02264714806170819,0.010000000000000009,0.0004293688344194635,-0.441757439891514,-0.02350644767534149,0.001612842692562566
2024-10-30,-0.050000000000000266,0.0,0.0002163355691620404,0.004209543008266171,0.00824149834747324,0.0003346818471865201,0.0012216400543964775,-0.0008913869976709918,0.0006114141616003698,0.015682645,-0.003349620814175808,0.3577975306709703,0.03477517428146015,0.025651849088265483,-0.03,-0.0003676757765918026,-0.446365586825572,0.050905421863455924,-0.0033056916281388737
2024-10-31,0.08000000000000007,0.020000000000000018,0.0008104862609267313,0.0050104644198964154,0.004908932234463466,-0.0035015464289582412,-0.0019066712022215823,-0.0011056795147238456,-0.024803827405205998,0.0088605808333333,-0.004162571434095223,-0.28364442244214133,0.0005615743233816665,0.022433171570135132,-0.020000000000000018,-0.00013220407039504778,-0.446365586825572,0.12934574081619044,-0.0187901825995187
2024-11-01,-0.04999999999999982,0.0,-0.0005848853706025286,-0.007899234231101976,-0.025391613340383208,-0.001952723159954268,0.0026653698799189627,0.0019066810566589838,-0.05235966648326015,0.007725134999999999,0.0071863904316252555,-0.004297982265387328,-0.04219739229076436,0.029515693400097867,0.04000000000000001,7.05110125673869e-05,-0.446365586825572,-0.05685367515101403,0.004084226330235197
2024-11-02,,,0.0015751326364339905,0.0023520608085119826,0.020157641562724912,0.004332589361799866,5.525005410273461e-05,-0.0003822204962298844,0.0034979334370833426,0.004989145,-0.0014365576536838045,0.1312131422243807,-0.005598176928234874,0.025208028532632397,,,-0.446365586825572,,
2024-11-03,,,0.0006816778053239478,0.0007457913464993306,0.0036900915615454633,0.002125031647353781,-0.00017857600029002067,0.0003509025366716014,-0.01822211020948301,0.006077735,0.0013186928194902647,-1.1870675870858067,-0.005996369849502867,0.02517555392263531,,,-0.446365586825572,,
2024-11-04,0.040000000000000036,0.0,-0.00019374492013188505,0.0010759139151942522,-0.0009476625039031236,-0.001420076961603141,0.0021003046671798542,0.0021795833529908225,-0.012622813066254346,0.00837893249999995,0.008169233571304056,0.8213263677769113,-0.010535426218903568,0.0252290018367091,-0.01999999999999999,-0.0017425973112734638,-0.446365586825572,0.00455997142169462,-0.0028160686495120046
2024-11-05,-0.010000000000000231,-0.020000000000000018,4.567805538584244e-06,0.004962600088679461,0.0042383351020257665,-0.0012571895175487679,0.003064282252831184,0.0009792662336902034,0.0057381797455064755,0.00595404666666665,0.0036599209796910493,0.19583967298642732,-0.019972772983556018,0.023183914265161094,-0.07,-0.0002978203346604147,-0.446365586825572,-0.07019598672466687,0.012191061302749162
2024-11-06,-0.11999999999999966,-0.039999999999999925,-0.0005307140357301849,0.01177793248075872,0.0007421298966158595,-0.0002497855984786508,0.013722932729955714,0.005809353938239178,0.14604352326078782,0.01042640666666665,0.02173382039647025,-0.08973403531417985,0.016729875848576055,0.018241778468766272,0.07999999999999999,0.009193025410635158,-0.452447214610921,-0.23061404101986183,0.024981233838897055
2024-11-07,-0.010000000000000231,-0.020000000000000018,0.0006130814645137323,0.024159252146996216,0.015019388622783065,-0.0007870360848353405,0.0005032547247487529,0.001022905242135147,0.029890842047099762,0.014232110833333301,0.0037803339162222342,1.0796627128597378,0.10144560698183137,0.046124810030481904,-0.04999999999999999,-0.0074138439260797995,-0.452447214610921,-0.06802749337871594,0.007403744412988189
2024-11-08,-0.10000000000000009,-0.010000000000000009,0.00700102338495084,0.012218895370750705,-0.016304035662039303,0.0002958705987807537,0.008440221523154729,0.006739556749482663,0.016971002543400723,0.01324484666666665,0.024761841724828978,-0.5020241296720404,0.033473948806161356,0.041941336631146714,-0.060000000000000005,0.006439649648513068,-0.452447214610921,-0.01725324814755913,0.0037498038698000613
2024-11-09,,,0.0056307626384463644,0.01000986885884618,0.004631958879813655,0.004723849389190018,0.005690175236600793,-0.00022961288457792333,-0.00038196924836724866,0.0133903925,-0.0008383690583191715,-0.20365265607365465,0.014958433643607855,0.04091271047317671,,,-0.452447214610921,,
2024-11-10,,,0.008284992972516749,-0.0044670495477136035,-0.004418021040283475,-0.0015132944483810314,-0.0006138247207245916,0.0015412741133284886,0.01140040493956439,0.0274571583333333,0.005610679220587846,-0.307918403167469,0.028289117372319678,0.03950741775576443,,,-0.452447214610921,,
2024-11-11,0.0,0.0,0.0015282868773570835,-0.0008661119406158708,-0.00333767941572537,0.0029458757537514963,0.012839214242161742,-0.0011076937190225076,0.06490316983698276,0.020207425,-0.0040813084454406024,0.8228052332637068,0.03421271711099659,0.036598574019626975,,,-0.452447214610921,0.002006018726865566,0.0009685844338367389
2024-11-12,-0.020000000000000018,0.0,0.0010816382048594927,-0.00010563937121769606,0.01259307299573927,-0.0028676084684597,-0.003093211820011342,0.014464087723303537,-0.026709386920201045,0.04122890916666665,0.05186832317230275,0.3297246604777573,0.07591673262830437,0.03255227889131987,0.049999999999999996,0.009471562220739749,-0.452447214610921,-0.01752066381819084,-0.0028968743715669376
2024-11-13,0.03000000000000025,0.010000000000000009,0.0060674070974116815,-0.012936522262235952,-0.03416352059820506,0.0030040607608407817,0.007752589904160797,0.00684119691082748,-0.0009522803903991648,0.0172136008333333,0.023807608083255914,0.07871639344598497,-0.01897097882899085,0.03951198095939045,0.08000000000000002,0.0014266945597345426,-0.460443477221555,-0.048042653006902025,0.00023225951010807933
2024-11-14,-0.040000000000000036,0.020000000000000018,0.009931441740811058,0.005083307872413411,0.01148330390324509,-0.0024177204724255236,0.012960074786766407,0.004208513775022757,0.0002961340991895614,0.0225284608333333,0.01455515951977561,-0.05213797000300242,0.0017407761314765808,0.02980814117617905,-0.08000000000000002,0.0003488756278038352,-0.460443477221555,0.02047371196191561,-0.006068115029117749
2024-11-15,0.1200000000000001,0.0,0.00876087500917945,0.0009690417708095453,-0.0007469785309682047,-0.00173258475643537,0.001239444035829067,1.3298578133221255e-06,0.019147368219878027,0.01850005666666665,4.57166014425691e-06,-0.38517752738364214,-0.03844981808048137,0.03749594977432903,0.03,-0.0009193092200634467,-0.460443477221555,0.12034206927344293,-0.01329146396056835
2024-11-16,,,0.004870106322357343,0.004218880064814248,0.005246457955805507,-0.00034054703337186936,0.0006413416742774208,0.0005724898670451067,0.004967412978286654,0.0207600208333333,0.001967373381918898,-0.15521124643271805,0.025394738672556108,0.03774904639438952,,,-0.460443477221555,,
2024-11-17,,,0.0024658476508410414,0.006110204086199231,0.005603521810831394,0.00253905567991012,-0.00036822857992003583,-0.00039311774302418803,-0.005114296399376937,0.0262857933333333,-0.001350043302585136,-0.43854189174956626,0.004536546866162284,0.03746885887031929,,,-0.460443477221555,,
2024-11-18,0.0,0.0,0.0010721883085397421,0.001076953971283019,0.00284659543786761,0.0010613837773031146,0.0005908808863321169,0.0008702882225290996,0.036094319864060566,0.03462411166666665,0.0029880575429249464,0.017604023982135758,-0.013635984563687403,0.037115640917670126,0.010000000000000009,-0.0022115340903372527,-0.460443477221555,-0.03531262239920041,0.00391015982410714
2024-11-19,-0.03000000000000025,0.0,-0.00019499382237919656,0.007230557850079208,-0.010049033130336818,-0.00046049114113120594,0.005504032519427816,0.001457023161662013,0.008206151016943544,0.0316006875,0.0050100909336264505,0.38007843855219803,0.025149205229362318,0.023438794323122826,-0.010000000000000009,-0.0016213192360154949,-0.460443477221555,0.04823985690066035,0.0039557737052682285
2024-11-20,-0.020000000000000018,0.010000000000000009,0.005672504110408268,-0.00339072446596011,0.027563837815123404,0.0010310414572583324,0.009710577248488029,0.006461966192124461,0.041733553788078866,0.01861484666666665,0.022133924561233267,-0.022384658526229374,-0.005872855770761258,0.022359263728105285,-0.01999999999999999,0.0037950230204897295,-0.467902076553342,0.0483531967165538,2.1970426116624253e-05
2024-11-21,-0.06000000000000005,0.0,0.004531530190270599,0.01100421660301061,0.0183570007617738,-0.00014638856637861917,0.0013625875883647887,-0.00310675478383138,0.06529359709173052,0.02431014166666665,-0.010594821237030067,-3.8749891930783786e-05,0.004445349994118083,0.022420915921356286,-0.010000000000000009,0.0017693983820574744,-0.467902076553342,-0.01704419750193953,0.00532623530517462
2024-11-22,0.0,-0.010000000000000009,0.010761171520470864,0.01239310878050174,0.0037433373771449552,-0.00032533146661249234,0.009658917491352769,0.007588105720125936,-0.003852869247276458,0.02613906166666665,0.02592836162613019,0.45554699296266843,0.06744333892984877,0.027193982828120095,-0.049999999999999996,0.0028793004616840534,-0.467902076553342,-0.10161334629937668,0.003461979200411136
2024-11-23,,,0.00472803089537898,0.017191348172777877,-0.014983135647333312,0.001538239101963245,0.019616247033028267,0.0014663473970411875,-0.009354212206910847,0.0250136283333333,0.005031375010636329,-0.35201499268656944,-0.003584859669079462,0.027612859571906356,,,-0.467902076553342,,
2024-11-24,,,0.009591875969558511,0.004577749255973844,0.020099774050113303,-0.0009276328737692458,-0.00012844371140645507,0.0009760773674597367,-0.011102907357673414,0.026387964166666653,0.0033347390449066584,-0.30320552727004163,0.00351281402010227,0.027656780967727244,,,-0.467902076553342,,
2024-11-25,0.03000000000000025,0.0,0.003664227131427474,-0.0010278681647338883,0.0024811222550070312,0.0010523762694333656,-0.0017692987877326138,-0.0016814305669730252,-0.002494746554217111,0.032115469166666646,-0.005741301265484722,-0.11129120291264692,-0.002026795824191247,0.02624049572776811,0.019999999999999997,-0.0037443159918417734,-0.467902076553342,-0.0429020215442093,0.0030158820722512303
2024-11-26,0.040000000000000036,0.010000000000000009,-0.0009506189395210689,-0.008291496406187305,0.002193039652306455,-0.0033712534266809053,-0.0016821892862208916,4.005720106751621e-05,-0.03354183222634858,0.024331315,0.00013693012444135268,0.5717135814143458,-0.019079784563674332,0.02801486584571386,0.03,0.0034218382300084116,-0.467902076553342,-0.03484673133016836,0.005705736188806654
2024-11-27,0.009999999999999787,0.009999999999999898,0.002111173896808431,-0.00020808644711246173,-0.02577565305695035,0.003211008511429912,0.005707017424899989,0.007717334134369414,0.07581129973521387,0.026002713333333302,0.02618401887234486,-0.027026579485459112,-0.01939490510834293,0.029432899130268846,-0.03,-0.004795278108526979,-0.472976464069823,0.0,-0.00380853961537575
2024-11-28,0.0,0.0,0.0001411536084950175,0.021545518277269412,0.031089791389907744,0.002205361463317382,-5.71410365264656e-05,-0.0012427291453672008,-0.01864444651375827,0.0209456425,-0.004170158014754314,-0.06949748378110768,0.07029813688827594,0.03853814164454267,,,-0.472976464069823,-0.0142859572474765,
2024-11-29,0.03000000000000025,0.0,0.0020359071635141735,-0.002671626688502639,0.00462260925404009,-0.003438090728473575,0.006938395177157961,0.00010544014754282409,0.010760328655821902,0.02663069916666665,0.00035696338922674417,-0.45847624823982425,-0.01366853583156308,0.03125520817963152,-0.009999999999999995,-0.0018997615424476422,-0.472976464069823,-0.02845868816453878,0.005592178893918387
2024-11-30,0.020000000000000018,0.010000000000000009,0.0035302587941724198,0.010595865051212575,0.003965793234869984,0.0009673597999594459,0.00021714160441494823,-5.793333461347486e-05,0.0021821144880863827,0.02090008499999995,-0.0001961578013146014,0.2307327306796475,0.011918492029568014,0.031318446007374406,,,-0.472976464069823,,
2024-12-01,,,0.004022719182865393,0.002303616101789276,-0.002983189407029376,0.00048381206258147973,0.0003588839472702675,5.827906421777633e-06,0.004263829214674364,0.0202774725,1.974166590794381e-05,-0.3145990606200534,0.010441021353576007,0.03139112609515986,,,-0.472976464069823,,
2024-12-02,-0.06000000000000005,-0.019999999999999907,0.0003431253416678023,0.0019500089101037138,0.00594619377128135,-0.0010788408710434366,0.004902937986417373,0.0006955295055267246,-0.021558712762562333,0.0293492683333333,0.0023648206174210896,0.04289591275041428,0.003971486439693537,0.031232946739082355,-0.030000000000000002,0.004315220702886258,-0.472976464069823,-0.012663111484629397,0.0024454606033064152
2024-12-03,-0.020000000000000018,-0.010000000000000009,0.0006728542754669234,-0.0018105015760063073,0.0006087648466999235,0.0015442967704394318,0.0013251107583868791,0.015227732427456458,0.0006749805041225159,0.02697670166666665,0.050485997371276674,0.6433928485697132,-0.016489411670679105,0.030894879296483553,0.039999999999999994,-0.0013436519200711317,-0.472976464069823,-0.0030030052597695978,0.0004513504631038501
2024-12-04,0.0,0.0,0.0041561550966363985,0.0012718611214590065,0.009865814631689224,0.0015066690492430267,0.001498684384510817,0.001930723898892699,0.07624682739949992,0.02854324166666665,0.00623212250569256,-0.16291396804369376,-0.0014614605299692479,0.02905678191637495,0.0,-0.0015694846901954662,-0.476410221838787,0.01121507082013995,0.006033123750501801
2024-12-05,0.0,0.010000000000000009,0.0023917095705971755,0.009758837870626251,-0.00662987194573661,0.0013553670127256347,0.003366349434366752,0.002470062807454909,-0.04219538344275583,0.05743899166666665,0.00794341358344749,0.21437701644452425,0.0432606972716456,0.01997167363068286,-0.039999999999999994,-0.002597301468798996,-0.476410221838787,0.006669161436280824,-0.0018714648272304402
2024-12-06,0.009999999999999787,0.0,0.007277959278593239,0.0004901381073395886,-0.027493749145183724,0.0020110187486959427,0.017466924220115285,0.007041523881015297,0.03203618102857319,0.021953930833333298,0.022692944275068242,0.4806089277498771,-0.014143193328526411,0.020047963370916796,0.030000000000000002,0.0020496489824282094,-0.476410221838787,-0.05854959743968102,0.002492319655841513
2024-12-07,,,0.005514430064517279,0.0050630521362891815,0.003189740056062063,0.0052994383537137806,-0.00021489021779227531,0.00022717158666260058,0.00017534037668583371,0.027864892500000002,0.0007234514298343933,-0.39691025930802554,0.041832899052077724,0.02439650221116181,,,-0.476410221838787,,
2024-12-08,,,0.005519081515725786,0.015791431374966785,-0.0049671306638541125,0.006384948717867264,-0.0007293925918510906,-0.0006331467894842508,0.008445704275807108,0.027657193333333302,-0.002016153752606023,-0.7270467802493632,-0.002550119007481512,0.024815086371826525,,,-0.476410221838787,,
2024-12-09,0.0,0.0,0.003944780810087174,-0.0011426882547602268,0.00923365640722086,0.008034072979698346,-0.002463896023953967,0.001070283452875568,-0.051756972364924374,0.02438415416666665,0.0033974097034358505,0.004626450223620783,0.009075934922400613,0.02475964650061178,0.020000000000000004,-0.000709869225158144,-0.476410221838787,0.10543882112750325,-0.006163180212196195
2024-12-10,0.0,-0.010000000000000009,-0.0007056037619893268,-0.01154147395292434,-0.03004179440462938,-0.00897538339630863,0.001200521547874295,0.007084950043601335,-0.0364045648180938,0.01618789,0.022229704703489235,0.9040999025939627,-0.0587011672394781,0.03491782012369195,0.0,0.0028309447508076957,-0.476410221838787,-0.0007049700679697679,-0.0029682940713744443
2024-12-11,-0.029999999999999805,-0.020000000000000018,0.0025180050763405583,0.0030689096491002942,0.012297360934781594,-0.008936216660256959,0.009125783479581944,0.00425281978400833,0.06574991129822837,0.0123284283333333,0.013229488929491306,-0.08353828937768007,-0.015446148860946283,0.035574364496063236,0.039999999999999994,-0.0008565621493801245,-0.478742729097903,-0.04323439897343162,0.008132661932885199
2024-12-12,0.020000000000000018,0.010000000000000009,0.001453284094744437,0.016481652719220325,0.005409576800027684,0.008048498023455745,0.0045438639850633716,0.0003203465798056263,0.03044836172909896,0.0140450733333333,0.000993971925847794,-0.18831157858368774,0.0496642996368572,0.03691503443798467,0.030000000000000013,0.000845534732859754,-0.478742729097903,0.024728532775723622,-0.005428741091956013
2024-12-13,0.020000000000000018,-0.010000000000000009,0.008015160706843756,1.5600851646826943e-05,-0.0012095565432539473,-0.01428028213468099,0.0021264522725887563,0.003419356488572341,0.014455272026799413,0.01041679916666665,0.010570819261928162,-0.0616892654044657,0.0010013508633983014,0.03629144389894904,0.009999999999999981,0.002784496098764855,-0.478742729097903,-0.007933687485072838,-2.644116757721804e-05
2024-12-14,,,0.002796729015382668,0.011748065299350886,-0.004759562111847298,0.0018966798891522916,-0.00028776185252131357,-0.0016412271988078349,0.011207012117000757,0.010372255,-0.005058392786018432,-0.249163275780139,0.010382331928720102,0.03251269344539054,,,-0.478742729097903,,
2024-12-15,,,-0.00019514406109237835,-0.00018824623547544555,0.006887611794775594,-0.0009221040987389232,4.5936030728522654e-05,-0.00012878207707612215,0.061280142661024224,0.01396092166666665,-0.00039801965970332604,-0.2911223815644132,-0.005128014034904535,0.03254856320425851,,,-0.478742729097903,,
2024-12-16,0.009999999999999787,0.0,0.00132446658190218,0.003299720127429488,-0.009576300142204305,0.0026396270878106657,0.0004606065989290771,-0.003519113731027917,0.005665078036726181,0.023211495833333297,-0.01094316589984369,0.10473318907413615,0.028327495990638364,0.034336372843168476,-0.009999999999999981,-0.00032131568442306246,-0.478742729097903,0.0617740227645851,0.0037921163249592382
2024-12-17,0.06000000000000005,0.010000000000000009,0.0018219016304633958,0.006310916848060653,0.0023485188623317286,-0.0007513752040076614,-0.0007601527732504654,0.0006619514257552,-0.006425962368515118,0.01740031916666665,0.0020660242223771766,0.5524439328646806,0.010382210038476891,0.02181259903838505,0.009999999999999981,0.0018494900727947794,-0.478742729097903,0.0772635443525318,-0.0038714440227618496
2024-12-18,-0.020000000000000018,0.0,-0.00101062662095721,0.003492414661781913,0.01190723521162504,-0.0021302832374530296,-0.0009251480936646953,-6.797032512844309e-05,-0.04594021246785675,0.01128136,-0.00021175041669440142,-0.2729797286237636,-0.01459726001893497,0.021640722629573842,0.0,0.001077813952954365,-0.480301339647189,0.5541096134428285,-0.029936554508987356
2024-12-19,0.18000000000000016,0.029999999999999916,0.0003085389132218329,-0.005246049073969549,-0.005114553088432277,-0.005521973496625756,-0.00019663613362473674,0.0008568679950354085,-0.04073177587151781,0.01296112666666665,0.0026656336879649855,0.26427340502055796,-0.060988500142776764,0.028413795099691583,0.1,0.007763471260169297,-0.480301339647189,-0.13674333135436623,-0.0008654734577540069
2024-12-20,-0.050000000000000266,0.0,0.00020170359636620473,0.0011018834947716192,0.0025343203098493585,0.0043189263736515505,0.0014934543151945525,0.0028808186140659763,-0.02313996657936458,0.011991598333333301,0.008923458501864127,0.0038713017407602866,-0.04005077282270351,0.03121756561731691,-0.03,-0.005797397904081514,-0.480301339647189,-0.27162243143443554,0.01081047625241105
2024-12-21,,,0.0006722480667518966,0.004495645674938567,-0.016541332628526726,-0.0011370515215975857,0.0008429435356913813,-0.0006363898328828682,-0.010478326516943588,0.0073907225,-0.00196606197482018,0.11551797326991366,0.004104975113322525,0.03061072871550853,,,-0.480301339647189,,
2024-12-22,,,-0.004806491491499867,0.008822669071058279,-0.0007628947411201335,0.000551399576058142,0.0003660476671264233,-0.0012549477318698572,-0.0099748519445071,0.010295046666666651,-0.0038898241397016162,-0.7728926825722594,-0.02176549722267676,0.030712258798699977,,,-0.480301339647189,,
2024-12-23,-0.009999999999999787,0.0,-0.0007909866612678666,0.0016610231151131427,0.0002484246216562851,-0.002422203847855158,-0.0009875770353907076,-0.00399335297993107,0.03684921945940822,0.0127850983333333,-0.012467013603818928,-0.19433648351599422,-0.020296379167261056,0.024553141108787365,0.06999999999999998,0.0031936625463737656,-0.480301339647189,-0.08998668415328392,0.007260895475461382
2024-12-24,0.009999999999999787,,-0.0005767602630005051,0.002291253253712733,0.0009417690263695613,0.0005160081843149127,-0.00043714125338988773,-0.001635904571124082,0.025500353527588775,0.01005841,-0.005150159797991738,0.35519274766045134,0.018373215326752276,0.026346330474021323,0.010000000000000009,0.00027743163942872684,-0.480301339647189,-0.16202826955031524,0.010982197273833094
2024-12-25,,,0.0005892196080550906,0.0017230712591387158,0.0041284698403681,0.0006521675282176921,0.00048478837647157396,-0.001125375876843018,0.0068166259948167895,0.00916282666666665,-0.0035601028198359625,-0.31588048223793747,0.032950577841527974,0.033044021396586826,,,-0.48147167049525,,
2024-12-26,0.0,-0.009999999999999898,-0.0025729064081057703,0.002442747832061616,0.001387003708973574,0.0007454652848396748,0.001896389008132946,0.0009452128397851085,-0.026307082974135365,0.01137625666666665,0.002996681284876478,-0.3529858610827496,0.002842926968159043,0.025353481778501285,-0.019999999999999962,-3.7402024233301745e-05,-0.48147167049525,0.03172679898579389,-0.0004057087414679472
2024-12-27,-0.020000000000000018,0.0,-0.0010175588254950933,0.005170811429487208,0.011193849776125621,-0.0009740899594349159,0.0003324393984591589,-0.0002412367286855541,0.004162524728394211,0.0154150433333333,-0.0007642124836303621,0.25307719496989767,-0.04324580247942647,0.026139712299685813,0.02999999999999997,0.0009120545652958612,-0.48147167049525,0.0795725987563145,-0.011117304675595463
2024-12-28,,,0.00046438229950987816,0.001547987004574995,-0.004872843643143977,0.000599593222458299,-5.907104177171474e-05,-0.0015094751951339655,0.018091071722887167,0.008592209166666651,-0.004794880189900479,-0.0031497647364603677,-0.006962471585358971,0.025911204057670074,,,-0.48147167049525,,
2024-12-29,,,-0.003781373822785545,0.0009543427028255836,-0.0022451424632468913,-0.0006949609906820496,-0.0007482353491523571,0.0007633532801606879,-0.011856867440238674,0.0081424875,0.002425867827519052,-0.5993051380174782,0.01479075574719432,0.0257566845544616,,,-0.48147167049525,,
2024-12-30,0.10000000000000009,0.009999999999999898,-0.0002482967300260841,0.000263353619569755,-0.03272303913847845,0.0005238734537803276,-0.00975252403140072,-0.0042255067175972615,-0.001693081908467379,0.0139867875,-0.01337083187187719,-0.025406101018488912,-0.014051162577636308,0.0250437012755925,0.0,0.0028802389401976214,-0.48147167049525,0.08701137698962969,-0.010759690191102678
2024-12-31,-0.020000000000000018,0.0,-7.509930236595551e-05,0.004071797922941763,0.02442878997432586,-0.0006722406738451879,0.0004408594282727855,-0.0031611128249122125,0.00020183049901897248,0.012944786666666649,-0.010125456800716403,0.8795294176456361,-0.0052371117262463825,0.023822366399873614,0.020000000000000018,0.0035412942184285257,-0.48147167049525,-0.002877699827614766,-0.004293996454133975
2025-01-01,,,-0.008778349592785572,0.003243225891543329,-0.01002258749941045,-0.00018611468645193279,-0.0014643818064290584,0.0009544077555713605,0.02026538143435006,0.01638024166666665,0.0030634288676319225,-0.24408606827145177,0.0013115159617053027,0.018289541670814764,,,-0.485523530322645,,
2025-01-02,-0.040000000000000036,0.010000000000000009,-0.003266759591516454,-0.004671892751782201,-0.028092444360253897,-0.001324252752634654,0.0036146439307648964,-0.0011716130665081685,0.03406054074136792,0.0177849008333333,-0.003775569058895659,-0.5984092070508243,0.006511195061337729,0.018674478164021405,-0.010000000000000009,0.0014091515229246454,-0.485523530322645,0.03288278122417321,-0.00222634979255254
2025-01-03,-0.06999999999999984,0.0,0.0016775173535484643,0.005090319799825979,0.03456440961068168,0.0013451171207134313,0.00490620297468736,0.001484146424699778,0.03703223017583339,0.010062576666666649,0.004803770691361776,0.6139587228043085,0.027497595424601392,0.014206851597881771,0.0,-4.866493919930548e-05,-0.485523530322645,-0.10579439547992431,0.012517287272657995
2025-01-04,,,-0.0010183571076700535,0.02814393453147148,0.007886762853661468,0.0002324376490469849,0.0009663843873663628,-0.000490887018738604,-0.011443919463679529,0.00918750166666665,-0.0015878475526350533,-0.16119389368063042,0.02846614838797512,0.01608319919091769,,,-0.485523530322645,,
2025-01-05,,,0.0008266759851524025,0.006567974763682895,0.0011631167115219675,0.0011848426564018538,0.00046424071184515345,-0.0010355921363086403,-0.0011252271182790974,0.00876938916666665,-0.0033596326301808532,-0.44691552564599635,0.008598666923188492,0.01584614082313168,,,-0.485523530322645,,
2025-01-06,-0.050000000000000266,0.010000000000000009,-0.00047717893825450006,0.0019405057676258979,0.0013701422302168887,-0.0004705915887093084,0.0010318664613899549,0.005722136025289596,0.04905503238746399,0.00999163666666665,0.01844285396702661,-0.12466548970095433,-0.00281254845975629,0.013714571608231257,0.020000000000000018,-0.007097162835106197,-0.485523530322645,-0.005595289698749006,0.0055228222624901235
2025-01-07,0.03000000000000025,0.0,0.0009580076245878671,0.006642269806282033,0.009572311309318588,0.0009650375795031665,-0.001973332786487341,0.0038908914543688586,-0.057135823067143175,0.0073784408333333,0.01232492613983046,0.7719570149857089,0.026273225407794164,0.01335626983978152,0.02999999999999997,0.0005833148782352637,-0.485523530322645,0.10523581960429507,-0.011166004769812332
2025-01-08,0.04999999999999982,-0.010000000000000009,0.000955427780782751,-0.009068209976749349,-0.010582465854839494,-0.002184895947671443,-0.0008560059903418929,-0.000521584771659711,-0.02039920715046415,0.0064921383333333,-0.0016419929382639707,0.2810072155218996,-0.06998631607533423,0.03462408419186715,0.020000000000000018,0.0036128510745259135,-0.490297418700556,-0.006756782462880029,0.001559107735282339
2025-01-09,-0.020000000000000018,0.0,-0.0002998498033026732,-0.0033820169642272886,-0.003319854874553865,0.001795522304612917,-0.0008293410434438572,-0.0003258843651900473,-0.034351843174449684,0.006615915,-0.0010264296740651008,0.07649689866575521,-0.018268696545461295,0.03552086537117513,0.019999999999999962,0.0015807330397894503,-0.490297418700556,0.020688465024353953,
2025-01-10,-0.009999999999999787,0.0,0.0009754122609249805,0.001538082009121224,0.006503098309716793,0.0020546616726372043,0.0008014915767257569,0.0010177192288984285,0.01433757683969945,0.00598516,0.0032045613877268392,-0.05004281539343145,-0.030295906236626105,0.034763798816795616,-0.03999999999999998,0.0045047502543829054,-0.490297418700556,0.07821054201049948,-0.01553164435389398
2025-01-11,,,-0.0012931817009991405,0.006703244564209535,-0.011579818840841792,-0.003482949862369462,-5.810265436973985e-05,-0.0003067209556790083,0.011107524329747992,0.00796922916666665,-0.0009646563114988905,-0.06226153535571518,0.020334435347761713,0.03344158672334981,,,-0.490297418700556,,
2025-01-12,,,-0.00016548953700696816,0.0004708196737455906,-0.0035271207864880708,-0.0004765280522260322,0.0005084896788115248,-0.0004432595723852192,0.0029981659826324373,0.011544811666666651,-0.001396435255773481,-1.1382489277597676,0.001264447969024675,0.03289220778188102,,,-0.490297418700556,,
2025-01-13,0.040000000000000036,0.010000000000000009,-9.416684588378184e-05,5.670944839420253e-05,0.019822388495782377,0.000219795595493832,-0.0004286919601519194,0.002600267142384444,-0.027792042445263232,0.007331715,0.008160644742648921,0.014588710982901553,-0.0035356333037229446,0.032865170472385546,0.020000000000000018,0.0013458625996873863,-0.490297418700556,-0.018074336595028218,0.0015741742695762895
2025-01-14,-0.050000000000000266,0.0,8.8047631381519e-05,-0.0019643615405941658,0.008670712825603447,0.0009496435863638443,-0.0001571276952868608,-0.0006501710172436757,0.014384885571338796,0.01063387,-0.00203393280903027,1.393414233419054,-0.020236097296267387,0.028591162801402892,0.019999999999999962,-0.005089006733067336,-0.490297418700556,-0.02533116973361027,0.0011456334044925853
2025-01-15,-0.07999999999999963,-0.010000000000000009,-0.0014509035737563722,0.0009849608992610777,0.004458230176634516,-0.0011030371535818487,0.0027169485623847194,0.0008594687524725973,0.05033061650895619,0.00893312166666665,0.0026951032981096714,-0.4725486594826424,0.025278701001814945,0.020956684697377815,-0.019999999999999962,-0.001330289332978296,-0.496474797589185,-0.14899740320751587,0.01814713298542614
2025-01-16,0.009999999999999787,0.0,0.0004957627116402948,0.011704280119145658,0.014867959218728037,0.0020804492037692153,0.0005666621008734006,0.001365535224418374,-0.01504431407311794,0.01683875666666665,0.004269546780503417,0.10076637706540466,0.052314744883618,0.028401538967937293,-0.010000000000000009,0.001753754240402472,-0.496474797589185,0.029341958284015313,-0.0021148717634655867
2025-01-17,-0.08999999999999986,-0.010000000000000009,0.0012482913061818053,0.0016247660069427473,-0.010140190185272529,-0.0018061833943130501,0.004202162029321701,0.005086032794189815,0.0743355635116474,0.020171285,0.015809520349894534,-0.07985971273410565,-0.021707056646311156,0.026683223438038087,-0.03999999999999998,0.00038544441870502766,-0.496474797589185,-0.03869073313557658,0.009941425935723558
2025-01-18,,,0.0005328186378976833,0.02282713615985215,0.025070016851462748,-0.00030607377936875494,-0.0029642294297407214,-0.0018946627702928344,-0.020086814458057885,0.01602939166666665,-0.005842837097242764,0.2541689192587089,0.04489478996342694,0.0300303328349401,,,-0.496474797589185,,
2025-01-19,,,0.004623775270082305,0.0019536806288844824,-0.013008818487787007,-0.0010757996913917378,-0.0012176079147127004,-0.0005162454730949535,-0.04288171072645343,0.023143161666666648,-0.0015960085334287162,-0.17184664835715083,-0.023953568366894933,0.03280301093404879,,,-0.496474797589185,,
2025-01-20,0.0,0.0,0.00020326580475669181,0.009587339280463196,-0.019850660948069327,0.005160646079950997,-0.006104020934572705,-0.0010634927562613696,0.001831834971500261,0.02302464666666665,-0.0032758220562149392,0.4857300978077276,-0.030373070511657267,0.035754205461991394,,,-0.496474797589185,-0.010069311005540538,
2025-01-21,-0.03000000000000025,0.0,0.0003858842635734645,0.0039368683346545814,0.0029274912506447462,-0.013869037924293878,0.012255312044785974,0.0009941350929600782,0.03967684160387472,0.0118590175,0.0031002144671652926,0.24645660312068865,0.010900297411841006,0.034175423513396475,-0.06,-0.00830400931533859,-0.496474797589185,-0.048600428849633115,0.008729996752231628
2025-01-22,-0.020000000000000018,-0.009999999999999898,0.0015065580387534072,0.056792774637450805,0.008882628383224655,0.01104479074774005,0.0024194754933518454,-0.003373600314874563,-0.02987287534193293,0.007982705,-0.010585571211806618,-0.27352022888594385,0.030801014681038096,0.03469533101097557,0.02999999999999997,-0.0005834349057227683,-0.501825474641643,0.0026525214491313065,0.0061192005774426406
2025-01-23,0.020000000000000018,-0.010000000000000009,0.0003326625009256937,0.011170803907312935,0.004691484542608115,-0.0019476420317038438,0.0008218318718021714,0.003090625905221751,0.005964520846734428,0.0068666466666666495,0.009709894238319606,-0.519269777052781,-0.02547468625176763,0.03073474130969393,0.04999999999999999,-0.0009666491239785913,-0.501825474641643,-0.005312097484890366,0.005299445097723066
2025-01-24,-0.009999999999999787,0.0,0.0011319679024513257,0.008477607457891067,0.0006729014774521916,-2.669159717417715e-05,-8.652201531975781e-05,0.0016211042103582488,0.001965747456584143,0.00880891666666665,0.005055178155578365,0.5736201400626205,0.016400703765017455,0.030056722080672983,0.0,-0.005906681550391646,-0.501825474641643,-0.01138278108727997,-0.0028592607828965555
2025-01-25,,,0.002086672310237088,0.004866334344953416,0.009240456599311135,0.00025016796653212173,-0.0005707753706711691,-0.0023356190218973053,-0.009986589481756566,0.009453484999999949,-0.007287252892832503,-0.5671172287949359,0.0005543164536441604,0.02386836424020829,,,-0.501825474641643,,
2025-01-26,,,0.0027263186380693037,-0.0002564004701920561,-0.00043646572871527354,-0.0011449650555660584,-0.0006669833752866958,-0.0003034937005893994,-0.013396212424710776,0.00878601416666665,-0.00095019236134109,-0.7798357017668831,0.0010619464653670327,0.02201242068929256,,,-0.501825474641643,,
2025-01-27,0.06000000000000005,0.010000000000000009,-0.00021063252644968383,0.0005168950598827975,-0.0010768794834173675,-0.0005458901237743413,-0.0014614532421145239,0.00391560041134304,-0.0069962044564411165,0.0062492475,0.012172672075509516,-0.052317063392429926,-0.024230585331331198,0.020654680959855717,0.0,0.004931290204607031,-0.501825474641643,0.18680084759800053,-0.014687984883634542
2025-01-28,0.0,0.0,0.0002917954926429668,0.0008530211170925961,-0.02421767263368206,0.0028401413223228685,0.001337545250063064,-0.0032756129455894204,-0.015673180928381426,0.006629345,-0.010186630765838483,1.3846705548214282,-0.01207381561177401,0.020724300976378212,0.0,0.0014861167858271074,-0.501825474641643,-0.08690980774470969,0.009175576254676798
2025-01-29,0.020000000000000018,0.0,0.0003905918502658541,0.004963431488501526,0.011766227164129983,-0.00079526134996101,0.005798210805940191,-0.00033053542058329136,0.02231311862999798,0.00891753166666665,-0.0010397136614306854,-0.7169965694359786,-0.01870257273718216,0.01551696287885442,-0.019999999999999962,0.00046839047163516057,-0.506891844417027,0.009099243855114292,-0.004689853570095437
2025-01-30,-0.010000000000000231,0.0,0.000682602379131216,0.0006132879680803308,0.001940707882462679,-0.0015072535916332628,0.0020797911989105943,-0.0001693718351556403,0.030111304008197434,0.01212884166666665,-0.0005342960775551278,0.0575955758017186,0.01786337591326811,0.01643138080382403,0.0,-0.0018826860111458288,-0.506891844417027,-0.04445176257083405,0.0052615707224354935
2025-01-31,0.010000000000000231,0.009999999999999898,-0.00035586224389557434,0.010692635188400015,0.0007853148669339498,0.00019196003688897606,-0.0010092525298612256,-0.0020018173288880474,0.004289555467243913,0.00838191416666665,-0.006330190922749854,-0.1198904922341549,0.02613021461719664,0.018589390808606533,0.019999999999999962,0.002980711777886391,-0.506891844417027,0.0365705456628973,-0.005059581291424919
2025-02-01,,,-0.00044191608871484346,0.003803215438634735,-0.0064125942929456415,0.001514735698138579,-0.0002778105938987455,-0.0008814617611954243,-0.024636364912665933,0.00801186416666665,-0.002799356624531496,0.10762215521399159,-0.004225350749798407,0.018595889041953414,,,-0.506891844417027,,
2025-02-02,,,9.429314498000032e-05,0.0001565232004573013,-0.008293339964803153,-0.0011695522053803056,0.00018398165511230536,0.0034970074720095854,-0.03567240571331614,0.0061949725,0.01106203236711591,-0.4959042416794496,-0.035100415036788464,0.02225781241843472,,,-0.506891844417027,,
2025-02-03,0.04999999999999982,0.010000000000000009,-0.0001283695205000917,0.001616004639055558,-0.0015669602908021695,-0.0002077285717220477,0.003551162290745812,0.012278492633913405,-0.07758524154656868,-0.003360325,0.03803130496592882,0.8590692760488592,-0.05951241966157096,0.02955727044267653,-0.07999999999999996,0.004861965586996142,-0.506891844417027,0.12512733979974433,-0.007637696973120001
2025-02-04,-0.020000000000000018,-0.010000000000000009,0.0013851819173152358,0.0192716429163033,-0.001953516790266587,0.0016685811137891215,0.007951332414716024,0.0034985057049162958,-0.06837308349455769,0.0041164683333333,0.010660627710478243,0.7960519300371485,0.022222973796951942,0.032302852078104655,0.02999999999999997,-0.007781008889123697,-0.506891844417027,-0.07874566162547314,0.007198897488333245
2025-02-05,-0.020000000000000018,0.010000000000000009,0.006926894308902895,0.010731168574816924,-0.00011000023384201422,0.00016821431657151095,0.0008231820911580726,0.0006479142488177973,0.0015071561198483072,0.0048270366666666505,0.001963522637199658,-0.5521797336447097,-0.04124545035097672,0.03466285024584648,-0.04999999999999999,-0.0010402861881120273,-0.509892163364325,-0.0873812092485009,0.0039010377290882303
2025-02-06,-0.029999999999999805,0.010000000000000009,0.006233100663516476,0.00518627935047489,-0.0010474693067952902,-0.0016873714009565729,0.0020585325085137607,-0.0014373909545634367,-0.007883668122107446,0.00403176916666665,-0.004370283838030028,-0.46789336216838995,0.0011843941947947152,0.032913099322518846,-0.020000000000000018,0.0017690911831111933,-0.509892163364325,-0.017269377049746293,0.003637700027498525
2025-02-07,0.009999999999999787,0.0,-0.0015266097840028814,0.007747605433387636,0.014284299460155008,-0.0010878971715051517,0.0018098403783704765,-0.0017262214037412989,-0.010262011930385992,0.0035742433333333,-0.005283398254931108,-0.03961022075375695,-0.01869803868659916,0.028046565500488577,-0.03999999999999998,0.0017729748022894398,-0.509892163364325,0.06494166567034432,-0.00950991348210728
2025-02-08,,,0.0014532578820598474,0.008548507640339275,-0.004753421173737309,0.0028595420590814473,-0.0012501968325098858,-0.0026838349562222255,0.007417165639577323,0.006055954166666651,-0.008259805918264593,0.14938005373251378,-0.012302936900348671,0.027481565750000967,,,-0.509892163364325,,
2025-02-09,,,0.0020412883915617037,-0.003233161304004822,-0.005803440407767734,-0.0030902751179409417,-5.715200767767762e-05,-0.0008913037327950347,-0.013964580287858082,0.0040571949999999996,-0.0027580907066361367,-0.8641169363618498,0.002309257765237577,0.027803082656631024,,,-0.509892163364325,,
2025-02-10,-0.009999999999999787,0.0,0.0006080556744705019,0.0028036192699887486,-0.0018433741732076048,0.001733187903258045,-0.0010351494165793276,-0.0019674389926806085,0.03068078200657275,0.0074062658333333,-0.006108849534627785,0.13862933468365646,-0.0006318791643156553,0.019939136946066305,0.03,0.001626033064086485,-0.509892163364325,-0.04513903837416455,0.006690160848149773
2025-02-11,0.0,-0.010000000000000009,-0.0008191190634999328,0.0007324348995880336,-0.00216198190705896,-0.00034284371620271,-0.001063443214775058,-0.0017353364533920564,0.013181338538747847,0.007725974166666649,-0.005413550576941668,0.27138491045687874,0.009634928645998825,0.017282594513661934,0.01999999999999999,-0.0016026741631378627,-0.509892163364325,0.013195290418832606,0.0003395154850025506
2025-02-12,-0.010000000000000231,-0.019999999999999907,0.0015177001742194883,-0.003165498382807987,0.004421771366834537,-0.0012953588124313454,0.005968655982119305,0.004735324594187129,0.022638334846707426,0.0072850308333333,0.014791106976393926,0.031157635689487023,-0.019475161989729428,0.011359026616723378,0.010000000000000009,-0.0008054183118897384,-0.508959970804395,-0.008147961091588662,-0.002727618689451816
2025-02-13,0.0,0.0,0.0007013662600475806,3.2961069120091274e-06,-0.0021283419287074245,0.0007529571175882777,0.0015322094323882295,0.0013768208804002297,-0.013851149005087758,0.007333662499999951,0.004266376194893109,0.24421339462097913,0.035788467608305126,0.01939936195757272,-0.05000000000000002,-0.003400961588074125,-0.508959970804395,-0.05099523672774575,0.010372377459622939
2025-02-14,-0.029999999999999805,-0.010000000000000009,-0.000145021453702127,0.0005135246757121143,0.0006681316785359212,0.0001939596012995433,0.0015924798175324217,-0.00048293315748094214,0.0057535786633948986,0.00644753999999995,-0.0014967842786817941,-0.4272359643542425,-0.017747063418564066,0.019253315698943993,0.0,-0.005834345143298059,-0.508959970804395,-0.02209664727759053,-7.195597605580417e-05
2025-02-15,,,-0.0008616272857839144,0.003646427011842894,-0.0003265526657376335,0.0006214838126724667,7.201348169389943e-08,-0.0007762006958374111,-0.004295186154332729,0.0061878791666666495,-0.0024104305547249117,0.03446862278824221,0.013842644770054844,0.019082505982088452,,,-0.508959970804395,,
2025-02-16,,,0.001439399414185985,0.001221217336436406,0.0038064445451427287,0.0005100549110289242,-0.0005296030297313036,0.0003300250414560737,-0.004551099609306305,0.0059935249999999995,0.0010250343228501422,-0.765803516090671,-0.005461215341874529,0.019379469016764985,,,-0.508959970804395,,
2025-02-17,0.0,0.0,-0.00010205412205476467,0.0014985611624585612,-0.0037408770440536965,-0.001751492247717305,-3.980819614403101e-06,0.0006100139228310518,0.021843092712967516,0.00544791166666665,0.0018918908816072978,-0.03160150086853115,-0.013483589899773132,0.02028860666047556,,,-0.508959970804395,0.039819461007216006,
2025-02-18,0.0,-0.010000000000000009,-0.00010700059065719997,0.0003063759882632525,0.0164852591277495,0.0007700152284926386,0.003848480986766543,-0.0003754883996590158,0.01968775487314429,0.00743804,-0.0011686035879444356,0.8031033661187723,0.013237428095389999,0.020603880083464386,0.05000000000000002,0.0011122479281926445,-0.508959970804395,-0.0013020835172983247,0.0024419717448793676
2025-02-19,0.06000000000000005,0.0,-0.0021865760088669787,-0.004504309544013421,-0.019518889801930582,-0.0003282990940491597,-4.3434342476480394e-05,-0.0005576704046105632,-0.015266720878932933,0.00682481916666665,-0.0017380431935139376,0.22595610444316824,-0.01484719102060991,0.019901237012494372,-0.010000000000000009,0.003459308773233971,-0.504498159325391,-0.005225354802664839,0.0023741775065797555
2025-02-20,-0.020000000000000018,0.010000000000000009,0.0006127950757388341,0.0005656349221145923,0.0050251841998342345,-0.0005991158790119936,0.0005571646640786318,0.0011876154655929168,0.05730099297264214,0.0058980883333332994,0.003699769004479416,-0.42174189934454714,0.013929035709331884,0.014674557244382437,-0.03,-0.004858662468836705,-0.504498159325391,0.02521957133211572,-0.004343623971148958
2025-02-21,0.11999999999999966,0.010000000000000009,0.00026050472407402426,-0.0007830955035349634,0.005524988715215515,0.0005374925784943917,0.004616198968593265,-0.0007389993472353452,-0.08808220004513408,0.0073606833333333,-0.0023112463955313324,-0.059559277511475224,0.014295129727545194,0.013730606326311973,0.010000000000000009,0.00022182594306041636,-0.504498159325391,0.1508612031768597,-0.01721137399126249
2025-02-22,,,0.0022991932290319463,0.01756008183881349,-0.011772306123103479,6.95916157847504e-05,0.00010606346502441615,-0.0045433789174523865,0.008021415314293422,0.0071103575,-0.014329701047766163,0.6509159360378665,-0.02698053949016633,0.016734922176406628,,,-0.504498159325391,,
2025-02-23,,,0.002600256598848835,-0.0019521573560627107,-0.009374424011239387,0.0006404250320239938,0.00011354681958426799,-0.0027585250607982024,0.0199374746165927,0.0041974558333333,-0.008802577191712464,-0.7227496921141234,0.02177770480303262,0.019013519363309094,,,-0.504498159325391,,
2025-02-24,0.0,0.0,-7.194902414534283e-05,0.0014486131471322106,0.00748511895005281,0.0019968155482718948,-0.0030228878559298736,-0.0026496287166084746,-0.023424790269694813,0.006048787499999949,-0.008502820679886123,0.053917198881808105,0.01000987609758415,0.018052742329910696,0.04000000000000001,0.00040340829437113257,-0.504498159325391,0.041414899442265174,-0.004981513054854503
2025-02-25,0.06000000000000005,0.029999999999999916,-0.0007971927478945624,-0.00971186250957039,-0.005491103280306716,-0.006010081707961952,-0.0016921616531699398,0.0018785281804368941,-0.03417746610225739,0.010643751666666649,0.0060255874213879885,0.6994221438978604,-0.08714666704789245,0.038376117212213255,-0.04000000000000001,0.0014385196494179908,-0.504498159325391,0.02343247020756678,-0.004690715138396584
2025-02-26,-0.029999999999999805,0.0,-0.0013016746552501845,-0.007551893727485161,-0.014710168893114436,0.001962515631267007,-0.0008802381098337418,0.0029421113924690523,-0.06582022811860049,0.00941067,0.009356585335688566,0.60091444477152,-0.01621892343437851,0.038409364604442046,-0.03,-0.000730393101746607,-0.495073051551884,-0.017129928336764078,0.0001360051919139238
2025-02-27,0.0,0.010000000000000009,-0.0020520605039241035,-0.002860172174915966,-0.025123881260150242,-0.0007488022615206244,-0.0022610585976360984,8.766686106759857e-05,0.003264868004458649,0.016650145833333303,0.00027683530475663753,-0.36022477256176566,-0.06329467425581053,0.04135233308303447,0.01999999999999999,0.00539231857047362,-0.495073051551884,0.10100549657538105,-0.015991702852089063
2025-02-28,0.06000000000000005,0.030000000000000027,0.0018994674749006103,-0.008041932989382999,-0.0034295170321573206,0.0008815453026498239,-0.0017734425785322847,0.00013208600344210623,-0.05646851434468141,0.01002934416666665,0.0004162192141166934,0.564261966325201,0.000365046617638462,0.03966709275623795,0.03,0.002420285363873731,-0.495073051551884,-0.07363482333959581,0.01572975043189828
2025-03-01,,,-0.00041993629699332125,0.014074333684564809,-0.006902366262283655,0.000493429713457701,4.3613511849979025e-06,0.0010472821968275847,0.008748920980987937,0.00161059,0.0032940112682385827,-0.4102592649264327,-0.017024000760833408,0.03968199482187838,,,-0.495073051551884,,
2025-03-02,,,0.0001940667121954657,-0.00038691604579882644,0.006873887318124087,0.00022945589069287562,0.005693861936372609,0.004236111504361464,0.09259877969507481,-0.001092275,0.013289161097995246,-0.888144062120821,0.004140885009120217,0.036929717568291956,,,-0.495073051551884,,
2025-03-03,0.06999999999999984,0.010000000000000009,0.0020417457023477466,0.00036194687072460064,0.0015356635679117008,-0.0028257042280459875,-0.001290231793360575,-0.002858915739968527,-0.13662009208684137,0.0070690475,-0.008937746871119668,0.7582859418759617,0.11029858581826532,0.06279452129163239,-0.04999999999999999,-0.004144043457273483,-0.495073051551884,0.14882394973066626,-0.01775343937549323
2025-03-04,0.050000000000000266,0.0,-0.0006886761875419188,-0.00305094037695457,0.0030434965722124668,0.002628594307062115,0.001930582192376975,0.0025120852717580586,-0.028888564835802828,0.005579686666666649,0.007872833745916645,0.02425985360111966,-0.12442439834889571,0.0714302214511916,0.06,0.0019284719830139352,-0.495073051551884,0.031542904532942284,-0.01231023460336722
2025-03-05,-0.11000000000000032,-0.020000000000000018,0.0010369482833649398,0.004280319595966341,-0.011459428955875497,-0.00018823246855176107,0.0013122885060331227,-0.00037414849452994286,0.058492419339572214,0.00440034666666665,-0.0011701896725920553,-0.008143311956013711,0.012232258529504481,0.07216594286518445,0.02999999999999997,-0.011729772845812114,-0.481698824651673,-0.06957030012218146,0.011097475685101443
2025-03-06,0.11000000000000032,0.010000000000000009,0.0001148490764438739,0.009587181096841205,-0.004108105174959655,0.0005951454527760419,0.0007733804745901348,-0.0020011344153045034,-0.007480959616813945,0.00380621666666665,-0.006286993495250231,-0.3170086954715751,0.03435092334590485,0.06979389094980917,0.040000000000000036,-0.0031201792120754135,-0.481698824651673,0.1258066953855166,-0.017979700568309553
2025-03-07,-0.020000000000000018,0.010000000000000009,0.001604100827044079,0.004754013928689738,0.009715365879740492,-0.00038118985042996114,0.0033902930070534893,-0.002180189560926568,-0.024823539939690952,0.00738255249999995,-0.00691832146986596,-0.09053084363888034,-0.012127959740391497,0.07002731957093172,0.0,-0.0010194720018450454,-0.481698824651673,-0.062209109264546925,0.005505404600508967
2025-03-08,,,0.00012205681053943903,0.014209586425255431,-0.004829062091238318,0.00019811131306942683,-8.207943230477561e-05,-0.0011563781919124941,0.010456890356328172,0.007989971666666651,-0.003688711046128132,0.23045477982573995,-0.03244069454906616,0.0709276399994773,,,-0.481698824651673,,
2025-03-09,,,0.00010609574554944288,0.0006527732500844589,0.0017923813799572905,-0.0005113223207615804,-1.2791061762826019e-05,0.001308563510626275,-0.024991843428507413,0.0019410858333332999,0.0041730995182937426,-1.0384353474744654,0.010005057530884999,0.07103494037671515,,,-0.481698824651673,,
2025-03-10,0.18999999999999995,0.020000000000000018,1.0011499908659305e-05,2.7614309061863037e-05,-0.0036154694788917705,-7.421010778736306e-05,-0.0011814260050184797,0.0004337339744077535,-0.04612481364645408,0.00728970666666665,0.001377746196797295,0.50036873560971,-0.0756753589231402,0.05595227433141513,0.0,0.0022723552430568006,-0.481698824651673,0.17573881980089334,-0.027343518375984033
2025-03-11,0.06000000000000005,0.029999999999999916,0.0006073238404625923,-0.004340087096880934,-0.025710713448445655,-2.4216944203454328e-05,0.0011957637998735039,-0.0008019773537776795,0.012131886224619384,0.00482085,-0.0025520084134465983,0.5570516119595018,-0.04780025851101127,0.0384408434829811,0.010000000000000009,-0.0017620926451442642,-0.481698824651673,-0.03432246357513247,-0.007596604935653062
2025-03-12,-0.020000000000000018,0.020000000000000018,0.0008139393048581236,0.0043401202392544065,0.00789742851030219,0.0013251359209044957,0.0014786403442120352,0.0002480346272346636,0.008285849332206862,0.0045791858333333,0.000791146571741332,-0.0012709634216622886,0.035955041232836236,0.04219868445930547,-0.030000000000000027,-0.0014235126480839355,-0.465035070744189,-0.10527796994809302,0.004874971275235396
2025-03-13,0.19999999999999973,0.010000000000000009,0.0013065686913141534,0.002407159305570443,0.0024206148669323442,0.00017044648696290524,-0.00019137505020118149,-0.0011334401626698363,0.008576152404326137,0.0054795583333333,-0.0036197127628745935,-0.26566768648723454,0.003729758031344589,0.03789630225100431,0.020000000000000018,0.0010854828665047833,-0.465035070744189,0.017590962907763963,-0.013988405225353162
2025-03-14,-0.1499999999999999,-0.030000000000000027,0.0009345566602935677,0.001121549836087049,-0.01356667411405085,5.633825437448449e-05,0.0010943982590957953,-0.0011449850175242146,0.04428260875085945,0.0084233325,-0.003673959802171076,-0.24659777412263076,-0.02956829583739132,0.038102424159352576,-0.040000000000000036,-0.0024545368987842764,-0.465035070744189,-0.1246496224897422,0.02104291988140794
2025-03-15,,,0.00047716455655851485,0.004482022953528523,0.00015053093417800997,0.0007232437015026818,-4.381992956955131e-05,0.0004315869977042027,0.007906839840972787,0.0024292016666667,0.0013863754846024264,-0.22110275397413162,0.03009227115237613,0.041696273267751355,,,-0.465035070744189,,
2025-03-16,,,0.00084034826806528,0.0031882113710966407,0.00968573584760773,0.0016388846672434432,-0.00011125685845821782,0.0008918960297795951,-0.05333334704527206,0.00264840666666665,0.0028586206585413778,-0.8522679327454693,0.010057242051325991,0.04170054776248085,,,-0.465035070744189,,
2025-03-17,-0.06999999999999984,-0.009999999999999898,-0.00011880036029229082,-0.001047035016854093,0.001785709626505537,0.00019867977172272408,0.00033490533091873266,-0.0023326945198206147,0.03109149003843689,0.007722452499999999,-0.007496383952954168,0.5640456531318458,-0.024257494661386794,0.031604598549158903,-0.03999999999999998,-0.0025921795103824863,-0.465035070744189,-0.05962030316216671,0.006395603934347349
2025-03-18,0.04999999999999982,0.0,3.128524383929271e-05,0.0015458972451819412,-0.007678185534928277,-0.0009702974337011774,-0.00015121254793104994,-0.0012913633977581346,-0.002663100135122051,0.00486555666666665,-0.004173607106299183,-0.006891027414964647,0.019639466848461386,0.025377519009884577,0.0,0.0009503430560489079,-0.465035070744189,0.05639968846212451,-0.010710674253909147
2025-03-19,-0.040000000000000036,-0.020000000000000018,-0.00040526144528774767,0.0002623927856793877,0.0007843458888351489,0.000626621132031457,0.006976540950174704,0.004385353478729277,0.08734777063082592,0.00543169166666665,0.014200931385335465,0.13689055248070672,-0.006827832459867857,0.02203962120861172,0.010000000000000009,0.0024879772600137073,-0.44670202452284,-0.08659252881596702,0.010740629118979328
2025-03-20,-0.020000000000000018,0.0,0.0005042438777688887,0.005224913099537957,0.006622253931706258,-0.0005429287112723022,0.00042501938644618766,0.0004173411588386958,-0.0792166782125251,0.0064177383333333,0.0013415801637917527,0.425540908874935,0.05584469245539558,0.030519205126927,0.02999999999999997,0.0014647385153763182,-0.44670202452284,-0.005037794029957077,-0.002187300773803358
2025-03-21,0.040000000000000036,0.010000000000000009,0.0006861423266179605,0.0006019948675862398,-0.0027815549909940523,-0.0007773023536907102,0.0018977954905299384,0.0018783972147364038,0.0037813745664184717,0.004727025,0.006027486564859717,-0.25865041141437,-0.03464566039500769,0.03159811272383666,0.020000000000000018,0.0022429880378433964,-0.44670202452284,-0.026613648518090116,0.0008243274123156397
2025-03-22,,,-0.0006508909297077158,0.007450616870076636,0.003512530805752021,0.00019560912983016294,-0.0002174051592868326,-0.0009246402947062284,-0.008175564637436962,0.0017303491666667,-0.002961842875836215,-0.40334813188848767,-0.0056848956924900815,0.030123820293703394,,,-0.44670202452284,,
2025-03-23,,,-7.742498062568364e-05,0.0001572121586216163,-1.6050734994618486e-05,0.0001640792999160431,3.0871093345150684e-05,-0.001476859118732291,0.049059491020909826,0.00313470416666665,-0.0047491495701794855,-0.6948510941213896,0.002518570105122822,0.02992259073548343,,,-0.44670202452284,,
2025-03-24,-0.16000000000000014,-0.020000000000000018,0.00013329077713071782,0.0014897888190117446,0.00571365912065159,-0.0005485723496592273,-0.00035467963966293823,-0.003202230055881222,0.0649570774781211,0.0030869708333333,-0.01037187377255076,0.3890491068911083,0.017163082280380368,0.028152167984907207,-0.010000000000000009,-0.0005727560774246854,-0.44670202452284,-0.09801091895501024,0.017492157944607456
2025-03-25,0.040000000000000036,0.0,0.00020471860422300374,2.5312520807462597e-05,0.01293790799059666,0.0011390344561034503,0.001959074333208851,0.001585215565953004,-0.025099366796814924,0.00011135166666670002,0.005157954301748797,0.7342468058113507,0.02770109399033835,0.028916686376844795,0.04999999999999999,-0.0011266641984573056,-0.44670202452284,-0.019059196615440754,0.0015730819184724965
2025-03-26,0.10000000000000009,0.010000000000000009,0.0020219878722706652,0.005931791395223849,-0.0023164029749368907,0.00040958467653003414,0.00020818205196606514,-0.0008979789888039676,-0.011938746407935548,0.0025410958333333,-0.0029191736579029064,-0.0007532617241274985,-0.0011015927230649284,0.028505045312270973,0.020000000000000018,0.0014499195730151015,-0.428784408127436,0.06654088823966475,-0.01121969145510704
2025-03-27,0.08000000000000007,0.0,0.0015697642558826536,0.001619960545792826,0.007637229328411514,-0.0011300057426482943,0.0015574977986838301,0.004716938165548057,-0.00148737495587346,0.0034251891666666496,0.015263207828775244,-0.08171299319471603,-0.0176052204811542,0.02078724767586659,0.03999999999999998,0.0009992122732089825,-0.428784408127436,0.01944955961585837,-0.003312437106650634
2025-03-28,0.20000000000000018,0.029999999999999916,0.0007333387777432769,0.0031498044917913047,0.023009419237564818,-0.0009613325834476759,0.0036691877991416066,-0.0007244518278829437,0.015872172170159706,0.0062882408333333,-0.002337685216552611,-0.07318977351433953,-0.00011015168392451333,0.014927390702869841,-0.02999999999999997,0.00044386195435386355,-0.428784408127436,0.14701683298102708,-0.019934580336265384
2025-03-29,,,-0.00015010697408396106,-0.0014616471951179935,-0.03676268716766225,0.0003101417668543194,-0.0004013361986545814,-0.00019550551161397472,-0.04778385820941527,0.00374358666666665,-0.000631547583153755,0.3095820082197197,-0.0439986850327039,0.02338551538686433,,,-0.428784408127436,,
2025-03-30,,,0.00015772414776608993,-8.934887169873373e-05,-0.0005695322945214227,-0.0008651254824904579,-0.00035854416923958884,0.005432318219228334,-0.027050791053510617,-0.00035924,0.017395258976328706,-0.5206832091960314,-0.028215005398404686,0.025168050381425656,,,-0.428784408127436,,
2025-03-31,0.07999999999999963,0.030000000000000027,0.00011695479208472083,-0.0009855091859126456,0.0050909835577877096,-0.000165083767168798,0.004680439679571974,-0.011121237113735494,-0.03219383262846376,0.00331164416666665,-0.03611421086317561,-0.23683402562126302,-0.008541736552306556,0.02289660056825449,-0.03999999999999998,0.002281866715599712,-0.428784408127436,0.028683960610584425,0.005523212456949977
2025-04-01,-0.04999999999999982,0.010000000000000009,-0.001687865499908067,-0.0018484426137107188,-0.01845843724166819,0.00023354136762032085,0.0003736565525138574,0.0014972502194712102,0.05279164305447707,0.00822914666666665,0.004940536678473044,0.7011520057587625,0.006155426181588777,0.017829353780300032,-0.040000000000000036,-0.0021624294941533506,-0.428784408127436,-0.02315653981262722,0.0037741531622366153
2025-04-02,-0.08000000000000007,-0.020000000000000018,0.0005661639152154468,0.0006219594308801649,0.0045760577952505726,-0.0006031264688285836,0.002534267968119109,0.00016523979383302635,-0.07339866647873898,0.00771519166666665,0.0005451352218855044,-0.04926834046120357,0.03847346121150718,0.026516814053079957,-0.010000000000000009,-0.0004169058134095849,-0.411986627617486,-0.012014931966817244,0.006705592339420363
2025-04-03,0.5899999999999999,0.10000000000000009,-1.5119883401488544e-05,0.008884426920455272,-0.019499042957361375,0.0005673575027675863,0.0005968361479858173,-0.0016490385574933198,0.015626994332942807,0.012270308333333299,-0.005456895707238161,0.4371286702707205,-0.04625680430225412,0.030250522111822924,0.06,-0.013137716453083925,-0.411986627617486,0.333345882925677,-0.04960587756339585
2025-04-04,0.4400000000000004,0.07999999999999985,0.0013525506576035084,0.0035450540367557228,0.004449511907986202,0.0003658678559548982,-0.0015484300824637122,-0.0005920377940053697,0.0019326747304593756,0.0113909383333333,-0.0019633763755711408,-0.2639680954035939,0.010079985419341894,0.031138137186283874,-0.019999999999999962,0.008631653966090447,-0.411986627617486,0.411663932473731,-0.06160907367588031
2025-04-05,,,-0.001021355942898382,-0.004907464858677154,-0.01183565586393598,0.0004772271386584113,0.0003470183514967495,-0.001535268257822882,-0.014768992255130897,0.0066842258333333,-0.005111224246178151,0.027840369380320758,0.003072470689413606,0.027528562138641476,,,-0.411986627617486,,
2025-04-06,,,-4.345939273543866e-05,-0.0006431564549430449,0.008502129938680577,-0.0013390260757817822,5.8987286138435486e-05,-0.0004700424675164364,-0.0113240575650904,0.0038294541666666505,-0.0015701988700500625,-0.9323601701021137,-0.0027835457696936423,0.02532962144077926,,,-0.411986627617486,,
2025-04-07,0.16000000000000014,0.06000000000000005,-0.0004900499858941733,-0.0033142785162212918,0.0037999730933469963,0.0010780003346375355,-0.0008625443759591778,0.0013878296107383162,-0.07264747445302568,0.00514786416666665,0.004625039237428542,1.0111814733956954,-0.10292375513757585,0.046730937594775965,0.08999999999999997,0.00803753202352997,-0.411986627617486,0.03619422055172006,-0.002334179209082521
2025-04-08,-0.040000000000000036,-0.020000000000000018,0.0017118087962763827,-0.0032154502987237093,0.00041466698157107497,0.0004830683006409151,-0.000366939409830155,0.0019764633346406246,0.0067609277794631285,0.00661082666666665,0.0065476005716635175,0.7971827483025835,0.00016854210127935105,0.04636557395072914,0.13000000000000006,0.0003043024127231675,-0.411986627617486,0.10784784115334967,-0.01582508719681286
2025-04-09,-0.20000000000000018,0.030000000000000027,-0.001047650133530165,5.633069105805074e-05,-0.0033884891293817824,-0.00258033021411386,0.0039333313693868865,0.0027090836132639047,0.07308048333363883,0.00772529416666665,0.008940466650271586,-0.6330151875427829,-0.04626669647304277,0.04104449189261665,-0.12000000000000005,-0.001884062873391379,-0.396973926365201,-0.44244869240364704,0.09089490164871528
2025-04-10,0.04999999999999982,-0.030000000000000027,-0.0005221885891694621,-0.0033428902091960774,-0.0080280935801506,0.0014395865696646627,-0.0005853520830518011,0.0009781924215903001,-0.08071378734454422,0.00821535916666665,0.0032067962906576746,0.6075384711892494,0.10068930804821616,0.06162409479134431,0.13000000000000006,-0.012228170341593625,-0.396973926365201,0.19159824426179783,-0.035220587845119056
2025-04-11,-0.16000000000000014,0.0,0.0021301843981730577,-0.00032114732396515546,0.00961321544540971,4.768117187868954e-07,0.00010318224840803865,0.003703416677718171,0.08994259487469405,0.00508130916666665,0.012049779602903191,-0.7375131823147025,-0.06218026915759453,0.06457583258596451,-0.040000000000000036,-0.008612475371617023,-0.396973926365201,-0.08077971790220495,0.01793036925211311
2025-04-12,,,-7.870525786916561e-05,0.0026017445331870375,-0.014054391426291038,-9.366409237918383e-05,-0.004285894991297401,0.0024528009017462074,0.0548025902332409,0.006350462499999999,0.007867811374555236,-0.13313799687024172,0.03787211649396406,0.06753766067328222,,,-0.396973926365201,,
2025-04-13,,,0.0006865998449609556,0.00017860671598074232,0.001609190448618037,0.00044855618292975063,2.1690921218151984e-05,-0.0019828271656078434,-0.0754623435556656,0.00419335416666665,-0.006355620305922536,-0.4573426393045511,0.03524731656258763,0.0697801015117774,,,-0.396973926365201,,
2025-04-14,-0.1200000000000001,-0.030000000000000027,-0.00018144711269834718,-0.0005733085952710753,0.003689973262398893,-0.0007704851856209271,0.0005917754170436414,-0.000546828017985363,0.01456411786936894,0.0060410333333333005,-0.0017609377754261924,0.21784662901677726,-0.025653370913424206,0.056646501717017184,0.020000000000000018,-0.0028787617876817606,-0.396973926365201,-0.1955071474095722,0.007913254093152133
2025-04-15,-0.04999999999999982,-0.010000000000000009,-9.582160709953177e-05,0.0024774626577925636,4.268349305853284e-05,-0.00046039764019459973,0.0005809764078700234,-0.0019524650124353822,-0.0019239664887700726,0.00196089,-0.006316582486559113,0.13338464309502357,0.013607625167652168,0.05665565239474699,-0.030000000000000027,0.0009392335995217493,-0.396973926365201,-0.025243103998797256,-0.0017292137684190578
2025-04-16,0.07000000000000028,-0.010000000000000009,0.0016226779310660154,0.0036028143580990116,0.012746477803590905,0.0012887231128321391,0.0003443584350851201,-0.0006756157300028371,-0.013030658522636608,0.00307176416666665,-0.002195822835201433,-0.2756022151721826,-0.01566243964472973,0.05285811242180494,0.010000000000000009,-0.004076939559584325,-0.386194366958325,0.08034912716421339,-0.02266331270099542
2025-04-17,-0.14000000000000057,-0.019999999999999796,0.0004440552351015878,0.0010859586941248858,0.004712612410832716,0.0010912710711569631,0.0013787061051544257,-0.0001294283848465941,0.020838478685473234,0.006791348333333299,-0.0004217881087769129,0.0831521857469585,-0.000517205538581166,0.03556499018384712,0.010000000000000009,-0.0011574573272499222,-0.386194366958325,-0.09607640465217182,0.0013259586728278094
2025-04-18,,,0.0011977784346881568,0.006956786370567437,-0.007376655232540175,-0.000741856599465608,-0.00039237724859671213,0.0015505397103705001,-0.007796162151363514,0.0053552008333333,0.00503934556029664,-0.33156254709616506,0.006706382396488084,0.02390995797973025,,-0.0011644902527248036,-0.386194366958325,,
2025-04-19,,,-0.00022491305551974235,-9.09081105680093e-05,-0.0014518685070070646,-0.0007356768350725256,-0.00010501453358619691,-0.0009379773651499163,0.031672664887104005,0.0093138658333333,-0.0030451258796366097,-0.6640708833606978,-0.0011466465004664216,0.019811158797833593,,,-0.386194366958325,,
2025-04-20,,,-0.001015604568915053,9.437922264410186e-05,-0.0020554256879049275,0.0003040472205282157,9.190748456520048e-05,-0.0007640635229007598,-0.013062620476400165,0.0054034858333333,-0.0024876183363676564,0.1833840572133404,0.012169430123262142,0.01453437955861524,,,-0.386194366958325,,
2025-04-21,0.14000000000000057,0.010000000000000009,6.997095797710102e-05,0.00011945311204775227,-0.002302953474181903,0.0001295989325052359,-0.0028595635209935225,0.0047387145076415215,0.07007691354872572,0.00631639166666665,0.015285854344103808,0.08289078253091793,-0.009560054622612675,0.010893818349841582,0.14,-0.005478996670097658,-0.386194366958325,0.1315902180266999,-0.023849649226388436
2025-04-22,-0.16999999999999993,-0.010000000000000009,-5.661306508560725e-05,0.00026719209290601846,0.01967968615226848,0.0005542709771502027,0.009883320056553223,0.00346385634357602,0.11472597568725504,0.00264600416666665,0.011136424444752109,1.0523636428428673,0.011255894353636749,0.010460641218792309,-0.020000000000000018,0.0008417371335296409,-0.386194366958325,-0.10103320756769119,0.024807034313980125
2025-04-23,-0.2400000000000002,-0.030000000000000027,0.0010970330632145656,0.010781144240673115,0.015691201348402836,0.0005684312416340667,0.0005276441111063722,-0.0013910889992121947,-0.029230653379414155,0.005289331666666649,-0.004459868569622472,0.34458104289523256,0.08851233856752566,0.033163071548061245,-0.06000000000000005,0.004951878721909608,-0.386597443529456,-0.07187097533040321,0.01652384547479535
2025-04-24,-0.020000000000000018,-0.020000000000000018,0.003776192944248828,0.004982789303137555,-0.0013335556206414574,-0.0010711685172156461,0.0013070732991901227,-0.0009427836729899572,0.005128614851041635,0.00464252250000005,-0.003037911843821997,-0.23102338404220668,0.009798433021151801,0.0325644842601793,-0.039999999999999925,-0.0008139856347151309,-0.386597443529456,-0.07213614433333015,0.02005659908960844
2025-04-25,-0.06000000000000005,-0.020000000000000018,0.0025419087552005877,0.0037561186449776088,0.003619657621226654,0.0005591608266950516,-0.0004964943408775736,0.0014028283752856488,0.026139862193881154,0.0026002391666667,0.004514723358804673,-0.3670031618299232,-0.005471245386270992,0.03350643851844857,0.0,-0.00031975799555539197,-0.386597443529456,-0.06355675917373205,0.007346095426564503
2025-04-26,,,0.0027273586057245404,0.003151601247179077,-0.005250897912523086,0.0008665167176199226,-7.20152140110576e-05,0.0014829080994187233,-0.023049202908247992,0.0039400458333333005,0.004750044794643907,0.247062284513971,0.01022631391019483,0.032857954417679254,,,-0.386597443529456,,
2025-04-27,,,0.007320046715043906,-0.0011929133092640715,0.004410990493211305,-0.0007120261955943611,-0.0007543532116710696,-0.001336794110188664,-0.02397581230309909,0.00541481,-0.004277774673809777,-0.7591970388368094,0.008313630172722082,0.032978747030785266,,,-0.386597443529456,,
2025-04-28,0.06000000000000005,0.0,8.794562063387761e-06,-0.002813725830835877,0.0045362780450507,-0.0003101404831480335,0.004526492010932428,0.0021950432514095076,-0.004199093685903457,0.0033022033333333003,0.007046290615809145,-0.007029198331333215,-0.012058303789598653,0.03331519795140559,0.010000000000000009,-0.001369688093046939,-0.386597443529456,0.012402639480470157,0.0006404944691347225
2025-04-29,0.010000000000000231,0.020000000000000018,0.0006690969623881345,-0.0008136521743747658,-0.0140631004962532,0.00018816002631864834,0.010626790828813815,-0.0004634345967873194,-0.003646924570770722,0.00186656083333335,-0.001499399782502526,0.6445198462459532,0.008084272704494855,0.03340868206920473,-0.020000000000000018,-0.0010044352527227574,-0.386597443529456,-0.03974570183035642,0.005785627496395662
2025-04-30,0.19999999999999973,0.030000000000000027,0.004944307267548399,0.001874921159610952,0.0038420199874983616,0.0002496815226841733,-0.0020854135417578672,0.00017772170879456768,-0.011738383613146722,0.0032196958333333,0.0005740698728936415,-0.1996938545779818,-0.004793787661999768,0.009174036309827396,0.029999999999999916,-1.876122869770569e-05,-0.39308715861495,0.021691048918540012,0.001478900779794401
2025-05-01,-0.16000000000000014,0.0,0.00285018692154999,-0.010251406681855462,0.0021538943639937266,-0.0005238220257308443,-0.0009363989693327376,0.00044520733261033384,0.08399058950131494,0.00479563166666665,0.0014353028594012228,0.007722381797720122,-0.0009231578188903394,0.008530234333942885,-0.019999999999999907,0.004463395662036795,-0.39308715861495,-0.0040568006956145375,0.006279331841724911
2025-05-02,-0.17999999999999972,-0.030000000000000027,0.0020261526381553548,-0.0006473709455758989,-0.0027955872129988273,0.0005642803869915907,-0.0002564426277573077,-8.580468546102342e-06,-0.02015947695330857,0.0039015283333333,-2.7636003547564184e-05,0.10236974357149511,0.023826686555507737,0.01171514242739788,-0.050000000000000044,-0.005245970798379851,-0.39308715861495,-0.08126296407876588,0.014619229243407972
2025-05-03,,,0.0015491788022698669,0.0008302969134902641,-0.0018623985527054096,-0.00011371719641349252,-2.2934827185405255e-06,0.00024286340451903031,-0.03048264590651784,0.0029875525,0.0007819185519885883,-0.2416154274040108,0.0029168042113844736,0.011460117645617886,,,-0.39308715861495,,
2025-05-04,,,0.0017226625721188924,-0.00025253502752236673,-0.00019534535318496425,-0.0003512484708050784,0.00013114809418423106,-0.002130691554799438,-0.016401863647089378,-0.00198922416666665,-0.00688177868738568,-0.5337320978457583,-0.006722297165817126,0.011837468937061559,,,-0.39308715861495,,
2025-05-05,0.0,-0.010000000000000009,0.0009578127450783517,-3.732380614759788e-05,0.012700573864961706,-0.00025311943718742797,0.00647196921816478,0.001476534513733911,-0.00508700248355799,0.00013151166666664998,0.00480491694302217,0.08775130204167454,-0.015623191378407668,0.012570744386918012,0.030000000000000027,-0.0019194514743778868,-0.39308715861495,0.04145671367834636,-0.0064020400278312906
2025-05-06,0.06000000000000005,0.0,-8.903826103403604e-05,0.0046125185435896675,-0.001467509985509388,-0.0006895715869752846,-0.0025323458198212383,0.003239659877982463,0.034361230055597346,0.0061908350000000004,0.01043592276320178,0.43646880900727053,0.0055514392949123975,0.012366514462488046,-0.010000000000000009,-0.0017977680105856209,-0.39308715861495,0.04628925527849814,-0.007723033885545405
2025-05-07,0.009999999999999787,0.0,0.0004909546361384053,-0.013643759745672165,0.009687977195783883,0.0011153109244395078,0.006424965810232222,0.005928659560566408,-0.01678449869800279,0.0063582725,0.01894064296421165,0.01906979750854206,0.009882717230232986,0.012541612794480381,-0.040000000000000036,0.0006168119537601768,-0.406382859326122,-0.05010362735396878,0.004337004125959609
2025-05-08,-0.16000000000000014,-0.030000000000000027,0.00024828019339274916,-3.2589093917868975e-05,0.022000262221571136,-0.0010397662644950686,0.0008544339593564829,-0.0022753847257004542,0.07039702646346496,0.00666932666666665,-0.0072331490460811046,1.1500725506219287,-0.0007266756689633854,0.012532365579797483,-0.010000000000000009,0.005225560724667844,-0.406382859326122,-0.04649979543693661,0.0057829933406665646
2025-05-09,0.020000000000000018,0.0,0.000246318886227554,-0.0013138622649383365,-0.010582069994081024,0.0015328091408324908,0.0013206295134214991,-0.001015844471565759,-0.011697626017523798,0.01021423916666665,-0.003250503148641718,-0.25941453194030745,0.1271657240700975,0.04908514454200559,0.020000000000000018,-0.0019382260908171745,-0.406382859326122,-0.026139388203035185,-0.000711772086374296
2025-05-10,,,0.0016656495082574398,-0.002917868264804741,0.02832128898581551,0.00016151638960164663,0.000642662727687051,-0.001647413587585422,0.045103010388998076,0.0099050258333333,-0.005297377838332425,-0.007529459904169458,0.031150115257526013,0.048847275263923844,,,-0.406382859326122,,
2025-05-11,,,0.0009789408680518556,0.001810950775339479,0.009962552229463635,-2.9462741235533002e-05,0.00019833016067210776,0.0015375515368544882,-0.010917269433986038,0.010428183333333299,0.004945958828943145,-0.505251677139154,0.05726845285118983,0.04866723218436256,,,-0.406382859326122,,
2025-05-12,-0.3799999999999999,-0.050000000000000044,0.00010244299974655528,2.133717059457936e-05,0.018527465400959914,0.0007445803867759856,-0.0021797305653016327,0.0003558166776895105,-0.0017217288685209792,0.0093751633333333,0.001138622180696,0.03848386483156314,-0.01802339272091257,0.04905463989995717,-0.020000000000000018,0.007863282542501793,-0.406382859326122,-0.17467959820622525,0.032040014309449916
2025-05-13,-0.06000000000000005,-0.030000000000000027,0.0010515666019623093,0.0013992810141623187,0.007632235612117673,-0.0016406881396647463,-0.001014699828185892,0.002286416889909222,0.042859350960587246,0.009310032499999999,0.007278458323163956,0.3321449712817459,-0.008409328818124943,0.05049240107249881,0.0,-0.004284945240212501,-0.406382859326122,-0.009287146784417555,0.0072220821737154495
2025-05-14,0.010000000000000231,-0.009999999999999898,8.789751209493139e-05,-0.00041162982450486266,0.01685655268145283,0.00041338453172854806,-0.0013902002403502014,0.0029625256772135146,-0.022505872993152754,0.008870322499999951,0.009339704565151444,-0.12055087575489361,0.041968047874194794,0.04999257357145743,0.010000000000000009,-0.0023099521778151555,-0.423589434856177,0.02171638001710896,0.0010238448046244741
2025-05-15,0.10000000000000009,0.009999999999999898,0.001916003584310146,-0.003776541396649435,0.0028649279400119643,-0.00032245378411387235,0.009258468248278612,0.004802107541282603,-0.013153560596113003,0.00717704,0.015094386254928385,-0.15669546803832132,-0.016650628537030785,0.052096471724878524,0.010000000000000009,0.0011633781639002194,-0.423589434856177,-0.04335383997387243,0.004123800988772075
2025-05-16,-0.040000000000000036,-0.009999999999999898,0.0021422530241749643,-0.0009367975297524349,0.0030498286575785325,-0.00033798750260642245,0.003126326915523011,0.006554080980396737,0.008260167534636863,0.0062120133333333,0.0203031449138303,0.025944076377559126,-0.011384315658080584,0.031597320895914334,-0.03999999999999998,0.0020846634369400263,-0.423589434856177,-0.03365016663950193,0.0069808987439632375
2025-05-17,,,0.0026520352146806683,0.003792637005208662,0.0016536106888587494,0.0009532051958788114,-0.00018038105830462468,-0.0021595291955803634,-0.01640738056790878,0.00586083749999995,-0.006643128888028254,-0.21050349827545498,-0.0003263556159766405,0.03044487591316018,,,-0.423589434856177,,
2025-05-18,,,0.0011279670510384097,0.0014593240600701226,0.0020309970217663505,-0.0002984712258312722,-0.0009022219008730595,-0.002465391038997179,0.027300117385337327,0.00894758666666665,-0.007631449097781503,-0.26326128906661295,-0.015475802431736161,0.021169562915555083,,,-0.423589434856177,,
2025-05-19,0.04999999999999982,-0.010000000000000009,0.000521796615650867,-0.0006396913901732882,-0.0008328598261446703,0.002285683437191843,-0.0011900292470408168,0.00033331201013729763,0.02472843022889642,0.0063930833333333,0.0010339249296141054,0.42985277975538194,0.011503591401646888,0.02085907102186665,0.03999999999999998,-0.005337043605768699,-0.423589434856177,0.05088717945144383,0.0008756935229854435
2025-05-20,-0.009999999999999787,-0.020000000000000018,0.00040517542387434553,-0.003914132636683904,-0.0064499064532443735,-0.0015329728683141513,0.001445474373377426,0.001255158643710241,0.007774186921730293,0.00567363916666665,0.00388951151853274,0.21267128582581843,0.010453702774052134,0.02078354479243437,0.020000000000000018,-0.0008065752249919456,-0.423589434856177,-0.002760145279786741,-0.003887754118519382
2025-05-21,0.04999999999999982,0.010000000000000009,0.001494550248867667,0.0007009218599954276,0.015218372460208386,-0.0019363192984755632,0.004754164118689754,0.008753178932095047,0.025446540217127757,0.009808736666666651,0.026837490951528244,-0.14778023795753056,0.004910792511151634,0.012048831803153701,0.06999999999999995,-0.0046732675563196935,-0.441040864092066,0.14295342168190528,-0.016266702451147808
2025-05-22,0.06999999999999984,0.010000000000000009,0.0022495062739723774,0.008503687233634179,-0.0010817450089990774,0.0010927044651764695,-0.0001769070132454924,-0.005471020751838098,0.058182497996542716,0.01234100166666665,-0.016686737089951588,0.4550878748376824,0.020124021778694847,0.012805445904611815,-0.039999999999999925,0.0024061457305366574,-0.441040864092066,-0.02867754236612674,-0.0004449532958030744
2025-05-23,0.08000000000000007,0.010000000000000009,0.0030500717445862712,0.0005583385795183909,0.0017140160934877161,7.205849797602558e-05,0.0010525036994896756,0.0048529639578181625,-0.06895293274138588,0.0111091958333333,0.014831027641763818,-0.13269735827330414,0.02739559863293214,0.013967263224363704,-0.030000000000000027,-0.0054160195424275415,-0.441040864092066,0.09450296867479491,-0.006730909417987263
2025-05-24,,,0.0004926751414526802,0.008321752140394576,-0.003388602100154651,0.0006843359090258153,-0.00012823371092532038,-0.000658409141793118,0.02608263035372999,0.00794945749999995,-0.001999041532139101,-0.031185492843944035,-0.046394853436145404,0.025135711633141836,,,-0.441040864092066,,
2025-05-25,,,0.0014893811701836498,-4.177026796590721e-05,0.0016348537871392068,-0.0012367164870264746,-0.00038925792919570373,0.00021686656120738663,0.020424687554991487,0.00673906,0.0006586286778378046,-0.7389820785408094,0.004765466859479357,0.023955216885474757,,,-0.441040864092066,,
2025-05-26,0.0,0.0,0.00035253899058171003,-0.00031843423014074824,0.0014759778636382458,7.874571348112703e-06,-0.00043559081278477657,-0.0013025624890125505,0.009901680385321096,0.00704903666666665,-0.0039607205381870896,0.1377658686043346,0.008139322235543478,0.023828909233473597,,,-0.441040864092066,-0.08030444373291168,
2025-05-27,-0.1599999999999997,-0.020000000000000018,-8.054069033795852e-05,-0.002559812321296613,0.003145964807212938,0.0003360381923130544,2.4304992323986328e-05,3.091299778085455e-05,0.026587899191594027,0.008040795,9.418184702980225e-05,-0.05113019598091341,0.005408274270080277,0.023684057307742652,0.0,0.001861777967306466,-0.441040864092066,-0.08150220683798981,0.020252543913121812
2025-05-28,-0.010000000000000231,-0.010000000000000009,0.00031664904096512675,-0.0024577517039324937,0.0030635051594357725,0.0007077073063151674,-0.0004839175551617033,-0.0008340318424847201,0.0013671046000681764,0.0057280725000000005,-0.0025429051793968813,0.45983996888605755,0.017712957916176164,0.024299400979985147,0.0,0.0031108565486164252,-0.4556876772042,0.018291599613547316,-0.0055867628115837675
2025-05-29,-0.009999999999999787,0.0,0.0007712053178710247,-0.0022448945572417244,0.01401064869714652,-0.001180063436312069,-0.00031480032226759874,-0.003664234323705819,-0.009171953242215262,0.00718779499999995,-0.011245688265972121,-0.3136344184445237,-0.0030169528272732016,0.02350893636960884,0.0,-0.003507284426142121,-0.4556876772042,-0.006755026985131085,0.004003150916718212
2025-05-30,0.08999999999999986,0.010000000000000009,0.0004789440855679831,-0.0022594520029626296,0.015850157338081955,0.0007227062990689271,0.000455375613040737,-0.0011482374363821297,-0.05063613875086726,0.0040921049999999995,-0.0035517923183410946,0.31191673709728157,-0.017921826553232698,0.02150468574851804,0.010000000000000009,0.001690714748048272,-0.4556876772042,-0.032320694090677726,-8.119175975807025e-05
2025-05-31,0.009999999999999787,0.010000000000000009,0.0006947251506203799,-0.0012497406653105188,0.025032894273117286,-0.0007387747140038827,0.00017251440220883294,0.0014014236273904835,0.010411212826149829,0.00246300666666665,0.004334013401806682,-0.042121904112438456,-0.02934086267622637,0.016299861816089174,,,-0.4556876772042,,
2025-06-01,,,-0.00024232954369401858,-0.0012236909095162403,0.01762350724656596,0.0006057459577211597,-0.00014507002461943276,0.0019821670920634345,0.0013477459040382026,0.0040335908333333,0.006097230656872103,-0.6271442263785431,0.00480153413510182,0.016302375715501322,,,-0.4556876772042,,
2025-06-02,-0.04999999999999982,-0.010000000000000009,0.0004631347571293124,-0.000901095584099113,-0.00402818601480299,-0.00025627499185456627,-0.0008871902620756251,0.00043056369489982347,0.014679735401620165,0.0052987733333333,0.0013183624781432216,-0.14037902611475836,0.006036696157522229,0.016101889545352133,0.0,-0.004768783566007961,-0.4556876772042,-0.011372990172270114,0.004093651450133962
2025-06-03,-0.08000000000000007,-0.020000000000000018,0.0003487634500931226,0.0003395990973008722,-0.117410729755281,4.9578469460101814e-05,0.0017004438472856104,0.0019381956052172751,-0.006076627288298863,0.0050991025,0.0059232549213838704,0.36683063612679895,0.014697378353067194,0.017191936308186172,-0.020000000000000018,0.002234519920905065,-0.4556876772042,-0.03717487702065014,0.005783504036175557
2025-06-04,0.040000000000000036,0.0,0.0012481001373875003,0.008572002899302681,0.012243929997066137,0.0004882511991563209,-3.852155414855341e-05,-0.0003155077329428812,-0.0068327338122034335,0.0051558858333333,-0.0009617879843142826,-0.0013634451055079737,-0.004871903550102087,0.015083790236696417,0.0,-0.003342502960419047,-0.467571682147867,-0.0045325856635796136,7.369455953210036e-05
2025-06-05,-0.04999999999999982,0.0,0.0025245367920275637,0.0007771782081416649,-0.016488126948728674,0.0011041914395834474,-0.002042934078713731,-0.0012676585403266125,-0.047932169697688244,0.0026756916666666503,-0.0038657380404546614,0.017540306156613346,-9.908814014286107e-05,0.015163036140261111,-0.020000000000000018,-0.000779295409325087,-0.467571682147867,0.04822214370542355,-0.005291315280564035
2025-06-06,-0.0900000000000003,-0.020000000000000018,0.0006712120189849658,-0.005070427263109832,0.0013644602803518859,-0.0017089438412340213,3.477201192347203e-05,0.002973016667848744,0.04198015416479297,-0.0018841808333333,0.009043095585180242,0.430624164834379,-0.05284349529057475,0.023840261265698534,-0.010000000000000009,0.0016636341265536814,-0.467571682147867,-0.09709749037842075,0.01022818611570031
2025-06-07,,,0.0021756028818748704,-0.0013811640067405656,0.014174266588009042,0.0010885866311194595,-0.0001059337068801043,0.0007494972950226794,0.020696870734688396,0.00152662250000005,0.0022666754555940175,-0.30571260490957025,0.02558791952946382,0.02496676351553128,,,-0.467571682147867,,
2025-06-08,,,0.00201756597148963,-0.0004666907234882331,-0.005742078100950045,-0.00044215791329170576,2.356184629262889e-05,-0.0011585270736791122,-0.006925451676452669,0.00422312666666665,-0.0035059415062972466,-0.5709333506254783,0.015017228294898302,0.025648647907459972,,,-0.467571682147867,,
2025-06-09,0.03000000000000025,0.0,0.001800283519771458,-0.00017366973454480838,0.006195423517965152,-0.0003906255026889735,0.005311872156941146,0.007302278329104779,0.06155566337473639,0.005602625,0.022010856478319813,-0.03861699198937648,-0.0034261350259518347,0.02555762468491016,0.010000000000000009,-0.0020712913065725758,-0.467571682147867,0.02298951822469908,0.0009195219134294774
2025-06-10,0.0,0.0,7.792146508896673e-06,-0.0007092325467194922,0.0019991893650382927,0.00023706080882538176,-0.00018647750250988908,-0.004499600357109327,0.019841252600246696,0.01078070916666665,-0.013502976787931205,0.7876825227115153,0.055103262641231374,0.03310294205169908,-0.019999999999999962,0.0011423433661317262,-0.467571682147867,-0.012313260233357326,0.0054679833266551015
2025-06-11,0.0,0.0,0.0024275430994520042,-0.0007244927715565727,0.012060627139818612,-0.0034831984715561074,0.0006361066025325935,0.0016140848107616943,-0.024104915245968406,0.00756500666666665,0.004867838416611701,0.2565316493597856,0.02226390621534274,0.03335253545780574,0.009999999999999953,-0.0038198076122313296,-0.47674817137581,0.0181238518288227,-0.002747689533666886
2025-06-12,0.04999999999999982,0.010000000000000009,-0.0008466843422201093,0.004133080889631344,0.008261612653680684,-0.004943502081725898,-0.0009143510211738977,-0.0023586014876332767,-0.05488801100448777,0.0057766308333332995,-0.007114668664867703,-0.2565448275852154,-0.012798039460240138,0.03425056374086479,-0.009999999999999953,-0.0034449378289798105,-0.47674817137581,0.043090566524909946,0.0038152107599636054
2025-06-13,0.010000000000000231,0.0,0.001090882299780019,-0.0024735531722285117,-0.002158413118380845,-0.000543630067337715,0.0053399633188933515,0.0048533123526823254,-0.0417056761340464,0.0020565908333333,0.014662750715234792,0.07067652522953684,-0.035236955332580144,0.029432177723466565,-0.010000000000000009,0.0012657134757647626,-0.47674817137581,0.14443181100663116,-0.01136074330540815
2025-06-14,,,7.876183855271312e-05,0.009539469617319404,-0.0163757233580643,0.006597354631098667,-0.00012023451580775571,-0.0007862618829043596,-0.0020019703273356187,0.0031175816666666497,-0.002360612091498378,0.35180452319366085,-0.014240231917717285,0.029653025721446884,,,-0.47674817137581,,
2025-06-15,,,0.0017703014154866988,-0.00020508104441682978,-0.0017415730975262347,-2.1177025991468893e-05,-6.522469864013303e-05,-0.00020979238698348718,0.007194119682373259,0.00677119916666665,-0.0006307662765639567,-1.076897489343787,-0.011068973587930686,0.02964927712498788,,,-0.47674817137581,,
2025-06-16,-0.08000000000000007,-0.010000000000000009,-0.00041439331624050637,-0.00046368492330744516,0.003869164957445845,0.00012107753756842146,0.001378200687750251,0.001740435263530973,0.014477778379398221,0.00910391666666665,0.005228009819719358,-0.059979007970649485,0.0030498923897932647,0.02962247360106829,0.03999999999999998,-0.0013972000060746836,-0.47674817137581,-0.08570230493464104,0.009348881754855043
2025-06-17,0.06999999999999984,0.010000000000000009,0.000596572846929716,-2.785707168566762e-06,0.0006852279864720593,-0.0015453495274621758,0.0023764979353682663,0.0008965108807734221,-0.01454707061531881,0.0052154558333333,0.0026887315951318993,0.6900162942801824,0.009212216549379176,0.018731982517023113,-0.03999999999999998,0.0028945264002118165,-0.47674817137581,0.12248155643793757,-0.008387318295762114
2025-06-18,-0.009999999999999787,0.0,-0.0004203432116791211,-0.0013148977375219536,0.04694400305361114,-0.002157946828188818,0.004923394817571437,-0.00033531038510535165,-0.014779123949682211,0.0034498266666666503,-0.0010097471100382256,0.1361097792608137,-0.01984580666727216,0.014623863060239137,-0.010000000000000009,0.0018712026461757958,-0.484247325982391,-0.06998542739970315,-0.0003092717177288762
2025-06-19,0.0,0.0,0.0006992846408104334,-0.0005999182235885259,-0.010484814442233733,5.005856346320687e-06,-0.0009308306138359929,-0.0007876222851383783,0.01050039821296688,0.00236414333333335,-0.002373635147193561,-0.2930114505647192,0.001447722729762087,0.01539400750957328,,,-0.484247325982391,0.09603213633780383,
2025-06-20,-0.03000000000000025,0.0,0.0009021184583424312,-0.0025449943175439864,0.0003490735407380372,0.0031478823391975484,-0.0006979273326982806,-0.001344825382642182,0.011817232697951305,0.00539441166666665,-0.004063088480985725,-0.5257639449394428,1.467117594282751e-05,0.010601100913898421,0.03999999999999998,0.002566890035158309,-0.484247325982391,-0.07247854503940632,-0.0021809894398643337
2025-06-21,,,0.0013792380564484957,-0.0016067496196911625,-0.01072295824361268,0.0004646313671790695,-0.0002078836362712562,0.002013813983598645,-0.05512944952043224,0.0013355241666667,0.0060768958016704485,0.5857386286531816,-0.03037624485097159,0.01421344727500785,,,-0.484247325982391,,
2025-06-22,,,-0.00018549451135614086,-0.00022437847805642963,0.004684075976414111,-0.0015898269030741091,0.010133933803803485,0.008476576099322754,-0.02500770096764381,0.0012036199999999999,0.02543491399298395,-0.3017780203810989,-0.037482402604662186,0.018420567344608462,,,-0.484247325982391,,
2025-06-23,-0.009999999999999787,0.010000000000000009,-0.0005851036863601948,0.0001684704054599923,-0.008590622444251484,0.001259409396161292,0.0016981087277401115,-8.263808335713817e-05,0.017867449569228772,-8.985166666665e-05,-0.00024528408490498665,0.7430506995684151,-0.012954023332972197,0.017414278257483564,0.020000000000000018,0.0010618876668626598,-0.484247325982391,-0.039065536057109274,0.009560641855696161
2025-06-24,-0.06000000000000005,-0.010000000000000009,0.0015458875351461278,0.0054421250072603415,-0.007319908234080037,0.0021076120659748623,-0.0001708909851800348,0.00021210610736432304,0.028880908072111293,0.0020310183333333504,0.0006293390619018832,-0.0511484366061797,0.06484552065719043,0.03397985016426882,0.050000000000000044,-0.006664927611021554,-0.484247325982391,-0.12613857230431513,0.011060286796933383
2025-06-25,-0.020000000000000018,0.0,0.0021942882697229995,0.005169505145103159,-0.0023023381249998322,-0.0007928565201457412,-0.0002307690189907161,0.00032881421966849664,0.013254530303277374,0.0030672966666667,0.0009746160947067524,-0.38508763936637624,0.006844503145995338,0.03351854109612276,0.0,-0.0002567531706292314,-0.490695569009756,-0.04206227517345251,-3.2829024796399153e-06
2025-06-26,0.0,0.010000000000000009,0.0022962594353087167,-0.0019651963959121136,-0.0011610483706585805,-0.0007594737985193204,0.0006623288052766357,0.0018399919947675483,-0.006846847165673467,0.0026376158333333496,0.0054399279662749695,-0.11089025076867956,-0.00010563336731858955,0.03350404551523394,0.010000000000000009,-0.00573802499194187,-0.490695569009756,-0.010194990851583707,0.00798815349977744
2025-06-27,-0.020000000000000018,-0.010000000000000009,0.003214417196365083,-0.001230185485542507,-0.0025749259872858647,-7.414527473737783e-05,-0.00010900771686798002,-0.0032275145380904423,-0.015590705021231442,0.0022543625,-0.009560746141223339,-0.12465186587086484,-0.001642323609054413,0.033498928345322164,0.0,0.0001161701785772351,-0.490695569009756,-0.016408754666392245,0.005205430912106124
2025-06-28,,,0.001663024453664649,0.00021551564013401177,-0.0038054182689911506,0.0006303592633431699,-0.00012052508502420316,-0.00044971992611907185,0.008496323182580923,0.0036079883333333,-0.001339312450762309,-0.0582608096035089,0.002096572479825457,0.030997217376819743,,,-0.490695569009756,,
2025-06-29,,,4.7706655989283615e-06,-0.00018585459351825874,0.008012226936691246,-0.0014820824419032042,-0.00020765039938124068,-0.000675507288899429,0.031162239421827227,0.008272575,-0.0020146884874389244,-0.9542023123368633,0.004080143657300266,0.025407930243270607,,,-0.490695569009756,,
2025-06-30,-0.06000000000000005,-0.020000000000000018,0.00039322718419019793,-0.0005880160364464521,-0.010597892056237035,0.001749179221495297,-0.0009336577834242527,-0.000937959518185786,-0.016866979319976026,0.0072060925000000005,-0.0028015749619208063,0.5324378378750592,0.018204312026422007,0.023579508360497395,-0.040000000000000036,-0.002093130830233214,-0.490695569009756,0.024812165462771762,0.005151077553744443
2025-07-01,-0.04999999999999982,-0.020000000000000018,0.0008198192775139892,-0.003018335361910868,-0.004038538236577957,-0.0007570556319961075,-9.286901634764662e-05,-0.0009928035525563989,-0.012462873044970384,0.00029484999999999993,-0.002973686674399433,0.43476996380842037,-0.008764457462906196,0.00834187258475842,-0.040000000000000036,-0.0005461725337276846,-0.490695569009756,0.005959493203981925,-0.0011190878184379471
2025-07-02,-0.03000000000000025,-0.010000000000000009,1.7933849325839187e-05,0.002588443423985812,-0.0031924411892974023,0.00013656166495683663,-0.0008359739847790396,-0.0001640745436850604,0.10070719337027695,0.00330624416666665,-0.0004918840329288848,-0.0216075434570917,-0.024123198814170188,0.012902652352240583,0.040000000000000036,-0.00033438467874358224,-0.497411330069269,-0.01135357280965188,0.004733849037258153
2025-07-03,-0.08000000000000007,-0.029999999999999916,0.0009585825607778758,0.00225812049471722,0.001487579753649407,-0.0008829911397137134,0.0066184863161057594,0.0019165522701265487,0.009578257034813081,0.00702858166666665,0.005768596194414843,0.42815654574484563,0.048922382402004805,0.02306697823390703,-0.050000000000000044,-0.0005491697822996855,-0.497411330069269,-0.015748356968139365,0.008304350113371939
2025-07-04,0.0,0.0,0.00273915062557703,0.005526437904188791,0.002232147526641841,-0.0006580600608480216,-9.153223410257336e-05,-0.0016675668403837122,-0.04431258290718385,0.005855175,-0.005016835645098675,-0.1585621447118444,0.0066715113048104215,0.022848591476230053,,,-0.497411330069269,0.06499629180246602,
2025-07-05,,,0.0009088469993936287,0.0001790557466756812,0.011371458142829746,-0.00037715280779678694,0.00039549334724504307,0.0004709420173541247,-0.004089862597932791,0.0040549433333333,0.0014199311939630814,-0.20190630324908293,-0.02303908692634967,0.025516850875505613,,,-0.497411330069269,,
2025-07-06,,,0.0010380739228355118,0.001110788375518791,-0.0037135078243782805,5.4796647457768296e-05,0.0002635944402487044,0.00036036006565648903,0.015331114497455823,0.00442004916666665,0.0010854428829422747,-0.8804013016816331,0.0024364524218792537,0.025514276677039215,,,-0.497411330069269,,
2025-07-07,0.06000000000000005,0.010000000000000009,8.376405376653741e-05,0.00023312463511639792,0.0025126097950833844,0.00027812431514670575,-0.002080952148667919,-0.0011677559039112218,-0.016648095656767444,0.007223045833333301,-0.0035143569757019135,0.3410593601150397,0.015196657040933847,0.02523743981791604,0.030000000000000027,0.0031977145062374035,-0.497411330069269,0.01757913145035417,-0.007893349417233964
2025-07-08,0.06000000000000005,0.009999999999999898,-0.00032406148673271414,-0.0037374576296267423,-0.009613977399010041,-0.00019140583288168987,-0.0009128157720204571,-0.001211533695119595,0.024890097155755943,0.003612725,-0.003655862415607123,0.5592055177013441,-0.009624914635086051,0.02530329652362762,0.020000000000000018,0.0018124329475348588,-0.497411330069269,-0.056662554257219444,-0.0007161495228000803
2025-07-09,0.020000000000000018,0.010000000000000009,0.0005936198699949971,-0.0005339530739281453,0.003270811823130915,0.0010419584123543908,0.002213498554816505,0.0012146420149778394,0.0874877973046369,0.0076666583333333,0.0036733318116223095,-0.16211210418648603,0.0169872600569936,0.022780259159191425,-0.040000000000000036,-0.000884925519475388,-0.504386954182097,-0.053142274058455286,0.0060438433346767795
2025-07-10,-0.020000000000000018,0.0,0.00018408213839337718,0.006723593463038352,0.00449821824217153,0.0005227744559532801,0.005353523497057996,0.0005114175980640721,0.021452404114785297,0.0077817975,0.001550880415252336,0.5920981577100046,0.03988778126857083,0.02019971780360731,0.010000000000000009,0.0008615601951174057,-0.504386954182097,-0.010088357944340487,0.002742409872004359
2025-07-11,0.050000000000000266,0.0,0.0005247123662788972,0.0072688126383002715,0.0019415869818363665,0.00012169039035197326,0.0017201180301467725,0.0025894906825615666,0.009517301888078833,0.01306890166666665,0.00782935662757151,0.40500297778587996,0.05078787839239226,0.026119949795784244,0.040000000000000036,0.0007265729559859935,-0.504386954182097,0.03853801941242452,-0.0033029779929130143
2025-07-12,,,0.0021060173114963218,0.010819792866916214,-0.000169962307958904,0.0003437537973940599,-8.924962525478886e-05,0.003086717891883122,-0.009829269494679434,0.00921595,0.009252523113584505,0.11020377374165169,0.009006655932041826,0.021011880432134217,,,-0.504386954182097,,
2025-07-13,,,0.001931859534860497,0.0017431541937885295,-0.004105648463292982,-0.0013029187605809762,-0.0004324095351972124,-0.0013005952786242596,0.027730071638101806,0.0112104975,-0.0038864552226781724,-0.9360094066946465,-0.0033394963559296967,0.021814356242015075,,,-0.504386954182097,,
2025-07-14,-0.020000000000000018,-0.010000000000000009,0.000631932704658497,0.0003325542648264118,0.0011707781586947487,5.5401728112530684e-05,-0.0023773847418057945,-0.0025253475862480656,0.03789107011718238,0.011952716666666651,-0.007571597043603966,0.09335835079165869,0.012471598919956313,0.02187583869158711,0.0,0.002494355682326699,-0.504386954182097,0.047628048989254435,0.0014064149836947593
2025-07-15,0.0,-0.009999999999999898,0.0001058071066899679,-0.004018342017326136,0.0024454030039811345,0.0014272724853564697,-0.004659718877807734,-0.0036182754244957547,0.015591933705260845,0.013743748333333302,-0.010898175848605217,0.875957934577588,0.009330357132750138,0.01908407892377496,0.020000000000000018,0.0024060022058121078,-0.504386954182097,0.010410736017838484,-0.003964098180953002
2025-07-16,0.04999999999999982,0.0,0.0021226551961755417,-0.015712857684159698,0.002240526924944747,-0.0008714398910692154,0.014338289701321248,0.009407063356696315,0.007858702076204212,0.013227005,0.028490536422691747,0.11521451900835959,0.010599169749693068,0.019364042665097198,0.029999999999999916,-0.0007720149141565713,-0.510921094310765,-0.012739025777429358,0.003188499806256573
2025-07-17,-0.08999999999999986,-0.010000000000000009,0.0009853857386828366,0.01717957891420942,-0.00039811775190691344,0.002053019437287702,0.009094845576065684,-0.0011875843063119224,0.000630892019826742,0.010046309166666649,-0.003584817871572351,-0.1615871033446465,0.04069729301204969,0.019515638050565894,-0.019999999999999907,0.0018327704224159191,-0.510921094310765,-0.03800932596698425,0.005359433132147373
2025-07-18,0.020000000000000018,0.0,0.001927482723575335,0.019296085875336644,0.0007029917890413279,-0.0009769017666096716,0.0013252426531082232,0.006246649806283938,0.0005133785586172639,0.0126717633333333,0.01873823612144579,-0.10292708740629994,0.01953531283462276,0.013568781868194846,0.0,-0.002343623995068711,-0.510921094310765,-0.006680862990832814,-9.051821685268635e-05
2025-07-19,,,0.003401811915550316,0.0011003894029019514,0.011289767367924435,-0.0016818969576688286,-0.0004441835167958206,-0.0028933195327094704,0.002200661612862749,0.0105538408333333,-0.00863168206268826,0.32501699268137935,0.003175127360290947,0.014098218903974353,,,-0.510921094310765,,
2025-07-20,,,0.004476119952490513,-0.00303435457172362,0.0018603090469727428,0.0007419709272163646,-0.0005570210048438582,-0.004731990193713477,0.03299817939804446,0.01169185,-0.014271578263307534,-0.9475971467019925,0.006211247626482612,0.012613657566692138,,,-0.510921094310765,,
2025-07-21,-0.040000000000000036,0.0,0.00021286545218614724,-0.0019775882137302294,0.0028350531898522465,0.0007725465872395601,4.827211150482017e-06,0.0024556393343866307,0.011948090078598107,0.012001246666666649,0.007431608317217265,0.5895607574398274,0.019605228154249605,0.012703314571131457,-0.030000000000000027,-0.0029947753232493213,-0.510921094310765,0.014519311324453277,0.0013981477220053051
2025-07-22,0.009999999999999787,0.010000000000000009,0.0003487606267123521,0.004501692895256439,-0.001004226624164153,-0.0010478584963045181,-0.00020051904841302508,0.001025841688602461,-0.016399244139808193,0.0120143425,0.0030876501740656308,0.01847016554174776,0.0018710015152679708,0.013597639065438547,-0.010000000000000009,-0.0026293724476769142,-0.510921094310765,-0.009049835519917782,0.0006373254110627613
2025-07-23,-0.06999999999999984,-0.020000000000000018,0.0017580124343744457,-6.61845542555636e-05,0.007005290832773187,0.0011185365596387128,-0.0004899643469647011,-0.0008126364485594793,-0.032270313258313046,0.01405352,-0.002443945629313607,0.1732707005936923,0.007952761806865546,0.013760880894393096,0.0,-0.0009304048684413146,-0.515966901041958,-0.07094282335603053,0.00778152614671157
2025-07-24,-0.010000000000000231,0.0,1.3607771680595303e-05,-0.001399259823815483,0.03872720361326555,-0.00015859350512713975,0.011275196913853671,0.0023579511931266332,0.002963149238882043,0.00874531666666665,0.007154891010149641,-0.18087768132663692,-0.02140707444515305,0.013812365516940525,0.0,-2.7599346148043935e-05,-0.515966901041958,0.001300390300283727,0.00069798922208264
2025-07-25,0.020000000000000018,-0.010000000000000009,0.003573715017949071,0.0070289899783379135,-0.042313252307487774,-0.00021305813289202032,-0.004425198490975691,-0.004857424189032857,0.035293910455018174,0.01127059666666665,-0.014729711976089969,0.0665544684023829,0.009521778532543176,0.01255053831237167,-0.030000000000000027,0.0035007034228247136,-0.515966901041958,-0.030345336299689052,0.003966444948062531
2025-07-26,,,0.002885743845485766,-0.01695864413339961,-0.000359003513136215,0.00019435486705933637,0.00038940063308880293,0.0007883115499397859,-0.008459128463260253,0.012423048333333301,0.002406218501170435,0.34548581995106414,-0.0014814072493532161,0.012714430059891183,,,-0.515966901041958,,
2025-07-27,,,0.001746754718886797,0.003831767227569154,0.009570824918086994,0.0002737588498971942,-0.00030948190214817237,-0.0019118692060629086,0.03788785465217724,0.01057851249999995,-0.00584395584533624,-1.0214156393504172,0.004373816708783902,0.012660318092815526,,,-0.515966901041958,,
2025-07-28,-0.020000000000000018,0.0,0.0016859192419731196,0.00023333529394978686,0.00142033747090804,-0.0007389090686317358,0.003336398894296492,-0.0017551299242740842,-0.01638193391086933,0.0119726933333333,-0.005413168418698119,0.1081439510032401,0.022147801486375657,0.013241933019886912,0.020000000000000018,0.005230256569134006,-0.515966901041958,0.0066755922137842205,0.00017686081491241623
2025-07-29,0.040000000000000036,0.010000000000000009,-0.00012717463785181707,-0.006328939843902825,0.0014840609808317257,-0.0010808224845965063,0.0014257252861276182,0.0016467023221478853,-0.016890856996967657,0.0088367833333333,0.005086832952509358,0.37879469480871514,-0.016134954618699217,0.01517029810591793,-0.030000000000000027,0.0029182622250463197,-0.515966901041958,0.061289736573245435,-0.002963805680808562
2025-07-30,0.03000000000000025,-0.010000000000000009,0.00019606432159358143,-0.0011862919623803875,-0.002932923527012819,-0.00039073839756318296,4.373957003132159e-05,0.0014526313804833252,-0.001900021669435674,0.0062414408333333,0.004466141728827231,-0.054948158425767786,-0.00033303881604340133,0.014830467845276953,-0.03999999999999998,0.0036043865939268116,-0.520197126891487,-0.031789072176547695,-0.0012502200507658046
2025-07-31,-0.03000000000000025,0.010000000000000009,0.0007357605517531928,0.0031147312643354783,-0.0014971829213070642,-0.0008355712551935951,0.0021147829792499194,-0.0005970939369072851,-0.0093316070392356,0.0064934108333333,-0.0018372473160376936,-0.08053064196749478,0.0023922397031632945,0.011609834776226133,-0.010000000000000009,0.0026060661691813536,-0.520197126891487,0.07705673949497438,-0.0037016989606790673
2025-08-01,0.27,0.029999999999999916,-9.974615501834104e-05,0.00033192624161316905,0.002576345267889821,-0.0006576774428423645,0.0017583520386796254,-0.00018198120405588268,-0.03901786821485784,0.0050322483333333,-0.0005616116369852513,0.06454819446937872,-0.023895088701965987,0.014861077859612914,0.11000000000000004,-0.0041888119364204,-0.520197126891487,0.19794842013802327,-0.016121328046944328
2025-08-02,,,0.0006182926588862605,0.003518918144815003,-0.008823042784647439,-2.830534535453356e-05,-0.00044007161323796225,0.00019232621516445148,-0.03032242142680931,0.0051580591666666505,0.0005932668116803491,0.3462765762899215,-0.040511974280827937,0.020825912318803607,,,-0.520197126891487,,
2025-08-03,,,0.00019395325640356078,-0.0009576209417712084,0.000796099153639199,0.001380056476690617,0.00011365388585781675,7.376608487872425e-05,0.0013372782483571568,0.00205764,0.00022747802288990507,-0.5618100308571742,-0.015465225551543667,0.02029612576278,,,-0.520197126891487,,
2025-08-04,-0.10999999999999988,0.0,0.00023414699576991682,-0.0003626318967169513,0.0052486386604387565,1.8422322688236955e-05,0.0007058424721732301,-0.0010594161741639511,0.009064649845306713,0.0070200825,-0.0032742909480529404,-0.3605645575760451,0.021768050081820742,0.02019533057841272,-0.010000000000000009,-0.0018687187542374417,-0.520197126891487,-0.15121094228633325,0.014629536175940316
2025-08-05,-0.040000000000000036,0.0,-3.271788392315659e-05,0.0030703735840203663,-0.0008183826882617227,-0.00013728413211600853,0.0012489368103649077,0.0018596573303089378,-0.03090086280800919,0.00885686,0.0057476262476306725,0.3494245458887287,0.03434702157470607,0.025959938517290167,-0.030000000000000027,-0.0006424299118696908,-0.520197126891487,0.01866042271740298,-0.004869703735275621
2025-08-06,0.0,-0.009999999999999898,-7.026825672843873e-05,0.0032339616677980513,-0.001749083861350209,0.0006516919964661592,-0.0004247584670000439,-0.006760228157530799,0.00893475743776019,0.0087173025,-0.021044897761204547,0.08934859148548373,-0.018499517154059994,0.02653885186939263,0.030000000000000027,-0.0033137795612701026,-0.523045228118295,-0.062411932390531,0.00725550368351513
2025-08-07,-0.029999999999999805,-0.010000000000000009,-0.00019349088948224176,0.001209758714813255,-0.0002097645911113566,2.159429480133838e-05,-0.0007181676992487341,0.0005454334401872975,0.056171455025592516,0.0079594508333333,0.0017132514416339764,-0.18769451096152145,0.013713992123284915,0.027443445238499564,-0.020000000000000018,-3.23634666283823e-05,-0.523045228118295,-0.011997744396645693,-0.0007977889372803304
2025-08-08,-0.010000000000000231,0.0,0.001299927666542527,0.0017486731131475634,0.008068486695538193,-0.0003153290986792671,0.0025068389539103634,-0.001837473102992226,0.006430771735128563,0.01162961916666665,-0.005797963417551565,0.23943417232447867,0.040425707378449784,0.030319508752462903,0.0,-0.001423368391076707,-0.523045228118295,-0.08959329948309325,0.007769424248420975
2025-08-09,,,0.0017365687392803207,0.007763849372605872,0.007582824357377001,0.0008319840829136347,-9.844851642363843e-05,-0.0013914267008240094,0.021995253747172334,0.0116568283333333,-0.004412548562734159,0.008615455070346686,0.009526477976151491,0.022715519188317403,,,-0.523045228118295,,
2025-08-10,,,0.0009908462145727184,0.00018025872153040954,0.005807109423901656,0.000190473614963538,-0.00012768358996299942,-0.0012284484185489965,-0.01747906633231318,0.0117422258333333,-0.003911454188348819,-0.08159634467562102,0.029755931728564267,0.019753891401359046,,,-0.523045228118295,,
2025-08-11,0.0,0.0,2.1995158923870973e-05,-0.0012114489525720386,0.002426601449210867,0.0001896838886699432,0.0010678471630089282,0.0009747254890054045,-0.029427316451407663,0.0111926675,0.0031081498083218796,-0.026157719009930924,0.010287849298312831,0.0199343605674154,0.0,0.002956577505093705,-0.523045228118295,0.07009237682036806,-0.002507268470623103
2025-08-12,-0.009999999999999787,-0.010000000000000009,0.00010241015300691427,0.005847230261148688,0.01697078918377804,-2.590295593076702e-05,0.0024518344304689603,0.002518843535845554,0.03898915531552889,0.01000089166666665,0.008007021875966113,0.4983548647950776,-0.00499146572802759,0.019799703867655,0.05999999999999994,-0.0034494985292612412,-0.523045228118295,-0.09820667830120744,0.01128162608098826
2025-08-13,-0.03000000000000025,-0.010000000000000009,0.0003095510463778612,0.0002707848791838778,0.009922387083176151,-0.0001138481649274358,-0.0008797419534347081,0.0001791832152830675,0.031194074358531353,0.0126598925,0.0005666625148467521,-0.04859826699362606,0.04878439928436907,0.019152872910294914,0.0,-0.0011946577928023672,-0.52481593569924,-0.016427474141948117,0.0032248249415864905
2025-08-14,-0.009999999999999787,-0.010000000000000009,0.002941812479688275,0.012282912227855795,-0.005910874196591004,-0.0007216685558822483,0.005006834514413375,0.00809289350275535,-0.022762968250346353,0.0121086958333333,0.02538969100876676,0.1902350108073387,0.030517996638512644,0.019130028368592025,-0.019999999999999907,0.004274543772908146,-0.52481593569924,0.023193399817249993,0.0003030509210582011
2025-08-15,-0.010000000000000231,-0.020000000000000018,0.0004197699794175998,0.01872567513101459,0.03163741511730177,0.0019256380529759274,0.009802080735078312,0.00625247096103395,0.00893956242765851,0.007429430000000001,0.019370798406169946,0.15374249850162464,-0.043781832176038,0.030051290177050938,0.029999999999999916,-0.00254707641117502,-0.52481593569924,0.017380116629916564,-0.002901303595573168
2025-08-16,,,0.005005195894998972,0.007303767142732794,0.002376825049559085,-0.0004723961878880032,0.0005374032391596905,-0.0009442021408265863,0.03229318477774911,0.00262566666666665,-0.0029028518945629473,-0.4003969516456505,-0.01829612830095913,0.03211599948361841,,,-0.52481593569924,,
2025-08-17,,,0.0031752371734715184,0.0001922335026975599,0.004701827368390941,-0.0006997892078150973,5.32513077850877e-05,-0.0011282136537741274,0.00743759123939547,0.0043663925,-0.0034798481633300194,-0.7554088532453788,0.0002690199494529858,0.030603630331714655,,,-0.52481593569924,,
2025-08-18,0.0,0.0,0.0016174613551299044,-0.00025218189058643585,0.01084880670886799,-0.0007178615037939334,0.0005684171072350176,0.00227860667746794,-0.027536907164913894,0.00429776916666665,0.0070196561223647745,0.10080818482447673,0.006940861097305099,0.030501426289642683,-0.010000000000000009,0.0018638452319095222,-0.52481593569924,-0.0066489606652511135,-0.00010078339718333496
2025-08-19,0.020000000000000018,0.010000000000000009,0.00025767369396953265,0.0017653748609724788,0.0058794292578990956,0.001203222426102258,-0.0008567711354302264,-0.0027871917911301883,-0.017450654410821193,0.0055760408333333,-0.00858580216220354,0.6219003620542999,-0.024795333041491195,0.032212577041718225,-0.019999999999999907,0.001327892650754059,-0.52481593569924,0.03796267373140072,-0.005875362532782091
2025-08-20,0.040000000000000036,0.010000000000000009,0.0013166887941087361,-0.0052769617644083605,0.04055890501219539,-0.0021342422487307736,0.002220181835145529,0.0005035387095965768,0.005029995115708708,0.0085026733333333,0.0015600481798888283,-0.038991471350276204,-0.04412572517667358,0.027538744860027126,0.0,0.0004414113474631165,-0.52732009122871,0.00767758089903392,-0.0024345787627044757
2025-08-21,0.010000000000000231,0.0,-1.4879760817688382e-05,-0.006173706663178507,-0.011075711024397332,0.00035561565082732567,-0.0008472310567770448,0.0001693298188481532,-0.006554416685744314,0.01027965916666665,0.0005236224040350977,-0.06786409368437003,0.036959867836922976,0.029299371562703083,-0.010000000000000009,0.0025518909077213436,-0.52732009122871,0.056379128617556784,-0.004012241056242871
2025-08-22,-0.07000000000000028,0.0,-1.8006173396383936e-06,-0.005339417264451008,-0.0014230406664464351,-0.0004127508491653779,-0.000485603452235264,0.0030141449122273955,0.08718217957872475,0.012062403333333301,0.009270638847440912,-0.4226364767769224,-0.02050633348685191,0.02631353977451285,0.039999999999999925,-0.006686255574970268,-0.52732009122871,-0.1547532709874031,0.015072248733122962
2025-08-23,,,-3.9546891637508046e-05,0.005942167852683528,0.00020099624386528124,0.001627896791732118,0.0002775653258774945,-0.004982952602744165,0.00043578531328615673,0.01412723749999995,-0.015377159758853329,0.7406685714324481,0.08618197714059221,0.04394078118963067,,,-0.52732009122871,,
2025-08-24,,,0.00045028219313410326,3.21321708144882e-06,0.01079063062589893,-0.0012487089073640871,0.0001025683039691178,-0.001308664583503111,-0.0021015324449094063,0.015415275833333299,-0.0040784107754640855,-0.7155120797499993,-0.012112296326194306,0.044448959299957284,,,-0.52732009122871,,
2025-08-25,-0.08000000000000007,-0.010000000000000009,0.0002877211413615625,-0.001298091572019377,0.015126422709442516,0.0004367855573512287,0.0032125384455720784,0.0016619820767270535,-0.07935736719972139,0.012170602499999999,0.005193281473973851,0.3952449700645558,-0.008127736690356956,0.044651602385266845,-0.029999999999999916,0.0011965162865772427,-0.52732009122871,0.03930185234761385,-0.00427546108007526
2025-08-26,-0.020000000000000018,0.020000000000000018,0.000301970026652997,0.008709800134336823,0.06306974399856675,0.001101163970663671,0.0031759309035726876,0.00416320149386441,0.014361366595211757,0.00873598499999995,0.012932537188578813,0.21106122178804765,-0.05768919406010023,0.049409668017306875,0.09999999999999998,0.0008798550301003516,-0.52732009122871,-0.01156082240107592,0.004125455473914741
2025-08-27,0.0,0.0,0.00022735389337339936,0.014113392877232508,-0.017048305822540435,-0.0014066790706479242,0.005551216165815417,-0.0002984924368603961,-0.028976715064588633,0.0077038233333333005,-0.0009268223591751628,-0.2554419773932891,0.032040456194318875,0.04711908493018983,0.0,0.001657998479748457,-0.528428714990591,0.015609410927075906,0.0023881364585491838
2025-08-28,-0.029999999999999805,0.010000000000000009,-3.6829787387890115e-06,0.0047495190746919555,0.014306157703609724,0.00016178748052460704,0.010060822093506065,-0.0007024371993014749,0.014065915783735077,0.00795803166666665,-0.002206583523083526,-0.07189567524321289,-0.014040079417828226,0.045839667228552955,-0.050000000000000044,-0.0038832035099476414,-0.528428714990591,-0.028690492462929207,0.0031517534019496196
2025-08-29,0.06999999999999984,0.010000000000000009,0.0007403532929051545,0.018286161191531914,0.01603378027256549,-0.0002806638103267034,0.003101517085222496,-0.000204103487226203,-0.013352624375180712,0.01070306916666665,-0.0006440644908852335,-0.13883597199075873,0.006676070437282124,0.044873013650848774,0.040000000000000036,-0.00042666853617578937,-0.528428714990591,0.0624573549337466,-0.006418725150927784
2025-08-30,,,0.00025331800580967576,0.012960842158743309,-0.008649754585436407,0.001439510390729972,0.004153668786043041,0.001014228367650488,0.0021529301561406316,0.0067570341666666495,0.0032096768162901026,0.3469116196434844,-0.03444847050361864,0.028568647126716848,,,-0.528428714990591,,
2025-08-31,0.020000000000000018,0.010000000000000009,0.0013715064724843632,-3.8193328564007875e-05,-0.008469705318938345,-0.002045389981684616,-0.0002233951396525624,2.9980739103281623e-05,-0.005821631982991936,0.0067758175,9.470077158702715e-05,-0.6464408368930554,0.0024186454817377266,0.02912642772725294,,,-0.528428714990591,,
2025-09-01,0.0,0.0,0.0024483749706409965,0.00015295914325108453,-0.011828814452066648,0.0018016736433557451,8.540011487556151e-05,-0.00131748261510332,-0.007668303780565085,0.0147338083333333,-0.004170401584757991,0.029591135399933854,-0.0006584757529453388,0.02936167329823741,,,-0.528428714990591,0.04829400935895656,
2025-09-02,0.08000000000000007,0.009999999999999898,5.2328512619779095e-05,-0.0005027296565517772,0.012236574020401493,-0.0001796851841427834,0.0018844841570212865,0.002586664402446965,0.019631206465344525,0.01520556166666665,0.008186880021969333,0.43409126145121124,-0.005680731607223615,0.020276225841983114,-0.020000000000000018,0.003947834008291906,-0.528428714990591,0.0631029378309016,-0.006946392429263426
2025-09-03,-0.040000000000000036,-0.009999999999999898,-7.256576497409391e-05,0.008818645200317346,-0.0038187035994869216,-0.0003414481153641392,0.0022958036223875485,0.0004211327876478501,0.017721312947889135,0.01122497666666665,0.001329624924298507,0.10774438641123038,0.011826725910198937,0.015505818411726064,-0.010000000000000009,-0.0014801678898948012,-0.529300611236899,-0.04893577756612144,0.005087154738689037
2025-09-04,-0.040000000000000036,-0.020000000000000018,0.0010608113590071656,0.007263388020839527,-0.0029784536188531274,0.0005514297590505518,0.009202106403128801,-0.0011781063943463288,-0.021924028612604268,0.0070695175,-0.003758531864029823,-0.21351973218380213,0.016470932053536447,0.016729900193920427,-0.030000000000000027,0.002136213598061154,-0.529300611236899,-0.06637506894487277,0.008311798740471943
2025-09-05,-0.009999999999999787,0.0,0.0007857587108110364,-0.001405413419691095,-0.004472792730664763,-0.00015003583494080657,-0.0006509486829582392,-0.0003309403530371182,0.0011909727651820416,0.00907270416666665,-0.0010576617639397223,0.020279672054539424,-0.021787485488701647,0.018102074945223957,0.010000000000000009,-0.005269613271214446,-0.529300611236899,-0.007874056430905885,-0.0031701606545500027
2025-09-06,,,0.0013673895909308666,-0.0014657152158087142,-0.007970025517549006,-0.0022479923046872115,-0.00016140322792834407,-0.0005525656497193076,0.007410008301519231,0.0099908933333333,-0.001768171763687054,0.31467405049154384,0.0007074618271504309,0.012405370256983688,,,-0.529300611236899,,
2025-09-07,,,0.002156437744491197,0.0011467013636862042,-0.012799601673361211,0.00019731306085825847,-1.6740612005533812e-05,-0.005539569538101821,-0.005462526979863718,0.0109130675,-0.017900891338683427,-1.0213847828878007,-0.005955916728544409,0.012588700849942376,,,-0.529300611236899,,
2025-09-08,0.009999999999999787,0.010000000000000009,-0.00036624124953453616,-0.0006670939736126143,-0.002749273547433822,0.00018670953829561768,-0.000565526127322177,-6.643572592877313e-05,0.014159832534501156,0.0096449475,-0.0002165183261871098,0.09113900463821703,0.0077743948251555025,0.012993168567778265,-0.029999999999999916,-0.00025892360358170663,-0.529300611236899,-0.004621995682835944,0.00210377948614493
2025-09-09,0.03000000000000025,0.0,8.766121512532963e-05,-0.001017018030934132,0.0011704362273340155,0.001018804487070465,0.0003668638589023012,0.00042217109719536313,0.030190766600631785,0.010864473333333301,0.001375590214584289,0.5391410168825759,0.004658608916671518,0.012761809379246926,-0.020000000000000018,0.0004978064984131336,-0.529300611236899,-0.004643457762954384,0.002684552987744837
2025-09-10,-0.03000000000000025,-0.010000000000000009,0.00028025831993170306,0.003248890109721212,-0.006634249512004984,-0.0011118631469682555,-0.0016023764584123033,-0.00047231322112585783,-0.00857151452348747,0.01122339166666665,-0.0015366315333814903,0.14875463518460652,-0.0021764120829932936,0.012033471414801288,-0.040000000000000036,-0.0002879982973071904,-0.529350673788756,0.020402155511512365,0.0029790012563317703
2025-09-11,-0.06000000000000005,-0.010000000000000009,0.0012305963880263329,-0.004251820038789779,0.00016329986703535765,6.0442810668719126e-05,-0.0009887495954585784,-0.001823753211408757,0.03362723561029244,0.00900900416666665,-0.005949786154819643,0.16588371882222253,0.015171121801593798,0.01174267178291283,-0.010000000000000009,-0.0014070564231678517,-0.529350673788756,-0.04258793941985983,0.00845006098923129
2025-09-12,0.010000000000000231,-0.010000000000000009,0.00177170415218129,0.001160050494172935,0.002019067630540659,0.002333036802294362,0.006694364007665062,0.0027266122211997566,0.02325289841472157,0.0053050783333333,0.008941605763305913,-0.1182354526588989,0.01935820267045601,0.009169161910091005,0.010000000000000009,0.0008974458395520912,-0.529350673788756,0.0033932845589803584,-0.0004828512001093799
2025-09-13,,,0.0012016040887886518,0.0074011477781947355,0.013708034715969285,0.0006757052321199618,0.001296218768164156,-0.001028067647295933,-0.027847557116294146,0.0070151183333333,-0.0033664128652005584,0.15519308240715285,0.03005886793881019,0.012601840700028965,,,-0.529350673788756,,
2025-09-14,,,0.002615096513901696,0.0026599056632511876,0.016590475103004543,-0.000713434518813687,0.0046388219454075435,-0.0003209516713663927,-0.009281435855052058,0.009127335833333299,-0.0010581833298313355,-0.40057431539723953,-0.005204399307132699,0.0124470793948373,,,-0.529350673788756,,
2025-09-15,-0.040000000000000036,-0.020000000000000018,0.0014392334583120385,0.00034584340788792355,-0.005896838372449432,-0.0016537587961136123,-0.0001684142564054397,-0.00043171814098151546,-0.009043512567397695,0.008419485833333299,-0.0014249105806979237,-0.17664763976477293,-0.008823159283764818,0.014363595492184073,0.010000000000000009,-0.004145641522886656,-0.529350673788756,0.06110274757261447,0.004695616136135783
2025-09-16,0.040000000000000036,0.010000000000000009,-0.00019486857788565738,-3.3651834870669566e-06,0.0013985435407802835,0.0014528894171343906,-0.00712172755836769,0.005636675598696347,0.010678661613142891,0.00748919166666665,0.01831653930937932,0.46585735600236305,-0.009262693088613373,0.015733534532302088,0.020000000000000018,-0.0035995132270443264,-0.529350673788756,0.041815764429660174,-0.001288757435196075
2025-09-17,0.0,0.0,0.00325264402024561,0.005664410155560863,0.0027440336979107846,-2.395579197422582e-05,6.850928275172167e-05,0.0001225305379129345,-0.015578794942213451,0.00468805666666665,0.0003944913583082382,-0.17234158266421065,0.0036693973192736184,0.015404374019577137,0.010000000000000009,0.00019639687338912637,-0.529471742009344,-0.03990554417354053,-0.0009706893488914403
2025-09-18,-0.08000000000000007,-0.010000000000000009,0.0008697900998755498,-0.00021560493194167242,-0.002727759585147483,-0.00016121175585638692,0.004253831683928361,0.002351767733150174,0.0176049939848811,0.0074535525,0.007573623431337379,0.34943659264549215,0.00830416347193245,0.01496692778818001,0.0,0.004215737100136785,-0.529471742009344,-0.0012730746467983778,0.004777708522363255
2025-09-19,0.010000000000000231,-0.010000000000000009,0.0010202183240639298,0.010061795577057433,0.0006169279034198643,-0.0003913638948339449,0.0042785552880646215,0.0005756467450137204,0.010666223865744326,0.00426445166666665,0.0018530088570411975,-0.2784209589413812,0.00282853968504462,0.013651741951233655,0.029999999999999916,0.0010373886802561572,-0.529471742009344,-0.016051709010507675,0.00487353856235373
2025-09-20,,,0.001972718129195284,-0.0023577010096816555,0.0058735158724164405,0.0005264188937935202,-0.000643074180836145,-0.0023502260799168075,-0.006369307990507484,0.0021536875,-0.007582194103399606,-0.15637623793990676,-0.0196605750962938,0.009613366409534346,,,-0.529471742009344,,
2025-09-21,,,-4.874236874902412e-05,-0.002530181514911421,0.009651030895157663,-0.0014982830249626088,-0.0004412894682497773,-0.0006842707653428604,-0.007535755508103619,0.0034939516666666498,-0.002217432999369661,-0.635214490064333,0.001522530969939972,0.009809604043644048,,,-0.529471742009344,,
2025-09-22,-0.03000000000000025,0.0,0.0028802703792505215,-0.00020961206507084484,0.008925140574322973,0.0016353287308412292,0.0034486730217383062,0.005585059344920648,-0.06354817832124582,0.0014650258333333,0.018018190560086453,0.04377998986139732,-0.005016995657496063,0.009538677534603284,-0.029999999999999916,0.0002454079920157781,-0.529471742009344,0.04121026864666266,0.004400330199851865
2025-09-23,0.020000000000000018,0.010000000000000009,0.0008810899876284198,0.002310583168165534,0.0020788003543467386,0.0009449940290621404,0.0006797413274602142,-0.0019072969028540204,-0.006862185004335468,0.00422523,-0.006120947271426406,1.2621910685676925,-0.04067591072415461,0.017395289100764405,0.04999999999999993,-0.0016288321869923905,-0.529471742009344,0.03299016340264549,-0.0055173400928314464
2025-09-24,-0.009999999999999787,0.0,0.003644015583211514,-0.0020526318396078057,-0.005159576514280509,-0.0005677998695040881,0.0028277282047727476,-0.0028059497275329296,-0.000459642342023038,0.0035208533333333,-0.00909939509167058,-0.47368102875341267,-0.007037351860214168,0.016759461233882018,0.0,0.004591508411153633,-0.528212451468628,-0.02803352376271695,-0.0028507212670838555
2025-09-25,0.05999999999999961,0.010000000000000009,0.0018244787698305188,0.0023492176931415526,-0.0017290523044353483,0.0008969155918788437,0.002921641567060358,-0.004560671109357742,-0.03949039704277795,0.0064444683333333,-0.015012864826486448,0.007973962038905581,0.003653240158142406,0.01605820326985471,-0.04999999999999993,0.003084178345816646,-0.528212451468628,0.034025153430983224,-0.0050216489054655256
2025-09-26,-0.009999999999999787,-0.010000000000000009,0.0024366578288811135,-0.0025095253272697914,0.043627890847012754,-0.00011114117167379025,-0.0027637703876439005,-0.0019194321052379431,0.014628946738952563,0.0025255908333333002,-0.0063687409700522975,0.5873765765324015,-0.0552658079209623,0.022519087368596754,0.029999999999999916,-0.0008880523521934691,-0.528212451468628,-0.09060204512035819,0.005884492261081675
2025-09-27,,,6.88240553148761e-05,-0.0026860772818035985,-0.055633163554313345,-0.0014302967857343337,0.004412692250727305,-0.0011670183942733394,-0.007231152494476049,0.00340083083333335,-0.003909374374697739,-0.3347498011713505,0.02544740705351246,0.027663288536012146,,,-0.528212451468628,,
2025-09-28,,,0.004224693599212508,-0.0006287511456618288,0.047508269377166866,0.00039988839698043983,-0.00014244487336139282,-0.0013839190806505962,0.021933124882135686,0.0042487666666667,-0.004655196869432437,-0.895577808714668,-0.002602618537138774,0.027393359774682432,,,-0.528212451468628,,
2025-09-29,-0.009999999999999787,0.0,0.000890081651329371,-0.0007460686152231134,-0.05187447964043052,0.000297101685104808,-0.0026830699586351666,-0.003248092419662406,0.026103971709803202,0.004153475,-0.010982072083008337,0.27247913079762215,0.02637390453595991,0.03099183140502348,-0.04999999999999993,-0.002659740773842678,-0.528212451468628,0.052861717137511643,0.0026321125222388275
2025-09-30,0.05999999999999961,0.010000000000000009,0.00019657464877272096,-0.0022320397136476287,-0.0016852037534033839,0.0004039343412294627,0.0008860087936507822,8.306085188082788e-05,-0.02848836324409446,0.0072132375000000006,0.0002825937970862495,0.5575444790789911,0.018395247300624952,0.028266626456406135,0.040000000000000036,0.0001814762683141069,-0.528212451468628,0.009876623495912007,0.004082503589616593
2025-10-01,0.010000000000000231,0.0,0.0013189839485682774,-0.0014710976243061536,0.002364715399128228,-0.0006502112178819481,-0.0008469095851081066,0.0013736615695213825,0.06807382263262833,0.00697583416666665,0.004658058557537194,-0.0076632488888777935,-0.009786759880056945,0.02842015460323729,0.009999999999999898,0.00011153329155444425,-0.527185480048481,0.0006140620395593821,0.0033941192284689947
2025-10-02,0.0,-0.010000000000000009,0.0017684540331747614,0.007335080894068922,-0.003290729450678687,0.0007943893168433764,0.007585181712996257,5.229735056235708e-05,0.02971665913346514,0.00974084916666665,0.00017825810482963592,0.20551155487017353,0.042798400641986804,0.032599017223779975,-0.019999999999999907,0.0023227230683087186,-0.527185480048481,0.02065687059088228,0.0006181781816128051
2025-10-03,-0.010000000000000231,0.0,0.004659532351322315,0.00496026344243638,-0.011813804375596626,0.0006030147383373473,0.0023660377092344313,0.002489825711451789,-0.0014405754456583372,0.00566094416666665,0.008470066972827527,-0.002702479318771863,0.024684241007895333,0.01817455174843815,0.0,-0.002839709755137143,-0.527185480048481,0.0012019232216164966,6.551938259136136e-05
2025-10-04,,,0.002947353454780054,0.014682429468228914,0.006311097532545441,0.00017671882933724403,-0.0003337714350517134,0.0007675021195973019,0.0014729165726045821,0.008937367500000001,0.002595677936914824,0.1391058950303896,0.010274656816410831,0.018028789911526552,,,-0.527185480048481,,
2025-10-05,,,-0.0001777549659553291,-0.0008262504649148414,-0.003050899662337602,-0.0009368470065196327,-0.00044600005939406036,-0.0008400348096050544,0.01537338616981979,0.0127245775,-0.002840062208764586,-0.8397399381671179,-0.0025811231678677373,0.018025147669363528,,,-0.527185480048481,,
2025-10-06,-0.040000000000000036,-0.010000000000000009,0.004320047115624098,-0.001647750961892289,-0.0017222008134504627,5.70290375230717e-05,0.0001773025369514243,0.0006202405567529271,0.03369611234636421,0.0103325625,0.0020981131749116602,0.7007212685633445,0.007643593229823616,0.017567370680203583,0.029999999999999916,0.001531867250964325,-0.527185480048481,-0.016959825043409094,0.003639996973882731
2025-10-07,0.06000000000000005,0.010000000000000009,7.030952988271134e-05,0.0036343036903515973,-0.0012581207261435727,0.0002588323231679508,0.0005689371433515877,0.0010772580518790833,-0.0543332471284718,0.0082841025,0.0036357192511662626,-0.014306170082374175,0.023989994421393872,0.017973082621541264,-0.010000000000000009,0.0017959754055549837,-0.527185480048481,0.051781873852503324,-0.0038186963112334382
2025-10-08,0.020000000000000018,0.0,0.002339159616200448,0.0012179114902641664,0.0019172241357428789,-0.001058450713246271,-0.0011939865170879662,-0.001023743839416532,0.004764883450915182,0.0065073875,-0.0034506681148723578,0.1279664370889724,-0.0389013306643452,0.025954157990311123,-0.019999999999999907,0.0023890753907895856,-0.525803389547882,-0.05606715742282997,0.005810693412792389
2025-10-09,0.11000000000000032,0.020000000000000018,0.002566772021021103,0.0010963907646302858,0.0017247039808174702,0.001024129308085098,3.08900709210339e-05,0.008323815381258808,-0.009255908492464413,0.004409095,0.0277181625569546,-0.23829749379116352,0.015644178545018865,0.02189470441227659,-0.010000000000000009,0.0025931643014551753,-0.525803389547882,0.007943824236460006,-0.0027593218696981836
2025-10-10,0.22999999999999998,0.040000000000000036,0.0026856059867484757,-0.001205238977108233,0.012774612574352591,-0.00038263330622718766,0.002182682247535016,0.003885356978970579,-0.3116262398755813,-0.0010608433333333502,0.01270730791312924,0.14631125117616026,-0.024618281467066853,0.022729751647165383,-0.010000000000000009,0.00021551857692525545,-0.525803389547882,0.2763583095236677,-0.027485959970572793
2025-10-11,,,0.003140617761268981,-0.007268384289743112,0.0028276107461083144,0.0025855163299073314,-0.0008876347394628357,0.006091174188972806,-0.028163902894208778,-0.0040055158333333505,0.019584927223144963,0.7446101535564489,-0.10124537277085482,0.04319695014693338,,,-0.525803389547882,,
2025-10-12,,,0.002544764040482169,0.004724716175103406,0.0601986850895415,-0.002363809760303757,-0.0009300905780351238,-0.0034073243367422792,0.08066935746399206,0.0029081858333332997,-0.010898053761706529,-0.3956308123268498,-0.021876297520311228,0.04272520208761675,,,-0.525803389547882,,
2025-10-13,0.0,0.0,0.0031476335819093215,0.0034104430763748717,-0.06482119798406832,0.00047719839554646,0.004552142454219366,-0.0016125054574278068,0.0024146186928402,0.0014624075,-0.005222950639498145,-0.07183841183615211,0.07113791729963927,0.05463077542364353,,,-0.525803389547882,-0.1294505602647864,0.01547819498378189
2025-10-14,-0.07000000000000028,0.0,-0.00024648296285588293,0.002401683215750231,-0.014064893041431837,-0.0005482628785778799,0.00582047476633042,0.006741052278643542,-0.023726071468681668,0.00373976416666665,0.02178044351542285,-0.2725077273531764,0.010431257783931964,0.05341698659708123,0.020000000000000018,0.0005439571571832502,-0.525803389547882,0.08941695909748493,-0.0015655280311612785
2025-10-15,-0.1599999999999997,-0.030000000000000027,0.00419405845921923,0.005239172458390502,0.005603935702176877,-3.0355464985759274e-05,0.004242847719546059,-0.00012911798340799438,-0.0167210411071574,0.0055990408333332995,-0.00041451230936045345,0.28944755448102105,-0.02305553830870527,0.05245235050319453,0.0,-0.0026275968819442497,-0.523551774457792,-0.008202699792180912,0.004017918538789189
2025-10-16,0.08999999999999986,0.020000000000000018,0.00012237980411915653,-0.0020085991654463517,0.0019376807517914427,-0.0018839267334137128,0.0036932317891242143,0.0019576520338026493,-0.0018478366649863351,0.0060433383333333,0.00628946500451251,-0.3041030443437623,-0.028902214742000748,0.05144266947853872,0.029999999999999916,-0.0016097116097695263,-0.523551774457792,0.2039686339436706,-0.00631424497513855
2025-10-17,0.0,0.0,0.0036625119149798087,-0.0015550467514056092,0.0032149473315778144,-0.001053804511161518,0.003536241856819481,0.0032903185591053727,-0.025102048794223304,-0.0031007875,0.01051963294666059,0.12984503432297306,-0.023837207210820173,0.051423919553856265,-0.019999999999999907,0.0002734361746581371,-0.523551774457792,-0.19720858888595139,0.005256882598063228
2025-10-18,,,0.0015468329845532475,0.0011171939502811297,-0.0014504386165381643,0.002993903184732857,0.004662926386779264,0.00040868606168665823,0.028549912960850077,0.01101289916666665,0.001305003971450967,0.1261089891240849,-0.015248417716344095,0.03576590943770351,,,-0.523551774457792,,
2025-10-19,,,0.0015604351833453955,-0.0012382307238614516,0.06128977527348592,-0.002583023227630771,0.00015310685132172678,-0.0018917031827648046,0.02136303886096079,0.00494009416666665,-0.0060558134392725855,-0.9956183847942395,0.010880566627536021,0.03524944715808361,,,-0.523551774457792,,
2025-10-20,-0.04999999999999982,-0.010000000000000009,5.105081489490539e-05,9.111927577781904e-07,-0.044930748231208316,0.002428324715825471,0.0008624506011145098,0.00016687089153026517,0.018646482000931438,0.006164805,0.000536134652254072,0.31848522324644274,0.01892820613191493,0.01993483536534116,-0.020000000000000018,-0.0006787564018315706,-0.523551774457792,-0.13092239698050978,0.01061570636531961
2025-10-21,-0.020000000000000018,0.0,-9.432652188846245e-05,0.0034386337621910824,0.007629724993937301,-0.0005657168342586756,0.005308107230906006,0.000705004189788714,-0.0407018389614579,0.00438777,0.002273945135668839,0.25438601399773925,0.008276426133388304,0.019630473016927837,-0.010000000000000009,0.002224335769766661,-0.523551774457792,-0.01994525951923487,3.2664017913575094e-05
2025-10-22,0.03999999999999959,0.010000000000000009,0.0004965531613556386,0.007576766764639646,-0.005500959937077746,0.0002166853596234438,-0.000533206504513309,0.006506158948093483,-0.01984794615492376,0.003441645,0.02073373978725947,0.456665600981118,-0.022582992578138183,0.019569043063333607,-0.010000000000000009,5.2112349273159e-05,-0.519750318692066,0.04003825154781904,-0.0053518056988171026
2025-10-23,-0.04999999999999982,-0.020000000000000018,0.0023177347787688273,-0.003206384350690303,0.003620808423628392,-0.0008216406253493083,0.0007132457837823128,-0.00331130454128459,0.013365746144105262,0.0041289783333333,-0.010506226599978848,-0.1893263286137155,-0.013872645271323975,0.017549497093042106,0.010000000000000009,0.0004738495901550621,-0.519750318692066,-0.07245507921542238,0.005810473980595532
2025-10-24,-0.08000000000000007,-0.010000000000000009,0.0005726053771338692,-0.0005400948777178683,0.0016742293328842629,5.0597048019415216e-05,0.00079636687186323,-0.0017463620967018458,0.0354919299957866,0.00599600416666665,-0.005590163522030385,-0.35312140055727814,0.018223336209522177,0.017364620476296885,0.010000000000000009,-0.00015379043850671792,-0.519750318692066,-0.05525611012068987,0.007871361907069385
2025-10-25,,,0.002080869458940881,-0.002185684376228565,-0.002000568998264529,0.00019780634442259968,0.00010383206848480312,0.0001923099857034449,0.01906944942847001,0.00564794,0.0006171881384290399,-0.10953895529153113,0.014230597175577123,0.01641264616313357,,,-0.519750318692066,,
2025-10-26,,,-4.5447602437144137e-05,-0.0006355215075176111,0.003349909601733522,-0.001323209647400118,-0.00040435564919312885,-0.0026791425670076342,0.05526630530076142,0.00859448916666665,-0.008629277056485815,-0.7988490720788105,0.005203432163426718,0.016205036114793573,,,-0.519750318692066,,
2025-10-27,-0.08000000000000007,-0.010000000000000009,0.0012894875904224782,-0.0005414535171684578,-0.005856679483104192,-0.000146437952675623,0.0013763568162402562,-0.00019554370888358126,-0.003637704109704452,0.01019087666666665,-0.0006336259198451243,0.6514042080606373,0.03844194801480435,0.02034023926101988,-0.010000000000000009,-0.0011227250383321064,-0.519750318692066,-0.036073563115492924,0.012215109973364946
2025-10-28,0.020000000000000018,0.0,4.1326034741972086e-05,-0.0010191224883486776,0.0011763259912126844,0.0014856053382380895,-0.0002534464729363632,0.000793309628277786,-0.03807091664247393,0.0078545608333333,0.002567448288659425,0.3884197352644032,-0.0059155178397449935,0.020874152605599786,-0.010000000000000009,-0.0013477755256481316,-0.519750318692066,0.03912327575673169,0.0022853333884658156
2025-10-29,-0.06000000000000005,-0.010000000000000009,0.00048244968129626206,0.000521162048520072,0.0021785749287686,0.00016135089279611275,0.0002918254148435912,-0.0011894717524011044,-0.006727564838832969,0.00454182416666665,-0.0038531764195323154,0.01229214299960476,-0.022810305425536744,0.020924001796131624,-0.030000000000000027,-0.000869935572655578,-0.516385345124808,0.029996250153795145,-4.3536688373535526e-05
2025-10-30,0.0900000000000003,0.020000000000000018,0.0005598739886608474,0.0013468779139970502,0.05426232692522588,-0.00016036687486320147,-0.0005784248161723151,0.0030277074906322815,0.0034413430366648217,0.00471705666666665,0.009773283008985006,-0.04208254425087024,-0.023803664078481227,0.0226642684037032,0.010000000000000009,0.006219666192015971,-0.516385345124808,-0.0005911912675884423,-0.009954191197687479
2025-10-31,0.08999999999999986,0.030000000000000027,-0.0001325681122356422,-0.00461768616946901,-0.05236519146782834,-0.0007864089499690326,0.0007759846556332738,0.006145195735972666,-0.03135396765061659,0.0079972733333333,0.019562479939569062,0.11191495771804083,-0.020620386469284352,0.02317023845330613,0.010000000000000009,0.0008464201345077527,-0.516385345124808,0.030861255570344692,0.0026144494615607528
2025-11-01,,,-5.802283518438502e-05,-0.0004961760516007728,0.01005164711376051,-0.0015737270478363128,-0.00019246896147961064,0.0008505902406660813,0.004361717908339141,0.0091253033333333,0.0026773335327793368,-0.1768110651402774,0.012003703108560151,0.022921286161093447,,,-0.516385345124808,,
2025-11-02,,,0.0004299796217169038,-0.000751766388917027,-0.0218450538628952,0.00017007804957925676,-0.0001616688275954818,-0.0004279650177935395,0.00890980220575087,0.0079124533333333,-0.0013459568376982761,-0.8944018281592044,0.005232183933028278,0.022922899196179288,,,-0.516385345124808,,
2025-11-03,0.10000000000000009,0.029999999999999916,0.00012307956832458962,-0.0007616016600463953,0.005893099100424414,0.0017847371789558519,0.0007166384552379192,0.0005294594336292113,-0.016584213590002735,0.0055027158333333,0.0016660853768205573,0.30096281703039396,0.007750406677259359,0.015530945041998189,0.020000000000000018,0.0005378091039132116,-0.516385345124808,-0.01560274357144964,0.0017192311955085415
2025-11-04,0.08999999999999986,0.0,-0.00010553430935271704,-0.0031799731605539373,0.0075959426736101725,-0.00044857704574516435,-0.0015397181101038445,0.004994102809315235,-0.05554770046547092,0.006765068333333299,0.015556403684233513,0.8878850646279558,-0.060230014864375334,0.025400334735312682,-0.010000000000000009,0.0030902904134926246,-0.516385345124808,0.10127530425705622,-0.011806190194192823
2025-11-05,-0.08000000000000007,-0.019999999999999907,-9.169030843872722e-05,-0.005460940780566049,-0.01694659539225159,0.000965488920725916,0.0016714488904550787,0.007425992008944235,0.00939301632106447,0.0027851808333333,0.022730719914369802,0.3683361057401352,-0.06757481864181006,0.032455512644754984,0.020000000000000018,0.00017318127896182034,-0.512629326672001,-0.05351181997857557,0.0036468630849650907
2025-11-06,0.08000000000000007,0.009999999999999898,0.0002863085320308887,0.002008340265320322,-0.004559596987339358,0.007120259424215825,0.001030195640229651,-0.00016437801234575004,-0.022003029398208106,0.0044695733333332995,-0.0004981170907214788,-0.38080600400981607,0.03038879025076446,0.03772116820348976,0.0,-0.0012597366402342658,-0.512629326672001,0.07948730638183621,-0.011241102610423326
2025-11-07,0.020000000000000018,0.020000000000000018,-0.0005442121767457693,0.002061978356132208,-0.006047676981210128,-0.008228726239973973,0.0009690862260936264,-0.0019475416253192882,0.027432240194314242,0.007007962499999999,-0.005926383715886349,-0.2146128698351325,-0.030086150690333505,0.03819432928946196,0.020000000000000018,-0.0025242441086401612,-0.512629326672001,-0.02177379954956038,0.0012610492171649668
2025-11-08,,,9.120939683989834e-05,0.0043296746540622995,-0.004645562512321175,-0.001972088975779242,3.276631799535167e-05,-0.0013479707286590495,-0.02741160135238046,0.007573070833333299,-0.004122685121600234,0.302374869707453,0.02873197336344351,0.040587923184180766,,,-0.512629326672001,,
2025-11-09,,,0.00015142965344776724,-0.001038867730945699,0.0013363376644927516,0.0021902106075813604,0.00015286965324398392,-0.0006220313223603638,0.010608387446675957,0.00683948166666665,-0.0019084827640577348,-0.6110445073706254,-0.010188647955375406,0.03989311124630366,,,-0.512629326672001,,
2025-11-10,-0.1299999999999999,-0.020000000000000018,4.522152057321658e-05,0.000748997960452606,-0.002353367715546878,-9.044033480878535e-05,0.006921623480205921,0.0037840221411566287,-0.009337076796019833,0.00687339,0.011633796730865889,0.17743752983823824,0.036744901891411504,0.04388851202845259,-0.010000000000000009,-0.0007384015261759913,-0.512629326672001,-0.08074176397603416,0.015283571949666452
2025-11-11,0.0,0.0,0.00021201637876419718,0.005244870310706784,0.006836159007120105,0.00015627163863099163,0.0010645538083469551,1.7215690080151148e-05,-0.02790294719336463,0.006570955,5.267679358795109e-05,0.14555689325824492,0.004064051833011283,0.03803964956831444,,,-0.512629326672001,-0.018349138668196652,0.002073245648702482
2025-11-12,0.0,0.010000000000000009,-0.00019680694582635292,-0.002475931716969397,0.003458550115713235,0.0010258108659088412,0.00022515209990023116,0.00031077941573202445,0.007167412523901587,0.005871609999999999,0.0009506639714226997,0.07829507027664742,-0.03529433351851875,0.029680541646975016,-0.030000000000000027,-0.0020846390503876933,-0.509276287243943,0.013222382921850961,0.0006293105606971494
2025-11-13,0.06999999999999984,0.010000000000000009,0.003134765733575449,0.001119552688865856,-0.005379929431573745,-0.0020570510574333457,-0.0010469904119821975,-0.003187209509159006,0.00654170369270146,0.00513301416666665,-0.009782430657074579,-0.1231221414376857,-0.00808759857938471,0.027336940011271647,0.010000000000000009,-0.0022603757975661054,-0.509276287243943,0.1329601272562302,-0.016695497821197947
2025-11-14,-0.020000000000000018,-0.010000000000000009,-0.0005439533981493826,-0.006251769130170393,-0.004985645857906608,-0.0013080969748530602,-0.0010903599723984896,-7.68407843422162e-05,-0.049622648189780655,0.0060395575,-0.00023677278938734122,0.44559235798364455,-0.0350734829482819,0.028240499226667267,-0.010000000000000009,0.0016058638566303074,-0.509276287243943,-0.008536331022286348,-0.0005017963821565274
2025-11-15,,,2.5516443298448782e-05,-0.00781770099606439,-0.0056225972343011505,-0.0001615377149185156,0.0001353775109637663,0.0016382713885439279,0.023373135293206778,0.0069972608333333,0.005036651515668672,0.06402173303824793,-0.047528664445335864,0.028785287856548245,,,-0.509276287243943,,
2025-11-16,,,0.0002937532317197573,-0.0008139982634479241,-0.0009612472895426278,0.00022392553994553854,-0.0018827741454374275,0.003559369713160252,-0.006695690515882756,0.007364632499999999,0.01083585394035015,-0.9998221755928605,0.01565645436981951,0.030880535267466595,,,-0.509276287243943,,
2025-11-17,0.06000000000000005,0.010000000000000009,-0.00020466721861465243,-0.000988622564412498,0.001370452160745904,-0.00035911752051535824,0.0009170814649959769,-0.0023375770913494002,0.022170593837473867,0.00875846249999995,-0.007109619134919345,0.5702656968793492,-0.016686657723971477,0.023024519402827213,0.010000000000000009,0.0012227303767424758,-0.509276287243943,0.12097176035207458,-0.009204541614053596
2025-11-18,0.07000000000000028,0.010000000000000009,-0.0003920778966880542,0.0005077589798149055,-0.002144080974872676,-0.0001378426801048061,0.00029147122629841085,-0.0008116398283450826,-0.008721485422925038,0.007908995,-0.0024811541179063914,0.2745882457221376,-0.02586578488413142,0.021031437413402063,0.010000000000000009,0.0008096488126509982,-0.509276287243943,0.0982306004733089,-0.00829065986303057
2025-11-19,-0.03000000000000025,-0.010000000000000009,-0.0004960245084167885,-0.00016649433093783366,0.006246224495932471,0.00039934550020858495,-0.00026952416125694914,-0.0016326032304126536,0.00601073889599603,0.0081005008333333,-0.005008180069438455,0.06326497879258502,0.019863172250108252,0.025091310643689968,0.010000000000000009,0.0023493019966380757,-0.507493210354495,-0.04261244480684745,0.003746757649478738
2025-11-20,0.0,0.010000000000000009,-0.0003412134891041647,-0.003172059979800167,-0.009067812979710592,-6.011227271219949e-05,-0.002866408288376833,0.0012972417868090302,-0.03199103603654158,0.0105265608333333,0.0039700953229281025,-0.16776382024247574,-0.02412367074574306,0.025197586092969765,0.0,0.001571632324754546,-0.507493210354495,0.11033544054393873,-0.01568966674838812
2025-11-21,0.020000000000000018,0.010000000000000009,0.00484229430051187,-0.009876020966243687,0.002608854801837288,8.37740444112376e-05,-0.00044178502947559724,-0.00014169682836181043,-0.07685943165664505,0.007737945,-0.0004326935427245052,0.1427106523635203,-0.05823529703615691,0.029272444579105515,0.0,0.0014485484614503719,-0.507493210354495,-0.12010404657447493,0.009775031702355719
2025-11-22,,,0.0006072921205091963,0.0017713838729411825,-0.022478703276355042,0.0013521715662243975,-0.000151990661203831,0.0015646322091847904,0.0028870506401366403,0.0053643375,0.004766778806895863,0.2731143345696725,-0.02133931957187675,0.026658945024210207,,,-0.507493210354495,,
2025-11-23,,,-0.001030661657697044,-0.0004884859181011699,-0.002384080694177313,-0.0003304931428120856,0.00012827977763457644,-0.0004971009849230455,0.007884031908927535,0.00194197,-0.0015121912243535767,-1.1613266168135186,-0.001473360155124219,0.023935259510122646,,,-0.507493210354495,,
2025-11-24,-0.040000000000000036,-0.010000000000000009,-0.0003445374139423488,0.0008655292880634598,0.004197229818489479,-0.00048008271894051357,0.0024930028686211683,0.001167717134771306,0.016529864132712613,0.00244799583333335,0.003557444484256444,0.33061034773497905,0.01785759199373514,0.02759624555741397,0.029999999999999916,0.0004249691592139726,-0.507493210354495,-0.1326172322171355,0.015348836917048914
2025-11-25,-0.04999999999999982,-0.010000000000000009,-0.00046576242341301406,0.005826147290019696,0.0006218987603123152,0.0005349337485693946,0.00108565857367512,-0.0022208020514741865,-0.03839865018621118,0.0042779008333333,-0.006783937595001004,0.3135400715392058,0.03494923528568892,0.0321838954333422,0.0,-0.002328880554428814,-0.507493210354495,-0.10039129294451454,0.009020920798512577
2025-11-26,-0.10000000000000009,-0.020000000000000018,0.000645101471535835,0.008913580779026027,0.00824863021330093,0.0006258116522594434,0.0006116338282210628,-0.002976652226359968,0.04507605169224472,0.0055689283333333,-0.009171273854089775,-0.18893280571345847,-0.004944565008701744,0.03034917607931309,-0.029999999999999916,-0.0032098553069728197,-0.507021352282227,-0.07668090796329619,0.006882972184270031
2025-11-27,0.0,0.0,0.0004082740069583827,0.007766698500142713,-0.0016566720568524137,-0.0008642178737662022,-0.0007924260324444015,-4.4965600005335076e-05,-0.005721872165596747,0.0021478716666667,-0.0001390788368949974,-0.005804160029350678,0.029905763348507357,0.03242040598598616,,,-0.507021352282227,0.0011627908286899746,
2025-11-28,-0.04999999999999982,0.0,3.102621248159911e-05,0.0035559996863824433,0.0017546668166207487,0.00022397897334624302,-0.0003400493073439061,0.0009348282664860105,-0.00733331694033706,0.0025994658333333,0.002886476799038448,-0.1796481412684156,0.0024647218914573828,0.020214471211681656,0.0,-0.0015765817367698887,-0.507021352282227,-0.05126271288018547,0.0053404900859028714
2025-11-29,,,0.0005187085633769397,0.006613657016307994,0.0010276617172260338,-0.0004703930170526802,-0.00039567745853652146,-0.0001267425212928336,-0.002893042028000088,-0.0001926158333333,-0.0003907013702630212,0.09018592091943906,0.0010934259429880347,0.01611243167155098,,,-0.507021352282227,,
2025-11-30,-0.03000000000000025,0.0,9.771897052678708e-05,0.00018988795865325245,-0.006725771029709403,0.0005070208583514751,-0.0001590626858311922,-0.0012504994262307857,0.004683328862809713,0.0029757725,-0.00386242711040175,-0.46995253665765824,-0.0075548059862057945,0.017058880064721442,,,-0.507021352282227,,
2025-12-01,0.020000000000000018,0.0,-0.000191268447122745,0.000600527299006167,0.003676578049526171,-0.0005952053026456281,0.0003343310598825501,0.00012435099066915992,-0.0578077952304055,0.0025237366666666502,0.00038488116138307536,0.007985633679535632,-0.002133389105470498,0.017301056492342964,0.0,-0.0005494984622167465,-0.507021352282227,0.05300436789228424,-0.00533755435779959
2025-12-02,-0.020000000000000018,-0.009999999999999898,-0.00019502479970567703,0.011944440445824751,-0.00938256923613346,-0.00039518384354418027,0.0037588943089912983,0.004084357973068731,0.0570169905173041,0.0015402016666667,0.01260693923049424,0.9141344519184083,-0.05682205211967642,0.02585297839437394,0.029999999999999916,0.001325718425764677,-0.507021352282227,-0.03843216103319369,0.0024541868350880236
2025-12-03,-0.029999999999999805,0.0,0.00024444564860307954,-4.247136043362268e-06,-0.009798109654294687,0.0007812455812316293,0.001875461881230717,0.0007234258711032985,0.029546928806658733,0.00537207999999995,0.0022206362190519088,-0.16479019392065405,0.06247255810183491,0.036448862162280674,-0.010000000000000009,-0.00341574242835474,-0.50887415118909,-0.031223840451533036,0.0029753463150949955
2025-12-04,-0.010000000000000231,-0.010000000000000009,0.003811890793837298,0.0039037045331250532,-0.004993753560936314,0.0023054437896525637,-0.0005698960027318192,-0.0021864531807475555,-0.01773631028377373,0.0057443233333333,-0.00672284309961681,0.012607094909460954,0.044558747461255495,0.03853218766031585,0.020000000000000018,-0.0004722252917170877,-0.50887415118909,-0.018832948333091792,0.0010797529874064793
2025-12-05,-0.029999999999999805,-0.010000000000000009,0.0010511257452202616,0.003083212602916195,0.0019353539006529091,-0.000567744649065393,0.00019424865863871998,-0.004351306557816582,-0.028956922040947127,0.0037964125,-0.013517910630811559,-0.15685328480766914,-0.017711231528132934,0.03960625834693006,-0.010000000000000009,8.037689309503548e-05,-0.50887415118909,-0.02372666608570384,0.001934800188635677
2025-12-06,,,5.9880212750190867e-05,0.0001194775509500981,-0.002746194482980254,-0.000303806210382637,-9.370367639913667e-06,-0.0005235066192059134,-0.005300876319475056,0.00154286999999995,-0.001638711397006765,-0.2080422683551405,-0.033656851323270454,0.04204826121411903,,,-0.50887415118909,,
2025-12-07,,,0.000663625537370709,0.000813339515361098,0.0007778944856542541,-2.4421107221458405e-05,0.0003098380518103874,-0.00029446285431183726,-0.009676219192403484,0.0049303708333333,-0.0009232126003890954,-0.7660918779408901,0.0024061383594460007,0.041979654099212206,,,-0.50887415118909,,
2025-12-08,0.040000000000000036,-0.010000000000000009,3.561512572358364e-05,0.000658117859832892,0.0012157660490208523,2.2067683971542674e-06,0.0034995583926329095,0.002547320887659329,0.008581385569493605,0.005240489166666649,0.00798619399962659,0.3874481446650777,0.007352923015594344,0.04205712019750125,0.020000000000000018,0.0007429731608317169,-0.50887415118909,0.07799398740667218,-0.003483295312932455
2025-12-09,0.0,0.010000000000000009,-0.00011295319734447931,0.0018503575926095677,-0.0008407951133210942,-0.0003905743942394759,0.0010124892453597617,0.002494328015326773,0.04979851719162305,0.0027977541666667,0.00776656313425329,0.2908629642986208,0.014227765472093359,0.03339349687500653,-0.030000000000000027,-0.0007686599191014665,-0.50887415118909,0.016076559406347446,-0.0008767431309877338
2025-12-10,0.020000000000000018,-0.010000000000000009,0.0003570949161387656,0.0017735884992490186,0.00018894978730477804,-0.00015738814176871987,-0.0016215345443218719,-0.00045459413836651687,-0.017216732438839765,0.0055777225,-0.0014086898370070581,0.22124246111503099,0.04206825024968829,0.028759167994148054,0.020000000000000018,-6.629145704462047e-05,-0.512316012646723,-0.07097779517009695,0.006726820871525874
2025-12-11,-0.03000000000000025,0.0,0.0019177872384950456,-0.0027281239707384383,-0.0004065100514336923,0.0012966868638654996,0.00041947693393577773,0.001819770799221852,0.0002643606223277927,0.00363303416666665,0.00562954549894621,-0.060922849151159794,-0.0033170391659231727,0.02405212429114801,0.030000000000000027,-0.005777576664342199,-0.512316012646723,-0.06010953572623867,0.0020772175085355116
2025-12-12,0.03000000000000025,0.020000000000000018,0.0005020976817211531,0.000330359324788898,-0.0029726827638267123,-0.0010372810033348746,-0.0005173593150175099,-8.879602869559658e-05,-0.013895132057840064,0.0050257158333333,-0.00027381869041609897,-0.007389905442828402,-0.011089431108851662,0.023282828137621482,0.050000000000000044,0.0013676258002588426,-0.512316012646723,0.05820537774054868,-0.010720936344245757
2025-12-13,,,0.00032714671693007873,0.0026280714664001907,-0.000144036494061939,-0.0013429574535738327,0.0016397937947156562,0.0007617536836001625,0.0020460157817549776,0.0024704533333333,0.002350418712337872,0.11151919899790395,-0.03582099893338013,0.02385147293803615,,,-0.512316012646723,,
2025-12-14,,,-3.540647034456406e-05,-0.0006935673672513348,0.0003974851018428775,0.0003238567380509672,0.00018303338893831914,-0.00505748085219835,-0.0003277872985331912,0.0030840833333333,-0.015712364767919675,-0.7173030295838569,0.004547631966212768,0.023867371990595798,,,-0.512316012646723,,
2025-12-15,0.0,0.0,0.00023682152301605995,-0.00031304113261287734,0.010287273328479108,0.0003254107171364143,-0.0002457161245015551,0.0007381375273861206,0.017934182350056848,0.0047123158333333,0.002308091120676259,0.12114744732744806,-0.019401893649390545,0.025084446205647884,0.0,-0.0015668455098314382,-0.512316012646723,0.047155137917277656,-0.0015977816227152886
2025-12-16,0.06999999999999984,0.010000000000000009,-0.00012122973126690711,0.000584154119662179,-0.0064102283067742835,-0.0007440531599359631,-0.00016673149948384904,-0.0010045126983792175,-0.038384834288609566,0.002976495,-0.0031418080075975383,0.4625904277516728,-0.027155178481116836,0.0256963735766452,0.0,-0.000549518601357768,-0.512316012646723,-0.0012128564252091856,-0.0023867639262764584
2025-12-17,0.010000000000000231,0.0,0.00025737559140118443,-0.0016653319832786594,-0.0026894401326650504,-0.0003258426585760972,-0.001129269168444993,0.00038515026295847824,-0.02937994471431293,0.0059397458333333,0.0012044390318918798,-0.10020775456908344,0.008042927305330797,0.016348639506115002,0.0,0.002206252050951818,-0.517491875398,0.06688709602670784,-0.011659917229323469
2025-12-18,-0.040000000000000036,0.0,-0.0001571258646529228,-0.003486794310248623,-0.002347125043595042,0.0006198236545824163,-0.002260113479671588,-0.0009199220802606473,-0.010195361462800142,0.0053057483333333,-0.002872673314401509,0.030043743913163886,-0.03366821501569615,0.017628123947500695,-0.010000000000000009,-0.0008509299545371718,-0.517491875398,-0.04349772395015661,0.007903012268158705
2025-12-19,-0.050000000000000266,-0.010000000000000009,-0.00043313451092280293,-0.009154895185146648,-0.004367106630172868,-0.0005607688830594487,0.0011776361196372052,-0.0014744336751525535,0.058561063836004616,0.0066383283333333,-0.004627007208023926,0.16004433181895983,-0.0037973366520214205,0.018197995198391267,0.020000000000000018,0.000935816701519876,-0.517491875398,-0.12350476778122976,0.00877937282650798
2025-12-20,,,0.00013202421476627668,-0.003082791369335964,-0.0028308274346400594,-6.791144415000246e-05,-3.6246062043685956e-05,-0.0014093515143912222,-0.00475429360717213,0.0028737700000000003,-0.004442710498815956,-0.09818664571336674,0.04117808130327227,0.025534460494561532,,,-0.517491875398,,
2025-12-21,,,0.0029327362108035816,-0.00020310670703867797,-0.0045525797352244015,0.00022165600577660633,-0.0001662860118336632,-0.000271165540374668,-0.002096858096062194,0.0048603050000000005,-0.000856923620621079,-1.1250675060385358,0.0014446512952389769,0.02538129379705125,,,-0.517491875398,,
2025-12-22,-0.020000000000000018,0.0,7.213933142996836e-05,0.000386216580273212,-0.002927011685952023,-0.00030920948180790516,-0.00076059184866312,1.626060922537705e-05,0.005375429552466624,0.00696577916666665,5.136757279162116e-05,0.26498752888115046,0.005384615838651874,0.02471936861935776,0.04999999999999993,-0.0014490559522588597,-0.517491875398,-0.05727677804675091,0.0064158365019491015
2025-12-23,-0.04999999999999982,-0.010000000000000009,0.00012745082428743844,3.472609304662194e-06,0.000621093151007999,0.00011447858864784628,-0.0009375390309563694,-0.00016442951579436027,-3.675932194228088e-05,0.00487575666666665,-0.0005190705596437019,0.6158748571385673,0.00020941639569091832,0.02194294316456115,-0.030000000000000027,-0.0023821762818965198,-0.517491875398,-0.005698021114637797,0.004540095467190142
2025-12-24,0.009999999999999787,0.0,8.711629996330308e-05,-0.0024998594796003465,-0.0007224457487589379,0.0026151228684813664,-0.00185708330382796,-0.0014341079240646874,-0.00606587726381679,0.0060295341666666506,-0.004530206555022507,0.09604420911539219,-0.012965149823478718,0.02251711460783202,-0.019999999999999907,-0.002245520254398947,-0.525639079426698,-0.03859233919298566,0.0032163381731979968
2025-12-25,,,-0.00018052369132497348,-0.004226803508594488,0.00022649584646347988,-0.0001513595772812343,-0.00012897433899633772,0.00013008723584057358,-0.011025278494630468,0.00620110416666665,0.00041172716912548453,-0.46433239950546573,-0.0018999020435523511,0.017263176985978495,,,-0.525639079426698,,
2025-12-26,0.020000000000000018,0.0,-8.002674352785722e-06,-0.001490639837376497,-0.00298504778401024,0.0003817068830330122,0.0015165317288017748,0.0005823084340567604,0.015706436271017282,0.0073722766666666495,0.00184372743510646,-0.23086402543201745,-0.009494840767131727,0.017829324562074332,0.0,0.00029383511541070106,-0.525639079426698,0.009604802319733707,-0.0003044295972358668
2025-12-27,,,-0.00019762193408517115,0.0005305407320373094,-5.192780046717289e-05,-0.0002291373304699406,4.069060679314776e-05,-0.00040138897123709463,-0.0010648720094713561,0.0064008325,-0.0012705808925651454,0.6468653840044205,0.00428546359410981,0.006917021140334023,,,-0.525639079426698,,
2025-12-28,,,-0.00012553627857620498,-0.000557314073904545,0.0017698307494663848,0.0002400115623428113,-0.00013470877348546737,0.0004540072798551231,0.007747305649288957,0.00827948,0.0014368290151126199,-1.0476573279822912,0.0066339634352531335,0.007577094147101374,,,-0.525639079426698,,
2025-12-29,0.010000000000000231,0.0,-0.00011071601142746797,-0.0011798729077993786,-0.004364187641852907,-5.244613936888628e-05,0.0005303241574083457,-0.00037448618268776405,0.007392796639773732,0.00831622,-0.001185642764915568,0.1527830505319057,-7.942673685367116e-05,0.007058939339007757,-0.010000000000000009,0.0009838444512419997,-0.525639079426698,0.0431721718652085,-0.003498205318253511
2025-12-30,-0.03000000000000025,0.0,-0.00047432875841175553,-0.004837717461004687,-0.0021061835330168114,-0.0007419957430884553,0.003696685949023169,0.005957209795542772,0.00021848665958055038,0.0069422816666666505,0.01876475080356962,1.109529303697293,-0.00612777506827933,0.007148893641570467,0.019999999999999907,-0.0008030657464814794,-0.525639079426698,0.009113277232865702,-0.00137661429740632
2025-12-31,-0.029999999999999805,0.0,0.0028449237988778762,-0.00010360757148949016,0.001137091731398673,-0.0008828461544408673,-0.0009104043202493419,-0.004387018369113423,0.00943505881790634,0.0086378008333333,-0.013771863949941435,-0.3507378507009729,0.013235917612681452,0.007775457712779134,0.020000000000000018,0.0021041683573770342,-0.536309758092848,0.042356057996614904,-0.007384833448339734
