dependent,horizon,specification,variable,is_main_predictor,coef,t_stat,p_value,r_squared,adj_r_squared,nobs,dependent_column,significance,coef_formatted
hy_spread,1,full_all_crypto_predictors,btc_eth_funding_rate_avg,True,-0.7791480645606764,-1.9823075630380158,0.04744482807795256,0.03588182664384432,0.029732242263826203,1421,hy_spread_daily_chg,**,-0.7791**
hy_spread,1,full_all_crypto_predictors,btc_eth_open_interest_daily_log_chg,True,-0.089198190708614,-0.9817981477335868,0.32619930087918936,0.03588182664384432,0.029732242263826203,1421,hy_spread_daily_chg,,-0.0892
hy_spread,1,full_all_crypto_predictors,stablecoin_exchange_netflow_scaled,True,0.946749341219278,0.23969852334230346,0.8105639797794069,0.03588182664384432,0.029732242263826203,1421,hy_spread_daily_chg,,0.9467
hy_spread,1,full_all_crypto_predictors,stablecoin_exchange_reserve_daily_log_chg,True,-0.34419858257573843,-0.26488396664722075,0.7910988500605597,0.03588182664384432,0.029732242263826203,1421,hy_spread_daily_chg,,-0.3442
hy_spread,1,full_all_crypto_predictors,stablecoin_supply_daily_log_chg,True,1.9513080835850283,1.7702414838263274,0.0766869214075928,0.03588182664384432,0.029732242263826203,1421,hy_spread_daily_chg,*,1.9513*
hy_spread,1,full_all_crypto_predictors,tradingVol_btc+eth_daily_log_chg,True,0.006745743523857474,0.7887191212653423,0.430276189583657,0.03588182664384432,0.029732242263826203,1421,hy_spread_daily_chg,,0.0067
hy_spread,1,full_all_crypto_predictors,nfci_weekly_fill,False,-0.04070738530315429,-1.2569323523049831,0.2087781323201573,0.03588182664384432,0.029732242263826203,1421,hy_spread_daily_chg,,-0.0407
hy_spread,1,full_all_crypto_predictors,term_spread_daily_chg,False,-0.046473501968839925,-0.4036277703857,0.6864864613583863,0.03588182664384432,0.029732242263826203,1421,hy_spread_daily_chg,,-0.0465
hy_spread,1,full_all_crypto_predictors,usd_strength_daily_log_chg,False,2.9990995179599107,1.9468726834669288,0.05155000030917225,0.03588182664384432,0.029732242263826203,1421,hy_spread_daily_chg,*,2.9991*
hy_spread,1,group_crypto_market,btc_eth_funding_rate_avg,True,-0.6822259631952171,-1.7166371543165082,0.08604548945327294,0.02590893507770775,0.020390005531405686,1421,hy_spread_daily_chg,*,-0.6822*
hy_spread,1,group_crypto_market,btc_eth_open_interest_daily_log_chg,True,-0.08944013309866611,-1.048413480994928,0.2944481451074462,0.02590893507770775,0.020390005531405686,1421,hy_spread_daily_chg,,-0.0894
hy_spread,1,group_crypto_market,stablecoin_exchange_netflow_scaled,True,1.202833303128441,0.2913084993888205,0.7708153876297104,0.02590893507770775,0.020390005531405686,1421,hy_spread_daily_chg,,1.2028
hy_spread,1,group_crypto_market,stablecoin_exchange_reserve_daily_log_chg,True,-0.3073758061660766,-0.22747403099551655,0.8200551602391994,0.02590893507770775,0.020390005531405686,1421,hy_spread_daily_chg,,-0.3074
hy_spread,1,group_crypto_market,tradingVol_btc+eth_daily_log_chg,True,0.004669440889395529,0.539453833045689,0.5895737443570668,0.02590893507770775,0.020390005531405686,1421,hy_spread_daily_chg,,0.0047
hy_spread,1,group_crypto_market,nfci_weekly_fill,False,-0.038077361411053584,-1.160485623220599,0.24585114380313056,0.02590893507770775,0.020390005531405686,1421,hy_spread_daily_chg,,-0.0381
hy_spread,1,group_crypto_market,term_spread_daily_chg,False,-0.03700884026738068,-0.304029682246136,0.7611052776985067,0.02590893507770775,0.020390005531405686,1421,hy_spread_daily_chg,,-0.037
hy_spread,1,group_crypto_market,usd_strength_daily_log_chg,False,2.9124859141515183,1.8563639288445415,0.06340170254185731,0.02590893507770775,0.020390005531405686,1421,hy_spread_daily_chg,*,2.9125*
hy_spread,1,group_stablecoin_mcaps,stablecoin_supply_daily_log_chg,True,1.5610536528590067,1.324275766821342,0.18541147562609683,0.016833897870521808,0.014056592497274756,1421,hy_spread_daily_chg,,1.5611
hy_spread,1,group_stablecoin_mcaps,nfci_weekly_fill,False,-0.01076029449960887,-0.33544115228647897,0.7372923292622912,0.016833897870521808,0.014056592497274756,1421,hy_spread_daily_chg,,-0.0108
hy_spread,1,group_stablecoin_mcaps,term_spread_daily_chg,False,-0.04930643921660503,-0.4223561055070404,0.6727651118344415,0.016833897870521808,0.014056592497274756,1421,hy_spread_daily_chg,,-0.0493
hy_spread,1,group_stablecoin_mcaps,usd_strength_daily_log_chg,False,3.5468776448804884,2.3370928986959822,0.019434354184236193,0.016833897870521808,0.014056592497274756,1421,hy_spread_daily_chg,**,3.5469**
hy_spread,1,standalone_btc_eth_funding_rate_avg,btc_eth_funding_rate_avg,True,-0.7158108308428767,-1.770222937161057,0.07669000975957936,0.023886073069839475,0.021128689095460618,1421,hy_spread_daily_chg,*,-0.7158*
hy_spread,1,standalone_btc_eth_funding_rate_avg,nfci_weekly_fill,False,-0.03836368376731523,-1.1576591928922049,0.24700314302351034,0.023886073069839475,0.021128689095460618,1421,hy_spread_daily_chg,,-0.0384
hy_spread,1,standalone_btc_eth_funding_rate_avg,term_spread_daily_chg,False,-0.04139332612126644,-0.3407013791018701,0.7333284003519747,0.023886073069839475,0.021128689095460618,1421,hy_spread_daily_chg,,-0.0414
hy_spread,1,standalone_btc_eth_funding_rate_avg,usd_strength_daily_log_chg,False,3.163024311400667,2.0806497767830288,0.037465974205753386,0.023886073069839475,0.021128689095460618,1421,hy_spread_daily_chg,**,3.163**
hy_spread,1,standalone_btc_eth_open_interest_daily_log_chg,btc_eth_open_interest_daily_log_chg,True,-0.1277086548699211,-1.70407885592952,0.08836635621321685,0.01248106588893394,0.009691464380145676,1421,hy_spread_daily_chg,*,-0.1277*
hy_spread,1,standalone_btc_eth_open_interest_daily_log_chg,nfci_weekly_fill,False,-0.01217228389189994,-0.38407633275833697,0.7009218724428676,0.01248106588893394,0.009691464380145676,1421,hy_spread_daily_chg,,-0.0122
hy_spread,1,standalone_btc_eth_open_interest_daily_log_chg,term_spread_daily_chg,False,-0.037711858455759396,-0.3113389094912946,0.7555429905837464,0.01248106588893394,0.009691464380145676,1421,hy_spread_daily_chg,,-0.0377
hy_spread,1,standalone_btc_eth_open_interest_daily_log_chg,usd_strength_daily_log_chg,False,3.1266528772060607,1.95080458221023,0.05108029656225907,0.01248106588893394,0.009691464380145676,1421,hy_spread_daily_chg,*,3.1267*
hy_spread,1,standalone_stablecoin_exchange_netflow_scaled,stablecoin_exchange_netflow_scaled,True,0.4062298888973962,0.5118810060709034,0.6087342921615793,0.010668137798717114,0.007873415024137298,1421,hy_spread_daily_chg,,0.4062
hy_spread,1,standalone_stablecoin_exchange_netflow_scaled,nfci_weekly_fill,False,-0.011648797488030374,-0.3682358650129849,0.7126973698499383,0.010668137798717114,0.007873415024137298,1421,hy_spread_daily_chg,,-0.0116
hy_spread,1,standalone_stablecoin_exchange_netflow_scaled,term_spread_daily_chg,False,-0.0414914512366162,-0.33838181841529424,0.7350754736886195,0.010668137798717114,0.007873415024137298,1421,hy_spread_daily_chg,,-0.0415
hy_spread,1,standalone_stablecoin_exchange_netflow_scaled,usd_strength_daily_log_chg,False,3.43813138391262,2.2374784920406086,0.02525508350234947,0.010668137798717114,0.007873415024137298,1421,hy_spread_daily_chg,**,3.4381**
hy_spread,1,standalone_stablecoin_exchange_reserve_daily_log_chg,stablecoin_exchange_reserve_daily_log_chg,True,0.13193487809819304,0.5029836660184182,0.6149757561722,0.010595376468943818,0.007800448153884365,1421,hy_spread_daily_chg,,0.1319
hy_spread,1,standalone_stablecoin_exchange_reserve_daily_log_chg,nfci_weekly_fill,False,-0.01145192136800872,-0.3600592304084972,0.7188028402804814,0.010595376468943818,0.007800448153884365,1421,hy_spread_daily_chg,,-0.0115
hy_spread,1,standalone_stablecoin_exchange_reserve_daily_log_chg,term_spread_daily_chg,False,-0.041915903130784034,-0.342370918489131,0.7320717712165092,0.010595376468943818,0.007800448153884365,1421,hy_spread_daily_chg,,-0.0419
hy_spread,1,standalone_stablecoin_exchange_reserve_daily_log_chg,usd_strength_daily_log_chg,False,3.4440884141913757,2.2410258154750777,0.02502440285292692,0.010595376468943818,0.007800448153884365,1421,hy_spread_daily_chg,**,3.4441**
hy_spread,1,standalone_stablecoin_supply_daily_log_chg,stablecoin_supply_daily_log_chg,True,1.5610536528590067,1.324275766821342,0.18541147562609683,0.016833897870521808,0.014056592497274756,1421,hy_spread_daily_chg,,1.5611
hy_spread,1,standalone_stablecoin_supply_daily_log_chg,nfci_weekly_fill,False,-0.01076029449960887,-0.33544115228647897,0.7372923292622912,0.016833897870521808,0.014056592497274756,1421,hy_spread_daily_chg,,-0.0108
hy_spread,1,standalone_stablecoin_supply_daily_log_chg,term_spread_daily_chg,False,-0.04930643921660503,-0.4223561055070404,0.6727651118344415,0.016833897870521808,0.014056592497274756,1421,hy_spread_daily_chg,,-0.0493
hy_spread,1,standalone_stablecoin_supply_daily_log_chg,usd_strength_daily_log_chg,False,3.5468776448804884,2.3370928986959822,0.019434354184236193,0.016833897870521808,0.014056592497274756,1421,hy_spread_daily_chg,**,3.5469**
hy_spread,1,standalone_tradingVol_btc+eth_daily_log_chg,tradingVol_btc+eth_daily_log_chg,True,0.005793835046064055,0.6632485934744085,0.5071713541750758,0.010129258018264142,0.007333012984417464,1421,hy_spread_daily_chg,,0.0058
hy_spread,1,standalone_tradingVol_btc+eth_daily_log_chg,nfci_weekly_fill,False,-0.011995264544755921,-0.37771783169800577,0.7056402196994258,0.010129258018264142,0.007333012984417464,1421,hy_spread_daily_chg,,-0.012
hy_spread,1,standalone_tradingVol_btc+eth_daily_log_chg,term_spread_daily_chg,False,-0.04470557668150444,-0.3639505876406731,0.7158949078558132,0.010129258018264142,0.007333012984417464,1421,hy_spread_daily_chg,,-0.0447
hy_spread,1,standalone_tradingVol_btc+eth_daily_log_chg,usd_strength_daily_log_chg,False,3.4785851893844146,2.2699993039954633,0.023207625273162925,0.010129258018264142,0.007333012984417464,1421,hy_spread_daily_chg,**,3.4786**
hy_spread,5,full_all_crypto_predictors,btc_eth_funding_rate_avg,True,-2.5511359542151615,-1.9025135823754313,0.057104044891917366,0.06774428847427671,0.061781032323792284,1417,hy_spread_daily_chg,*,-2.5511*
hy_spread,5,full_all_crypto_predictors,btc_eth_open_interest_daily_log_chg,True,-0.3665838467849223,-1.2029382885700601,0.22900020220264772,0.06774428847427671,0.061781032323792284,1417,hy_spread_daily_chg,,-0.3666
hy_spread,5,full_all_crypto_predictors,stablecoin_exchange_netflow_scaled,True,-12.985255039917247,-0.9352054181469983,0.3496824468061539,0.06774428847427671,0.061781032323792284,1417,hy_spread_daily_chg,,-12.9853
hy_spread,5,full_all_crypto_predictors,stablecoin_exchange_reserve_daily_log_chg,True,5.105223174543477,1.0696856206845076,0.2847608408897243,0.06774428847427671,0.061781032323792284,1417,hy_spread_daily_chg,,5.1052
hy_spread,5,full_all_crypto_predictors,stablecoin_supply_daily_log_chg,True,6.198503185743164,1.3390319178491272,0.18056028240374278,0.06774428847427671,0.061781032323792284,1417,hy_spread_daily_chg,,6.1985
hy_spread,5,full_all_crypto_predictors,tradingVol_btc+eth_daily_log_chg,True,-0.0008584615856883672,-0.04915306099253708,0.9607973179193378,0.06774428847427671,0.061781032323792284,1417,hy_spread_daily_chg,,-0.0009
hy_spread,5,full_all_crypto_predictors,nfci_weekly_fill,False,-0.17443017259086638,-1.4643706355147637,0.14309270687524606,0.06774428847427671,0.061781032323792284,1417,hy_spread_daily_chg,,-0.1744
hy_spread,5,full_all_crypto_predictors,term_spread_daily_chg,False,0.35696846917340963,1.2440325014805196,0.21348760127448285,0.06774428847427671,0.061781032323792284,1417,hy_spread_daily_chg,,0.357
hy_spread,5,full_all_crypto_predictors,usd_strength_daily_log_chg,False,11.037194168747044,2.5505748001760153,0.010754544344045344,0.06774428847427671,0.061781032323792284,1417,hy_spread_daily_chg,**,11.0372**
hy_spread,5,group_crypto_market,btc_eth_funding_rate_avg,True,-2.2437664218549815,-1.7087467303434585,0.08749787395081622,0.05432742378044564,0.04895428414283454,1417,hy_spread_daily_chg,*,-2.2438*
hy_spread,5,group_crypto_market,btc_eth_open_interest_daily_log_chg,True,-0.36742572002707813,-1.1163968730782965,0.2642522913989166,0.05432742378044564,0.04895428414283454,1417,hy_spread_daily_chg,,-0.3674
hy_spread,5,group_crypto_market,stablecoin_exchange_netflow_scaled,True,-12.168462683989224,-0.8367279974025073,0.4027454780498789,0.05432742378044564,0.04895428414283454,1417,hy_spread_daily_chg,,-12.1685
hy_spread,5,group_crypto_market,stablecoin_exchange_reserve_daily_log_chg,True,5.220560853415558,1.0592654722778398,0.28947889492402856,0.05432742378044564,0.04895428414283454,1417,hy_spread_daily_chg,,5.2206
hy_spread,5,group_crypto_market,tradingVol_btc+eth_daily_log_chg,True,-0.007493852498344295,-0.38332902245231804,0.7014758229009798,0.05432742378044564,0.04895428414283454,1417,hy_spread_daily_chg,,-0.0075
hy_spread,5,group_crypto_market,nfci_weekly_fill,False,-0.16615477846376303,-1.427750251727341,0.15336375652240442,0.05432742378044564,0.04895428414283454,1417,hy_spread_daily_chg,,-0.1662
hy_spread,5,group_crypto_market,term_spread_daily_chg,False,0.386643374802509,1.1929482073400106,0.23288965767965064,0.05432742378044564,0.04895428414283454,1417,hy_spread_daily_chg,,0.3866
hy_spread,5,group_crypto_market,usd_strength_daily_log_chg,False,10.757892799291692,2.4303147482963707,0.015085715792541447,0.05432742378044564,0.04895428414283454,1417,hy_spread_daily_chg,**,10.7579**
hy_spread,5,group_stablecoin_mcaps,stablecoin_supply_daily_log_chg,True,5.619971233258713,1.0689221622478853,0.2851047446769339,0.03305162754992874,0.03031239703307309,1417,hy_spread_daily_chg,,5.62
hy_spread,5,group_stablecoin_mcaps,nfci_weekly_fill,False,-0.0863360598344792,-0.6628897700236103,0.5074011540362903,0.03305162754992874,0.03031239703307309,1417,hy_spread_daily_chg,,-0.0863
hy_spread,5,group_stablecoin_mcaps,term_spread_daily_chg,False,0.3434769376545716,1.1678241736057495,0.24287769509997137,0.03305162754992874,0.03031239703307309,1417,hy_spread_daily_chg,,0.3435
hy_spread,5,group_stablecoin_mcaps,usd_strength_daily_log_chg,False,13.06628143884409,2.2116523497102394,0.026990695298476912,0.03305162754992874,0.03031239703307309,1417,hy_spread_daily_chg,**,13.0663**
hy_spread,5,standalone_btc_eth_funding_rate_avg,btc_eth_funding_rate_avg,True,-2.4150889837019327,-1.6392320977201378,0.10116493143611727,0.04228628003888102,0.03957321001066261,1417,hy_spread_daily_chg,,-2.4151
hy_spread,5,standalone_btc_eth_funding_rate_avg,nfci_weekly_fill,False,-0.18002871870359363,-1.5664398320423625,0.11724568406392927,0.04228628003888102,0.03957321001066261,1417,hy_spread_daily_chg,,-0.18
hy_spread,5,standalone_btc_eth_funding_rate_avg,term_spread_daily_chg,False,0.37060785309266997,1.1872723566764007,0.23512020817380463,0.04228628003888102,0.03957321001066261,1417,hy_spread_daily_chg,,0.3706
hy_spread,5,standalone_btc_eth_funding_rate_avg,usd_strength_daily_log_chg,False,11.739472903451965,2.1978239853715587,0.027961651502994043,0.04228628003888102,0.03957321001066261,1417,hy_spread_daily_chg,**,11.7395**
hy_spread,5,standalone_btc_eth_open_interest_daily_log_chg,btc_eth_open_interest_daily_log_chg,True,-0.511844141211518,-1.2981890887729854,0.19422236660151704,0.02660785129716914,0.023850366456651284,1417,hy_spread_daily_chg,,-0.5118
hy_spread,5,standalone_btc_eth_open_interest_daily_log_chg,nfci_weekly_fill,False,-0.09173079103455539,-0.7429083436862067,0.45753717382923265,0.02660785129716914,0.023850366456651284,1417,hy_spread_daily_chg,,-0.0917
hy_spread,5,standalone_btc_eth_open_interest_daily_log_chg,term_spread_daily_chg,False,0.38684892528642545,1.1610730918275987,0.24561217641205202,0.02660785129716914,0.023850366456651284,1417,hy_spread_daily_chg,,0.3868
hy_spread,5,standalone_btc_eth_open_interest_daily_log_chg,usd_strength_daily_log_chg,False,11.406590190477997,2.2759232364232442,0.022850604474274137,0.02660785129716914,0.023850366456651284,1417,hy_spread_daily_chg,**,11.4066**
hy_spread,5,standalone_stablecoin_exchange_netflow_scaled,stablecoin_exchange_netflow_scaled,True,3.3300210171030993,1.012298809623833,0.31139520385725195,0.028065688511360043,0.02531233352130735,1417,hy_spread_daily_chg,,3.33
hy_spread,5,standalone_stablecoin_exchange_netflow_scaled,nfci_weekly_fill,False,-0.08933953391674483,-0.7152661006635741,0.4744446312459739,0.028065688511360043,0.02531233352130735,1417,hy_spread_daily_chg,,-0.0893
hy_spread,5,standalone_stablecoin_exchange_netflow_scaled,term_spread_daily_chg,False,0.3787165242084255,1.1528953464669542,0.24895334236421385,0.028065688511360043,0.02531233352130735,1417,hy_spread_daily_chg,,0.3787
hy_spread,5,standalone_stablecoin_exchange_netflow_scaled,usd_strength_daily_log_chg,False,12.52920379486762,2.1630604147783483,0.030536533217014574,0.028065688511360043,0.02531233352130735,1417,hy_spread_daily_chg,**,12.5292**
hy_spread,5,standalone_stablecoin_exchange_reserve_daily_log_chg,stablecoin_exchange_reserve_daily_log_chg,True,1.2380077118922346,1.1179238021271496,0.26359953833512917,0.029389534365783954,0.026639929647273464,1417,hy_spread_daily_chg,,1.238
hy_spread,5,standalone_stablecoin_exchange_reserve_daily_log_chg,nfci_weekly_fill,False,-0.08741503559314424,-0.6956962334439346,0.48661908485574124,0.029389534365783954,0.026639929647273464,1417,hy_spread_daily_chg,,-0.0874
hy_spread,5,standalone_stablecoin_exchange_reserve_daily_log_chg,term_spread_daily_chg,False,0.3766715510098513,1.1536640907699844,0.24863791134793511,0.029389534365783954,0.026639929647273464,1417,hy_spread_daily_chg,,0.3767
hy_spread,5,standalone_stablecoin_exchange_reserve_daily_log_chg,usd_strength_daily_log_chg,False,12.548878881297188,2.154521725722753,0.031199280067669182,0.029389534365783954,0.026639929647273464,1417,hy_spread_daily_chg,**,12.5489**
hy_spread,5,standalone_stablecoin_supply_daily_log_chg,stablecoin_supply_daily_log_chg,True,5.619971233258713,1.0689221622478853,0.2851047446769339,0.03305162754992874,0.03031239703307309,1417,hy_spread_daily_chg,,5.62
hy_spread,5,standalone_stablecoin_supply_daily_log_chg,nfci_weekly_fill,False,-0.0863360598344792,-0.6628897700236103,0.5074011540362903,0.03305162754992874,0.03031239703307309,1417,hy_spread_daily_chg,,-0.0863
hy_spread,5,standalone_stablecoin_supply_daily_log_chg,term_spread_daily_chg,False,0.3434769376545716,1.1678241736057495,0.24287769509997137,0.03305162754992874,0.03031239703307309,1417,hy_spread_daily_chg,,0.3435
hy_spread,5,standalone_stablecoin_supply_daily_log_chg,usd_strength_daily_log_chg,False,13.06628143884409,2.2116523497102394,0.026990695298476912,0.03305162754992874,0.03031239703307309,1417,hy_spread_daily_chg,**,13.0663**
hy_spread,5,standalone_tradingVol_btc+eth_daily_log_chg,tradingVol_btc+eth_daily_log_chg,True,-0.003097675519081475,-0.16401687190275774,0.8697178618215091,0.021055066813686296,0.018281851705509777,1417,hy_spread_daily_chg,,-0.0031
hy_spread,5,standalone_tradingVol_btc+eth_daily_log_chg,nfci_weekly_fill,False,-0.08971335869801546,-0.714026738590248,0.475210645618554,0.021055066813686296,0.018281851705509777,1417,hy_spread_daily_chg,,-0.0897
hy_spread,5,standalone_tradingVol_btc+eth_daily_log_chg,term_spread_daily_chg,False,0.3662173706833421,1.1194784080125932,0.2629360973307403,0.021055066813686296,0.018281851705509777,1417,hy_spread_daily_chg,,0.3662
hy_spread,5,standalone_tradingVol_btc+eth_daily_log_chg,usd_strength_daily_log_chg,False,12.774828283108056,2.1105308996846963,0.034812652523494025,0.021055066813686296,0.018281851705509777,1417,hy_spread_daily_chg,**,12.7748**
hy_spread,20,full_all_crypto_predictors,btc_eth_funding_rate_avg,True,1.2160388638309856,0.4951665180940074,0.6204825828356759,0.07267286466350997,0.06667721508159308,1402,hy_spread_daily_chg,,1.216
hy_spread,20,full_all_crypto_predictors,btc_eth_open_interest_daily_log_chg,True,-1.0305472648727583,-2.3611389224894457,0.018218904195366325,0.07267286466350997,0.06667721508159308,1402,hy_spread_daily_chg,**,-1.0305**
hy_spread,20,full_all_crypto_predictors,stablecoin_exchange_netflow_scaled,True,-74.18547609439256,-1.6927156115787898,0.090509612220312,0.07267286466350997,0.06667721508159308,1402,hy_spread_daily_chg,*,-74.1855*
hy_spread,20,full_all_crypto_predictors,stablecoin_exchange_reserve_daily_log_chg,True,26.555016285806175,1.604153792054979,0.10868015722261178,0.07267286466350997,0.06667721508159308,1402,hy_spread_daily_chg,,26.555
hy_spread,20,full_all_crypto_predictors,stablecoin_supply_daily_log_chg,True,-6.619803420095454,-1.3888949839390283,0.16486468606350002,0.07267286466350997,0.06667721508159308,1402,hy_spread_daily_chg,,-6.6198
hy_spread,20,full_all_crypto_predictors,tradingVol_btc+eth_daily_log_chg,True,-0.008062008876253652,-0.2514122030428538,0.801495433976867,0.07267286466350997,0.06667721508159308,1402,hy_spread_daily_chg,,-0.0081
hy_spread,20,full_all_crypto_predictors,nfci_weekly_fill,False,-0.7339075349335895,-3.2050727192062967,0.001350283615555117,0.07267286466350997,0.06667721508159308,1402,hy_spread_daily_chg,***,-0.7339***
hy_spread,20,full_all_crypto_predictors,term_spread_daily_chg,False,0.09856141513727745,0.23856807387779425,0.8114405237057489,0.07267286466350997,0.06667721508159308,1402,hy_spread_daily_chg,,0.0986
hy_spread,20,full_all_crypto_predictors,usd_strength_daily_log_chg,False,5.0326197222409235,1.0508908760014508,0.29330871135230374,0.07267286466350997,0.06667721508159308,1402,hy_spread_daily_chg,,5.0326
hy_spread,20,group_crypto_market,btc_eth_funding_rate_avg,True,0.8899717076257895,0.3525393578627675,0.7244338072808054,0.06934013189991006,0.06399535160931369,1402,hy_spread_daily_chg,,0.89
hy_spread,20,group_crypto_market,btc_eth_open_interest_daily_log_chg,True,-1.0287307206578544,-2.4219014816859072,0.01543953563431361,0.06934013189991006,0.06399535160931369,1402,hy_spread_daily_chg,**,-1.0287**
hy_spread,20,group_crypto_market,stablecoin_exchange_netflow_scaled,True,-75.06412229787854,-1.697142403774703,0.08966974106170847,0.06934013189991006,0.06399535160931369,1402,hy_spread_daily_chg,*,-75.0641*
hy_spread,20,group_crypto_market,stablecoin_exchange_reserve_daily_log_chg,True,26.43507337073124,1.5824001172652964,0.113558257976583,0.06934013189991006,0.06399535160931369,1402,hy_spread_daily_chg,,26.4351
hy_spread,20,group_crypto_market,tradingVol_btc+eth_daily_log_chg,True,-0.0008391748155467949,-0.025403281131412294,0.979733293989344,0.06934013189991006,0.06399535160931369,1402,hy_spread_daily_chg,,-0.0008
hy_spread,20,group_crypto_market,nfci_weekly_fill,False,-0.7423843860084769,-3.055609356472952,0.0022460367946042403,0.06934013189991006,0.06399535160931369,1402,hy_spread_daily_chg,***,-0.7424***
hy_spread,20,group_crypto_market,term_spread_daily_chg,False,0.06625149373425605,0.1676190717401564,0.8668829664047906,0.06934013189991006,0.06399535160931369,1402,hy_spread_daily_chg,,0.0663
hy_spread,20,group_crypto_market,usd_strength_daily_log_chg,False,5.342068888228708,1.1186013345234527,0.263310253892299,0.06934013189991006,0.06399535160931369,1402,hy_spread_daily_chg,,5.3421
hy_spread,20,group_stablecoin_mcaps,stablecoin_supply_daily_log_chg,True,-5.157860523422971,-0.8480116343866262,0.396431491404157,0.0480127053221826,0.045286900613012104,1402,hy_spread_daily_chg,,-5.1579
hy_spread,20,group_stablecoin_mcaps,nfci_weekly_fill,False,-0.8165391024005457,-3.095722104776528,0.0019633427121528396,0.0480127053221826,0.045286900613012104,1402,hy_spread_daily_chg,***,-0.8165***
hy_spread,20,group_stablecoin_mcaps,term_spread_daily_chg,False,0.10589566140881801,0.26594875473105006,0.7902786758601618,0.0480127053221826,0.045286900613012104,1402,hy_spread_daily_chg,,0.1059
hy_spread,20,group_stablecoin_mcaps,usd_strength_daily_log_chg,False,6.7289638143462565,1.3683098992441232,0.1712150934772585,0.0480127053221826,0.045286900613012104,1402,hy_spread_daily_chg,,6.729
hy_spread,20,standalone_btc_eth_funding_rate_avg,btc_eth_funding_rate_avg,True,0.522186392835563,0.21981956823724613,0.8260116791051058,0.04602726715799954,0.04329577758651204,1402,hy_spread_daily_chg,,0.5222
hy_spread,20,standalone_btc_eth_funding_rate_avg,nfci_weekly_fill,False,-0.7932517928684385,-3.053129038185148,0.0022646853252712325,0.04602726715799954,0.04329577758651204,1402,hy_spread_daily_chg,***,-0.7933***
hy_spread,20,standalone_btc_eth_funding_rate_avg,term_spread_daily_chg,False,0.0836459141591974,0.2135256763811557,0.8309169640207171,0.04602726715799954,0.04329577758651204,1402,hy_spread_daily_chg,,0.0836
hy_spread,20,standalone_btc_eth_funding_rate_avg,usd_strength_daily_log_chg,False,7.227681314232315,1.3757910625889884,0.16888632925172653,0.04602726715799954,0.04329577758651204,1402,hy_spread_daily_chg,,7.2277
hy_spread,20,standalone_btc_eth_open_interest_daily_log_chg,btc_eth_open_interest_daily_log_chg,True,-1.050139330332279,-2.6170356071721317,0.008869708828781688,0.050893923495458626,0.04817636851620444,1402,hy_spread_daily_chg,***,-1.0501***
hy_spread,20,standalone_btc_eth_open_interest_daily_log_chg,nfci_weekly_fill,False,-0.8167211872835526,-2.972234196730932,0.0029564107576004863,0.050893923495458626,0.04817636851620444,1402,hy_spread_daily_chg,***,-0.8167***
hy_spread,20,standalone_btc_eth_open_interest_daily_log_chg,term_spread_daily_chg,False,0.12935442911792933,0.32806100833574986,0.7428655347615367,0.050893923495458626,0.04817636851620444,1402,hy_spread_daily_chg,,0.1294
hy_spread,20,standalone_btc_eth_open_interest_daily_log_chg,usd_strength_daily_log_chg,False,4.175310536618656,0.9041443163072463,0.3659188820980189,0.050893923495458626,0.04817636851620444,1402,hy_spread_daily_chg,,4.1753
hy_spread,20,standalone_stablecoin_exchange_netflow_scaled,stablecoin_exchange_netflow_scaled,True,1.7898648534350867,0.3107614410556962,0.7559819848328361,0.046253412884706635,0.04352257083140587,1402,hy_spread_daily_chg,,1.7899
hy_spread,20,standalone_stablecoin_exchange_netflow_scaled,nfci_weekly_fill,False,-0.8126101223397121,-2.9189704180009897,0.003511895487205633,0.046253412884706635,0.04352257083140587,1402,hy_spread_daily_chg,***,-0.8126***
hy_spread,20,standalone_stablecoin_exchange_netflow_scaled,term_spread_daily_chg,False,0.09231410850652988,0.22757929223099205,0.8199733199485336,0.046253412884706635,0.04352257083140587,1402,hy_spread_daily_chg,,0.0923
hy_spread,20,standalone_stablecoin_exchange_netflow_scaled,usd_strength_daily_log_chg,False,6.8637165049078535,1.4934523109736264,0.1353188286064383,0.046253412884706635,0.04352257083140587,1402,hy_spread_daily_chg,,6.8637
hy_spread,20,standalone_stablecoin_exchange_reserve_daily_log_chg,stablecoin_exchange_reserve_daily_log_chg,True,1.1710282161080943,0.5064497303070942,0.6125409709673112,0.04743800232376971,0.0447105520798865,1402,hy_spread_daily_chg,,1.171
hy_spread,20,standalone_stablecoin_exchange_reserve_daily_log_chg,nfci_weekly_fill,False,-0.81052457760067,-2.9081311253397333,0.0036359584595632858,0.04743800232376971,0.0447105520798865,1402,hy_spread_daily_chg,***,-0.8105***
hy_spread,20,standalone_stablecoin_exchange_reserve_daily_log_chg,term_spread_daily_chg,False,0.09581267116073892,0.23679926689941566,0.8128125203131876,0.04743800232376971,0.0447105520798865,1402,hy_spread_daily_chg,,0.0958
hy_spread,20,standalone_stablecoin_exchange_reserve_daily_log_chg,usd_strength_daily_log_chg,False,6.779723166962862,1.471340053791822,0.14119917635244375,0.04743800232376971,0.0447105520798865,1402,hy_spread_daily_chg,,6.7797
hy_spread,20,standalone_stablecoin_supply_daily_log_chg,stablecoin_supply_daily_log_chg,True,-5.157860523422971,-0.8480116343866262,0.396431491404157,0.0480127053221826,0.045286900613012104,1402,hy_spread_daily_chg,,-5.1579
hy_spread,20,standalone_stablecoin_supply_daily_log_chg,nfci_weekly_fill,False,-0.8165391024005457,-3.095722104776528,0.0019633427121528396,0.0480127053221826,0.045286900613012104,1402,hy_spread_daily_chg,***,-0.8165***
hy_spread,20,standalone_stablecoin_supply_daily_log_chg,term_spread_daily_chg,False,0.10589566140881801,0.26594875473105006,0.7902786758601618,0.0480127053221826,0.045286900613012104,1402,hy_spread_daily_chg,,0.1059
hy_spread,20,standalone_stablecoin_supply_daily_log_chg,usd_strength_daily_log_chg,False,6.7289638143462565,1.3683098992441232,0.1712150934772585,0.0480127053221826,0.045286900613012104,1402,hy_spread_daily_chg,,6.729
hy_spread,20,standalone_tradingVol_btc+eth_daily_log_chg,tradingVol_btc+eth_daily_log_chg,True,0.012875188005934436,0.37412924914427537,0.7083081585952755,0.04584606250475054,0.04311405409388369,1402,hy_spread_daily_chg,,0.0129
hy_spread,20,standalone_tradingVol_btc+eth_daily_log_chg,nfci_weekly_fill,False,-0.8136455919086126,-2.9512779281671775,0.003164620191238872,0.04584606250475054,0.04311405409388369,1402,hy_spread_daily_chg,***,-0.8136***
hy_spread,20,standalone_tradingVol_btc+eth_daily_log_chg,term_spread_daily_chg,False,0.08171756334740352,0.20647876271122229,0.8364169522220979,0.04584606250475054,0.04311405409388369,1402,hy_spread_daily_chg,,0.0817
hy_spread,20,standalone_tradingVol_btc+eth_daily_log_chg,usd_strength_daily_log_chg,False,7.020764762483095,1.4810418483927676,0.1385954222517502,0.04584606250475054,0.04311405409388369,1402,hy_spread_daily_chg,,7.0208
ig_spread,1,full_all_crypto_predictors,btc_eth_funding_rate_avg,True,-0.2611077794373461,-2.439482089136465,0.014708331772518972,0.0767302662883772,0.0708370552221328,1420,ig_spread_daily_chg,**,-0.2611**
ig_spread,1,full_all_crypto_predictors,btc_eth_open_interest_daily_log_chg,True,-0.010544913087975123,-0.5277310090195307,0.5976860476047083,0.0767302662883772,0.0708370552221328,1420,ig_spread_daily_chg,,-0.0105
ig_spread,1,full_all_crypto_predictors,stablecoin_exchange_netflow_scaled,True,0.7240210083076898,0.6191214204837573,0.5358363730027502,0.0767302662883772,0.0708370552221328,1420,ig_spread_daily_chg,,0.724
ig_spread,1,full_all_crypto_predictors,stablecoin_exchange_reserve_daily_log_chg,True,-0.2053442514878555,-0.5394426175274264,0.5895814812860134,0.0767302662883772,0.0708370552221328,1420,ig_spread_daily_chg,,-0.2053
ig_spread,1,full_all_crypto_predictors,stablecoin_supply_daily_log_chg,True,0.7031524904323714,1.5129142112298952,0.13030145160183534,0.0767302662883772,0.0708370552221328,1420,ig_spread_daily_chg,,0.7032
ig_spread,1,full_all_crypto_predictors,tradingVol_btc+eth_daily_log_chg,True,0.002171062554709228,1.091277787811536,0.2751506685226093,0.0767302662883772,0.0708370552221328,1420,ig_spread_daily_chg,,0.0022
ig_spread,1,full_all_crypto_predictors,nfci_weekly_fill,False,-0.01723238660012856,-1.64760202120928,0.09943436540657846,0.0767302662883772,0.0708370552221328,1420,ig_spread_daily_chg,*,-0.0172*
ig_spread,1,full_all_crypto_predictors,term_spread_daily_chg,False,0.04480710909132921,1.201546390185981,0.22953932275236766,0.0767302662883772,0.0708370552221328,1420,ig_spread_daily_chg,,0.0448
ig_spread,1,full_all_crypto_predictors,usd_strength_daily_log_chg,False,1.6509442227114306,2.3743373139761275,0.017580481608865318,0.0767302662883772,0.0708370552221328,1420,ig_spread_daily_chg,**,1.6509**
ig_spread,1,group_crypto_market,btc_eth_funding_rate_avg,True,-0.22619437215040103,-2.1557042454149173,0.031106766469343624,0.05995062598679968,0.054620792540941654,1420,ig_spread_daily_chg,**,-0.2262**
ig_spread,1,group_crypto_market,btc_eth_open_interest_daily_log_chg,True,-0.010622168340007732,-0.5188852865842297,0.6038407387116074,0.05995062598679968,0.054620792540941654,1420,ig_spread_daily_chg,,-0.0106
ig_spread,1,group_crypto_market,stablecoin_exchange_netflow_scaled,True,0.8163795882173867,0.6265449034655807,0.5309575938268625,0.05995062598679968,0.054620792540941654,1420,ig_spread_daily_chg,,0.8164
ig_spread,1,group_crypto_market,stablecoin_exchange_reserve_daily_log_chg,True,-0.1921121296049507,-0.4737869877297733,0.6356518145902483,0.05995062598679968,0.054620792540941654,1420,ig_spread_daily_chg,,-0.1921
ig_spread,1,group_crypto_market,tradingVol_btc+eth_daily_log_chg,True,0.0014250389291968978,0.6774711201265129,0.49810708763870826,0.05995062598679968,0.054620792540941654,1420,ig_spread_daily_chg,,0.0014
ig_spread,1,group_crypto_market,nfci_weekly_fill,False,-0.016287024831548827,-1.5087705933758349,0.1313574181075195,0.05995062598679968,0.054620792540941654,1420,ig_spread_daily_chg,,-0.0163
ig_spread,1,group_crypto_market,term_spread_daily_chg,False,0.048221136692318804,1.1940275989845979,0.23246717229661984,0.05995062598679968,0.054620792540941654,1420,ig_spread_daily_chg,,0.0482
ig_spread,1,group_crypto_market,usd_strength_daily_log_chg,False,1.619783033402502,2.295206526349545,0.02172129135669186,0.05995062598679968,0.054620792540941654,1420,ig_spread_daily_chg,**,1.6198**
ig_spread,1,group_stablecoin_mcaps,stablecoin_supply_daily_log_chg,True,0.6177608518204157,1.2781044210838197,0.2012126103048617,0.04958553170895019,0.046898847699646806,1420,ig_spread_daily_chg,,0.6178
ig_spread,1,group_stablecoin_mcaps,nfci_weekly_fill,False,-0.007127588922845743,-0.5939224735418273,0.5525639670193463,0.04958553170895019,0.046898847699646806,1420,ig_spread_daily_chg,,-0.0071
ig_spread,1,group_stablecoin_mcaps,term_spread_daily_chg,False,0.04366303594503712,1.1487095701475358,0.25067575830551814,0.04958553170895019,0.046898847699646806,1420,ig_spread_daily_chg,,0.0437
ig_spread,1,group_stablecoin_mcaps,usd_strength_daily_log_chg,False,1.7989283795592441,2.54546010727323,0.010913383294686399,0.04958553170895019,0.046898847699646806,1420,ig_spread_daily_chg,**,1.7989**
ig_spread,1,standalone_btc_eth_funding_rate_avg,btc_eth_funding_rate_avg,True,-0.23460769308215135,-2.096536825790364,0.03603459670748317,0.05497386789341585,0.05230241592986362,1420,ig_spread_daily_chg,**,-0.2346**
ig_spread,1,standalone_btc_eth_funding_rate_avg,nfci_weekly_fill,False,-0.016243557744607617,-1.4711563566360768,0.141248836935316,0.05497386789341585,0.05230241592986362,1420,ig_spread_daily_chg,,-0.0162
ig_spread,1,standalone_btc_eth_funding_rate_avg,term_spread_daily_chg,False,0.046689319999677785,1.1633680839952998,0.24468019293450793,0.05497386789341585,0.05230241592986362,1420,ig_spread_daily_chg,,0.0467
ig_spread,1,standalone_btc_eth_funding_rate_avg,usd_strength_daily_log_chg,False,1.667864361048523,2.433472618726761,0.01495476646833937,0.05497386789341585,0.05230241592986362,1420,ig_spread_daily_chg,**,1.6679**
ig_spread,1,standalone_btc_eth_open_interest_daily_log_chg,btc_eth_open_interest_daily_log_chg,True,-0.024246854432550563,-1.2395236465751265,0.21515163720320163,0.03669769475751117,0.03397457870028853,1420,ig_spread_daily_chg,,-0.0242
ig_spread,1,standalone_btc_eth_open_interest_daily_log_chg,nfci_weekly_fill,False,-0.007593721265422616,-0.6442392235203698,0.5194203197413094,0.03669769475751117,0.03397457870028853,1420,ig_spread_daily_chg,,-0.0076
ig_spread,1,standalone_btc_eth_open_interest_daily_log_chg,term_spread_daily_chg,False,0.04714803908951396,1.1686892339320991,0.24252886114274674,0.03669769475751117,0.03397457870028853,1420,ig_spread_daily_chg,,0.0471
ig_spread,1,standalone_btc_eth_open_interest_daily_log_chg,usd_strength_daily_log_chg,False,1.7030833009089212,2.274688458343042,0.022924625346009777,0.03669769475751117,0.03397457870028853,1420,ig_spread_daily_chg,**,1.7031**
ig_spread,1,standalone_stablecoin_exchange_netflow_scaled,stablecoin_exchange_netflow_scaled,True,0.28595602771750367,1.1798935907653736,0.23804253931211183,0.04051601273862948,0.037803690513155574,1420,ig_spread_daily_chg,,0.286
ig_spread,1,standalone_stablecoin_exchange_netflow_scaled,nfci_weekly_fill,False,-0.007460316417954741,-0.6355377146912319,0.5250777773021433,0.04051601273862948,0.037803690513155574,1420,ig_spread_daily_chg,,-0.0075
ig_spread,1,standalone_stablecoin_exchange_netflow_scaled,term_spread_daily_chg,False,0.047252054235867647,1.1616437907025863,0.24538018655669624,0.04051601273862948,0.037803690513155574,1420,ig_spread_daily_chg,,0.0473
ig_spread,1,standalone_stablecoin_exchange_netflow_scaled,usd_strength_daily_log_chg,False,1.746473427254211,2.485261901147855,0.01294561543473578,0.04051601273862948,0.037803690513155574,1420,ig_spread_daily_chg,**,1.7465**
ig_spread,1,standalone_stablecoin_exchange_reserve_daily_log_chg,stablecoin_exchange_reserve_daily_log_chg,True,0.09271429545094703,1.1935417533385424,0.2326572701006483,0.04003328520878402,0.03731959838251908,1420,ig_spread_daily_chg,,0.0927
ig_spread,1,standalone_stablecoin_exchange_reserve_daily_log_chg,nfci_weekly_fill,False,-0.007322036169651997,-0.6201266749754689,0.5351743914727978,0.04003328520878402,0.03731959838251908,1420,ig_spread_daily_chg,,-0.0073
ig_spread,1,standalone_stablecoin_exchange_reserve_daily_log_chg,term_spread_daily_chg,False,0.04695184068776634,1.1564495110323099,0.24749733989329303,0.04003328520878402,0.03731959838251908,1420,ig_spread_daily_chg,,0.047
ig_spread,1,standalone_stablecoin_exchange_reserve_daily_log_chg,usd_strength_daily_log_chg,False,1.7506961976487148,2.481512709835093,0.013082604466834454,0.04003328520878402,0.03731959838251908,1420,ig_spread_daily_chg,**,1.7507**
ig_spread,1,standalone_stablecoin_supply_daily_log_chg,stablecoin_supply_daily_log_chg,True,0.6177608518204157,1.2781044210838197,0.2012126103048617,0.04958553170895019,0.046898847699646806,1420,ig_spread_daily_chg,,0.6178
ig_spread,1,standalone_stablecoin_supply_daily_log_chg,nfci_weekly_fill,False,-0.007127588922845743,-0.5939224735418273,0.5525639670193463,0.04958553170895019,0.046898847699646806,1420,ig_spread_daily_chg,,-0.0071
ig_spread,1,standalone_stablecoin_supply_daily_log_chg,term_spread_daily_chg,False,0.04366303594503712,1.1487095701475358,0.25067575830551814,0.04958553170895019,0.046898847699646806,1420,ig_spread_daily_chg,,0.0437
ig_spread,1,standalone_stablecoin_supply_daily_log_chg,usd_strength_daily_log_chg,False,1.7989283795592441,2.54546010727323,0.010913383294686399,0.04958553170895019,0.046898847699646806,1420,ig_spread_daily_chg,**,1.7989**
ig_spread,1,standalone_tradingVol_btc+eth_daily_log_chg,tradingVol_btc+eth_daily_log_chg,True,0.001529891438515978,0.7019320118730448,0.48272156409357836,0.03570607401168069,0.03298015478627192,1420,ig_spread_daily_chg,,0.0015
ig_spread,1,standalone_tradingVol_btc+eth_daily_log_chg,nfci_weekly_fill,False,-0.007582439515152663,-0.6426304502702977,0.5204639197906711,0.03570607401168069,0.03298015478627192,1420,ig_spread_daily_chg,,-0.0076
ig_spread,1,standalone_tradingVol_btc+eth_daily_log_chg,term_spread_daily_chg,False,0.04570416469943759,1.117926299731421,0.2635984715362969,0.03570607401168069,0.03298015478627192,1420,ig_spread_daily_chg,,0.0457
ig_spread,1,standalone_tradingVol_btc+eth_daily_log_chg,usd_strength_daily_log_chg,False,1.7706507976985206,2.482049662723723,0.013062906801041838,0.03570607401168069,0.03298015478627192,1420,ig_spread_daily_chg,**,1.7707**
ig_spread,5,full_all_crypto_predictors,btc_eth_funding_rate_avg,True,-1.2907725336900122,-1.6485856130053156,0.09923255814907855,0.12309626619879888,0.1174830844034852,1416,ig_spread_daily_chg,*,-1.2908*
ig_spread,5,full_all_crypto_predictors,btc_eth_open_interest_daily_log_chg,True,-0.2015199083007791,-1.2659717717589891,0.20552318868014308,0.12309626619879888,0.1174830844034852,1416,ig_spread_daily_chg,,-0.2015
ig_spread,5,full_all_crypto_predictors,stablecoin_exchange_netflow_scaled,True,-2.5847165356021407,-0.4604397227438403,0.6452006279827582,0.12309626619879888,0.1174830844034852,1416,ig_spread_daily_chg,,-2.5847
ig_spread,5,full_all_crypto_predictors,stablecoin_exchange_reserve_daily_log_chg,True,1.2195079421573682,0.6632420466981873,0.5071755464109726,0.12309626619879888,0.1174830844034852,1416,ig_spread_daily_chg,,1.2195
ig_spread,5,full_all_crypto_predictors,stablecoin_supply_daily_log_chg,True,2.478955246762206,1.0441282747116303,0.296426045820985,0.12309626619879888,0.1174830844034852,1416,ig_spread_daily_chg,,2.479
ig_spread,5,full_all_crypto_predictors,tradingVol_btc+eth_daily_log_chg,True,-0.00012840838756285333,-0.023742369938448214,0.9810581091970112,0.12309626619879888,0.1174830844034852,1416,ig_spread_daily_chg,,-0.0001
ig_spread,5,full_all_crypto_predictors,nfci_weekly_fill,False,-0.10333069021474892,-2.2343824397223466,0.025457920127702753,0.12309626619879888,0.1174830844034852,1416,ig_spread_daily_chg,**,-0.1033**
ig_spread,5,full_all_crypto_predictors,term_spread_daily_chg,False,0.23866960082548366,1.8551491153904374,0.0635749357085161,0.12309626619879888,0.1174830844034852,1416,ig_spread_daily_chg,*,0.2387*
ig_spread,5,full_all_crypto_predictors,usd_strength_daily_log_chg,False,5.254402405662224,2.668385050953889,0.007621685385705446,0.12309626619879888,0.1174830844034852,1416,ig_spread_daily_chg,***,5.2544***
ig_spread,5,group_crypto_market,btc_eth_funding_rate_avg,True,-1.1678910902560005,-1.5727621635002056,0.11577389975452791,0.1067591264536486,0.10168028708735799,1416,ig_spread_daily_chg,,-1.1679
ig_spread,5,group_crypto_market,btc_eth_open_interest_daily_log_chg,True,-0.2018215239366181,-1.1914332099648741,0.2334835620597303,0.1067591264536486,0.10168028708735799,1416,ig_spread_daily_chg,,-0.2018
ig_spread,5,group_crypto_market,stablecoin_exchange_netflow_scaled,True,-2.2577803364443367,-0.36623904767269955,0.7141867073826127,0.1067591264536486,0.10168028708735799,1416,ig_spread_daily_chg,,-2.2578
ig_spread,5,group_crypto_market,stablecoin_exchange_reserve_daily_log_chg,True,1.265504643908951,0.6482225089163258,0.5168410455162087,0.1067591264536486,0.10168028708735799,1416,ig_spread_daily_chg,,1.2655
ig_spread,5,group_crypto_market,tradingVol_btc+eth_daily_log_chg,True,-0.002774318582107249,-0.4129665361886101,0.6796311314461823,0.1067591264536486,0.10168028708735799,1416,ig_spread_daily_chg,,-0.0028
ig_spread,5,group_crypto_market,nfci_weekly_fill,False,-0.10002956584092633,-2.24504834302819,0.024765029270837433,0.1067591264536486,0.10168028708735799,1416,ig_spread_daily_chg,**,-0.1**
ig_spread,5,group_crypto_market,term_spread_daily_chg,False,0.25054949396108034,1.7082437169114757,0.08759112987405498,0.1067591264536486,0.10168028708735799,1416,ig_spread_daily_chg,*,0.2505*
ig_spread,5,group_crypto_market,usd_strength_daily_log_chg,False,5.142876351677426,2.5804359375758614,0.009867566258131153,0.1067591264536486,0.10168028708735799,1416,ig_spread_daily_chg,***,5.1429***
ig_spread,5,group_stablecoin_mcaps,stablecoin_supply_daily_log_chg,True,2.1866243868259643,0.8228807573498129,0.41057580641157276,0.05856494873457452,0.055896103798315444,1416,ig_spread_daily_chg,,2.1866
ig_spread,5,group_stablecoin_mcaps,nfci_weekly_fill,False,-0.056620241402836995,-1.004684815354786,0.31504864216347894,0.05856494873457452,0.055896103798315444,1416,ig_spread_daily_chg,,-0.0566
ig_spread,5,group_stablecoin_mcaps,term_spread_daily_chg,False,0.22773787824539315,1.71892795678907,0.0856274908547558,0.05856494873457452,0.055896103798315444,1416,ig_spread_daily_chg,*,0.2277*
ig_spread,5,group_stablecoin_mcaps,usd_strength_daily_log_chg,False,6.369240542736083,2.176198428193658,0.02954042640683397,0.05856494873457452,0.055896103798315444,1416,ig_spread_daily_chg,**,6.3692**
ig_spread,5,standalone_btc_eth_funding_rate_avg,btc_eth_funding_rate_avg,True,-1.2564031626670542,-1.506689841721801,0.1318901765682746,0.08849392055562899,0.08590992033041467,1416,ig_spread_daily_chg,,-1.2564
ig_spread,5,standalone_btc_eth_funding_rate_avg,nfci_weekly_fill,False,-0.10491519676935686,-2.408446263417715,0.01602058456567535,0.08849392055562899,0.08590992033041467,1416,ig_spread_daily_chg,**,-0.1049**
ig_spread,5,standalone_btc_eth_funding_rate_avg,term_spread_daily_chg,False,0.23902617362331982,1.714055582998683,0.08651851818722057,0.08849392055562899,0.08590992033041467,1416,ig_spread_daily_chg,*,0.239*
ig_spread,5,standalone_btc_eth_funding_rate_avg,usd_strength_daily_log_chg,False,5.716814503927655,2.2654892746706015,0.023482671453503842,0.08849392055562899,0.08590992033041467,1416,ig_spread_daily_chg,**,5.7168**
ig_spread,5,standalone_btc_eth_open_interest_daily_log_chg,btc_eth_open_interest_daily_log_chg,True,-0.2734530794320016,-1.3162869191502344,0.18807775961674622,0.05681373268612999,0.05413992328198014,1416,ig_spread_daily_chg,,-0.2735
ig_spread,5,standalone_btc_eth_open_interest_daily_log_chg,nfci_weekly_fill,False,-0.05898735335372079,-1.1259391876655436,0.2601912606455056,0.05681373268612999,0.05413992328198014,1416,ig_spread_daily_chg,,-0.059
ig_spread,5,standalone_btc_eth_open_interest_daily_log_chg,term_spread_daily_chg,False,0.24773034846783304,1.6292782684085694,0.10325412445421155,0.05681373268612999,0.05413992328198014,1416,ig_spread_daily_chg,,0.2477
ig_spread,5,standalone_btc_eth_open_interest_daily_log_chg,usd_strength_daily_log_chg,False,5.524140438609651,2.3389522949969344,0.019337902557653983,0.05681373268612999,0.05413992328198014,1416,ig_spread_daily_chg,**,5.5241**
ig_spread,5,standalone_stablecoin_exchange_netflow_scaled,stablecoin_exchange_netflow_scaled,True,1.5986215357617382,0.9879949483763563,0.3231551222285671,0.0570455273188577,0.05437237502210046,1416,ig_spread_daily_chg,,1.5986
ig_spread,5,standalone_stablecoin_exchange_netflow_scaled,nfci_weekly_fill,False,-0.057742675270242814,-1.0733004254720224,0.28313634437253155,0.0570455273188577,0.05437237502210046,1416,ig_spread_daily_chg,,-0.0577
ig_spread,5,standalone_stablecoin_exchange_netflow_scaled,term_spread_daily_chg,False,0.24267107952626288,1.6255303319395429,0.10404960622066009,0.0570455273188577,0.05437237502210046,1416,ig_spread_daily_chg,,0.2427
ig_spread,5,standalone_stablecoin_exchange_netflow_scaled,usd_strength_daily_log_chg,False,6.137520406858066,2.1847327281643585,0.028908449037511847,0.0570455273188577,0.05437237502210046,1416,ig_spread_daily_chg,**,6.1375**
ig_spread,5,standalone_stablecoin_exchange_reserve_daily_log_chg,stablecoin_exchange_reserve_daily_log_chg,True,0.5683838602013392,1.0667902929065247,0.28606654292892486,0.058118176604186056,0.05544806512751477,1416,ig_spread_daily_chg,,0.5684
ig_spread,5,standalone_stablecoin_exchange_reserve_daily_log_chg,nfci_weekly_fill,False,-0.05686969622937512,-1.0484795246668617,0.2944177310526044,0.058118176604186056,0.05544806512751477,1416,ig_spread_daily_chg,,-0.0569
ig_spread,5,standalone_stablecoin_exchange_reserve_daily_log_chg,term_spread_daily_chg,False,0.2414506450663127,1.6296220388274605,0.10318140355599034,0.058118176604186056,0.05544806512751477,1416,ig_spread_daily_chg,,0.2415
ig_spread,5,standalone_stablecoin_exchange_reserve_daily_log_chg,usd_strength_daily_log_chg,False,6.151792546326259,2.1732263166813035,0.029763288016572673,0.058118176604186056,0.05544806512751477,1416,ig_spread_daily_chg,**,6.1518**
ig_spread,5,standalone_stablecoin_supply_daily_log_chg,stablecoin_supply_daily_log_chg,True,2.1866243868259643,0.8228807573498129,0.41057580641157276,0.05856494873457452,0.055896103798315444,1416,ig_spread_daily_chg,,2.1866
ig_spread,5,standalone_stablecoin_supply_daily_log_chg,nfci_weekly_fill,False,-0.056620241402836995,-1.004684815354786,0.31504864216347894,0.05856494873457452,0.055896103798315444,1416,ig_spread_daily_chg,,-0.0566
ig_spread,5,standalone_stablecoin_supply_daily_log_chg,term_spread_daily_chg,False,0.22773787824539315,1.71892795678907,0.0856274908547558,0.05856494873457452,0.055896103798315444,1416,ig_spread_daily_chg,*,0.2277*
ig_spread,5,standalone_stablecoin_supply_daily_log_chg,usd_strength_daily_log_chg,False,6.369240542736083,2.176198428193658,0.02954042640683397,0.05856494873457452,0.055896103798315444,1416,ig_spread_daily_chg,**,6.3692**
ig_spread,5,standalone_tradingVol_btc+eth_daily_log_chg,tradingVol_btc+eth_daily_log_chg,True,-0.0006704872745844793,-0.10807374065791023,0.9139371980471124,0.044732512138171754,0.04202445405776978,1416,ig_spread_daily_chg,,-0.0007
ig_spread,5,standalone_tradingVol_btc+eth_daily_log_chg,nfci_weekly_fill,False,-0.05797091641663505,-1.0793634965335706,0.28042571704975616,0.044732512138171754,0.04202445405776978,1416,ig_spread_daily_chg,,-0.058
ig_spread,5,standalone_tradingVol_btc+eth_daily_log_chg,term_spread_daily_chg,False,0.23645841267623569,1.5962898104537748,0.11042410399660588,0.044732512138171754,0.04202445405776978,1416,ig_spread_daily_chg,,0.2365
ig_spread,5,standalone_tradingVol_btc+eth_daily_log_chg,usd_strength_daily_log_chg,False,6.256792793129603,2.1164369976380213,0.034307658228081565,0.044732512138171754,0.04202445405776978,1416,ig_spread_daily_chg,**,6.2568**
ig_spread,20,full_all_crypto_predictors,btc_eth_funding_rate_avg,True,0.2300246781843011,0.2817340369252701,0.7781474535205927,0.10628461999645189,0.1005021337131794,1401,ig_spread_daily_chg,,0.23
ig_spread,20,full_all_crypto_predictors,btc_eth_open_interest_daily_log_chg,True,-0.32476362833327577,-1.8100404899505158,0.07028950838733847,0.10628461999645189,0.1005021337131794,1401,ig_spread_daily_chg,*,-0.3248*
ig_spread,20,full_all_crypto_predictors,stablecoin_exchange_netflow_scaled,True,-31.828455787025536,-1.955289256701788,0.050548938523958406,0.10628461999645189,0.1005021337131794,1401,ig_spread_daily_chg,*,-31.8285*
ig_spread,20,full_all_crypto_predictors,stablecoin_exchange_reserve_daily_log_chg,True,11.457000456971564,1.863037347654336,0.06245701186281641,0.10628461999645189,0.1005021337131794,1401,ig_spread_daily_chg,*,11.457*
ig_spread,20,full_all_crypto_predictors,stablecoin_supply_daily_log_chg,True,-2.998611578178517,-1.4699860213883227,0.14156553993526233,0.10628461999645189,0.1005021337131794,1401,ig_spread_daily_chg,,-2.9986
ig_spread,20,full_all_crypto_predictors,tradingVol_btc+eth_daily_log_chg,True,-0.003542494096792465,-0.3469790953902538,0.7286070237452451,0.10628461999645189,0.1005021337131794,1401,ig_spread_daily_chg,,-0.0035
ig_spread,20,full_all_crypto_predictors,nfci_weekly_fill,False,-0.3635653237710149,-3.634751351703806,0.00027824886516157285,0.10628461999645189,0.1005021337131794,1401,ig_spread_daily_chg,***,-0.3636***
ig_spread,20,full_all_crypto_predictors,term_spread_daily_chg,False,0.14389403109191326,0.8026977099520449,0.42214947689349447,0.10628461999645189,0.1005021337131794,1401,ig_spread_daily_chg,,0.1439
ig_spread,20,full_all_crypto_predictors,usd_strength_daily_log_chg,False,4.127526950058635,2.889821705733432,0.0038546037797207496,0.10628461999645189,0.1005021337131794,1401,ig_spread_daily_chg,***,4.1275***
ig_spread,20,group_crypto_market,btc_eth_funding_rate_avg,True,0.08237999733791977,0.09580995191236502,0.9236715132413692,0.10154388068173748,0.09638033976611526,1401,ig_spread_daily_chg,,0.0824
ig_spread,20,group_crypto_market,btc_eth_open_interest_daily_log_chg,True,-0.32398399883307716,-1.8732579979220911,0.06103276688792941,0.10154388068173748,0.09638033976611526,1401,ig_spread_daily_chg,*,-0.324*
ig_spread,20,group_crypto_market,stablecoin_exchange_netflow_scaled,True,-32.226800941221384,-1.9487910473670154,0.05132038334345789,0.10154388068173748,0.09638033976611526,1401,ig_spread_daily_chg,*,-32.2268*
ig_spread,20,group_crypto_market,stablecoin_exchange_reserve_daily_log_chg,True,11.402827945634622,1.8320253659910462,0.06694764152228913,0.10154388068173748,0.09638033976611526,1401,ig_spread_daily_chg,*,11.4028*
ig_spread,20,group_crypto_market,tradingVol_btc+eth_daily_log_chg,True,-0.00028031931181283706,-0.025421945279790425,0.9797184069613171,0.10154388068173748,0.09638033976611526,1401,ig_spread_daily_chg,,-0.0003
ig_spread,20,group_crypto_market,nfci_weekly_fill,False,-0.3673945809944829,-3.3876836540973696,0.0007048551011590831,0.10154388068173748,0.09638033976611526,1401,ig_spread_daily_chg,***,-0.3674***
ig_spread,20,group_crypto_market,term_spread_daily_chg,False,0.1292432692003442,0.7656448119809368,0.4438876729870943,0.10154388068173748,0.09638033976611526,1401,ig_spread_daily_chg,,0.1292
ig_spread,20,group_crypto_market,usd_strength_daily_log_chg,False,4.267487547955044,3.0711615862688704,0.0021322772262678913,0.10154388068173748,0.09638033976611526,1401,ig_spread_daily_chg,***,4.2675***
ig_spread,20,group_stablecoin_mcaps,stablecoin_supply_daily_log_chg,True,-2.435226949653755,-0.9168036344482468,0.3592455477900144,0.077720552237867,0.07507791771705863,1401,ig_spread_daily_chg,,-2.4352
ig_spread,20,group_stablecoin_mcaps,nfci_weekly_fill,False,-0.3886496211907535,-3.437422342187115,0.0005872790966598541,0.077720552237867,0.07507791771705863,1401,ig_spread_daily_chg,***,-0.3886***
ig_spread,20,group_stablecoin_mcaps,term_spread_daily_chg,False,0.15086828552400755,0.8727099097602119,0.38282121488802523,0.077720552237867,0.07507791771705863,1401,ig_spread_daily_chg,,0.1509
ig_spread,20,group_stablecoin_mcaps,usd_strength_daily_log_chg,False,4.6766612902008085,2.8518577563627723,0.004346454554341899,0.077720552237867,0.07507791771705863,1401,ig_spread_daily_chg,***,4.6767***
ig_spread,20,standalone_btc_eth_funding_rate_avg,btc_eth_funding_rate_avg,True,-0.04366552156033357,-0.05478421101694139,0.9563103792937794,0.07432959662268235,0.07167724589667279,1401,ig_spread_daily_chg,,-0.0437
ig_spread,20,standalone_btc_eth_funding_rate_avg,nfci_weekly_fill,False,-0.3885878676690689,-3.319475550945802,0.0009018670165213435,0.07432959662268235,0.07167724589667279,1401,ig_spread_daily_chg,***,-0.3886***
ig_spread,20,standalone_btc_eth_funding_rate_avg,term_spread_daily_chg,False,0.14117118691047226,0.848921783290489,0.3959248168074593,0.07432959662268235,0.07167724589667279,1401,ig_spread_daily_chg,,0.1412
ig_spread,20,standalone_btc_eth_funding_rate_avg,usd_strength_daily_log_chg,False,4.784822289721101,2.842813225682827,0.004471726718332682,0.07432959662268235,0.07167724589667279,1401,ig_spread_daily_chg,***,4.7848***
ig_spread,20,standalone_btc_eth_open_interest_daily_log_chg,btc_eth_open_interest_daily_log_chg,True,-0.3498161062258679,-2.134497435753632,0.03280208333329879,0.07822839678763938,0.07558721740880736,1401,ig_spread_daily_chg,**,-0.3498**
ig_spread,20,standalone_btc_eth_open_interest_daily_log_chg,nfci_weekly_fill,False,-0.38818692748433214,-3.224712565380425,0.0012609920459902065,0.07822839678763938,0.07558721740880736,1401,ig_spread_daily_chg,***,-0.3882***
ig_spread,20,standalone_btc_eth_open_interest_daily_log_chg,term_spread_daily_chg,False,0.1557398287241167,0.9180882384718788,0.35857267189276754,0.07822839678763938,0.07558721740880736,1401,ig_spread_daily_chg,,0.1557
ig_spread,20,standalone_btc_eth_open_interest_daily_log_chg,usd_strength_daily_log_chg,False,3.863225779311427,2.9383060809409582,0.0033001103691490306,0.07822839678763938,0.07558721740880736,1401,ig_spread_daily_chg,***,3.8632***
ig_spread,20,standalone_stablecoin_exchange_netflow_scaled,stablecoin_exchange_netflow_scaled,True,0.9278067814934028,0.4166491719685371,0.6769350372222935,0.07514228419766078,0.07249226208934467,1401,ig_spread_daily_chg,,0.9278
ig_spread,20,standalone_stablecoin_exchange_netflow_scaled,nfci_weekly_fill,False,-0.38676539825893663,-3.165448745585763,0.0015484393945724168,0.07514228419766078,0.07249226208934467,1401,ig_spread_daily_chg,***,-0.3868***
ig_spread,20,standalone_stablecoin_exchange_netflow_scaled,term_spread_daily_chg,False,0.14475287205876064,0.8386492745468649,0.4016661511345341,0.07514228419766078,0.07249226208934467,1401,ig_spread_daily_chg,,0.1448
ig_spread,20,standalone_stablecoin_exchange_netflow_scaled,usd_strength_daily_log_chg,False,4.733858426842915,3.3371260238936102,0.0008464955592617485,0.07514228419766078,0.07249226208934467,1401,ig_spread_daily_chg,***,4.7339***
ig_spread,20,standalone_stablecoin_exchange_reserve_daily_log_chg,stablecoin_exchange_reserve_daily_log_chg,True,0.556933294958442,0.6297225799792753,0.5288761065658399,0.07686951858392277,0.07422444557126928,1401,ig_spread_daily_chg,,0.5569
ig_spread,20,standalone_stablecoin_exchange_reserve_daily_log_chg,nfci_weekly_fill,False,-0.38578451264737457,-3.143218976558396,0.0016710078234118027,0.07686951858392277,0.07422444557126928,1401,ig_spread_daily_chg,***,-0.3858***
ig_spread,20,standalone_stablecoin_exchange_reserve_daily_log_chg,term_spread_daily_chg,False,0.1461020850739833,0.848968904142027,0.39589859555721907,0.07686951858392277,0.07422444557126928,1401,ig_spread_daily_chg,,0.1461
ig_spread,20,standalone_stablecoin_exchange_reserve_daily_log_chg,usd_strength_daily_log_chg,False,4.699650645398306,3.316216943597168,0.0009124496722022368,0.07686951858392277,0.07422444557126928,1401,ig_spread_daily_chg,***,4.6997***
ig_spread,20,standalone_stablecoin_supply_daily_log_chg,stablecoin_supply_daily_log_chg,True,-2.435226949653755,-0.9168036344482468,0.3592455477900144,0.077720552237867,0.07507791771705863,1401,ig_spread_daily_chg,,-2.4352
ig_spread,20,standalone_stablecoin_supply_daily_log_chg,nfci_weekly_fill,False,-0.3886496211907535,-3.437422342187115,0.0005872790966598541,0.077720552237867,0.07507791771705863,1401,ig_spread_daily_chg,***,-0.3886***
ig_spread,20,standalone_stablecoin_supply_daily_log_chg,term_spread_daily_chg,False,0.15086828552400755,0.8727099097602119,0.38282121488802523,0.077720552237867,0.07507791771705863,1401,ig_spread_daily_chg,,0.1509
ig_spread,20,standalone_stablecoin_supply_daily_log_chg,usd_strength_daily_log_chg,False,4.6766612902008085,2.8518577563627723,0.004346454554341899,0.077720552237867,0.07507791771705863,1401,ig_spread_daily_chg,***,4.6767***
ig_spread,20,standalone_tradingVol_btc+eth_daily_log_chg,tradingVol_btc+eth_daily_log_chg,True,0.004759777640622999,0.407372325403891,0.6837345497392118,0.07435184825054164,0.0716995612827781,1401,ig_spread_daily_chg,,0.0048
ig_spread,20,standalone_tradingVol_btc+eth_daily_log_chg,nfci_weekly_fill,False,-0.38720319672000325,-3.2143359911532134,0.0013074658333264027,0.07435184825054164,0.0716995612827781,1401,ig_spread_daily_chg,***,-0.3872***
ig_spread,20,standalone_tradingVol_btc+eth_daily_log_chg,term_spread_daily_chg,False,0.13978350080209273,0.8258922299638051,0.40886522865895525,0.07435184825054164,0.0716995612827781,1401,ig_spread_daily_chg,,0.1398
ig_spread,20,standalone_tradingVol_btc+eth_daily_log_chg,usd_strength_daily_log_chg,False,4.8120812979200505,3.204382941905748,0.0013535231751395465,0.07435184825054164,0.0716995612827781,1401,ig_spread_daily_chg,***,4.8121***
sp500,1,full_all_crypto_predictors,btc_eth_funding_rate_avg,True,0.06713036538604351,1.4748083824533986,0.14026406696824636,0.02221704574879302,0.015971448454072723,1419,sp500_daily_log_ret,,0.0671
sp500,1,full_all_crypto_predictors,btc_eth_open_interest_daily_log_chg,True,-0.013199866021831487,-0.8097049370098739,0.4181097798597463,0.02221704574879302,0.015971448454072723,1419,sp500_daily_log_ret,,-0.0132
sp500,1,full_all_crypto_predictors,stablecoin_exchange_netflow_scaled,True,-0.17969142630884902,-0.5233368532612295,0.6007398592493516,0.02221704574879302,0.015971448454072723,1419,sp500_daily_log_ret,,-0.1797
sp500,1,full_all_crypto_predictors,stablecoin_exchange_reserve_daily_log_chg,True,0.05095310343445557,0.45798133938556773,0.6469658478533445,0.02221704574879302,0.015971448454072723,1419,sp500_daily_log_ret,,0.051
sp500,1,full_all_crypto_predictors,stablecoin_supply_daily_log_chg,True,-0.13732768077943563,-1.4916723769886429,0.13578505399777988,0.02221704574879302,0.015971448454072723,1419,sp500_daily_log_ret,,-0.1373
sp500,1,full_all_crypto_predictors,tradingVol_btc+eth_daily_log_chg,True,-8.239296238506658e-05,-0.07987434776729377,0.936337192144195,0.02221704574879302,0.015971448454072723,1419,sp500_daily_log_ret,,-0.0001
sp500,1,full_all_crypto_predictors,nfci_weekly_fill,False,0.0036035788843327395,1.2666165282925974,0.20529243957418364,0.02221704574879302,0.015971448454072723,1419,sp500_daily_log_ret,,0.0036
sp500,1,full_all_crypto_predictors,term_spread_daily_chg,False,0.009249375388205482,0.7655161784230702,0.44396423642303207,0.02221704574879302,0.015971448454072723,1419,sp500_daily_log_ret,,0.0092
sp500,1,full_all_crypto_predictors,usd_strength_daily_log_chg,False,0.3259848465004948,2.0957336209748796,0.03610582763116656,0.02221704574879302,0.015971448454072723,1419,sp500_daily_log_ret,**,0.326**
sp500,1,group_crypto_market,btc_eth_funding_rate_avg,True,0.060314594099090464,1.339063733638745,0.18054992556755411,0.01829275614869086,0.012722785970811112,1419,sp500_daily_log_ret,,0.0603
sp500,1,group_crypto_market,btc_eth_open_interest_daily_log_chg,True,-0.013180448606335353,-0.8400085080710022,0.4009036161678503,0.01829275614869086,0.012722785970811112,1419,sp500_daily_log_ret,,-0.0132
sp500,1,group_crypto_market,stablecoin_exchange_netflow_scaled,True,-0.19771519336209298,-0.5663653007160276,0.5711454779225813,0.01829275614869086,0.012722785970811112,1419,sp500_daily_log_ret,,-0.1977
sp500,1,group_crypto_market,stablecoin_exchange_reserve_daily_log_chg,True,0.048364231989555466,0.4369183515492398,0.6621705624430554,0.01829275614869086,0.012722785970811112,1419,sp500_daily_log_ret,,0.0484
sp500,1,group_crypto_market,tradingVol_btc+eth_daily_log_chg,True,6.386865460438108e-05,0.06248939844671271,0.9501731042549898,0.01829275614869086,0.012722785970811112,1419,sp500_daily_log_ret,,0.0001
sp500,1,group_crypto_market,nfci_weekly_fill,False,0.003419435510355198,1.2113276516266773,0.22576985512804104,0.01829275614869086,0.012722785970811112,1419,sp500_daily_log_ret,,0.0034
sp500,1,group_crypto_market,term_spread_daily_chg,False,0.00858196720862152,0.6895933152431315,0.4904499723521025,0.01829275614869086,0.012722785970811112,1419,sp500_daily_log_ret,,0.0086
sp500,1,group_crypto_market,usd_strength_daily_log_chg,False,0.3320253368585663,2.1245635354667027,0.03362304925097106,0.01829275614869086,0.012722785970811112,1419,sp500_daily_log_ret,**,0.332**
sp500,1,group_stablecoin_mcaps,stablecoin_supply_daily_log_chg,True,-0.11775569416233454,-1.2358649583661614,0.21650876427903165,0.010781657886794083,0.007983303312216306,1419,sp500_daily_log_ret,,-0.1178
sp500,1,group_stablecoin_mcaps,nfci_weekly_fill,False,0.001085963102915525,0.4304174856287871,0.6668919780548754,0.010781657886794083,0.007983303312216306,1419,sp500_daily_log_ret,,0.0011
sp500,1,group_stablecoin_mcaps,term_spread_daily_chg,False,0.008994424315897498,0.7353169451396692,0.4621464906155396,0.010781657886794083,0.007983303312216306,1419,sp500_daily_log_ret,,0.009
sp500,1,group_stablecoin_mcaps,usd_strength_daily_log_chg,False,0.32998471653310235,1.94986754575091,0.051191908226288226,0.010781657886794083,0.007983303312216306,1419,sp500_daily_log_ret,*,0.33*
sp500,1,standalone_btc_eth_funding_rate_avg,btc_eth_funding_rate_avg,True,0.05745706948107744,1.2730236192780473,0.2030096606470002,0.014806780318632251,0.012019812229010163,1419,sp500_daily_log_ret,,0.0575
sp500,1,standalone_btc_eth_funding_rate_avg,nfci_weekly_fill,False,0.0032993308461063374,1.159624886383831,0.2462015641308526,0.014806780318632251,0.012019812229010163,1419,sp500_daily_log_ret,,0.0033
sp500,1,standalone_btc_eth_funding_rate_avg,term_spread_daily_chg,False,0.008390558121538261,0.6715010908800316,0.5019013647604239,0.014806780318632251,0.012019812229010163,1419,sp500_daily_log_ret,,0.0084
sp500,1,standalone_btc_eth_funding_rate_avg,usd_strength_daily_log_chg,False,0.3601849944449399,2.0532633925372923,0.040047039208558094,0.014806780318632251,0.012019812229010163,1419,sp500_daily_log_ret,**,0.3602**
sp500,1,standalone_btc_eth_open_interest_daily_log_chg,btc_eth_open_interest_daily_log_chg,True,-0.009795824515993555,-0.6958203861646691,0.48654132064876077,0.00885343222539381,0.006049622981335379,1419,sp500_daily_log_ret,,-0.0098
sp500,1,standalone_btc_eth_open_interest_daily_log_chg,nfci_weekly_fill,False,0.0011235712715516335,0.45086038363975717,0.6520901777341352,0.00885343222539381,0.006049622981335379,1419,sp500_daily_log_ret,,0.0011
sp500,1,standalone_btc_eth_open_interest_daily_log_chg,term_spread_daily_chg,False,0.008943354916998377,0.7125069026898307,0.47615093856241764,0.00885343222539381,0.006049622981335379,1419,sp500_daily_log_ret,,0.0089
sp500,1,standalone_btc_eth_open_interest_daily_log_chg,usd_strength_daily_log_chg,False,0.30952527394344787,2.017522951281914,0.0436409683677546,0.00885343222539381,0.006049622981335379,1419,sp500_daily_log_ret,**,0.3095**
sp500,1,standalone_stablecoin_exchange_netflow_scaled,stablecoin_exchange_netflow_scaled,True,-0.06097871658692349,-0.8118478116307472,0.41687896353778353,0.009043131852014996,0.006239859240563694,1419,sp500_daily_log_ret,,-0.061
sp500,1,standalone_stablecoin_exchange_netflow_scaled,nfci_weekly_fill,False,0.0011487181121033689,0.46465391162447867,0.6421793182515423,0.009043131852014996,0.006239859240563694,1419,sp500_daily_log_ret,,0.0011
sp500,1,standalone_stablecoin_exchange_netflow_scaled,term_spread_daily_chg,False,0.008284660786076791,0.6577410839850176,0.5107045180152979,0.009043131852014996,0.006239859240563694,1419,sp500_daily_log_ret,,0.0083
sp500,1,standalone_stablecoin_exchange_netflow_scaled,usd_strength_daily_log_chg,False,0.34041868136543296,2.004941923465893,0.044969256136974146,0.009043131852014996,0.006239859240563694,1419,sp500_daily_log_ret,**,0.3404**
sp500,1,standalone_stablecoin_exchange_reserve_daily_log_chg,stablecoin_exchange_reserve_daily_log_chg,True,-0.019482671885138275,-0.792903539491684,0.42783402499098233,0.008871828341210475,0.0060680711370836304,1419,sp500_daily_log_ret,,-0.0195
sp500,1,standalone_stablecoin_exchange_reserve_daily_log_chg,nfci_weekly_fill,False,0.0011198254013361927,0.45100890507125335,0.6519831308521871,0.008871828341210475,0.0060680711370836304,1419,sp500_daily_log_ret,,0.0011
sp500,1,standalone_stablecoin_exchange_reserve_daily_log_chg,term_spread_daily_chg,False,0.008351359700219775,0.6638447983528702,0.5067896500014349,0.008871828341210475,0.0060680711370836304,1419,sp500_daily_log_ret,,0.0084
sp500,1,standalone_stablecoin_exchange_reserve_daily_log_chg,usd_strength_daily_log_chg,False,0.33946150509990797,2.002156225940423,0.045267931951721234,0.008871828341210475,0.0060680711370836304,1419,sp500_daily_log_ret,**,0.3395**
sp500,1,standalone_stablecoin_supply_daily_log_chg,stablecoin_supply_daily_log_chg,True,-0.11775569416233454,-1.2358649583661614,0.21650876427903165,0.010781657886794083,0.007983303312216306,1419,sp500_daily_log_ret,,-0.1178
sp500,1,standalone_stablecoin_supply_daily_log_chg,nfci_weekly_fill,False,0.001085963102915525,0.4304174856287871,0.6668919780548754,0.010781657886794083,0.007983303312216306,1419,sp500_daily_log_ret,,0.0011
sp500,1,standalone_stablecoin_supply_daily_log_chg,term_spread_daily_chg,False,0.008994424315897498,0.7353169451396692,0.4621464906155396,0.010781657886794083,0.007983303312216306,1419,sp500_daily_log_ret,,0.009
sp500,1,standalone_stablecoin_supply_daily_log_chg,usd_strength_daily_log_chg,False,0.32998471653310235,1.94986754575091,0.051191908226288226,0.010781657886794083,0.007983303312216306,1419,sp500_daily_log_ret,*,0.33*
sp500,1,standalone_tradingVol_btc+eth_daily_log_chg,tradingVol_btc+eth_daily_log_chg,True,0.00015880805694496987,0.15644800562982578,0.8756798999761596,0.0076548681716506195,0.004847668364498237,1419,sp500_daily_log_ret,,0.0002
sp500,1,standalone_tradingVol_btc+eth_daily_log_chg,nfci_weekly_fill,False,0.0011511110285041203,0.46301112501355984,0.6433563928535839,0.0076548681716506195,0.004847668364498237,1419,sp500_daily_log_ret,,0.0012
sp500,1,standalone_tradingVol_btc+eth_daily_log_chg,term_spread_daily_chg,False,0.008480482045548665,0.6783099205964037,0.4975752098662456,0.0076548681716506195,0.004847668364498237,1419,sp500_daily_log_ret,,0.0085
sp500,1,standalone_tradingVol_btc+eth_daily_log_chg,usd_strength_daily_log_chg,False,0.33606909791172757,2.0008720303371508,0.04540618245254507,0.0076548681716506195,0.004847668364498237,1419,sp500_daily_log_ret,**,0.3361**
sp500,5,full_all_crypto_predictors,btc_eth_funding_rate_avg,True,0.13800368097898413,1.7799815748929109,0.07507897611755207,0.034468934637769455,0.028284038133669753,1415,sp500_daily_log_ret,*,0.138*
sp500,5,full_all_crypto_predictors,btc_eth_open_interest_daily_log_chg,True,-0.008529198459002428,-0.6573750048090532,0.5109398193554185,0.034468934637769455,0.028284038133669753,1415,sp500_daily_log_ret,,-0.0085
sp500,5,full_all_crypto_predictors,stablecoin_exchange_netflow_scaled,True,2.5037503538691084,2.42866978417239,0.015154327742559209,0.034468934637769455,0.028284038133669753,1415,sp500_daily_log_ret,**,2.5038**
sp500,5,full_all_crypto_predictors,stablecoin_exchange_reserve_daily_log_chg,True,-0.9186690709976304,-2.431113957235688,0.015052479412571514,0.034468934637769455,0.028284038133669753,1415,sp500_daily_log_ret,**,-0.9187**
sp500,5,full_all_crypto_predictors,stablecoin_supply_daily_log_chg,True,-0.24239040447153726,-0.9470392165881122,0.34361879586462685,0.034468934637769455,0.028284038133669753,1415,sp500_daily_log_ret,,-0.2424
sp500,5,full_all_crypto_predictors,tradingVol_btc+eth_daily_log_chg,True,0.0012111592421187314,0.7321454825763212,0.464079775492116,0.034468934637769455,0.028284038133669753,1415,sp500_daily_log_ret,,0.0012
sp500,5,full_all_crypto_predictors,nfci_weekly_fill,False,0.011641164159995757,1.3468061319368434,0.17804267932946916,0.034468934637769455,0.028284038133669753,1415,sp500_daily_log_ret,,0.0116
sp500,5,full_all_crypto_predictors,term_spread_daily_chg,False,0.006104433880694598,0.30497249476788685,0.7603871010195669,0.034468934637769455,0.028284038133669753,1415,sp500_daily_log_ret,,0.0061
sp500,5,full_all_crypto_predictors,usd_strength_daily_log_chg,False,0.2118398433361001,0.7014029269469163,0.48305159588335544,0.034468934637769455,0.028284038133669753,1415,sp500_daily_log_ret,,0.2118
sp500,5,group_crypto_market,btc_eth_funding_rate_avg,True,0.12599358398059737,1.62692896660282,0.10375218507163818,0.03142968302141247,0.025918614361505776,1415,sp500_daily_log_ret,,0.126
sp500,5,group_crypto_market,btc_eth_open_interest_daily_log_chg,True,-0.008492063460644989,-0.6390472319519669,0.5227922060597383,0.03142968302141247,0.025918614361505776,1415,sp500_daily_log_ret,,-0.0085
sp500,5,group_crypto_market,stablecoin_exchange_netflow_scaled,True,2.4718077267827514,2.4136797603067808,0.01579233567219697,0.03142968302141247,0.025918614361505776,1415,sp500_daily_log_ret,**,2.4718**
sp500,5,group_crypto_market,stablecoin_exchange_reserve_daily_log_chg,True,-0.9231747023050718,-2.436176564023603,0.014843437225814752,0.03142968302141247,0.025918614361505776,1415,sp500_daily_log_ret,**,-0.9232**
sp500,5,group_crypto_market,tradingVol_btc+eth_daily_log_chg,True,0.0014708720822617055,0.8437994779059282,0.3987814673137392,0.03142968302141247,0.025918614361505776,1415,sp500_daily_log_ret,,0.0015
sp500,5,group_crypto_market,nfci_weekly_fill,False,0.011319246332338615,1.3158437326927188,0.18822649745197662,0.03142968302141247,0.025918614361505776,1415,sp500_daily_log_ret,,0.0113
sp500,5,group_crypto_market,term_spread_daily_chg,False,0.004941712896768235,0.23821713119981291,0.8117126907539485,0.03142968302141247,0.025918614361505776,1415,sp500_daily_log_ret,,0.0049
sp500,5,group_crypto_market,usd_strength_daily_log_chg,False,0.2226642628822494,0.7503428235639563,0.4530482572841005,0.03142968302141247,0.025918614361505776,1415,sp500_daily_log_ret,,0.2227
sp500,5,group_stablecoin_mcaps,stablecoin_supply_daily_log_chg,True,-0.23875487213669624,-0.791388100271726,0.4287175518586813,0.00690563803293065,0.004088349062811303,1415,sp500_daily_log_ret,,-0.2388
sp500,5,group_stablecoin_mcaps,nfci_weekly_fill,False,0.008005615190843208,0.906195554939589,0.36483235535851644,0.00690563803293065,0.004088349062811303,1415,sp500_daily_log_ret,,0.008
sp500,5,group_stablecoin_mcaps,term_spread_daily_chg,False,0.004700257105730343,0.2312306739577598,0.8171356012643001,0.00690563803293065,0.004088349062811303,1415,sp500_daily_log_ret,,0.0047
sp500,5,group_stablecoin_mcaps,usd_strength_daily_log_chg,False,0.1911259748484005,0.6021534757660013,0.5470719811842408,0.00690563803293065,0.004088349062811303,1415,sp500_daily_log_ret,,0.1911
sp500,5,standalone_btc_eth_funding_rate_avg,btc_eth_funding_rate_avg,True,0.12813189907796274,1.5801543425905762,0.11407152485004032,0.012551954236385776,0.00975068318457406,1415,sp500_daily_log_ret,,0.1281
sp500,5,standalone_btc_eth_funding_rate_avg,nfci_weekly_fill,False,0.012944029736450549,1.5016611981126478,0.13318462964037286,0.012551954236385776,0.00975068318457406,1415,sp500_daily_log_ret,,0.0129
sp500,5,standalone_btc_eth_funding_rate_avg,term_spread_daily_chg,False,0.0034952068831130305,0.16929991304882971,0.8655607443717157,0.012551954236385776,0.00975068318457406,1415,sp500_daily_log_ret,,0.0035
sp500,5,standalone_btc_eth_funding_rate_avg,usd_strength_daily_log_chg,False,0.25798230148907725,0.8442871734505376,0.39850895183809265,0.012551954236385776,0.00975068318457406,1415,sp500_daily_log_ret,,0.258
sp500,5,standalone_btc_eth_open_interest_daily_log_chg,btc_eth_open_interest_daily_log_chg,True,0.0008143564811152982,0.052726356033702446,0.9579499391511991,0.0036980471508772927,0.0008716586321563247,1415,sp500_daily_log_ret,,0.0008
sp500,5,standalone_btc_eth_open_interest_daily_log_chg,nfci_weekly_fill,False,0.008160636295725275,0.9545830558477886,0.339788589244704,0.0036980471508772927,0.0008716586321563247,1415,sp500_daily_log_ret,,0.0082
sp500,5,standalone_btc_eth_open_interest_daily_log_chg,term_spread_daily_chg,False,0.00373390142889369,0.17626072754333624,0.8600891138206668,0.0036980471508772927,0.0008716586321563247,1415,sp500_daily_log_ret,,0.0037
sp500,5,standalone_btc_eth_open_interest_daily_log_chg,usd_strength_daily_log_chg,False,0.20534303923432518,0.6767401543360337,0.49857083469844854,0.0036980471508772927,0.0008716586321563247,1415,sp500_daily_log_ret,,0.2053
sp500,5,standalone_stablecoin_exchange_netflow_scaled,stablecoin_exchange_netflow_scaled,True,-0.22011436322557218,-1.0685565925405138,0.2852695168414541,0.008239915786112162,0.005426412001108272,1415,sp500_daily_log_ret,,-0.2201
sp500,5,standalone_stablecoin_exchange_netflow_scaled,nfci_weekly_fill,False,0.008121564620583905,0.9422954682828407,0.34604138766132087,0.008239915786112162,0.005426412001108272,1415,sp500_daily_log_ret,,0.0081
sp500,5,standalone_stablecoin_exchange_netflow_scaled,term_spread_daily_chg,False,0.002886375277729872,0.13749995217389901,0.8906356305455446,0.008239915786112162,0.005426412001108272,1415,sp500_daily_log_ret,,0.0029
sp500,5,standalone_stablecoin_exchange_netflow_scaled,usd_strength_daily_log_chg,False,0.21976898564573671,0.7170461928338908,0.4733455947163693,0.008239915786112162,0.005426412001108272,1415,sp500_daily_log_ret,,0.2198
sp500,5,standalone_stablecoin_exchange_reserve_daily_log_chg,stablecoin_exchange_reserve_daily_log_chg,True,-0.093740726594498,-1.2777549764241571,0.20133583404158906,0.01078310541562777,0.00797681635297709,1415,sp500_daily_log_ret,,-0.0937
sp500,5,standalone_stablecoin_exchange_reserve_daily_log_chg,nfci_weekly_fill,False,0.00797055722429468,0.9231890066623689,0.3559087167895023,0.01078310541562777,0.00797681635297709,1415,sp500_daily_log_ret,,0.008
sp500,5,standalone_stablecoin_exchange_reserve_daily_log_chg,term_spread_daily_chg,False,0.00291356977012442,0.1391584770248397,0.8893249197102507,0.01078310541562777,0.00797681635297709,1415,sp500_daily_log_ret,,0.0029
sp500,5,standalone_stablecoin_exchange_reserve_daily_log_chg,usd_strength_daily_log_chg,False,0.22069433155859788,0.7188263425515296,0.4722479246488921,0.01078310541562777,0.00797681635297709,1415,sp500_daily_log_ret,,0.2207
sp500,5,standalone_stablecoin_supply_daily_log_chg,stablecoin_supply_daily_log_chg,True,-0.23875487213669624,-0.791388100271726,0.4287175518586813,0.00690563803293065,0.004088349062811303,1415,sp500_daily_log_ret,,-0.2388
sp500,5,standalone_stablecoin_supply_daily_log_chg,nfci_weekly_fill,False,0.008005615190843208,0.906195554939589,0.36483235535851644,0.00690563803293065,0.004088349062811303,1415,sp500_daily_log_ret,,0.008
sp500,5,standalone_stablecoin_supply_daily_log_chg,term_spread_daily_chg,False,0.004700257105730343,0.2312306739577598,0.8171356012643001,0.00690563803293065,0.004088349062811303,1415,sp500_daily_log_ret,,0.0047
sp500,5,standalone_stablecoin_supply_daily_log_chg,usd_strength_daily_log_chg,False,0.1911259748484005,0.6021534757660013,0.5470719811842408,0.00690563803293065,0.004088349062811303,1415,sp500_daily_log_ret,,0.1911
sp500,5,standalone_tradingVol_btc+eth_daily_log_chg,tradingVol_btc+eth_daily_log_chg,True,0.0013284259707717575,0.7381624694034069,0.4604157262840539,0.0039478349897268394,0.0011221550889884968,1415,sp500_daily_log_ret,,0.0013
sp500,5,standalone_tradingVol_btc+eth_daily_log_chg,nfci_weekly_fill,False,0.008088316263554478,0.9434004327721517,0.3454761219026622,0.0039478349897268394,0.0011221550889884968,1415,sp500_daily_log_ret,,0.0081
sp500,5,standalone_tradingVol_btc+eth_daily_log_chg,term_spread_daily_chg,False,0.003401291134269663,0.16235948282675378,0.8710227754632829,0.0039478349897268394,0.0011221550889884968,1415,sp500_daily_log_ret,,0.0034
sp500,5,standalone_tradingVol_btc+eth_daily_log_chg,usd_strength_daily_log_chg,False,0.20518767831144524,0.6545810295638547,0.512737541311364,0.0039478349897268394,0.0011221550889884968,1415,sp500_daily_log_ret,,0.2052
sp500,20,full_all_crypto_predictors,btc_eth_funding_rate_avg,True,-0.12747387798394555,-0.587648496251799,0.5567682523635648,0.0542700225245889,0.04814659101575525,1400,sp500_daily_log_ret,,-0.1275
sp500,20,full_all_crypto_predictors,btc_eth_open_interest_daily_log_chg,True,0.012623266653892417,0.5632225000297622,0.573283383468288,0.0542700225245889,0.04814659101575525,1400,sp500_daily_log_ret,,0.0126
sp500,20,full_all_crypto_predictors,stablecoin_exchange_netflow_scaled,True,4.680421011199994,1.6737194129691884,0.09418575667121566,0.0542700225245889,0.04814659101575525,1400,sp500_daily_log_ret,*,4.6804*
sp500,20,full_all_crypto_predictors,stablecoin_exchange_reserve_daily_log_chg,True,-1.6826816897313075,-1.618788676782236,0.1054927392646051,0.0542700225245889,0.04814659101575525,1400,sp500_daily_log_ret,,-1.6827
sp500,20,full_all_crypto_predictors,stablecoin_supply_daily_log_chg,True,0.976669098450144,2.863893976454112,0.004184680537899143,0.0542700225245889,0.04814659101575525,1400,sp500_daily_log_ret,***,0.9767***
sp500,20,full_all_crypto_predictors,tradingVol_btc+eth_daily_log_chg,True,0.0013976040311572701,0.47034666867773134,0.6381073600842704,0.0542700225245889,0.04814659101575525,1400,sp500_daily_log_ret,,0.0014
sp500,20,full_all_crypto_predictors,nfci_weekly_fill,False,0.04344220193336713,2.1459760161997012,0.03187489223582326,0.0542700225245889,0.04814659101575525,1400,sp500_daily_log_ret,**,0.0434**
sp500,20,full_all_crypto_predictors,term_spread_daily_chg,False,0.023692497708210032,0.8279005899264479,0.4077268008360613,0.0542700225245889,0.04814659101575525,1400,sp500_daily_log_ret,,0.0237
sp500,20,full_all_crypto_predictors,usd_strength_daily_log_chg,False,0.1487728534570411,0.3054916273017451,0.7599917458414092,0.0542700225245889,0.04814659101575525,1400,sp500_daily_log_ret,,0.1488
sp500,20,group_crypto_market,btc_eth_funding_rate_avg,True,-0.07940630113912078,-0.35709007000841014,0.7210243780757406,0.041960929747958176,0.036450999796832195,1400,sp500_daily_log_ret,,-0.0794
sp500,20,group_crypto_market,btc_eth_open_interest_daily_log_chg,True,0.012338094804417554,0.5360456569899607,0.5919269962983218,0.041960929747958176,0.036450999796832195,1400,sp500_daily_log_ret,,0.0123
sp500,20,group_crypto_market,stablecoin_exchange_netflow_scaled,True,4.810064610257692,1.6424836542265344,0.1004898109357139,0.041960929747958176,0.036450999796832195,1400,sp500_daily_log_ret,,4.8101
sp500,20,group_crypto_market,stablecoin_exchange_reserve_daily_log_chg,True,-1.6650050344431262,-1.5635963593227487,0.11791239041016051,0.041960929747958176,0.036450999796832195,1400,sp500_daily_log_ret,,-1.665
sp500,20,group_crypto_market,tradingVol_btc+eth_daily_log_chg,True,0.0003310093236231575,0.10948558641865738,0.9128173534129463,0.041960929747958176,0.036450999796832195,1400,sp500_daily_log_ret,,0.0003
sp500,20,group_crypto_market,nfci_weekly_fill,False,0.04468584110201933,2.0475869740768124,0.04060048676196594,0.041960929747958176,0.036450999796832195,1400,sp500_daily_log_ret,**,0.0447**
sp500,20,group_crypto_market,term_spread_daily_chg,False,0.028468958441805452,1.0962707056243601,0.2729603252636217,0.041960929747958176,0.036450999796832195,1400,sp500_daily_log_ret,,0.0285
sp500,20,group_crypto_market,usd_strength_daily_log_chg,False,0.10351463664358557,0.20173520969776135,0.8401237351079572,0.041960929747958176,0.036450999796832195,1400,sp500_daily_log_ret,,0.1035
sp500,20,group_stablecoin_mcaps,stablecoin_supply_daily_log_chg,True,0.8495232495446131,2.2682530708976776,0.023313786460948473,0.039369018896548647,0.036614521459692906,1400,sp500_daily_log_ret,**,0.8495**
sp500,20,group_stablecoin_mcaps,nfci_weekly_fill,False,0.05079927881950244,2.094891993232532,0.03618059478531421,0.039369018896548647,0.036614521459692906,1400,sp500_daily_log_ret,**,0.0508**
sp500,20,group_stablecoin_mcaps,term_spread_daily_chg,False,0.021321502341241298,0.7500422919975591,0.4532292337506122,0.039369018896548647,0.036614521459692906,1400,sp500_daily_log_ret,,0.0213
sp500,20,group_stablecoin_mcaps,usd_strength_daily_log_chg,False,0.1999550823124725,0.38801336052943675,0.6980061464243016,0.039369018896548647,0.036614521459692906,1400,sp500_daily_log_ret,,0.2
sp500,20,standalone_btc_eth_funding_rate_avg,btc_eth_funding_rate_avg,True,-0.07360851717037081,-0.3350226661548497,0.7376079881544927,0.029965100786881638,0.027183638710284952,1400,sp500_daily_log_ret,,-0.0736
sp500,20,standalone_btc_eth_funding_rate_avg,nfci_weekly_fill,False,0.04742313283179512,2.0770957508595087,0.03779272269023896,0.029965100786881638,0.027183638710284952,1400,sp500_daily_log_ret,**,0.0474**
sp500,20,standalone_btc_eth_funding_rate_avg,term_spread_daily_chg,False,0.024955487413083774,0.9428860307537862,0.34573920084943344,0.029965100786881638,0.027183638710284952,1400,sp500_daily_log_ret,,0.025
sp500,20,standalone_btc_eth_funding_rate_avg,usd_strength_daily_log_chg,False,0.12398676954079049,0.2242421577193017,0.8225688814912332,0.029965100786881638,0.027183638710284952,1400,sp500_daily_log_ret,,0.124
sp500,20,standalone_btc_eth_open_interest_daily_log_chg,btc_eth_open_interest_daily_log_chg,True,0.011764300939019687,0.5011405085528021,0.6162722395260454,0.029345954385155748,0.026562716978374867,1400,sp500_daily_log_ret,,0.0118
sp500,20,standalone_btc_eth_open_interest_daily_log_chg,nfci_weekly_fill,False,0.05024309675927116,1.9234811465178612,0.054419652017186335,0.029345954385155748,0.026562716978374867,1400,sp500_daily_log_ret,*,0.0502*
sp500,20,standalone_btc_eth_open_interest_daily_log_chg,term_spread_daily_chg,False,0.0242444637421679,0.9210614275707837,0.35701835709944096,0.029345954385155748,0.026562716978374867,1400,sp500_daily_log_ret,,0.0242
sp500,20,standalone_btc_eth_open_interest_daily_log_chg,usd_strength_daily_log_chg,False,0.1877112811393043,0.3510746168096104,0.7255323702808564,0.029345954385155748,0.026562716978374867,1400,sp500_daily_log_ret,,0.1877
sp500,20,standalone_stablecoin_exchange_netflow_scaled,stablecoin_exchange_netflow_scaled,True,-0.014809020417472368,-0.04547057419539184,0.9637322290204738,0.0292429086649858,0.026459375786605843,1400,sp500_daily_log_ret,,-0.0148
sp500,20,standalone_stablecoin_exchange_netflow_scaled,nfci_weekly_fill,False,0.050197859585463064,1.9194744059135669,0.05492432234444151,0.0292429086649858,0.026459375786605843,1400,sp500_daily_log_ret,*,0.0502*
sp500,20,standalone_stablecoin_exchange_netflow_scaled,term_spread_daily_chg,False,0.024688055436965724,0.9296890619521407,0.3525320993909894,0.0292429086649858,0.026459375786605843,1400,sp500_daily_log_ret,,0.0247
sp500,20,standalone_stablecoin_exchange_netflow_scaled,usd_strength_daily_log_chg,False,0.15715505712774025,0.2890270721115045,0.772560660686126,0.0292429086649858,0.026459375786605843,1400,sp500_daily_log_ret,,0.1572
sp500,20,standalone_stablecoin_exchange_reserve_daily_log_chg,stablecoin_exchange_reserve_daily_log_chg,True,-0.04026584113890963,-0.3117632128407352,0.7552204834503851,0.02956410212456706,0.026781490231017502,1400,sp500_daily_log_ret,,-0.0403
sp500,20,standalone_stablecoin_exchange_reserve_daily_log_chg,nfci_weekly_fill,False,0.050117181225090936,1.9117903464673927,0.05590309047863857,0.02956410212456706,0.026781490231017502,1400,sp500_daily_log_ret,*,0.0501*
sp500,20,standalone_stablecoin_exchange_reserve_daily_log_chg,term_spread_daily_chg,False,0.024381231686150744,0.9168461329557925,0.3592232743781866,0.02956410212456706,0.026781490231017502,1400,sp500_daily_log_ret,,0.0244
sp500,20,standalone_stablecoin_exchange_reserve_daily_log_chg,usd_strength_daily_log_chg,False,0.163595466093163,0.2983635172593813,0.7654257306854864,0.02956410212456706,0.026781490231017502,1400,sp500_daily_log_ret,,0.1636
sp500,20,standalone_stablecoin_supply_daily_log_chg,stablecoin_supply_daily_log_chg,True,0.8495232495446131,2.2682530708976776,0.023313786460948473,0.039369018896548647,0.036614521459692906,1400,sp500_daily_log_ret,**,0.8495**
sp500,20,standalone_stablecoin_supply_daily_log_chg,nfci_weekly_fill,False,0.05079927881950244,2.094891993232532,0.03618059478531421,0.039369018896548647,0.036614521459692906,1400,sp500_daily_log_ret,**,0.0508**
sp500,20,standalone_stablecoin_supply_daily_log_chg,term_spread_daily_chg,False,0.021321502341241298,0.7500422919975591,0.4532292337506122,0.039369018896548647,0.036614521459692906,1400,sp500_daily_log_ret,,0.0213
sp500,20,standalone_stablecoin_supply_daily_log_chg,usd_strength_daily_log_chg,False,0.1999550823124725,0.38801336052943675,0.6980061464243016,0.039369018896548647,0.036614521459692906,1400,sp500_daily_log_ret,,0.2
sp500,20,standalone_tradingVol_btc+eth_daily_log_chg,tradingVol_btc+eth_daily_log_chg,True,-0.00011243079103991191,-0.036578252357749065,0.9708212840283411,0.029238222324121432,0.026454676008204947,1400,sp500_daily_log_ret,,-0.0001
sp500,20,standalone_tradingVol_btc+eth_daily_log_chg,nfci_weekly_fill,False,0.05020676973936774,1.920389762155717,0.05480868575050752,0.029238222324121432,0.026454676008204947,1400,sp500_daily_log_ret,*,0.0502*
sp500,20,standalone_tradingVol_btc+eth_daily_log_chg,term_spread_daily_chg,False,0.024777058489566378,0.9438529946686534,0.34524477519121466,0.029238222324121432,0.026454676008204947,1400,sp500_daily_log_ret,,0.0248
sp500,20,standalone_tradingVol_btc+eth_daily_log_chg,usd_strength_daily_log_chg,False,0.15584552246900393,0.28304564310247443,0.7771418488265672,0.029238222324121432,0.026454676008204947,1400,sp500_daily_log_ret,,0.1558
vix,1,full_all_crypto_predictors,btc_eth_funding_rate_avg,True,-0.1411953722009699,-0.8841714990224878,0.3766036412352748,0.009555959229421096,0.0032473984601817385,1423,vix_daily_log_chg,,-0.1412
vix,1,full_all_crypto_predictors,btc_eth_open_interest_daily_log_chg,True,0.047140450004573585,0.8072150397457123,0.4195426022975137,0.009555959229421096,0.0032473984601817385,1423,vix_daily_log_chg,,0.0471
vix,1,full_all_crypto_predictors,stablecoin_exchange_netflow_scaled,True,-0.46980457601195713,-0.25760136954336704,0.7967145726337324,0.009555959229421096,0.0032473984601817385,1423,vix_daily_log_chg,,-0.4698
vix,1,full_all_crypto_predictors,stablecoin_exchange_reserve_daily_log_chg,True,0.1382449059127201,0.2263831063974803,0.8209034660387061,0.009555959229421096,0.0032473984601817385,1423,vix_daily_log_chg,,0.1382
vix,1,full_all_crypto_predictors,stablecoin_supply_daily_log_chg,True,0.33591156230654345,0.9662654167865805,0.3339113864035663,0.009555959229421096,0.0032473984601817385,1423,vix_daily_log_chg,,0.3359
vix,1,full_all_crypto_predictors,tradingVol_btc+eth_daily_log_chg,True,0.0002050487992863786,0.03228532190383785,0.9742445145275037,0.009555959229421096,0.0032473984601817385,1423,vix_daily_log_chg,,0.0002
vix,1,full_all_crypto_predictors,nfci_weekly_fill,False,-0.02103839224082192,-1.7172280033475489,0.08593752085007779,0.009555959229421096,0.0032473984601817385,1423,vix_daily_log_chg,*,-0.021*
vix,1,full_all_crypto_predictors,term_spread_daily_chg,False,-0.05770228473769165,-0.9408848169250709,0.346763889144044,0.009555959229421096,0.0032473984601817385,1423,vix_daily_log_chg,,-0.0577
vix,1,full_all_crypto_predictors,usd_strength_daily_log_chg,False,-1.6615046040095767,-2.2701753658132757,0.023196945030338836,0.009555959229421096,0.0032473984601817385,1423,vix_daily_log_chg,**,-1.6615**
vix,1,group_crypto_market,btc_eth_funding_rate_avg,True,-0.12464062481771859,-0.7961941833210033,0.425919177897189,0.008891532622608223,0.0032841296954376764,1423,vix_daily_log_chg,,-0.1246
vix,1,group_crypto_market,btc_eth_open_interest_daily_log_chg,True,0.047065894261437764,0.8228075245753693,0.41061745699874097,0.008891532622608223,0.0032841296954376764,1423,vix_daily_log_chg,,0.0471
vix,1,group_crypto_market,stablecoin_exchange_netflow_scaled,True,-0.4253981729143852,-0.2329491029572818,0.8158009284567244,0.008891532622608223,0.0032841296954376764,1423,vix_daily_log_chg,,-0.4254
vix,1,group_crypto_market,stablecoin_exchange_reserve_daily_log_chg,True,0.14449140720967668,0.2383021680541332,0.8116467399176743,0.008891532622608223,0.0032841296954376764,1423,vix_daily_log_chg,,0.1445
vix,1,group_crypto_market,tradingVol_btc+eth_daily_log_chg,True,-0.00015078603080469124,-0.023823812284640932,0.9809931459817526,0.008891532622608223,0.0032841296954376764,1423,vix_daily_log_chg,,-0.0002
vix,1,group_crypto_market,nfci_weekly_fill,False,-0.020588234863233454,-1.6932709268188002,0.0904039094058856,0.008891532622608223,0.0032841296954376764,1423,vix_daily_log_chg,*,-0.0206*
vix,1,group_crypto_market,term_spread_daily_chg,False,-0.05608583341858851,-0.9112866718039796,0.3621443471311835,0.008891532622608223,0.0032841296954376764,1423,vix_daily_log_chg,,-0.0561
vix,1,group_crypto_market,usd_strength_daily_log_chg,False,-1.6765119152221146,-2.2946572957833995,0.02175277193490063,0.008891532622608223,0.0032841296954376764,1423,vix_daily_log_chg,**,-1.6765**
vix,1,group_stablecoin_mcaps,stablecoin_supply_daily_log_chg,True,0.2564154668225241,0.7635396436582375,0.44514162899533005,0.007742168571284069,0.004943133785871634,1423,vix_daily_log_chg,,0.2564
vix,1,group_stablecoin_mcaps,nfci_weekly_fill,False,-0.01613985112816422,-1.498984739996314,0.1338775909144347,0.007742168571284069,0.004943133785871634,1423,vix_daily_log_chg,,-0.0161
vix,1,group_stablecoin_mcaps,term_spread_daily_chg,False,-0.055128437664759354,-0.902955239880035,0.36654965109741555,0.007742168571284069,0.004943133785871634,1423,vix_daily_log_chg,,-0.0551
vix,1,group_stablecoin_mcaps,usd_strength_daily_log_chg,False,-1.7394266205347158,-2.364155597899937,0.018071220913508556,0.007742168571284069,0.004943133785871634,1423,vix_daily_log_chg,**,-1.7394**
vix,1,standalone_btc_eth_funding_rate_avg,btc_eth_funding_rate_avg,True,-0.11056269820320425,-0.7200820266145274,0.47147449305654265,0.008073714987032354,0.005275615452440041,1423,vix_daily_log_chg,,-0.1106
vix,1,standalone_btc_eth_funding_rate_avg,nfci_weekly_fill,False,-0.020430616166366256,-1.6831817980916604,0.09233990332745015,0.008073714987032354,0.005275615452440041,1423,vix_daily_log_chg,*,-0.0204*
vix,1,standalone_btc_eth_funding_rate_avg,term_spread_daily_chg,False,-0.05380644543642277,-0.8781466469798769,0.3798641412915108,0.008073714987032354,0.005275615452440041,1423,vix_daily_log_chg,,-0.0538
vix,1,standalone_btc_eth_funding_rate_avg,usd_strength_daily_log_chg,False,-1.800130371072246,-2.3986708967721593,0.016454696162336815,0.008073714987032354,0.005275615452440041,1423,vix_daily_log_chg,**,-1.8001**
vix,1,standalone_btc_eth_open_interest_daily_log_chg,btc_eth_open_interest_daily_log_chg,True,0.04049194875102237,0.7487162151351427,0.45402826824523856,0.007909414825297612,0.00511085182057347,1423,vix_daily_log_chg,,0.0405
vix,1,standalone_btc_eth_open_interest_daily_log_chg,nfci_weekly_fill,False,-0.01617305613539444,-1.505651376159424,0.13215669228983218,0.007909414825297612,0.00511085182057347,1423,vix_daily_log_chg,,-0.0162
vix,1,standalone_btc_eth_open_interest_daily_log_chg,term_spread_daily_chg,False,-0.05581141929854107,-0.9072938514215693,0.3642514247787372,0.007909414825297612,0.00511085182057347,1423,vix_daily_log_chg,,-0.0558
vix,1,standalone_btc_eth_open_interest_daily_log_chg,usd_strength_daily_log_chg,False,-1.644791013994485,-2.2840051419945686,0.02237122875013739,0.007909414825297612,0.00511085182057347,1423,vix_daily_log_chg,**,-1.6448**
vix,1,standalone_stablecoin_exchange_netflow_scaled,stablecoin_exchange_netflow_scaled,True,-0.003394249549628317,-0.010999219409175568,0.991224069609038,0.007320894635372777,0.004520671489069206,1423,vix_daily_log_chg,,-0.0034
vix,1,standalone_stablecoin_exchange_netflow_scaled,nfci_weekly_fill,False,-0.016296344815891765,-1.5222502996643317,0.12794637607910891,0.007320894635372777,0.004520671489069206,1423,vix_daily_log_chg,,-0.0163
vix,1,standalone_stablecoin_exchange_netflow_scaled,term_spread_daily_chg,False,-0.054128580778977406,-0.8828100933056278,0.37733888617660827,0.007320894635372777,0.004520671489069206,1423,vix_daily_log_chg,,-0.0541
vix,1,standalone_stablecoin_exchange_netflow_scaled,usd_strength_daily_log_chg,False,-1.7520021557042875,-2.379238790694543,0.01734843357607042,0.007320894635372777,0.004520671489069206,1423,vix_daily_log_chg,**,-1.752**
vix,1,standalone_stablecoin_exchange_reserve_daily_log_chg,stablecoin_exchange_reserve_daily_log_chg,True,0.0016160487846849508,0.015705133912217575,0.9874696312333647,0.007321011363099816,0.00452078854607052,1423,vix_daily_log_chg,,0.0016
vix,1,standalone_stablecoin_exchange_reserve_daily_log_chg,nfci_weekly_fill,False,-0.016292828101304807,-1.5207903241057708,0.12831246333470597,0.007321011363099816,0.00452078854607052,1423,vix_daily_log_chg,,-0.0163
vix,1,standalone_stablecoin_exchange_reserve_daily_log_chg,term_spread_daily_chg,False,-0.054100379723049874,-0.8828302742135103,0.3773279807566222,0.007321011363099816,0.00452078854607052,1423,vix_daily_log_chg,,-0.0541
vix,1,standalone_stablecoin_exchange_reserve_daily_log_chg,usd_strength_daily_log_chg,False,-1.7525697564776677,-2.382194345702908,0.017209812188053366,0.007321011363099816,0.00452078854607052,1423,vix_daily_log_chg,**,-1.7526**
vix,1,standalone_stablecoin_supply_daily_log_chg,stablecoin_supply_daily_log_chg,True,0.2564154668225241,0.7635396436582375,0.44514162899533005,0.007742168571284069,0.004943133785871634,1423,vix_daily_log_chg,,0.2564
vix,1,standalone_stablecoin_supply_daily_log_chg,nfci_weekly_fill,False,-0.01613985112816422,-1.498984739996314,0.1338775909144347,0.007742168571284069,0.004943133785871634,1423,vix_daily_log_chg,,-0.0161
vix,1,standalone_stablecoin_supply_daily_log_chg,term_spread_daily_chg,False,-0.055128437664759354,-0.902955239880035,0.36654965109741555,0.007742168571284069,0.004943133785871634,1423,vix_daily_log_chg,,-0.0551
vix,1,standalone_stablecoin_supply_daily_log_chg,usd_strength_daily_log_chg,False,-1.7394266205347158,-2.364155597899937,0.018071220913508556,0.007742168571284069,0.004943133785871634,1423,vix_daily_log_chg,**,-1.7394**
vix,1,standalone_tradingVol_btc+eth_daily_log_chg,tradingVol_btc+eth_daily_log_chg,True,-0.0003636635123975343,-0.05747026090600435,0.9541705953008789,0.0073229390168318975,0.004522721637471805,1423,vix_daily_log_chg,,-0.0004
vix,1,standalone_tradingVol_btc+eth_daily_log_chg,nfci_weekly_fill,False,-0.016277504700595666,-1.5197944446586604,0.12856264578372306,0.0073229390168318975,0.004522721637471805,1423,vix_daily_log_chg,,-0.0163
vix,1,standalone_tradingVol_btc+eth_daily_log_chg,term_spread_daily_chg,False,-0.054014843507378216,-0.885366418345788,0.37595903829580746,0.0073229390168318975,0.004522721637471805,1423,vix_daily_log_chg,,-0.054
vix,1,standalone_tradingVol_btc+eth_daily_log_chg,usd_strength_daily_log_chg,False,-1.7528482206126215,-2.394749866065959,0.016631707041306766,0.0073229390168318975,0.004522721637471805,1423,vix_daily_log_chg,**,-1.7528**
vix,5,full_all_crypto_predictors,btc_eth_funding_rate_avg,True,0.17124122191410832,0.6225280682382317,0.5335946933874663,0.02616818998082404,0.019952242257297415,1420,vix_daily_log_chg,,0.1712
vix,5,full_all_crypto_predictors,btc_eth_open_interest_daily_log_chg,True,0.1349345893045304,1.607925770051316,0.10785143708749326,0.02616818998082404,0.019952242257297415,1420,vix_daily_log_chg,,0.1349
vix,5,full_all_crypto_predictors,stablecoin_exchange_netflow_scaled,True,-16.157711996603904,-2.4617925549150113,0.01382446001533131,0.02616818998082404,0.019952242257297415,1420,vix_daily_log_chg,**,-16.1577**
vix,5,full_all_crypto_predictors,stablecoin_exchange_reserve_daily_log_chg,True,5.615907326624372,2.3337441444912463,0.01960912309119121,0.02616818998082404,0.019952242257297415,1420,vix_daily_log_chg,**,5.6159**
vix,5,full_all_crypto_predictors,stablecoin_supply_daily_log_chg,True,-0.2979253672138537,-0.3270887664531811,0.7436007480037921,0.02616818998082404,0.019952242257297415,1420,vix_daily_log_chg,,-0.2979
vix,5,full_all_crypto_predictors,tradingVol_btc+eth_daily_log_chg,True,-0.003805940737368358,-0.3667530144714312,0.7138032579951038,0.02616818998082404,0.019952242257297415,1420,vix_daily_log_chg,,-0.0038
vix,5,full_all_crypto_predictors,nfci_weekly_fill,False,-0.058005435605030194,-1.7470464575622087,0.08062927980829196,0.02616818998082404,0.019952242257297415,1420,vix_daily_log_chg,*,-0.058*
vix,5,full_all_crypto_predictors,term_spread_daily_chg,False,-0.13546035323659902,-1.3335246185132774,0.18235970205965335,0.02616818998082404,0.019952242257297415,1420,vix_daily_log_chg,,-0.1355
vix,5,full_all_crypto_predictors,usd_strength_daily_log_chg,False,-1.2387183677175837,-0.9543122677030249,0.3399256001110478,0.02616818998082404,0.019952242257297415,1420,vix_daily_log_chg,,-1.2387
vix,5,group_crypto_market,btc_eth_funding_rate_avg,True,0.15657190419526001,0.5788054373076229,0.5627204618993649,0.026039971046152854,0.020517873079015425,1420,vix_daily_log_chg,,0.1566
vix,5,group_crypto_market,btc_eth_open_interest_daily_log_chg,True,0.13500426935981022,1.6121724432224847,0.10692442004213279,0.026039971046152854,0.020517873079015425,1420,vix_daily_log_chg,,0.135
vix,5,group_crypto_market,stablecoin_exchange_netflow_scaled,True,-16.197230149841783,-2.4570732533709636,0.014007412105696733,0.026039971046152854,0.020517873079015425,1420,vix_daily_log_chg,**,-16.1972**
vix,5,group_crypto_market,stablecoin_exchange_reserve_daily_log_chg,True,5.610434812030806,2.3189664464756716,0.020396855731617005,0.026039971046152854,0.020517873079015425,1420,vix_daily_log_chg,**,5.6104**
vix,5,group_crypto_market,tradingVol_btc+eth_daily_log_chg,True,-0.0034864972517146594,-0.3324481586199857,0.7395508790309779,0.026039971046152854,0.020517873079015425,1420,vix_daily_log_chg,,-0.0035
vix,5,group_crypto_market,nfci_weekly_fill,False,-0.05840270406338051,-1.749098507377525,0.08027399320800051,0.026039971046152854,0.020517873079015425,1420,vix_daily_log_chg,*,-0.0584*
vix,5,group_crypto_market,term_spread_daily_chg,False,-0.13688222431671376,-1.3445345051554471,0.17877560626348876,0.026039971046152854,0.020517873079015425,1420,vix_daily_log_chg,,-0.1369
vix,5,group_crypto_market,usd_strength_daily_log_chg,False,-1.2252953482656692,-0.9461882716924342,0.34405256707409027,0.026039971046152854,0.020517873079015425,1420,vix_daily_log_chg,,-1.2253
vix,5,group_stablecoin_mcaps,stablecoin_supply_daily_log_chg,True,-0.13522951166700073,-0.13321916073273657,0.8940200578361867,0.009170805938203297,0.006369875354282906,1420,vix_daily_log_chg,,-0.1352
vix,5,group_stablecoin_mcaps,nfci_weekly_fill,False,-0.07346955331642144,-2.1992740800612243,0.02785843959900659,0.009170805938203297,0.006369875354282906,1420,vix_daily_log_chg,**,-0.0735**
vix,5,group_stablecoin_mcaps,term_spread_daily_chg,False,-0.11749537949694189,-1.1508806516926957,0.24978133868222863,0.009170805938203297,0.006369875354282906,1420,vix_daily_log_chg,,-0.1175
vix,5,group_stablecoin_mcaps,usd_strength_daily_log_chg,False,-1.8245411629551604,-1.4113014389177942,0.15815575039666818,0.009170805938203297,0.006369875354282906,1420,vix_daily_log_chg,,-1.8245
vix,5,standalone_btc_eth_funding_rate_avg,btc_eth_funding_rate_avg,True,0.19069356664430087,0.713095506977292,0.4757866595901634,0.00969141249147798,0.006891953586860233,1420,vix_daily_log_chg,,0.1907
vix,5,standalone_btc_eth_funding_rate_avg,nfci_weekly_fill,False,-0.06624080876960226,-1.9019497905731608,0.05717771897078924,0.00969141249147798,0.006891953586860233,1420,vix_daily_log_chg,*,-0.0662*
vix,5,standalone_btc_eth_funding_rate_avg,term_spread_daily_chg,False,-0.1185456835142584,-1.1594459690763963,0.24627444827931788,0.00969141249147798,0.006891953586860233,1420,vix_daily_log_chg,,-0.1185
vix,5,standalone_btc_eth_funding_rate_avg,usd_strength_daily_log_chg,False,-1.7348334916390926,-1.334619370463629,0.18200095494284008,0.00969141249147798,0.006891953586860233,1420,vix_daily_log_chg,,-1.7348
vix,5,standalone_btc_eth_open_interest_daily_log_chg,btc_eth_open_interest_daily_log_chg,True,0.13248029341016362,1.5104647374296518,0.1309248806361069,0.010688157318451519,0.007891516067054849,1420,vix_daily_log_chg,,0.1325
vix,5,standalone_btc_eth_open_interest_daily_log_chg,nfci_weekly_fill,False,-0.0729808157637822,-2.1701537009484597,0.029995204163362685,0.010688157318451519,0.007891516067054849,1420,vix_daily_log_chg,**,-0.073**
vix,5,standalone_btc_eth_open_interest_daily_log_chg,term_spread_daily_chg,False,-0.12356764609567718,-1.2040717905613538,0.22856183202497304,0.010688157318451519,0.007891516067054849,1420,vix_daily_log_chg,,-0.1236
vix,5,standalone_btc_eth_open_interest_daily_log_chg,usd_strength_daily_log_chg,False,-1.4657352331865747,-1.1164776098221725,0.26421774903962436,0.010688157318451519,0.007891516067054849,1420,vix_daily_log_chg,,-1.4657
vix,5,standalone_stablecoin_exchange_netflow_scaled,stablecoin_exchange_netflow_scaled,True,0.032152538759493865,0.033095437065113045,0.973598481452894,0.009144761701749493,0.006343757494545854,1420,vix_daily_log_chg,,0.0322
vix,5,standalone_stablecoin_exchange_netflow_scaled,nfci_weekly_fill,False,-0.07338164054289524,-2.1926943865458886,0.028329405460659735,0.009144761701749493,0.006343757494545854,1420,vix_daily_log_chg,**,-0.0734**
vix,5,standalone_stablecoin_exchange_netflow_scaled,term_spread_daily_chg,False,-0.117892684581533,-1.1545889782595524,0.24825878226793696,0.009144761701749493,0.006343757494545854,1420,vix_daily_log_chg,,-0.1179
vix,5,standalone_stablecoin_exchange_netflow_scaled,usd_strength_daily_log_chg,False,-1.820172154407344,-1.426158093900083,0.15382271289207672,0.009144761701749493,0.006343757494545854,1420,vix_daily_log_chg,,-1.8202
vix,5,standalone_stablecoin_exchange_reserve_daily_log_chg,stablecoin_exchange_reserve_daily_log_chg,True,0.12817416734828424,0.3449689737846901,0.7301176959241464,0.009511867428403709,0.006711900975904461,1420,vix_daily_log_chg,,0.1282
vix,5,standalone_stablecoin_exchange_reserve_daily_log_chg,nfci_weekly_fill,False,-0.0731436575764389,-2.1808347564214343,0.029195640821293452,0.009511867428403709,0.006711900975904461,1420,vix_daily_log_chg,**,-0.0731**
vix,5,standalone_stablecoin_exchange_reserve_daily_log_chg,term_spread_daily_chg,False,-0.1168360779592378,-1.1424400789189852,0.2532711398259583,0.009511867428403709,0.006711900975904461,1420,vix_daily_log_chg,,-0.1168
vix,5,standalone_stablecoin_exchange_reserve_daily_log_chg,usd_strength_daily_log_chg,False,-1.8421203833519317,-1.4400746487962968,0.14984628057149618,0.009511867428403709,0.006711900975904461,1420,vix_daily_log_chg,,-1.8421
vix,5,standalone_stablecoin_supply_daily_log_chg,stablecoin_supply_daily_log_chg,True,-0.13522951166700073,-0.13321916073273657,0.8940200578361867,0.009170805938203297,0.006369875354282906,1420,vix_daily_log_chg,,-0.1352
vix,5,standalone_stablecoin_supply_daily_log_chg,nfci_weekly_fill,False,-0.07346955331642144,-2.1992740800612243,0.02785843959900659,0.009170805938203297,0.006369875354282906,1420,vix_daily_log_chg,**,-0.0735**
vix,5,standalone_stablecoin_supply_daily_log_chg,term_spread_daily_chg,False,-0.11749537949694189,-1.1508806516926957,0.24978133868222863,0.009170805938203297,0.006369875354282906,1420,vix_daily_log_chg,,-0.1175
vix,5,standalone_stablecoin_supply_daily_log_chg,usd_strength_daily_log_chg,False,-1.8245411629551604,-1.4113014389177942,0.15815575039666818,0.009170805938203297,0.006369875354282906,1420,vix_daily_log_chg,,-1.8245
vix,5,standalone_tradingVol_btc+eth_daily_log_chg,tradingVol_btc+eth_daily_log_chg,True,-0.0033842592717333794,-0.3136465147437268,0.753789527216562,0.009187789123753842,0.006386906548838556,1420,vix_daily_log_chg,,-0.0034
vix,5,standalone_tradingVol_btc+eth_daily_log_chg,nfci_weekly_fill,False,-0.07320541903204834,-2.185178331460109,0.028875773639847,0.009187789123753842,0.006386906548838556,1420,vix_daily_log_chg,**,-0.0732**
vix,5,standalone_tradingVol_btc+eth_daily_log_chg,term_spread_daily_chg,False,-0.11711464252621501,-1.1475378592947314,0.2511593954192469,0.009187789123753842,0.006386906548838556,1420,vix_daily_log_chg,,-0.1171
vix,5,standalone_tradingVol_btc+eth_daily_log_chg,usd_strength_daily_log_chg,False,-1.8230135604362445,-1.4170917550220206,0.1564561028199023,0.009187789123753842,0.006386906548838556,1420,vix_daily_log_chg,,-1.823
vix,20,full_all_crypto_predictors,btc_eth_funding_rate_avg,True,1.3481136376174812,1.1705948237157175,0.2417616789576722,0.08407853905596185,0.07816936834019395,1405,vix_daily_log_chg,,1.3481
vix,20,full_all_crypto_predictors,btc_eth_open_interest_daily_log_chg,True,0.2942593623701246,2.386155129923956,0.017025567548129464,0.08407853905596185,0.07816936834019395,1405,vix_daily_log_chg,**,0.2943**
vix,20,full_all_crypto_predictors,stablecoin_exchange_netflow_scaled,True,-13.997533870630669,-1.242466419165632,0.21406452296085754,0.08407853905596185,0.07816936834019395,1405,vix_daily_log_chg,,-13.9975
vix,20,full_all_crypto_predictors,stablecoin_exchange_reserve_daily_log_chg,True,5.025887512478142,1.2093881380111093,0.22651376367792586,0.08407853905596185,0.07816936834019395,1405,vix_daily_log_chg,,5.0259
vix,20,full_all_crypto_predictors,stablecoin_supply_daily_log_chg,True,-3.6310155924059266,-2.015749763919298,0.043826149034529846,0.08407853905596185,0.07816936834019395,1405,vix_daily_log_chg,**,-3.631**
vix,20,full_all_crypto_predictors,tradingVol_btc+eth_daily_log_chg,True,0.0015070703193091756,0.09408210805399525,0.9250439330374702,0.08407853905596185,0.07816936834019395,1405,vix_daily_log_chg,,0.0015
vix,20,full_all_crypto_predictors,nfci_weekly_fill,False,-0.2932170018280863,-3.3579636149642518,0.0007851894793062828,0.08407853905596185,0.07816936834019395,1405,vix_daily_log_chg,***,-0.2932***
vix,20,full_all_crypto_predictors,term_spread_daily_chg,False,-0.197439735882031,-1.3890868941751662,0.1648063285289637,0.08407853905596185,0.07816936834019395,1405,vix_daily_log_chg,,-0.1974
vix,20,full_all_crypto_predictors,usd_strength_daily_log_chg,False,-4.083180589612212,-1.8948261199117906,0.05811544155485673,0.08407853905596185,0.07816936834019395,1405,vix_daily_log_chg,*,-4.0832*
vix,20,group_crypto_market,btc_eth_funding_rate_avg,True,1.1709338423140903,1.0175128770616597,0.30890950961078,0.07720358258517845,0.07191535096675539,1405,vix_daily_log_chg,,1.1709
vix,20,group_crypto_market,btc_eth_open_interest_daily_log_chg,True,0.2954140994175056,2.486034827716447,0.0129175323078531,0.07720358258517845,0.07191535096675539,1405,vix_daily_log_chg,**,0.2954**
vix,20,group_crypto_market,stablecoin_exchange_netflow_scaled,True,-14.482595262796202,-1.2310863335697617,0.21829057635115723,0.07720358258517845,0.07191535096675539,1405,vix_daily_log_chg,,-14.4826
vix,20,group_crypto_market,stablecoin_exchange_reserve_daily_log_chg,True,4.960843857628888,1.164864429814173,0.2440738736952205,0.07720358258517845,0.07191535096675539,1405,vix_daily_log_chg,,4.9608
vix,20,group_crypto_market,tradingVol_btc+eth_daily_log_chg,True,0.005399312425360431,0.3416683446377655,0.7326004972682867,0.07720358258517845,0.07191535096675539,1405,vix_daily_log_chg,,0.0054
vix,20,group_crypto_market,nfci_weekly_fill,False,-0.29780953811177985,-3.244132848346455,0.0011780878636254597,0.07720358258517845,0.07191535096675539,1405,vix_daily_log_chg,***,-0.2978***
vix,20,group_crypto_market,term_spread_daily_chg,False,-0.21510457282521322,-1.604129978288623,0.1086854051692591,0.07720358258517845,0.07191535096675539,1405,vix_daily_log_chg,,-0.2151
vix,20,group_crypto_market,usd_strength_daily_log_chg,False,-3.9137305388990384,-1.773952455705374,0.07607101493385421,0.07720358258517845,0.07191535096675539,1405,vix_daily_log_chg,*,-3.9137*
vix,20,group_stablecoin_mcaps,stablecoin_supply_daily_log_chg,True,-2.8348607140763527,-1.658810820739761,0.0971539192037662,0.06638066337046411,0.06371317955152256,1405,vix_daily_log_chg,*,-2.8349*
vix,20,group_stablecoin_mcaps,nfci_weekly_fill,False,-0.35228733968377435,-3.225498950573005,0.0012575329680793136,0.06638066337046411,0.06371317955152256,1405,vix_daily_log_chg,***,-0.3523***
vix,20,group_stablecoin_mcaps,term_spread_daily_chg,False,-0.17317789485419477,-1.2463208680027855,0.21264661964815945,0.06638066337046411,0.06371317955152256,1405,vix_daily_log_chg,,-0.1732
vix,20,group_stablecoin_mcaps,usd_strength_daily_log_chg,False,-5.541045489666489,-2.502868358018656,0.01231913558016277,0.06638066337046411,0.06371317955152256,1405,vix_daily_log_chg,**,-5.541**
vix,20,standalone_btc_eth_funding_rate_avg,btc_eth_funding_rate_avg,True,1.2544466424952452,1.101315544656763,0.2707593480533329,0.07038412301674846,0.06772807765393918,1405,vix_daily_log_chg,,1.2544
vix,20,standalone_btc_eth_funding_rate_avg,nfci_weekly_fill,False,-0.3028338154044539,-3.2056209470077346,0.0013477139506588003,0.07038412301674846,0.06772807765393918,1405,vix_daily_log_chg,***,-0.3028***
vix,20,standalone_btc_eth_funding_rate_avg,term_spread_daily_chg,False,-0.18846861009055796,-1.3999386067136481,0.1615317037799785,0.07038412301674846,0.06772807765393918,1405,vix_daily_log_chg,,-0.1885
vix,20,standalone_btc_eth_funding_rate_avg,usd_strength_daily_log_chg,False,-4.834447496599589,-2.035864208151795,0.04176399275280149,0.07038412301674846,0.06772807765393918,1405,vix_daily_log_chg,**,-4.8344**
vix,20,standalone_btc_eth_open_interest_daily_log_chg,btc_eth_open_interest_daily_log_chg,True,0.34393342056292664,2.973769617910999,0.0029416584538999066,0.06557613238865967,0.06290634990977007,1405,vix_daily_log_chg,***,0.3439***
vix,20,standalone_btc_eth_open_interest_daily_log_chg,nfci_weekly_fill,False,-0.3492213031970278,-3.084810246536484,0.002036820557304089,0.06557613238865967,0.06290634990977007,1405,vix_daily_log_chg,***,-0.3492***
vix,20,standalone_btc_eth_open_interest_daily_log_chg,term_spread_daily_chg,False,-0.19917997005164087,-1.4741730111848976,0.14043501451450882,0.06557613238865967,0.06290634990977007,1405,vix_daily_log_chg,,-0.1992
vix,20,standalone_btc_eth_open_interest_daily_log_chg,usd_strength_daily_log_chg,False,-4.478693491365823,-2.057986617513034,0.03959141805169925,0.06557613238865967,0.06290634990977007,1405,vix_daily_log_chg,**,-4.4787**
vix,20,standalone_stablecoin_exchange_netflow_scaled,stablecoin_exchange_netflow_scaled,True,-0.30606457632753536,-0.23216334011026507,0.8164111502279505,0.06191179566669591,0.059231543654315044,1405,vix_daily_log_chg,,-0.3061
vix,20,standalone_stablecoin_exchange_netflow_scaled,nfci_weekly_fill,False,-0.35036013127271315,-3.0897858327771175,0.002003008707236225,0.06191179566669591,0.059231543654315044,1405,vix_daily_log_chg,***,-0.3504***
vix,20,standalone_stablecoin_exchange_netflow_scaled,term_spread_daily_chg,False,-0.18577787984566835,-1.3867531826407287,0.16551703752196512,0.06191179566669591,0.059231543654315044,1405,vix_daily_log_chg,,-0.1858
vix,20,standalone_stablecoin_exchange_netflow_scaled,usd_strength_daily_log_chg,False,-5.369546392546369,-2.3739439098785313,0.01759922374346531,0.06191179566669591,0.059231543654315044,1405,vix_daily_log_chg,**,-5.3695**
vix,20,standalone_stablecoin_exchange_reserve_daily_log_chg,stablecoin_exchange_reserve_daily_log_chg,True,-0.001226082808385126,-0.0024105456556429727,0.998076664700916,0.06182324968179387,0.05914274468088465,1405,vix_daily_log_chg,,-0.0012
vix,20,standalone_stablecoin_exchange_reserve_daily_log_chg,nfci_weekly_fill,False,-0.35031316945393254,-3.086911513719233,0.002022477910520774,0.06182324968179387,0.05914274468088465,1405,vix_daily_log_chg,***,-0.3503***
vix,20,standalone_stablecoin_exchange_reserve_daily_log_chg,term_spread_daily_chg,False,-0.18455718873688698,-1.3743181242845368,0.16934294201735456,0.06182324968179387,0.05914274468088465,1405,vix_daily_log_chg,,-0.1846
vix,20,standalone_stablecoin_exchange_reserve_daily_log_chg,usd_strength_daily_log_chg,False,-5.392861258543531,-2.3732086361083145,0.017634299826255598,0.06182324968179387,0.05914274468088465,1405,vix_daily_log_chg,**,-5.3929**
vix,20,standalone_stablecoin_supply_daily_log_chg,stablecoin_supply_daily_log_chg,True,-2.8348607140763527,-1.658810820739761,0.0971539192037662,0.06638066337046411,0.06371317955152256,1405,vix_daily_log_chg,*,-2.8349*
vix,20,standalone_stablecoin_supply_daily_log_chg,nfci_weekly_fill,False,-0.35228733968377435,-3.225498950573005,0.0012575329680793136,0.06638066337046411,0.06371317955152256,1405,vix_daily_log_chg,***,-0.3523***
vix,20,standalone_stablecoin_supply_daily_log_chg,term_spread_daily_chg,False,-0.17317789485419477,-1.2463208680027855,0.21264661964815945,0.06638066337046411,0.06371317955152256,1405,vix_daily_log_chg,,-0.1732
vix,20,standalone_stablecoin_supply_daily_log_chg,usd_strength_daily_log_chg,False,-5.541045489666489,-2.502868358018656,0.01231913558016277,0.06638066337046411,0.06371317955152256,1405,vix_daily_log_chg,**,-5.541**
vix,20,standalone_tradingVol_btc+eth_daily_log_chg,tradingVol_btc+eth_daily_log_chg,True,0.0032136556225396233,0.19872462117067505,0.8424781632219854,0.06183805814264398,0.05915759545162291,1405,vix_daily_log_chg,,0.0032
vix,20,standalone_tradingVol_btc+eth_daily_log_chg,nfci_weekly_fill,False,-0.3504876870153645,-3.0908340114504917,0.0019959517732923,0.06183805814264398,0.05915759545162291,1405,vix_daily_log_chg,***,-0.3505***
vix,20,standalone_tradingVol_btc+eth_daily_log_chg,term_spread_daily_chg,False,-0.18542188915641628,-1.38030938786284,0.16749140570155907,0.06183805814264398,0.05915759545162291,1405,vix_daily_log_chg,,-0.1854
vix,20,standalone_tradingVol_btc+eth_daily_log_chg,usd_strength_daily_log_chg,False,-5.388139074196033,-2.3622025844009555,0.018166711771047252,0.06183805814264398,0.05915759545162291,1405,vix_daily_log_chg,**,-5.3881**
