Datetime,Total Supply
2026-05-13T00:00:00Z,156781257422.80167
2026-05-12T00:00:00Z,156958320640.00232
2026-05-11T00:00:00Z,157108197310.46515
2026-05-10T00:00:00Z,157697948161.73767
2026-05-09T00:00:00Z,157676767856.53827
2026-05-08T00:00:00Z,157746483532.803
2026-05-07T00:00:00Z,160066971432.77512
2026-05-06T00:00:00Z,159671723672.3735
2026-05-05T00:00:00Z,159690175232.0477
2026-05-04T00:00:00Z,159078803273.39966
2026-05-03T00:00:00Z,158850673593.14465
2026-05-02T00:00:00Z,158874928667.69174
2026-05-01T00:00:00Z,158901075957.51157
2026-04-30T00:00:00Z,158847182288.91943
2026-04-29T00:00:00Z,159042257410.61923
2026-04-28T00:00:00Z,158997788838.2132
2026-04-27T00:00:00Z,159152734062.77658
2026-04-26T00:00:00Z,159457087880.56595
2026-04-25T00:00:00Z,159515808181.93246
2026-04-24T00:00:00Z,159472383895.02887
2026-04-23T00:00:00Z,159577876330.71155
2026-04-22T00:00:00Z,158693992630.01672
2026-04-21T00:00:00Z,158358134119.16602
2026-04-20T00:00:00Z,157618989570.59064
2026-04-19T00:00:00Z,157618636036.56503
2026-04-18T00:00:00Z,157784442733.62027
2026-04-17T00:00:00Z,156790170439.96094
2026-04-16T00:00:00Z,157006668647.08386
2026-04-15T00:00:00Z,156764426051.5424
2026-04-14T00:00:00Z,157136361349.88593
2026-04-13T00:00:00Z,157108910810.6543
2026-04-12T00:00:00Z,157112380189.786
2026-04-11T00:00:00Z,157172990945.8509
2026-04-10T00:00:00Z,157204856402.9882
2026-04-09T00:00:00Z,157074148101.19232
2026-04-08T00:00:00Z,156981190101.53458
2026-04-07T00:00:00Z,156900813816.0236
2026-04-06T00:00:00Z,156759047984.6693
2026-04-05T00:00:00Z,156586106435.26428
2026-04-04T00:00:00Z,156589811315.0009
2026-04-03T00:00:00Z,156582671783.53247
2026-04-02T00:00:00Z,156152713748.15726
2026-04-01T00:00:00Z,156365009722.2767
2026-03-31T00:00:00Z,156202276961.2279
2026-03-30T00:00:00Z,156390784229.96
2026-03-29T00:00:00Z,156605595894.68744
2026-03-28T00:00:00Z,156634222685.16025
2026-03-27T00:00:00Z,156627517314.62723
2026-03-26T00:00:00Z,156809156679.62238
2026-03-25T00:00:00Z,157076739321.73767
2026-03-24T00:00:00Z,157040699951.87024
2026-03-23T00:00:00Z,157171175922.87524
2026-03-22T00:00:00Z,157400228511.8201
2026-03-21T00:00:00Z,157485215782.52606
2026-03-20T00:00:00Z,157530244727.8189
2026-03-19T00:00:00Z,157760335118.9521
2026-03-18T00:00:00Z,157949750401.08685
2026-03-17T00:00:00Z,157832467335.76532
2026-03-16T00:00:00Z,157890576435.1988
2026-03-15T00:00:00Z,157517114817.56567
2026-03-14T00:00:00Z,157539253406.6137
2026-03-13T00:00:00Z,157602948189.50555
2026-03-12T00:00:00Z,157236290278.96088
2026-03-11T00:00:00Z,157103170781.20377
2026-03-10T00:00:00Z,157224075439.7469
2026-03-09T00:00:00Z,156951503208.49548
2026-03-08T00:00:00Z,156304719502.41608
2026-03-07T00:00:00Z,156300300119.59525
2026-03-06T00:00:00Z,156364558473.72763
2026-03-05T00:00:00Z,156160329560.82867
2026-03-04T00:00:00Z,155707713969.75665
2026-03-03T00:00:00Z,155365982375.95844
2026-03-02T00:00:00Z,154816400832.1924
2026-03-01T00:00:00Z,154390759945.66397
2026-02-28T00:00:00Z,154393344386.10355
2026-02-27T00:00:00Z,154416999602.46634
2026-02-26T00:00:00Z,154509365447.13138
2026-02-25T00:00:00Z,154575735983.43524
2026-02-24T00:00:00Z,154283975333.44897
2026-02-23T00:00:00Z,154239488853.5056
2026-02-22T00:00:00Z,153757852676.3777
2026-02-21T00:00:00Z,153762500794.56384
2026-02-20T00:00:00Z,153766599637.72516
2026-02-19T00:00:00Z,153252801557.14764
2026-02-18T00:00:00Z,152917976622.9064
2026-02-17T00:00:00Z,152896184789.65973
2026-02-16T00:00:00Z,153168314861.89612
2026-02-15T00:00:00Z,152686597599.708
2026-02-14T00:00:00Z,152725526523.63632
2026-02-13T00:00:00Z,152695688205.09552
2026-02-12T00:00:00Z,152517735098.2367
2026-02-11T00:00:00Z,152232703272.56042
2026-02-10T00:00:00Z,152048598907.5307
2026-02-09T00:00:00Z,155818126831.9693
2026-02-08T00:00:00Z,155128900136.99933
2026-02-07T00:00:00Z,155053030843.8767
2026-02-06T00:00:00Z,154874790638.45038
2026-02-05T00:00:00Z,154143928209.66803
2026-02-04T00:00:00Z,154174536886.94922
2026-02-03T00:00:00Z,154222270909.0774
2026-02-02T00:00:00Z,153711916606.67358
2026-02-01T00:00:00Z,153335063160.00717
2026-01-31T00:00:00Z,153432189813.7696
2026-01-30T00:00:00Z,153444280812.9526
2026-01-29T00:00:00Z,153836902103.78104
2026-01-28T00:00:00Z,154418394114.9085
2026-01-27T00:00:00Z,154604612883.13574
2026-01-26T00:00:00Z,154816820814.34464
2026-01-25T00:00:00Z,155224723948.8579
2026-01-24T00:00:00Z,155346406999.00433
2026-01-23T00:00:00Z,155490770940.11127
2026-01-22T00:00:00Z,156317384045.96423
2026-01-21T00:00:00Z,156856593594.84097
2026-01-20T00:00:00Z,157374367288.6573
2026-01-19T00:00:00Z,161190095133.60883
2026-01-18T00:00:00Z,161119120262.2368
2026-01-17T00:00:00Z,161141299440.58112
2026-01-16T00:00:00Z,161135871622.8694
2026-01-15T00:00:00Z,160458034583.19513
2026-01-14T00:00:00Z,160323999086.9467
2026-01-13T00:00:00Z,160193373026.99725
2026-01-12T00:00:00Z,159851472069.68704
2026-01-11T00:00:00Z,160491762397.53906
2026-01-10T00:00:00Z,160543727570.7882
2026-01-09T00:00:00Z,160628948891.75372
2026-01-08T00:00:00Z,160392904380.2787
2026-01-07T00:00:00Z,159653311782.0792
2026-01-06T00:00:00Z,159385365962.01367
2026-01-05T00:00:00Z,159060486122.68896
2026-01-04T00:00:00Z,159529396285.5546
2026-01-03T00:00:00Z,159579721592.3365
2026-01-02T00:00:00Z,159528599800.58368
2026-01-01T00:00:00Z,159942031755.60046
2025-12-31T00:00:00Z,159742045492.47827
2025-12-30T00:00:00Z,159961765391.4458
2025-12-29T00:00:00Z,160070836923.19202
2025-12-28T00:00:00Z,159943294822.8953
2025-12-27T00:00:00Z,159975685656.43494
2025-12-26T00:00:00Z,159965901107.175
2025-12-25T00:00:00Z,159601516473.8139
2025-12-24T00:00:00Z,159632484285.5432
2025-12-23T00:00:00Z,160078828512.29956
2025-12-22T00:00:00Z,160304478176.37766
2025-12-21T00:00:00Z,160487695164.70074
2025-12-20T00:00:00Z,160527769935.737
2025-12-19T00:00:00Z,160536506086.91083
2025-12-18T00:00:00Z,160252163731.65494
2025-12-17T00:00:00Z,160796888165.65854
2025-12-16T00:00:00Z,161067434549.6501
2025-12-15T00:00:00Z,161107713819.8236
2025-12-14T00:00:00Z,161163694419.60834
2025-12-13T00:00:00Z,161119466406.3404
2025-12-12T00:00:00Z,160723589128.6942
2025-12-11T00:00:00Z,160848419376.31467
2025-12-10T00:00:00Z,160747201575.44696
2025-12-09T00:00:00Z,161137799028.63547
2025-12-08T00:00:00Z,160893268817.6866
2025-12-07T00:00:00Z,161049981104.8616
2025-12-06T00:00:00Z,160975461617.00912
2025-12-05T00:00:00Z,160977714955.79044
2025-12-04T00:00:00Z,160931007335.1563
2025-12-03T00:00:00Z,161068066128.00928
2025-12-02T00:00:00Z,160617315759.03613
2025-12-01T00:00:00Z,160708116764.87643
2025-11-30T00:00:00Z,160628153191.149
2025-11-29T00:00:00Z,160666193647.7391
2025-11-28T00:00:00Z,160760847693.5524
2025-11-27T00:00:00Z,160842224291.02856
2025-11-26T00:00:00Z,161031965773.79095
2025-11-25T00:00:00Z,160857647632.89188
2025-11-24T00:00:00Z,160597132232.81348
2025-11-23T00:00:00Z,160001716871.71893
2025-11-22T00:00:00Z,159971119357.97485
2025-11-21T00:00:00Z,160007372862.35947
2025-11-20T00:00:00Z,160112780729.0576
2025-11-19T00:00:00Z,160797824923.23907
2025-11-18T00:00:00Z,160858374247.96133
2025-11-17T00:00:00Z,160788606890.55875
2025-11-16T00:00:00Z,160569224340.10754
2025-11-15T00:00:00Z,161019835701.31277
2025-11-14T00:00:00Z,160987406980.71118
2025-11-13T00:00:00Z,161244175031.49686
2025-11-12T00:00:00Z,161495362231.94324
2025-11-11T00:00:00Z,161441322990.53427
2025-11-10T00:00:00Z,161185981832.60242
2025-11-09T00:00:00Z,159531574840.96307
2025-11-08T00:00:00Z,159495182995.22232
2025-11-07T00:00:00Z,159484954404.31696
2025-11-06T00:00:00Z,159254392590.51117
2025-11-05T00:00:00Z,159009536714.58026
2025-11-04T00:00:00Z,158612804651.38544
2025-11-03T00:00:00Z,158971807917.0034
2025-11-02T00:00:00Z,158801649125.79202
2025-11-01T00:00:00Z,158840025156.47607
2025-10-31T00:00:00Z,158885720439.02277
2025-10-30T00:00:00Z,158701542716.19412
2025-10-29T00:00:00Z,158838288715.9268
2025-10-28T00:00:00Z,158760381988.7014
2025-10-27T00:00:00Z,158813719401.4057
2025-10-26T00:00:00Z,158487220149.30853
2025-10-25T00:00:00Z,158583094750.19547
2025-10-24T00:00:00Z,158558471985.4859
2025-10-23T00:00:00Z,158368093175.78287
2025-10-22T00:00:00Z,158199157549.0395
2025-10-21T00:00:00Z,158325438654.15573
2025-10-20T00:00:00Z,157067908157.42645
2025-10-19T00:00:00Z,156864765842.78
2025-10-18T00:00:00Z,156820325602.94904
2025-10-17T00:00:00Z,155725212960.00735
2025-10-16T00:00:00Z,154898106143.58588
2025-10-15T00:00:00Z,154037397102.46863
2025-10-14T00:00:00Z,153052515498.05856
2025-10-13T00:00:00Z,151708203556.85544
2025-10-12T00:00:00Z,150662268145.7021
2025-10-11T00:00:00Z,150875586089.78027
2025-10-10T00:00:00Z,151079351821.32812
2025-10-09T00:00:00Z,150577124124.51703
2025-10-08T00:00:00Z,150570045418.74524
2025-10-07T00:00:00Z,150840205664.5668
2025-10-06T00:00:00Z,150709712566.98053
2025-10-05T00:00:00Z,150669061106.4941
2025-10-04T00:00:00Z,150771332569.7839
2025-10-03T00:00:00Z,150847898937.16956
2025-10-02T00:00:00Z,150266839427.33856
2025-10-01T00:00:00Z,148537207375.77505
2025-09-30T00:00:00Z,148729676272.99683
2025-09-29T00:00:00Z,148523778146.82965
2025-09-28T00:00:00Z,149134069701.81427
2025-09-27T00:00:00Z,149166516033.98788
2025-09-26T00:00:00Z,148163528567.28845
2025-09-25T00:00:00Z,148791204609.59363
2025-09-24T00:00:00Z,148127727012.92175
2025-09-23T00:00:00Z,147487419611.08905
2025-09-22T00:00:00Z,147333769541.88672
2025-09-21T00:00:00Z,146555831807.74008
2025-09-20T00:00:00Z,146655226484.1095
2025-09-19T00:00:00Z,146800149080.1055
2025-09-18T00:00:00Z,145837688237.95483
2025-09-17T00:00:00Z,144884862599.76544
2025-09-16T00:00:00Z,144869550186.50043
2025-09-15T00:00:00Z,142466944305.8124
2025-09-14T00:00:00Z,142504765209.93857
2025-09-13T00:00:00Z,141462816844.4844
2025-09-12T00:00:00Z,141172529793.56653
2025-09-11T00:00:00Z,139679307968.44296
2025-09-10T00:00:00Z,139899226371.19684
2025-09-09T00:00:00Z,140256090170.02893
2025-09-08T00:00:00Z,140174335774.3744
2025-09-07T00:00:00Z,140298775816.45728
2025-09-06T00:00:00Z,140302507863.31293
2025-09-05T00:00:00Z,140338493290.00314
2025-09-04T00:00:00Z,140483683589.27698
2025-09-03T00:00:00Z,138439957152.59744
2025-09-02T00:00:00Z,137932999045.48035
2025-09-01T00:00:00Z,137517737173.55945
2025-08-31T00:00:00Z,137498937071.69092
2025-08-30T00:00:00Z,137548118986.55457
2025-08-29T00:00:00Z,136635455996.08826
2025-08-28T00:00:00Z,135956444428.4006
2025-08-27T00:00:00Z,133766991361.93613
2025-08-26T00:00:00Z,132569028813.00452
2025-08-25T00:00:00Z,131886641889.00165
2025-08-24T00:00:00Z,131198581698.36081
2025-08-23T00:00:00Z,131176650339.65857
2025-08-22T00:00:00Z,131117312048.91382
2025-08-21T00:00:00Z,131207154860.33408
2025-08-20T00:00:00Z,131388416663.17435
2025-08-19T00:00:00Z,130913743239.58203
2025-08-18T00:00:00Z,131096795485.45612
2025-08-17T00:00:00Z,130975333609.94339
2025-08-16T00:00:00Z,130963958172.11067
2025-08-15T00:00:00Z,130849193064.2117
2025-08-14T00:00:00Z,128766695952.16716
2025-08-13T00:00:00Z,127710821286.1856
2025-08-12T00:00:00Z,127895964504.74594
2025-08-11T00:00:00Z,127380377022.51457
2025-08-10T00:00:00Z,127123432528.57744
2025-08-09T00:00:00Z,127150222839.78413
2025-08-08T00:00:00Z,127170881442.95804
2025-08-07T00:00:00Z,126645475052.95065
2025-08-06T00:00:00Z,126795860660.43756
2025-08-05T00:00:00Z,126884856689.3156
2025-08-04T00:00:00Z,126623285379.9408
2025-08-03T00:00:00Z,126474639187.30627
2025-08-02T00:00:00Z,126450869061.78198
2025-08-01T00:00:00Z,126542922799.15497
2025-07-31T00:00:00Z,126175354802.79218
2025-07-30T00:00:00Z,125734133317.37866
2025-07-29T00:00:00Z,125719028475.3714
2025-07-28T00:00:00Z,125422108889.19632
2025-07-27T00:00:00Z,125728927258.24637
2025-07-26T00:00:00Z,125793129005.5713
2025-07-25T00:00:00Z,125712351415.77948
2025-07-24T00:00:00Z,126632173234.47043
2025-07-23T00:00:00Z,124293537743.15561
2025-07-22T00:00:00Z,124394487584.03564
2025-07-21T00:00:00Z,124435815806.5948
2025-07-20T00:00:00Z,124434820791.01283
2025-07-19T00:00:00Z,124549669223.27075
2025-07-18T00:00:00Z,124641298307.02478
2025-07-17T00:00:00Z,124368038964.23709
2025-07-16T00:00:00Z,122502459659.92032
2025-07-15T00:00:00Z,119595563491.15134
2025-07-14T00:00:00Z,120535691264.1665
2025-07-13T00:00:00Z,121014845823.22272
2025-07-12T00:00:00Z,121102517692.35541
2025-07-11T00:00:00Z,121120617946.73137
2025-07-10T00:00:00Z,120772054019.539
2025-07-09T00:00:00Z,120691047412.23184
2025-07-08T00:00:00Z,120245776536.10625
2025-07-07T00:00:00Z,120429280592.76761
2025-07-06T00:00:00Z,120846156397.12466
2025-07-05T00:00:00Z,120793038180.127
2025-07-04T00:00:00Z,120713366622.52011
2025-07-03T00:00:00Z,120731802855.21942
2025-07-02T00:00:00Z,119402602504.36946
2025-07-01T00:00:00Z,119569949502.65433
2025-06-30T00:00:00Z,119585211125.12167
2025-06-29T00:00:00Z,119772295489.4237
2025-06-28T00:00:00Z,119813927784.99463
2025-06-27T00:00:00Z,119838096095.71756
2025-06-26T00:00:00Z,119859957393.2623
2025-06-25T00:00:00Z,119727165308.05554
2025-06-24T00:00:00Z,119773422826.6574
2025-06-23T00:00:00Z,119807684707.52718
2025-06-22T00:00:00Z,119467491246.32065
2025-06-21T00:00:00Z,119449259461.05247
2025-06-20T00:00:00Z,119490455552.29681
2025-06-19T00:00:00Z,119628825767.28949
2025-06-18T00:00:00Z,119813521454.45517
2025-06-17T00:00:00Z,118832803794.01645
2025-06-16T00:00:00Z,118363913224.58777
2025-06-15T00:00:00Z,118092499922.52844
2025-06-14T00:00:00Z,118105336392.35385
2025-06-13T00:00:00Z,118129001198.65042
2025-06-12T00:00:00Z,117080716769.40164
2025-06-11T00:00:00Z,117259815416.4567
2025-06-10T00:00:00Z,117135200604.50192
2025-06-09T00:00:00Z,117171723782.90776
2025-06-08T00:00:00Z,117134010730.28879
2025-06-07T00:00:00Z,117129420019.8695
2025-06-06T00:00:00Z,117150060635.0272
2025-06-05T00:00:00Z,117143285253.7572
2025-06-04T00:00:00Z,117541699358.39331
2025-06-03T00:00:00Z,117549220707.87784
2025-06-02T00:00:00Z,117217484073.61514
2025-06-01T00:00:00Z,117390494099.6354
2025-05-31T00:00:00Z,117418798654.45026
2025-05-30T00:00:00Z,117385139899.90024
2025-05-29T00:00:00Z,117296320852.29211
2025-05-28T00:00:00Z,117357716980.43701
2025-05-27T00:00:00Z,117451976674.69272
2025-05-26T00:00:00Z,117447233440.75142
2025-05-25T00:00:00Z,117532153029.89534
2025-05-24T00:00:00Z,117608165518.38417
2025-05-23T00:00:00Z,117633212884.42427
2025-05-22T00:00:00Z,117427232286.1382
2025-05-21T00:00:00Z,117461755726.39847
2025-05-20T00:00:00Z,118536099650.83139
2025-05-19T00:00:00Z,118255530913.94473
2025-05-18T00:00:00Z,118485813123.65668
2025-05-17T00:00:00Z,118661096641.16045
2025-05-16T00:00:00Z,118696160016.07874
2025-05-15T00:00:00Z,118089343145.11954
2025-05-14T00:00:00Z,118303328720.5586
2025-05-13T00:00:00Z,118570446365.86617
2025-05-12T00:00:00Z,118765648699.94872
2025-05-11T00:00:00Z,119185219253.18219
2025-05-10T00:00:00Z,119146966730.38371
2025-05-09T00:00:00Z,119023066584.01662
2025-05-08T00:00:00Z,118768709752.92914
2025-05-07T00:00:00Z,118602006309.69542
2025-05-06T00:00:00Z,118370374398.53622
2025-05-05T00:00:00Z,118854867081.27005
2025-05-04T00:00:00Z,118617688459.36449
2025-05-03T00:00:00Z,118592728909.41043
2025-05-02T00:00:00Z,118593165367.20895
2025-05-01T00:00:00Z,118639920991.80164
2025-04-30T00:00:00Z,118818250386.16986
2025-04-29T00:00:00Z,119216000614.88742
2025-04-28T00:00:00Z,117197784780.08688
2025-04-27T00:00:00Z,117343900807.57915
2025-04-26T00:00:00Z,117485815900.01375
2025-04-25T00:00:00Z,117499369589.43767
2025-04-24T00:00:00Z,117592621809.97868
2025-04-23T00:00:00Z,117346652635.668
2025-04-22T00:00:00Z,117247107644.53046
2025-04-21T00:00:00Z,116398578847.65317
2025-04-20T00:00:00Z,117931540915.27106
2025-04-19T00:00:00Z,117914387591.97554
2025-04-18T00:00:00Z,117933987302.04558
2025-04-17T00:00:00Z,118007238050.51247
2025-04-16T00:00:00Z,117749981879.79515
2025-04-15T00:00:00Z,117685782528.95407
2025-04-14T00:00:00Z,117574235264.89172
2025-04-13T00:00:00Z,117464025204.14505
2025-04-12T00:00:00Z,117459986806.31616
2025-04-11T00:00:00Z,119259634928.04594
2025-04-10T00:00:00Z,119240343236.25882
2025-04-09T00:00:00Z,119349811241.3366
2025-04-08T00:00:00Z,119615459987.8634
2025-04-07T00:00:00Z,119671184819.57263
2025-04-06T00:00:00Z,119832033326.12024
2025-04-05T00:00:00Z,119821028872.66846
2025-04-04T00:00:00Z,119756303532.23132
2025-04-03T00:00:00Z,120045287949.74602
2025-04-02T00:00:00Z,119933847067.0723
2025-04-01T00:00:00Z,119461390208.3959
2025-03-31T00:00:00Z,119390963387.8837
2025-03-30T00:00:00Z,119521867639.07735
2025-03-29T00:00:00Z,119588300775.31897
2025-03-28T00:00:00Z,119662690924.66907
2025-03-27T00:00:00Z,119983694207.97154
2025-03-26T00:00:00Z,119696225872.05043
2025-03-25T00:00:00Z,119657835492.77559
2025-03-24T00:00:00Z,119296842483.25641
2025-03-23T00:00:00Z,119362124922.65611
2025-03-22T00:00:00Z,119356441860.07446
2025-03-21T00:00:00Z,119396467730.02646
2025-03-20T00:00:00Z,119047363174.28098
2025-03-19T00:00:00Z,118969270482.78342
2025-03-18T00:00:00Z,118691956467.61838
2025-03-17T00:00:00Z,118718559839.2985
2025-03-16T00:00:00Z,118657287052.18147
2025-03-15T00:00:00Z,118677580257.90982
2025-03-14T00:00:00Z,118685573615.00381
2025-03-13T00:00:00Z,118486045166.85974
2025-03-12T00:00:00Z,118520920522.00833
2025-03-11T00:00:00Z,118251632903.45412
2025-03-10T00:00:00Z,118032256692.88983
2025-03-09T00:00:00Z,118247127043.7421
2025-03-08T00:00:00Z,118249454791.18646
2025-03-07T00:00:00Z,118264392507.50584
2025-03-06T00:00:00Z,117648409210.79596
2025-03-05T00:00:00Z,117504131741.36063
2025-03-04T00:00:00Z,117266445620.61629
2025-03-03T00:00:00Z,116917338546.30728
2025-03-02T00:00:00Z,117147969917.55975
2025-03-01T00:00:00Z,116120941362.9645
2025-02-28T00:00:00Z,116120156924.81865
2025-02-27T00:00:00Z,117439412864.06477
2025-02-26T00:00:00Z,117845948017.18526
2025-02-25T00:00:00Z,118004978428.91794
2025-02-24T00:00:00Z,118311090525.83612
2025-02-23T00:00:00Z,118858725436.72397
2025-02-22T00:00:00Z,118838106361.58252
2025-02-21T00:00:00Z,118818848310.67526
2025-02-20T00:00:00Z,117982656330.37175
2025-02-19T00:00:00Z,117881990685.0303
2025-02-18T00:00:00Z,117889836163.00449
2025-02-17T00:00:00Z,118196011850.58545
2025-02-16T00:00:00Z,118196728154.91568
2025-02-15T00:00:00Z,118292049773.97467
2025-02-14T00:00:00Z,118292036809.05774
2025-02-13T00:00:00Z,118005563545.84235
2025-02-12T00:00:00Z,117730362697.28581
2025-02-11T00:00:00Z,116661881586.3269
2025-02-10T00:00:00Z,116851705959.32901
2025-02-09T00:00:00Z,117036673879.66963
2025-02-08T00:00:00Z,117046891788.7527
2025-02-07T00:00:00Z,117270554122.71753
2025-02-06T00:00:00Z,116946861175.01534
2025-02-05T00:00:00Z,116579400638.37207
2025-02-04T00:00:00Z,116430697735.91197
2025-02-03T00:00:00Z,116019581351.16101
2025-02-02T00:00:00Z,115392974997.797
2025-02-01T00:00:00Z,115360571828.38684
2025-01-31T00:00:00Z,115409502609.44824
2025-01-30T00:00:00Z,115587376699.4795
2025-01-29T00:00:00Z,115221023342.01953
2025-01-28T00:00:00Z,115203687642.65811
2025-01-27T00:00:00Z,114969744906.16318
2025-01-26T00:00:00Z,115225269105.13046
2025-01-25T00:00:00Z,115342010337.38281
2025-01-24T00:00:00Z,115441974253.75014
2025-01-23T00:00:00Z,115453459285.3918
2025-01-22T00:00:00Z,115309531685.3563
2025-01-21T00:00:00Z,114886494460.81429
2025-01-20T00:00:00Z,112750846240.95255
2025-01-19T00:00:00Z,113807059497.02182
2025-01-18T00:00:00Z,114018521472.93077
2025-01-17T00:00:00Z,114534396904.12308
2025-01-16T00:00:00Z,113803531893.20624
2025-01-15T00:00:00Z,113705209442.7699
2025-01-14T00:00:00Z,113233560335.2566
2025-01-13T00:00:00Z,113260744273.58841
2025-01-12T00:00:00Z,113334932021.32582
2025-01-11T00:00:00Z,113246938304.29832
2025-01-10T00:00:00Z,113256990656.34332
2025-01-09T00:00:00Z,113118375963.90582
2025-01-08T00:00:00Z,113261809105.3151
2025-01-07T00:00:00Z,113409978710.82014
2025-01-06T00:00:00Z,113752034616.22162
2025-01-05T00:00:00Z,113573087524.93143
2025-01-04T00:00:00Z,113492638741.82498
2025-01-03T00:00:00Z,113325292671.93993
2025-01-02T00:00:00Z,112478189463.95569
2025-01-01T00:00:00Z,111855997158.37508
2024-12-31T00:00:00Z,112107491107.69687
2024-12-30T00:00:00Z,112031738852.05127
2024-12-29T00:00:00Z,111715328261.16475
2024-12-28T00:00:00Z,111845176444.45471
2024-12-27T00:00:00Z,111855431725.82156
2024-12-26T00:00:00Z,111797725047.19226
2024-12-25T00:00:00Z,111468905899.37106
2024-12-24T00:00:00Z,111384947385.70499
2024-12-23T00:00:00Z,111460652285.5237
2024-12-22T00:00:00Z,111631804517.17648
2024-12-21T00:00:00Z,111568346839.37369
2024-12-20T00:00:00Z,111422303250.15973
2024-12-19T00:00:00Z,111163857949.07166
2024-12-18T00:00:00Z,111197057743.7222
2024-12-17T00:00:00Z,111357142479.5486
2024-12-16T00:00:00Z,111488787823.35785
2024-12-15T00:00:00Z,111409006761.29385
2024-12-14T00:00:00Z,111401052256.91338
2024-12-13T00:00:00Z,111450888511.2555
2024-12-12T00:00:00Z,111082751506.90211
2024-12-11T00:00:00Z,110299159205.40779
2024-12-10T00:00:00Z,108736127436.32657
2024-12-09T00:00:00Z,108531565985.67883
2024-12-08T00:00:00Z,108951664005.15482
2024-12-07T00:00:00Z,109076225244.02069
2024-12-06T00:00:00Z,109112940220.69359
2024-12-05T00:00:00Z,106154230660.17392
2024-12-04T00:00:00Z,105589923072.25955
2024-12-03T00:00:00Z,105339306212.21387
2024-12-02T00:00:00Z,105118027775.78967
2024-12-01T00:00:00Z,104301837692.33968
2024-11-30T00:00:00Z,104242251460.25401
2024-11-29T00:00:00Z,104206209379.99214
2024-11-28T00:00:00Z,103058655980.71155
2024-11-27T00:00:00Z,103068074158.18616
2024-11-26T00:00:00Z,102130076641.4386
2024-11-25T00:00:00Z,102406002774.25706
2024-11-24T00:00:00Z,102696718575.83978
2024-11-23T00:00:00Z,102717843362.77925
2024-11-22T00:00:00Z,100522844900.3576
2024-11-21T00:00:00Z,98972526535.80917
2024-11-20T00:00:00Z,98723729235.21059
2024-11-19T00:00:00Z,97182242810.97665
2024-11-18T00:00:00Z,96315139829.88106
2024-11-17T00:00:00Z,94222336065.15251
2024-11-16T00:00:00Z,94280163615.2508
2024-11-15T00:00:00Z,94179459443.73634
2024-11-14T00:00:00Z,93985023507.95177
2024-11-13T00:00:00Z,92966300440.92432
2024-11-12T00:00:00Z,91771166997.62903
2024-11-11T00:00:00Z,92246903596.72281
2024-11-10T00:00:00Z,90281816334.14026
2024-11-09T00:00:00Z,90375191220.00562
2024-11-08T00:00:00Z,89511796051.73819
2024-11-07T00:00:00Z,88240138588.38878
2024-11-06T00:00:00Z,88164653559.71301
2024-11-05T00:00:00Z,85120000547.85526
2024-11-04T00:00:00Z,84667449661.37921
2024-11-03T00:00:00Z,84358064567.54414
2024-11-02T00:00:00Z,84384344412.71974
2024-11-01T00:00:00Z,84376213127.4475
2024-10-31T00:00:00Z,83984477267.46513
2024-10-30T00:00:00Z,84264599022.48935
2024-10-29T00:00:00Z,84085058283.26274
2024-10-28T00:00:00Z,84069717136.9479
2024-10-27T00:00:00Z,84111243977.14474
2024-10-26T00:00:00Z,84174804417.76176
2024-10-25T00:00:00Z,84148581685.89304
2024-10-24T00:00:00Z,84026749334.91786
2024-10-23T00:00:00Z,83963067715.4242
2024-10-22T00:00:00Z,84410212906.25073
2024-10-21T00:00:00Z,84522423245.56653
2024-10-20T00:00:00Z,84826524597.59622
2024-10-19T00:00:00Z,84842536046.03549
2024-10-18T00:00:00Z,84791685476.46732
2024-10-17T00:00:00Z,84608473540.12923
2024-10-16T00:00:00Z,84437660235.21039
2024-10-15T00:00:00Z,84382293724.05688
2024-10-14T00:00:00Z,84332362779.6564
2024-10-13T00:00:00Z,84559224652.60518
2024-10-12T00:00:00Z,84588749191.3301
2024-10-11T00:00:00Z,84541244726.78708
2024-10-10T00:00:00Z,84422801801.57784
2024-10-09T00:00:00Z,84449429198.15259
2024-10-08T00:00:00Z,84710003369.54503
2024-10-07T00:00:00Z,84965182128.24002
2024-10-06T00:00:00Z,85047781270.41907
2024-10-05T00:00:00Z,85040614454.18262
2024-10-04T00:00:00Z,84993092205.04445
2024-10-03T00:00:00Z,85020196592.25531
2024-10-02T00:00:00Z,85096621743.55148
2024-10-01T00:00:00Z,84822510866.19385
2024-09-30T00:00:00Z,84963443968.93085
2024-09-29T00:00:00Z,85668633535.92871
2024-09-28T00:00:00Z,85673287569.61624
2024-09-27T00:00:00Z,85692264844.73198
2024-09-26T00:00:00Z,85766105391.94092
2024-09-25T00:00:00Z,85602375447.5653
2024-09-24T00:00:00Z,85556931275.37462
2024-09-23T00:00:00Z,85513300577.2148
2024-09-22T00:00:00Z,85508717418.77838
2024-09-21T00:00:00Z,85435020597.60172
2024-09-20T00:00:00Z,85385730880.71597
2024-09-19T00:00:00Z,85310181813.78612
2024-09-18T00:00:00Z,85363559511.12198
2024-09-17T00:00:00Z,85381959485.85315
2024-09-16T00:00:00Z,85246806852.45541
2024-09-15T00:00:00Z,84459506826.12215
2024-09-14T00:00:00Z,84463635288.71063
2024-09-13T00:00:00Z,84440434044.68242
2024-09-12T00:00:00Z,84210353779.09305
2024-09-11T00:00:00Z,84257618574.21881
2024-09-10T00:00:00Z,84249811614.61966
2024-09-09T00:00:00Z,83576388500.10182
2024-09-08T00:00:00Z,83427237780.22322
2024-09-07T00:00:00Z,83382581129.25319
2024-09-06T00:00:00Z,83258638370.9523
2024-09-05T00:00:00Z,83265417250.86334
2024-09-04T00:00:00Z,83309999519.33987
2024-09-03T00:00:00Z,83174167393.42651
2024-09-02T00:00:00Z,83312373045.30272
2024-09-01T00:00:00Z,83318718310.56999
2024-08-31T00:00:00Z,83347366237.28494
2024-08-30T00:00:00Z,83366384863.95502
2024-08-29T00:00:00Z,83285821919.05412
2024-08-28T00:00:00Z,83159222465.63484
2024-08-27T00:00:00Z,83040480335.08676
2024-08-26T00:00:00Z,83357047664.81459
2024-08-25T00:00:00Z,83430830795.92564
2024-08-24T00:00:00Z,83456302402.10143
2024-08-23T00:00:00Z,83427244821.60031
2024-08-22T00:00:00Z,83274229224.99109
2024-08-21T00:00:00Z,83564315938.21455
2024-08-20T00:00:00Z,83499132878.93997
2024-08-19T00:00:00Z,82639968375.65123
2024-08-18T00:00:00Z,82643456978.28802
2024-08-17T00:00:00Z,82676005238.96764
2024-08-16T00:00:00Z,82661711043.35365
2024-08-15T00:00:00Z,82405532656.48685
2024-08-14T00:00:00Z,82322212006.20035
2024-08-13T00:00:00Z,82318472530.36067
2024-08-12T00:00:00Z,81311660757.27951
2024-08-11T00:00:00Z,81245920914.53436
2024-08-10T00:00:00Z,81309576092.65952
2024-08-09T00:00:00Z,81333397372.51033
2024-08-08T00:00:00Z,81383882969.077
2024-08-07T00:00:00Z,81349448944.2799
2024-08-06T00:00:00Z,81152054941.01285
2024-08-05T00:00:00Z,80708596915.15967
2024-08-04T00:00:00Z,80330747878.03459
2024-08-03T00:00:00Z,80183242932.5802
2024-08-02T00:00:00Z,80070216272.09502
2024-08-01T00:00:00Z,80023893205.0878
2024-07-31T00:00:00Z,80452889845.66634
2024-07-30T00:00:00Z,80571644859.15582
2024-07-29T00:00:00Z,80857033230.46445
2024-07-28T00:00:00Z,81237997364.10133
2024-07-27T00:00:00Z,81233334759.31085
2024-07-26T00:00:00Z,81236661084.76375
2024-07-25T00:00:00Z,80941615905.9999
2024-07-24T00:00:00Z,81133086929.79831
2024-07-23T00:00:00Z,81303216285.94586
2024-07-22T00:00:00Z,81175951846.8446
2024-07-21T00:00:00Z,81247882861.35446
2024-07-20T00:00:00Z,81373509312.57692
2024-07-19T00:00:00Z,81260933136.2445
2024-07-18T00:00:00Z,81031146571.35701
2024-07-17T00:00:00Z,81133371791.85263
2024-07-16T00:00:00Z,81318296762.69373
2024-07-15T00:00:00Z,81320708199.58472
2024-07-14T00:00:00Z,81360204339.74445
2024-07-13T00:00:00Z,81342067536.36511
2024-07-12T00:00:00Z,81278516774.64767
2024-07-11T00:00:00Z,81400533604.79306
2024-07-10T00:00:00Z,81645077130.33997
2024-07-09T00:00:00Z,81537644743.15121
2024-07-08T00:00:00Z,81510062464.6696
2024-07-07T00:00:00Z,81399139650.08612
2024-07-06T00:00:00Z,81394881905.41716
2024-07-05T00:00:00Z,81261484883.06577
2024-07-04T00:00:00Z,80620064967.25256
2024-07-03T00:00:00Z,80538514173.34454
2024-07-02T00:00:00Z,80378108579.06732
2024-07-01T00:00:00Z,80309103288.7526
2024-06-30T00:00:00Z,80053697129.30695
2024-06-29T00:00:00Z,80150268110.60431
2024-06-28T00:00:00Z,80139358514.23035
2024-06-27T00:00:00Z,80466836090.19363
2024-06-26T00:00:00Z,80668717703.57237
2024-06-25T00:00:00Z,80535009710.20093
2024-06-24T00:00:00Z,80334936374.03967
2024-06-23T00:00:00Z,80334901444.91298
2024-06-22T00:00:00Z,80366586189.73494
2024-06-21T00:00:00Z,80348201771.60573
2024-06-20T00:00:00Z,80235901427.76776
2024-06-19T00:00:00Z,80461614735.66254
2024-06-18T00:00:00Z,80450746169.15253
2024-06-17T00:00:00Z,80149692861.12451
2024-06-16T00:00:00Z,80156743782.45647
2024-06-15T00:00:00Z,80133107457.4371
2024-06-14T00:00:00Z,80026989622.2404
2024-06-13T00:00:00Z,80223725865.9848
2024-06-12T00:00:00Z,80191708474.72552
2024-06-11T00:00:00Z,79908728315.90082
2024-06-10T00:00:00Z,79864663874.56418
2024-06-09T00:00:00Z,79998227235.1667
2024-06-08T00:00:00Z,79982239800.84915
2024-06-07T00:00:00Z,80041309890.19897
2024-06-06T00:00:00Z,80273328660.90115
2024-06-05T00:00:00Z,80344759067.50366
2024-06-04T00:00:00Z,80184997783.24802
2024-06-03T00:00:00Z,80122254470.48544
2024-06-02T00:00:00Z,80223032091.69525
2024-06-01T00:00:00Z,80265158262.40367
2024-05-31T00:00:00Z,80280183830.40405
2024-05-30T00:00:00Z,80275839979.00882
2024-05-29T00:00:00Z,80074896096.8767
2024-05-28T00:00:00Z,80082300975.34811
2024-05-27T00:00:00Z,80310316497.21353
2024-05-26T00:00:00Z,80328073006.54594
2024-05-25T00:00:00Z,80480095324.60461
2024-05-24T00:00:00Z,80524329519.17128
2024-05-23T00:00:00Z,80566736541.11713
2024-05-22T00:00:00Z,81011591306.28032
2024-05-21T00:00:00Z,81121984798.46518
2024-05-20T00:00:00Z,80417197797.85493
2024-05-19T00:00:00Z,80521808154.14853
2024-05-18T00:00:00Z,80551706344.15005
2024-05-17T00:00:00Z,80482516470.74983
2024-05-16T00:00:00Z,80376710710.0022
2024-05-15T00:00:00Z,80377988663.07713
2024-05-14T00:00:00Z,80136636272.36526
2024-05-13T00:00:00Z,80387880302.82294
2024-05-12T00:00:00Z,80431413949.0223
2024-05-11T00:00:00Z,80452228883.8776
2024-05-10T00:00:00Z,80432431328.65108
2024-05-09T00:00:00Z,80407559507.97476
2024-05-08T00:00:00Z,80418641537.72943
2024-05-07T00:00:00Z,80551518571.43254
2024-05-06T00:00:00Z,80509896430.54817
2024-05-05T00:00:00Z,80855985339.6161
2024-05-04T00:00:00Z,80810593083.1844
2024-05-03T00:00:00Z,80707266959.37189
2024-05-02T00:00:00Z,80457048164.40237
2024-05-01T00:00:00Z,80457978339.44499
2024-04-30T00:00:00Z,80624407846.41068
2024-04-29T00:00:00Z,80916121651.82286
2024-04-28T00:00:00Z,81123918754.4333
2024-04-27T00:00:00Z,81145782304.30884
2024-04-26T00:00:00Z,81107734880.83311
2024-04-25T00:00:00Z,80984917605.93086
2024-04-24T00:00:00Z,81111203493.51596
2024-04-23T00:00:00Z,81498404540.0318
2024-04-22T00:00:00Z,81624052976.42471
2024-04-21T00:00:00Z,81695720931.46895
2024-04-20T00:00:00Z,81728540347.19281
2024-04-19T00:00:00Z,81677400817.74593
2024-04-18T00:00:00Z,79972902200.8324
2024-04-17T00:00:00Z,79695835557.206
2024-04-16T00:00:00Z,79855491849.25418
2024-04-15T00:00:00Z,79726167226.48692
2024-04-14T00:00:00Z,79725144267.99959
2024-04-13T00:00:00Z,79801055240.69995
2024-04-12T00:00:00Z,79577418866.02394
2024-04-11T00:00:00Z,79968624316.4721
2024-04-10T00:00:00Z,79921867964.64532
2024-04-09T00:00:00Z,80068362032.82974
2024-04-08T00:00:00Z,80434059111.31102
2024-04-07T00:00:00Z,80820643275.08109
2024-04-06T00:00:00Z,80794656950.4092
2024-04-05T00:00:00Z,80758778511.68105
2024-04-04T00:00:00Z,79978705474.4198
2024-04-03T00:00:00Z,79956946035.50778
2024-04-02T00:00:00Z,80065491467.22469
2024-04-01T00:00:00Z,80026933039.44711
2024-03-31T00:00:00Z,80079059618.89047
2024-03-30T00:00:00Z,80094693764.22299
2024-03-29T00:00:00Z,80078566167.26001
2024-03-28T00:00:00Z,79944566516.53111
2024-03-27T00:00:00Z,79693881217.81512
2024-03-26T00:00:00Z,80212544160.53912
2024-03-25T00:00:00Z,80270433977.21962
2024-03-24T00:00:00Z,80171019305.64853
2024-03-23T00:00:00Z,80160013990.4596
2024-03-22T00:00:00Z,80109474800.56732
2024-03-21T00:00:00Z,79968303889.53397
2024-03-20T00:00:00Z,79621439095.19652
2024-03-19T00:00:00Z,79554808478.9597
2024-03-18T00:00:00Z,79706285048.4791
2024-03-17T00:00:00Z,79435381603.96495
2024-03-16T00:00:00Z,79540663771.86324
2024-03-15T00:00:00Z,79455415411.04707
2024-03-14T00:00:00Z,79293600479.48033
2024-03-13T00:00:00Z,79446122961.33746
2024-03-12T00:00:00Z,79167222497.05846
2024-03-11T00:00:00Z,79289430612.1464
2024-03-10T00:00:00Z,79071163692.2297
2024-03-09T00:00:00Z,78865158354.55356
2024-03-08T00:00:00Z,76827206014.72943
2024-03-07T00:00:00Z,75392239475.5608
2024-03-06T00:00:00Z,75454733237.83444
2024-03-05T00:00:00Z,74976966840.27904
2024-03-04T00:00:00Z,75259073362.95728
2024-03-03T00:00:00Z,75328509297.55531
2024-03-02T00:00:00Z,74350989736.99915
2024-03-01T00:00:00Z,74438837064.39314
2024-02-29T00:00:00Z,74394743262.15718
2024-02-28T00:00:00Z,74307069366.79034
2024-02-27T00:00:00Z,74294581475.3391
2024-02-26T00:00:00Z,74322164520.71692
2024-02-25T00:00:00Z,74042206328.14525
2024-02-24T00:00:00Z,74016526298.00555
2024-02-23T00:00:00Z,73972435803.4291
2024-02-22T00:00:00Z,73874398752.15866
2024-02-21T00:00:00Z,73966081745.31863
2024-02-20T00:00:00Z,73893336235.34494
2024-02-19T00:00:00Z,72928488271.75887
2024-02-18T00:00:00Z,72890310600.3825
2024-02-17T00:00:00Z,72928966333.16275
2024-02-16T00:00:00Z,72914965594.93951
2024-02-15T00:00:00Z,72969665737.96532
2024-02-14T00:00:00Z,72935821611.04187
2024-02-13T00:00:00Z,72764038496.37427
2024-02-12T00:00:00Z,72898663132.01187
2024-02-11T00:00:00Z,73094916535.72577
2024-02-10T00:00:00Z,73107519417.25273
2024-02-09T00:00:00Z,73029319020.23668
2024-02-08T00:00:00Z,72817363074.80704
2024-02-07T00:00:00Z,72574004860.8342
2024-02-06T00:00:00Z,72404691046.0634
2024-02-05T00:00:00Z,72127950450.00542
2024-02-04T00:00:00Z,72208893409.78833
2024-02-03T00:00:00Z,72170716567.38916
2024-02-02T00:00:00Z,72109890570.06758
2024-02-01T00:00:00Z,71976854818.63776
2024-01-31T00:00:00Z,72039479598.50894
2024-01-30T00:00:00Z,72216860642.61543
2024-01-29T00:00:00Z,71860087293.33194
2024-01-28T00:00:00Z,71654912787.0397
2024-01-27T00:00:00Z,71625787262.71442
2024-01-26T00:00:00Z,71633156887.0054
2024-01-25T00:00:00Z,71551138929.71997
2024-01-24T00:00:00Z,71392212427.41745
2024-01-23T00:00:00Z,71303109447.07715
2024-01-22T00:00:00Z,71290274303.92404
2024-01-21T00:00:00Z,71464770479.01562
2024-01-20T00:00:00Z,71462853453.1717
2024-01-19T00:00:00Z,71366595426.81729
2024-01-18T00:00:00Z,71399480373.67995
2024-01-17T00:00:00Z,71576340121.27902
2024-01-16T00:00:00Z,71261425816.88705
2024-01-15T00:00:00Z,71322974113.45032
2024-01-14T00:00:00Z,71340938578.70793
2024-01-13T00:00:00Z,71374509306.55899
2024-01-12T00:00:00Z,71285551368.9496
2024-01-11T00:00:00Z,71256064303.21515
2024-01-10T00:00:00Z,71349413068.30511
2024-01-09T00:00:00Z,71310969034.96423
2024-01-08T00:00:00Z,70462465802.45682
2024-01-07T00:00:00Z,70476555827.79515
2024-01-06T00:00:00Z,70468900695.79883
2024-01-05T00:00:00Z,70457631691.3759
2024-01-04T00:00:00Z,70227415866.71077
2024-01-03T00:00:00Z,69137149175.5855
2024-01-02T00:00:00Z,69121166983.41476
2024-01-01T00:00:00Z,68928230868.28365
2023-12-31T00:00:00Z,68861302535.97212
2023-12-30T00:00:00Z,69019113562.98853
2023-12-29T00:00:00Z,69130384411.07129
2023-12-28T00:00:00Z,69184520855.49503
2023-12-27T00:00:00Z,69146462145.98734
2023-12-26T00:00:00Z,68999465270.96965
2023-12-25T00:00:00Z,69312469563.88644
2023-12-24T00:00:00Z,68381460359.75815
2023-12-23T00:00:00Z,68368592158.24403
2023-12-22T00:00:00Z,68361210158.57216
2023-12-21T00:00:00Z,68139727364.111664
2023-12-20T00:00:00Z,68247254250.50792
2023-12-19T00:00:00Z,68119130628.25335
2023-12-18T00:00:00Z,68039781086.39198
2023-12-17T00:00:00Z,67989096519.061325
2023-12-16T00:00:00Z,68053217240.26547
2023-12-15T00:00:00Z,67962396939.998184
2023-12-14T00:00:00Z,67908607798.64814
2023-12-13T00:00:00Z,67749768604.786835
2023-12-12T00:00:00Z,67557040549.163
2023-12-11T00:00:00Z,67721548728.36519
2023-12-10T00:00:00Z,68120075273.76935
2023-12-09T00:00:00Z,68160795672.181015
2023-12-08T00:00:00Z,68124209311.85875
2023-12-07T00:00:00Z,68038408168.52211
2023-12-06T00:00:00Z,67990211419.81958
2023-12-05T00:00:00Z,68015879394.61836
2023-12-04T00:00:00Z,68099449311.06459
2023-12-03T00:00:00Z,68221183182.37581
2023-12-02T00:00:00Z,68225984230.10034
2023-12-01T00:00:00Z,68271772032.87102
2023-11-30T00:00:00Z,68213816332.8257
2023-11-29T00:00:00Z,68175347000.06134
2023-11-28T00:00:00Z,68344162339.561905
2023-11-27T00:00:00Z,68344698735.651764
2023-11-26T00:00:00Z,67564244517.58531
2023-11-25T00:00:00Z,67608806399.021355
2023-11-24T00:00:00Z,67592280892.88039
2023-11-23T00:00:00Z,67377293954.2522
2023-11-22T00:00:00Z,67422600881.90663
2023-11-21T00:00:00Z,67459259269.27271
2023-11-20T00:00:00Z,67555977156.31119
2023-11-19T00:00:00Z,67480839999.38497
2023-11-18T00:00:00Z,67427199810.41018
2023-11-17T00:00:00Z,67394020373.15205
2023-11-16T00:00:00Z,67194069795.38289
2023-11-15T00:00:00Z,67133585316.15391
2023-11-14T00:00:00Z,66928209289.09302
2023-11-13T00:00:00Z,67127004820.502
2023-11-12T00:00:00Z,67341605160.92018
2023-11-11T00:00:00Z,67352886558.45332
2023-11-10T00:00:00Z,67275163145.448074
2023-11-09T00:00:00Z,67257790225.28568
2023-11-08T00:00:00Z,66345758677.40706
2023-11-07T00:00:00Z,66480489560.010956
2023-11-06T00:00:00Z,66571343297.6142
2023-11-05T00:00:00Z,66726123561.29535
2023-11-04T00:00:00Z,66694108238.568214
2023-11-03T00:00:00Z,66589255753.24199
2023-11-02T00:00:00Z,66562996817.079216
2023-11-01T00:00:00Z,66850951249.05719
2023-10-31T00:00:00Z,66871464522.90083
2023-10-30T00:00:00Z,67108924495.47684
2023-10-29T00:00:00Z,67233215758.23045
2023-10-28T00:00:00Z,67193530260.615204
2023-10-27T00:00:00Z,67190443471.45628
2023-10-26T00:00:00Z,67322521718.59314
2023-10-25T00:00:00Z,67357864025.321014
2023-10-24T00:00:00Z,67273688653.64063
2023-10-23T00:00:00Z,67642848988.58066
2023-10-22T00:00:00Z,67758664043.42653
2023-10-21T00:00:00Z,67771303218.79513
2023-10-20T00:00:00Z,67746254373.341
2023-10-19T00:00:00Z,67720028858.91105
2023-10-18T00:00:00Z,67613796154.15761
2023-10-17T00:00:00Z,67632472606.37075
2023-10-16T00:00:00Z,67559869045.45495
2023-10-15T00:00:00Z,67482217475.833496
2023-10-14T00:00:00Z,67429510480.66673
2023-10-13T00:00:00Z,67390704054.99661
2023-10-12T00:00:00Z,67428935517.89908
2023-10-11T00:00:00Z,67544066636.52675
2023-10-10T00:00:00Z,67712518097.5596
2023-10-09T00:00:00Z,67823595655.25107
2023-10-08T00:00:00Z,67856368540.56193
2023-10-07T00:00:00Z,67843003421.940094
2023-10-06T00:00:00Z,67798281281.91936
2023-10-05T00:00:00Z,67545301011.89026
2023-10-04T00:00:00Z,67540706296.07544
2023-10-03T00:00:00Z,67583284774.11206
2023-10-02T00:00:00Z,67765523290.51886
2023-10-01T00:00:00Z,67568754423.88675
2023-09-30T00:00:00Z,67535463665.51674
2023-09-29T00:00:00Z,67471547084.96622
2023-09-28T00:00:00Z,67819181305.065994
2023-09-27T00:00:00Z,67695924721.01959
2023-09-26T00:00:00Z,67817901422.14932
2023-09-25T00:00:00Z,67882927896.3325
2023-09-24T00:00:00Z,68017477723.77484
2023-09-23T00:00:00Z,68017544807.43202
2023-09-22T00:00:00Z,67987804113.336
2023-09-21T00:00:00Z,68022313480.25304
2023-09-20T00:00:00Z,68202457401.1142
2023-09-19T00:00:00Z,68323235396.88823
2023-09-18T00:00:00Z,68429829801.08522
2023-09-17T00:00:00Z,68494239239.96203
2023-09-16T00:00:00Z,68466010473.22511
2023-09-15T00:00:00Z,68404694430.34651
2023-09-14T00:00:00Z,68470063197.09029
2023-09-13T00:00:00Z,68520783951.86165
2023-09-12T00:00:00Z,68507197090.749695
2023-09-11T00:00:00Z,68401943893.367645
2023-09-10T00:00:00Z,68479233918.426216
2023-09-09T00:00:00Z,68428052738.62492
2023-09-08T00:00:00Z,68388369009.94899
2023-09-07T00:00:00Z,68261495750.38913
2023-09-06T00:00:00Z,68400282395.56325
2023-09-05T00:00:00Z,68357317741.43881
2023-09-04T00:00:00Z,68559048006.864105
2023-09-03T00:00:00Z,68683388154.600006
2023-09-02T00:00:00Z,68619844619.80224
2023-09-01T00:00:00Z,68596004688.21446
2023-08-31T00:00:00Z,68694990012.31236
2023-08-30T00:00:00Z,68664755781.97376
2023-08-29T00:00:00Z,68713124256.67856
2023-08-28T00:00:00Z,68562539385.75818
2023-08-27T00:00:00Z,68570107732.409744
2023-08-26T00:00:00Z,68543804342.49228
2023-08-25T00:00:00Z,68523764849.90758
2023-08-24T00:00:00Z,68457529158.88397
2023-08-23T00:00:00Z,68595352347.79845
2023-08-22T00:00:00Z,68547100051.25785
2023-08-21T00:00:00Z,68567915809.40999
2023-08-20T00:00:00Z,68534313654.2384
2023-08-19T00:00:00Z,68492216021.67113
2023-08-18T00:00:00Z,68449279452.14934
2023-08-17T00:00:00Z,68659976720.25108
2023-08-16T00:00:00Z,68614676239.65398
2023-08-15T00:00:00Z,68579873038.273964
2023-08-14T00:00:00Z,68573097000.8973
2023-08-13T00:00:00Z,68768133646.30103
2023-08-12T00:00:00Z,68748205431.23593
2023-08-11T00:00:00Z,68651244057.61647
2023-08-10T00:00:00Z,68742462492.65683
2023-08-09T00:00:00Z,68921851036.12265
2023-08-08T00:00:00Z,68912953705.95721
2023-08-07T00:00:00Z,68733059011.24716
2023-08-06T00:00:00Z,68652483429.682556
2023-08-05T00:00:00Z,68654634787.30442
2023-08-04T00:00:00Z,68648591407.6721
2023-08-03T00:00:00Z,68735502735.11667
2023-08-02T00:00:00Z,68867798272.12411
2023-08-01T00:00:00Z,69017899851.77725
2023-07-31T00:00:00Z,69282244049.7298
2023-07-30T00:00:00Z,69320503636.20596
2023-07-29T00:00:00Z,69321281590.23505
2023-07-28T00:00:00Z,69314613713.63614
2023-07-27T00:00:00Z,69360944370.08624
2023-07-26T00:00:00Z,69360829865.61024
2023-07-25T00:00:00Z,69463089265.15738
2023-07-24T00:00:00Z,69549270021.74384
2023-07-23T00:00:00Z,69736635405.94696
2023-07-22T00:00:00Z,69737653930.09354
2023-07-21T00:00:00Z,69734302416.4008
2023-07-20T00:00:00Z,69858114177.69946
2023-07-19T00:00:00Z,69940677649.44835
2023-07-18T00:00:00Z,69982706158.46445
2023-07-17T00:00:00Z,70067721242.30194
2023-07-16T00:00:00Z,70259294368.91458
2023-07-15T00:00:00Z,70261262977.50388
2023-07-14T00:00:00Z,70261620014.83505
2023-07-13T00:00:00Z,70354884225.99962
2023-07-12T00:00:00Z,70273027624.68185
2023-07-11T00:00:00Z,70411889366.626
2023-07-10T00:00:00Z,70479390567.84865
2023-07-09T00:00:00Z,70626740532.83998
2023-07-08T00:00:00Z,70637409644.35478
2023-07-07T00:00:00Z,70647518324.44714
2023-07-06T00:00:00Z,70715438431.69586
2023-07-05T00:00:00Z,70977553604.1925
2023-07-04T00:00:00Z,71041459002.21927
2023-07-03T00:00:00Z,70984362984.92995
2023-07-02T00:00:00Z,70756978463.8567
2023-07-01T00:00:00Z,70761651817.51512
2023-06-30T00:00:00Z,70753797978.35402
2023-06-29T00:00:00Z,71407681358.35208
2023-06-28T00:00:00Z,71627802484.16612
2023-06-27T00:00:00Z,71751563870.18524
2023-06-26T00:00:00Z,71928208331.58224
2023-06-25T00:00:00Z,72051837788.91908
2023-06-24T00:00:00Z,72053541702.59242
2023-06-23T00:00:00Z,72040911280.56432
2023-06-22T00:00:00Z,72108181650.91022
2023-06-21T00:00:00Z,72073158562.70834
2023-06-20T00:00:00Z,72171920014.64195
2023-06-19T00:00:00Z,71804605538.49638
2023-06-18T00:00:00Z,71703152808.37164
2023-06-17T00:00:00Z,71692549382.60222
2023-06-16T00:00:00Z,71676492347.95781
2023-06-15T00:00:00Z,70313981393.80505
2023-06-14T00:00:00Z,70014544795.86253
2023-06-13T00:00:00Z,70163637375.31798
2023-06-12T00:00:00Z,70325989525.47507
2023-06-11T00:00:00Z,69430665752.92276
2023-06-10T00:00:00Z,69404113881.56598
2023-06-09T00:00:00Z,69363049167.8012
2023-06-08T00:00:00Z,69492094344.565
2023-06-07T00:00:00Z,69597095204.8835
2023-06-06T00:00:00Z,69780859947.07484
2023-06-05T00:00:00Z,69969259838.14856
2023-06-04T00:00:00Z,70046521650.23128
2023-06-03T00:00:00Z,70050065756.96967
2023-06-02T00:00:00Z,70054183846.03119
2023-06-01T00:00:00Z,70098945744.43372
2023-05-31T00:00:00Z,70049888869.2439
2023-05-30T00:00:00Z,70140530663.97066
2023-05-29T00:00:00Z,70194970951.13602
2023-05-28T00:00:00Z,70219763386.487
2023-05-27T00:00:00Z,70234284562.56972
2023-05-26T00:00:00Z,70247705695.47412
2023-05-25T00:00:00Z,70221770396.40907
2023-05-24T00:00:00Z,70256555662.68112
2023-05-23T00:00:00Z,70432650026.7557
2023-05-22T00:00:00Z,70615754046.69495
2023-05-21T00:00:00Z,70708464039.74246
2023-05-20T00:00:00Z,70700394472.87761
2023-05-19T00:00:00Z,70720669751.7666
2023-05-18T00:00:00Z,70802487750.94025
2023-05-17T00:00:00Z,70724597826.72955
2023-05-16T00:00:00Z,70895309819.95451
2023-05-15T00:00:00Z,71012637759.10565
2023-05-14T00:00:00Z,71167085893.61415
2023-05-13T00:00:00Z,71167382594.77768
2023-05-12T00:00:00Z,71158616468.55916
2023-05-11T00:00:00Z,71229900977.28983
2023-05-10T00:00:00Z,71431823698.57965
2023-05-09T00:00:00Z,71467387907.1077
2023-05-08T00:00:00Z,71584996009.42366
2023-05-07T00:00:00Z,71733911073.62381
2023-05-06T00:00:00Z,71728426016.11206
2023-05-05T00:00:00Z,71717700091.85231
2023-05-04T00:00:00Z,71539588013.57283
2023-05-03T00:00:00Z,71599934843.20007
2023-05-02T00:00:00Z,71716872536.54404
2023-05-01T00:00:00Z,71833032858.92218
2023-04-30T00:00:00Z,71894821850.07164
2023-04-29T00:00:00Z,71893992857.60823
2023-04-28T00:00:00Z,71878661557.78171
2023-04-27T00:00:00Z,72037425636.64218
2023-04-26T00:00:00Z,72297475764.32022
2023-04-25T00:00:00Z,72272713498.06567
2023-04-24T00:00:00Z,72362926024.13937
2023-04-23T00:00:00Z,72427502384.20966
2023-04-22T00:00:00Z,72416026536.64232
2023-04-21T00:00:00Z,72473452736.52493
2023-04-20T00:00:00Z,72747223766.37488
2023-04-19T00:00:00Z,71963414556.01915
2023-04-18T00:00:00Z,72041978201.44028
2023-04-17T00:00:00Z,72272063899.89886
2023-04-16T00:00:00Z,72623474372.10553
2023-04-15T00:00:00Z,72644181934.94324
2023-04-14T00:00:00Z,72630945877.64337
2023-04-13T00:00:00Z,72699139844.69899
2023-04-12T00:00:00Z,72757337984.72331
2023-04-11T00:00:00Z,73067686468.14793
2023-04-10T00:00:00Z,72998740675.01111
2023-04-09T00:00:00Z,73121201628.68585
2023-04-08T00:00:00Z,73107301660.16655
2023-04-07T00:00:00Z,73111344304.66768
2023-04-06T00:00:00Z,73144148831.45877
2023-04-05T00:00:00Z,72997828195.75119
2023-04-04T00:00:00Z,73021849584.84604
2023-04-03T00:00:00Z,72990814320.95601
2023-04-02T00:00:00Z,72884624879.00578
2023-04-01T00:00:00Z,72891599885.6095
2023-03-31T00:00:00Z,72890726579.69113
2023-03-30T00:00:00Z,73171203415.31816
2023-03-29T00:00:00Z,73553819393.86523
2023-03-28T00:00:00Z,73607384136.4972
2023-03-27T00:00:00Z,73790982120.44592
2023-03-26T00:00:00Z,74335686862.73077
2023-03-25T00:00:00Z,74377883616.52524
2023-03-24T00:00:00Z,74384514687.41785
2023-03-23T00:00:00Z,73910569412.30551
2023-03-22T00:00:00Z,74410179048.07425
2023-03-21T00:00:00Z,74985944849.97406
2023-03-20T00:00:00Z,75134817470.02509
2023-03-19T00:00:00Z,75924808056.54564
2023-03-18T00:00:00Z,75969575607.17314
2023-03-17T00:00:00Z,76012025898.71324
2023-03-16T00:00:00Z,76724149646.30664
2023-03-15T00:00:00Z,76527319165.2376
2023-03-14T00:00:00Z,77555036683.87547
2023-03-13T00:00:00Z,77745809220.19792
2023-03-12T00:00:00Z,79061422423.7185
2023-03-11T00:00:00Z,78624595988.24626
2023-03-10T00:00:00Z,79252686585.95155
2023-03-09T00:00:00Z,79868185401.40028
2023-03-08T00:00:00Z,79897009108.06265
2023-03-07T00:00:00Z,79905122649.17981
2023-03-06T00:00:00Z,80187942988.6686
2023-03-05T00:00:00Z,80417816063.26352
2023-03-04T00:00:00Z,80215546780.50455
2023-03-03T00:00:00Z,77967876030.45511
2023-03-02T00:00:00Z,77496909987.27042
2023-03-01T00:00:00Z,76847941693.06007
2023-02-28T00:00:00Z,76684726652.65457
2023-02-27T00:00:00Z,76698673614.96353
2023-02-26T00:00:00Z,76694691116.27728
2023-02-25T00:00:00Z,76592321113.75684
2023-02-24T00:00:00Z,76511495121.00229
2023-02-23T00:00:00Z,76138751671.1293
2023-02-22T00:00:00Z,75971482632.101
2023-02-21T00:00:00Z,76104179061.21072
2023-02-20T00:00:00Z,75951340655.68909
2023-02-19T00:00:00Z,75853867323.29848
2023-02-18T00:00:00Z,75807700928.22891
2023-02-17T00:00:00Z,75826284421.83923
2023-02-16T00:00:00Z,75591877584.57831
2023-02-15T00:00:00Z,75336188447.58835
2023-02-14T00:00:00Z,75003547837.39545
2023-02-13T00:00:00Z,75001480306.06558
2023-02-12T00:00:00Z,75217395355.58112
2023-02-11T00:00:00Z,75300092837.65117
2023-02-10T00:00:00Z,75354671220.94373
2023-02-09T00:00:00Z,75421532345.36478
2023-02-08T00:00:00Z,75541026663.50378
2023-02-07T00:00:00Z,75736386963.19992
2023-02-06T00:00:00Z,77775767157.6099
2023-02-05T00:00:00Z,77976802580.94678
2023-02-04T00:00:00Z,77921477559.65393
2023-02-03T00:00:00Z,77878020577.76643
2023-02-02T00:00:00Z,78215110178.3965
2023-02-01T00:00:00Z,78063535073.87515
2023-01-31T00:00:00Z,78208109930.27933
2023-01-30T00:00:00Z,78547324438.73389
2023-01-29T00:00:00Z,78914753602.79346
2023-01-28T00:00:00Z,78943886330.51233
2023-01-27T00:00:00Z,78878687080.42343
2023-01-26T00:00:00Z,79124268932.0185
2023-01-25T00:00:00Z,79316845945.22095
2023-01-24T00:00:00Z,79413607345.009
2023-01-23T00:00:00Z,79281198127.72769
2023-01-22T00:00:00Z,79276552388.20303
2023-01-21T00:00:00Z,79406105995.34769
2023-01-20T00:00:00Z,79184113550.71207
2023-01-19T00:00:00Z,79092887314.28824
2023-01-18T00:00:00Z,79155216932.14378
2023-01-17T00:00:00Z,79708327631.34128
2023-01-16T00:00:00Z,80001002398.73633
2023-01-15T00:00:00Z,80004343203.3938
2023-01-14T00:00:00Z,79853530147.82788
2023-01-13T00:00:00Z,79538717326.46436
2023-01-12T00:00:00Z,79987907802.35046
2023-01-11T00:00:00Z,79880096174.4096
2023-01-10T00:00:00Z,79656986491.70462
2023-01-09T00:00:00Z,79685108940.97281
2023-01-08T00:00:00Z,79801558576.71486
2023-01-07T00:00:00Z,79705577925.73059
2023-01-06T00:00:00Z,79564246662.72726
2023-01-05T00:00:00Z,79608003222.1063
2023-01-04T00:00:00Z,80010711316.24121
2023-01-03T00:00:00Z,80068115618.0246
2023-01-02T00:00:00Z,80527945802.1047
2023-01-01T00:00:00Z,80419206424.32704
2022-12-31T00:00:00Z,80368094813.69366
2022-12-30T00:00:00Z,80353856067.9766
2022-12-29T00:00:00Z,80198663488.74063
2022-12-28T00:00:00Z,80213633204.85886
2022-12-27T00:00:00Z,80061274469.09485
2022-12-26T00:00:00Z,80266984000.49687
2022-12-25T00:00:00Z,80238145651.87633
2022-12-24T00:00:00Z,80193352555.38118
2022-12-23T00:00:00Z,80115915097.39569
2022-12-22T00:00:00Z,80107466525.72043
2022-12-21T00:00:00Z,80237642240.30923
2022-12-20T00:00:00Z,80359226143.56854
2022-12-19T00:00:00Z,80484215036.12709
2022-12-18T00:00:00Z,80637396937.51178
2022-12-17T00:00:00Z,80603277666.2485
2022-12-16T00:00:00Z,80543946966.58612
2022-12-15T00:00:00Z,80757310130.12341
2022-12-14T00:00:00Z,80785050796.33577
2022-12-13T00:00:00Z,80839087749.75494
2022-12-12T00:00:00Z,78096486446.75189
2022-12-11T00:00:00Z,78292421580.65417
2022-12-10T00:00:00Z,78288029566.34174
2022-12-09T00:00:00Z,78241380359.63051
2022-12-08T00:00:00Z,78292146162.30643
2022-12-07T00:00:00Z,78347006549.52481
2022-12-06T00:00:00Z,78505015017.11258
2022-12-05T00:00:00Z,78739223113.48254
2022-12-04T00:00:00Z,79042863740.52246
2022-12-03T00:00:00Z,78914882647.488
2022-12-02T00:00:00Z,78867052386.21979
2022-12-01T00:00:00Z,78704291441.5658
2022-11-30T00:00:00Z,78805289625.04428
2022-11-29T00:00:00Z,78880405524.24164
2022-11-28T00:00:00Z,79289642592.74457
2022-11-27T00:00:00Z,79948412656.17482
2022-11-26T00:00:00Z,79879939951.99515
2022-11-25T00:00:00Z,79681443736.47891
2022-11-24T00:00:00Z,79713362323.56616
2022-11-23T00:00:00Z,79364924854.21185
2022-11-22T00:00:00Z,79523427746.49957
2022-11-21T00:00:00Z,79438852279.04323
2022-11-20T00:00:00Z,79825041130.31268
2022-11-19T00:00:00Z,79791726502.22043
2022-11-18T00:00:00Z,79799217380.68729
2022-11-17T00:00:00Z,79656413394.34389
2022-11-16T00:00:00Z,79888966689.68672
2022-11-15T00:00:00Z,79854383835.4531
2022-11-14T00:00:00Z,79514394309.89111
2022-11-13T00:00:00Z,79351852608.54855
2022-11-12T00:00:00Z,79599281703.35693
2022-11-11T00:00:00Z,79021717251.79713
2022-11-10T00:00:00Z,78538953884.84003
2022-11-09T00:00:00Z,77938699644.74927
2022-11-08T00:00:00Z,78017575998.64151
2022-11-07T00:00:00Z,78197239113.516
2022-11-06T00:00:00Z,77447397050.2645
2022-11-05T00:00:00Z,77190110974.52463
2022-11-04T00:00:00Z,77250046629.39667
2022-11-03T00:00:00Z,77227479392.03458
2022-11-02T00:00:00Z,77652380014.12878
2022-11-01T00:00:00Z,78135986158.0057
2022-10-31T00:00:00Z,78579895374.57141
2022-10-30T00:00:00Z,78948422887.23627
2022-10-29T00:00:00Z,78969123424.01752
2022-10-28T00:00:00Z,78980863389.022
2022-10-27T00:00:00Z,79076323929.48157
2022-10-26T00:00:00Z,79022165950.10489
2022-10-25T00:00:00Z,79021771795.72148
2022-10-24T00:00:00Z,78922847820.66739
2022-10-23T00:00:00Z,79048832707.0143
2022-10-22T00:00:00Z,79008661597.64603
2022-10-21T00:00:00Z,78955082005.85297
2022-10-20T00:00:00Z,79089246089.3157
2022-10-19T00:00:00Z,79598161852.39783
2022-10-18T00:00:00Z,79928016639.68048
2022-10-17T00:00:00Z,79977085036.70483
2022-10-16T00:00:00Z,80079122448.8079
2022-10-15T00:00:00Z,80076201157.61128
2022-10-14T00:00:00Z,80092541092.70787
2022-10-13T00:00:00Z,80321384807.0326
2022-10-12T00:00:00Z,80606121940.51227
2022-10-11T00:00:00Z,80679839757.92755
2022-10-10T00:00:00Z,80768939138.11676
2022-10-09T00:00:00Z,80845094129.41495
2022-10-08T00:00:00Z,80856613897.89145
2022-10-07T00:00:00Z,80881613340.79471
2022-10-06T00:00:00Z,80775793939.75911
2022-10-05T00:00:00Z,80754682000.05756
2022-10-04T00:00:00Z,80811819933.44852
2022-10-03T00:00:00Z,80798777053.72266
2022-10-02T00:00:00Z,80978005479.4763
2022-10-01T00:00:00Z,80921372761.19702
2022-09-30T00:00:00Z,80929231727.88571
2022-09-29T00:00:00Z,81155286251.22162
2022-09-28T00:00:00Z,81439529176.31238
2022-09-27T00:00:00Z,81970543918.88753
2022-09-26T00:00:00Z,82097644103.08218
2022-09-25T00:00:00Z,82446953407.59183
2022-09-24T00:00:00Z,82557129359.56294
2022-09-23T00:00:00Z,82458118157.77092
2022-09-22T00:00:00Z,82660353000.49933
2022-09-21T00:00:00Z,82664188459.03806
2022-09-20T00:00:00Z,82876759390.43773
2022-09-19T00:00:00Z,82539222159.10376
2022-09-18T00:00:00Z,82667344299.44888
2022-09-17T00:00:00Z,82643776241.66818
2022-09-16T00:00:00Z,82663048554.73207
2022-09-15T00:00:00Z,82772293401.72658
2022-09-14T00:00:00Z,83069657813.05542
2022-09-13T00:00:00Z,83458223056.85852
2022-09-12T00:00:00Z,83528995698.4646
2022-09-11T00:00:00Z,83679467941.77834
2022-09-10T00:00:00Z,83750371075.00372
2022-09-09T00:00:00Z,83765683445.73941
2022-09-08T00:00:00Z,83708031941.78311
2022-09-07T00:00:00Z,83702350339.81024
2022-09-06T00:00:00Z,83572585657.99492
2022-09-05T00:00:00Z,83747730795.4076
2022-09-04T00:00:00Z,83771784844.63849
2022-09-03T00:00:00Z,83835391363.49724
2022-09-02T00:00:00Z,83805041536.21104
2022-09-01T00:00:00Z,83915113512.67944
2022-08-31T00:00:00Z,84131468519.53671
2022-08-30T00:00:00Z,84139385916.68758
2022-08-29T00:00:00Z,83968506554.66489
2022-08-28T00:00:00Z,83869408058.0766
2022-08-27T00:00:00Z,83893621114.1729
2022-08-26T00:00:00Z,83883080375.26797
2022-08-25T00:00:00Z,83795890660.54117
2022-08-24T00:00:00Z,83890785135.44548
2022-08-23T00:00:00Z,83972361452.93668
2022-08-22T00:00:00Z,83866421551.48999
2022-08-21T00:00:00Z,84110540692.49612
2022-08-20T00:00:00Z,84549870145.33228
2022-08-19T00:00:00Z,84621733377.5357
2022-08-18T00:00:00Z,85010094027.00945
2022-08-17T00:00:00Z,85430728198.69736
2022-08-16T00:00:00Z,85793208799.42395
2022-08-15T00:00:00Z,85794122617.36241
2022-08-14T00:00:00Z,85902173373.60707
2022-08-13T00:00:00Z,86093392708.10413
2022-08-12T00:00:00Z,86104870870.3548
2022-08-11T00:00:00Z,86259369657.17276
2022-08-10T00:00:00Z,86479260835.13518
2022-08-09T00:00:00Z,86447563408.42883
2022-08-08T00:00:00Z,86554352754.26071
2022-08-07T00:00:00Z,86565783450.58173
2022-08-06T00:00:00Z,86633056351.3515
2022-08-05T00:00:00Z,86596855523.17297
2022-08-04T00:00:00Z,86449364830.90855
2022-08-03T00:00:00Z,86509711976.53342
2022-08-02T00:00:00Z,86568881938.55539
2022-08-01T00:00:00Z,86599965942.15515
2022-07-31T00:00:00Z,86709213884.40735
2022-07-30T00:00:00Z,86760536705.06247
2022-07-29T00:00:00Z,86872948347.25763
2022-07-28T00:00:00Z,86912720128.30858
2022-07-27T00:00:00Z,86814109364.63782
2022-07-26T00:00:00Z,86780835474.24173
2022-07-25T00:00:00Z,86741428861.84502
2022-07-24T00:00:00Z,86822269130.89429
2022-07-23T00:00:00Z,86814463448.87003
2022-07-22T00:00:00Z,86686851745.20908
2022-07-21T00:00:00Z,86630674653.87582
2022-07-20T00:00:00Z,86521451803.35156
2022-07-19T00:00:00Z,86388873096.7822
2022-07-18T00:00:00Z,86401887566.668
2022-07-17T00:00:00Z,86366640044.8671
2022-07-16T00:00:00Z,86262028006.40588
2022-07-15T00:00:00Z,86221403885.3629
2022-07-14T00:00:00Z,86585640374.33691
2022-07-13T00:00:00Z,86672806096.04941
2022-07-12T00:00:00Z,86582715035.44211
2022-07-11T00:00:00Z,86782246627.00578
2022-07-10T00:00:00Z,86719282474.17725
2022-07-09T00:00:00Z,86738977591.27145
2022-07-08T00:00:00Z,86726619762.79016
2022-07-07T00:00:00Z,87074469068.67526
2022-07-06T00:00:00Z,87242530743.7998
2022-07-05T00:00:00Z,87489844107.58438
2022-07-04T00:00:00Z,87595430824.19044
2022-07-03T00:00:00Z,87465210163.44214
2022-07-02T00:00:00Z,87420032446.0263
2022-07-01T00:00:00Z,87362898500.79108
2022-06-30T00:00:00Z,87342642464.63406
2022-06-29T00:00:00Z,87304472409.4246
2022-06-28T00:00:00Z,87172772669.13461
2022-06-27T00:00:00Z,87326566585.72281
2022-06-26T00:00:00Z,87505241503.57602
2022-06-25T00:00:00Z,87525173449.15096
2022-06-24T00:00:00Z,87426041796.34137
2022-06-23T00:00:00Z,87333990528.60799
2022-06-22T00:00:00Z,87531824256.04707
2022-06-21T00:00:00Z,87468495680.06735
2022-06-20T00:00:00Z,87339268329.54626
2022-06-19T00:00:00Z,91977861565.83582
2022-06-18T00:00:00Z,91577549999.52737
2022-06-17T00:00:00Z,91390172228.74352
2022-06-16T00:00:00Z,90995779985.07533
2022-06-15T00:00:00Z,90673046543.96944
2022-06-14T00:00:00Z,90525933973.13313
2022-06-13T00:00:00Z,90731407680.9513
2022-06-12T00:00:00Z,91122171177.25134
2022-06-11T00:00:00Z,90979543726.66565
2022-06-10T00:00:00Z,90953821967.53831
2022-06-09T00:00:00Z,90795640159.45184
2022-06-08T00:00:00Z,90800428161.25858
2022-06-07T00:00:00Z,90775054149.54657
2022-06-06T00:00:00Z,90664338543.71205
2022-06-05T00:00:00Z,90975086658.07968
2022-06-04T00:00:00Z,90930676762.05313
2022-06-03T00:00:00Z,90954181497.32098
2022-06-02T00:00:00Z,90984424910.02219
2022-06-01T00:00:00Z,91033129881.92212
2022-05-31T00:00:00Z,90941625573.00067
2022-05-30T00:00:00Z,90668136044.47388
2022-05-29T00:00:00Z,90605981947.96413
2022-05-28T00:00:00Z,90585329500.93176
2022-05-27T00:00:00Z,90423076563.44412
2022-05-26T00:00:00Z,90076879109.39717
2022-05-25T00:00:00Z,90262922242.92316
2022-05-24T00:00:00Z,90245177401.55414
2022-05-23T00:00:00Z,90142040844.2102
2022-05-22T00:00:00Z,89917536784.27872
2022-05-21T00:00:00Z,89839123971.19403
2022-05-20T00:00:00Z,89750961502.03156
2022-05-19T00:00:00Z,89660531724.8982
2022-05-18T00:00:00Z,89291220005.07529
2022-05-17T00:00:00Z,89180911423.44423
2022-05-16T00:00:00Z,88873767072.56657
2022-05-15T00:00:00Z,88700326794.22247
2022-05-14T00:00:00Z,88574026904.21164
2022-05-13T00:00:00Z,91823657953.24927
2022-05-12T00:00:00Z,91437220785.92305
2022-05-11T00:00:00Z,90976520764.36472
2022-05-10T00:00:00Z,91281719799.94864
2022-05-09T00:00:00Z,91533004566.01247
2022-05-08T00:00:00Z,92119577115.60133
2022-05-07T00:00:00Z,92495283743.62303
2022-05-06T00:00:00Z,92693470654.97552
2022-05-05T00:00:00Z,92989457739.19118
2022-05-04T00:00:00Z,92915565594.08786
2022-05-03T00:00:00Z,93342154957.65857
2022-05-02T00:00:00Z,93722590576.30965
2022-05-01T00:00:00Z,93794959323.77115
2022-04-30T00:00:00Z,93882316853.06647
2022-04-29T00:00:00Z,94002372822.07822
2022-04-28T00:00:00Z,94181916460.82051
2022-04-27T00:00:00Z,94288568070.29735
2022-04-26T00:00:00Z,94309369925.72757
2022-04-25T00:00:00Z,94472992732.93358
2022-04-24T00:00:00Z,94542939634.16647
2022-04-23T00:00:00Z,94589733810.4284
2022-04-22T00:00:00Z,94621711432.4411
2022-04-21T00:00:00Z,94617541418.91783
2022-04-20T00:00:00Z,94736275863.33871
2022-04-19T00:00:00Z,95004114713.37915
2022-04-18T00:00:00Z,94909638529.94955
2022-04-17T00:00:00Z,95000973445.7191
2022-04-16T00:00:00Z,95191923963.03857
2022-04-15T00:00:00Z,95189852479.23761
2022-04-14T00:00:00Z,95319887302.89557
2022-04-13T00:00:00Z,95448200244.22565
2022-04-12T00:00:00Z,95729889664.28134
2022-04-11T00:00:00Z,95864161392.40482
2022-04-10T00:00:00Z,96276674942.41714
2022-04-09T00:00:00Z,96287089415.6462
2022-04-08T00:00:00Z,96265157572.94067
2022-04-07T00:00:00Z,96239611155.84395
2022-04-06T00:00:00Z,96286398056.0817
2022-04-05T00:00:00Z,96746815455.99586
2022-04-04T00:00:00Z,97006230173.836
2022-04-03T00:00:00Z,97112761227.91815
2022-04-02T00:00:00Z,97132493481.64526
2022-04-01T00:00:00Z,97276040700.87498
2022-03-31T00:00:00Z,97111283819.5299
2022-03-30T00:00:00Z,97368736589.61403
2022-03-29T00:00:00Z,97528815162.5134
2022-03-28T00:00:00Z,97778356802.2586
2022-03-27T00:00:00Z,97901776239.87335
2022-03-26T00:00:00Z,97805152146.64392
2022-03-25T00:00:00Z,97804371023.42929
2022-03-24T00:00:00Z,98289919003.14886
2022-03-23T00:00:00Z,98440614004.2775
2022-03-22T00:00:00Z,98716915149.38028
2022-03-21T00:00:00Z,99097400013.4892
2022-03-20T00:00:00Z,99162210031.68825
2022-03-19T00:00:00Z,99070301235.33234
2022-03-18T00:00:00Z,99025079231.3805
2022-03-17T00:00:00Z,98871584468.53159
2022-03-16T00:00:00Z,98504063196.6065
2022-03-15T00:00:00Z,98467759860.11543
2022-03-14T00:00:00Z,98596007570.7742
2022-03-13T00:00:00Z,98571118163.0729
2022-03-12T00:00:00Z,98558830825.01926
2022-03-11T00:00:00Z,98567460663.95273
2022-03-10T00:00:00Z,98625805235.51534
2022-03-09T00:00:00Z,98462930252.25504
2022-03-08T00:00:00Z,98461439456.30563
2022-03-07T00:00:00Z,98518330382.70511
2022-03-06T00:00:00Z,98644297450.99463
2022-03-05T00:00:00Z,98610550819.12766
2022-03-04T00:00:00Z,98596877602.81053
2022-03-03T00:00:00Z,98991864402.33864
2022-03-02T00:00:00Z,99215407935.63152
2022-03-01T00:00:00Z,99369601786.86053
2022-02-28T00:00:00Z,99357213147.55394
2022-02-27T00:00:00Z,99206711604.59543
2022-02-26T00:00:00Z,99088036676.26038
2022-02-25T00:00:00Z,99103936214.53119
2022-02-24T00:00:00Z,99106625980.57901
2022-02-23T00:00:00Z,99021490448.84781
2022-02-22T00:00:00Z,98945553189.97122
2022-02-21T00:00:00Z,98904479118.8674
2022-02-20T00:00:00Z,98940863685.22963
2022-02-19T00:00:00Z,98956716465.64484
2022-02-18T00:00:00Z,98860958866.50562
2022-02-17T00:00:00Z,98946288482.71072
2022-02-16T00:00:00Z,99180955782.58862
2022-02-15T00:00:00Z,99153672249.91547
2022-02-14T00:00:00Z,98964668217.5097
2022-02-13T00:00:00Z,98908660343.94528
2022-02-12T00:00:00Z,98849835376.87654
2022-02-11T00:00:00Z,98786773197.29265
2022-02-10T00:00:00Z,98604740464.45114
2022-02-09T00:00:00Z,98382936379.47977
2022-02-08T00:00:00Z,98180477078.73697
2022-02-07T00:00:00Z,97727635059.50801
2022-02-06T00:00:00Z,97307205310.09006
2022-02-05T00:00:00Z,97271023060.10109
2022-02-04T00:00:00Z,97008049791.11276
2022-02-03T00:00:00Z,97012956948.483
2022-02-02T00:00:00Z,96678132692.8899
2022-02-01T00:00:00Z,96385295515.59824
2022-01-31T00:00:00Z,96115887894.47519
2022-01-30T00:00:00Z,95937593788.59998
2022-01-29T00:00:00Z,95828932527.84021
2022-01-28T00:00:00Z,95717463339.64496
2022-01-27T00:00:00Z,95577970520.42676
2022-01-26T00:00:00Z,95300096540.33942
2022-01-25T00:00:00Z,94682436119.59128
2022-01-24T00:00:00Z,94268900811.38908
2022-01-23T00:00:00Z,93680619732.20088
2022-01-22T00:00:00Z,93292751678.59467
2022-01-21T00:00:00Z,93015408716.87692
2022-01-20T00:00:00Z,92552711921.9334
2022-01-19T00:00:00Z,92303625724.48122
2022-01-18T00:00:00Z,92013551891.08585
2022-01-17T00:00:00Z,91805639444.15736
2022-01-16T00:00:00Z,91604015720.41418
2022-01-15T00:00:00Z,91398607234.87546
2022-01-14T00:00:00Z,91324013023.98001
2022-01-13T00:00:00Z,91055544211.06546
2022-01-12T00:00:00Z,90709116060.24088
2022-01-11T00:00:00Z,90276349641.50638
2022-01-10T00:00:00Z,90109846961.24371
2022-01-09T00:00:00Z,89720256548.298
2022-01-08T00:00:00Z,89925622938.87561
2022-01-07T00:00:00Z,89692180677.33374
2022-01-06T00:00:00Z,89517517295.09003
2022-01-05T00:00:00Z,89299736558.38489
2022-01-04T00:00:00Z,89155698257.11057
2022-01-03T00:00:00Z,89129195433.38649
2022-01-02T00:00:00Z,89094824842.24701
2022-01-01T00:00:00Z,88934090558.16034
2021-12-31T00:00:00Z,88610200741.42537
2021-12-30T00:00:00Z,88690730194.98032
2021-12-29T00:00:00Z,88462809488.4493
2021-12-28T00:00:00Z,88716563947.15863
2021-12-27T00:00:00Z,88718245235.68001
2021-12-26T00:00:00Z,88829921146.09409
2021-12-25T00:00:00Z,88820875537.25565
2021-12-24T00:00:00Z,88798755447.66827
2021-12-23T00:00:00Z,88788786359.6774
2021-12-22T00:00:00Z,88666154156.6257
2021-12-21T00:00:00Z,88697272753.75836
2021-12-20T00:00:00Z,88488249184.06497
2021-12-19T00:00:00Z,88408455379.24966
2021-12-18T00:00:00Z,88409827971.23744
2021-12-17T00:00:00Z,88270021854.81021
2021-12-16T00:00:00Z,88165762946.1556
2021-12-15T00:00:00Z,88023939176.91118
2021-12-14T00:00:00Z,87983192960.06778
2021-12-13T00:00:00Z,87789597751.05817
2021-12-12T00:00:00Z,87923800207.5874
2021-12-11T00:00:00Z,87829156271.43655
2021-12-10T00:00:00Z,87599273549.50143
2021-12-09T00:00:00Z,87272929203.67212
2021-12-08T00:00:00Z,85300506250.15445
2021-12-07T00:00:00Z,85234864281.74811
2021-12-06T00:00:00Z,85104605988.56207
2021-12-05T00:00:00Z,85179711049.47858
2021-12-04T00:00:00Z,84420216783.99553
2021-12-03T00:00:00Z,83778884621.22655
2021-12-02T00:00:00Z,83810804359.38918
2021-12-01T00:00:00Z,83742697960.85765
2021-11-30T00:00:00Z,83483243902.93152
2021-11-29T00:00:00Z,83418244860.10141
2021-11-28T00:00:00Z,83309192690.33871
2021-11-27T00:00:00Z,83147076999.12457
2021-11-26T00:00:00Z,82973732800.78838
2021-11-25T00:00:00Z,82704596255.40265
2021-11-24T00:00:00Z,82434307364.56299
2021-11-23T00:00:00Z,81901846858.5517
2021-11-22T00:00:00Z,81579751504.58719
2021-11-21T00:00:00Z,81302913132.83427
2021-11-20T00:00:00Z,81132348149.55563
2021-11-19T00:00:00Z,80842662045.0325
2021-11-18T00:00:00Z,80411062173.47516
2021-11-17T00:00:00Z,80074432702.61417
2021-11-16T00:00:00Z,80041723972.55655
2021-11-15T00:00:00Z,79458035199.51854
2021-11-14T00:00:00Z,79556633242.78178
2021-11-13T00:00:00Z,79603805003.83705
2021-11-12T00:00:00Z,79580461728.59271
2021-11-11T00:00:00Z,79689341707.75282
2021-11-10T00:00:00Z,79727962918.84912
2021-11-09T00:00:00Z,80030018668.5121
2021-11-08T00:00:00Z,77462233256.22156
2021-11-07T00:00:00Z,76219396111.77097
2021-11-06T00:00:00Z,76116056478.9035
2021-11-05T00:00:00Z,75856157896.13301
2021-11-04T00:00:00Z,75316698059.8295
2021-11-03T00:00:00Z,74338918743.8869
2021-11-02T00:00:00Z,74037852504.24402
2021-11-01T00:00:00Z,73858496505.73994
2021-10-31T00:00:00Z,73836407696.81332
2021-10-30T00:00:00Z,73869356071.58133
2021-10-29T00:00:00Z,73605363672.96753
2021-10-28T00:00:00Z,73418167525.98398
2021-10-27T00:00:00Z,73315164870.67169
2021-10-26T00:00:00Z,72905940838.5831
2021-10-25T00:00:00Z,72924643029.36746
2021-10-24T00:00:00Z,72790825924.95041
2021-10-23T00:00:00Z,72805588518.63565
2021-10-22T00:00:00Z,72733427173.2679
2021-10-21T00:00:00Z,72705481982.58252
2021-10-20T00:00:00Z,72530693679.88528
2021-10-19T00:00:00Z,72196718219.24123
2021-10-18T00:00:00Z,72641434243.6055
2021-10-17T00:00:00Z,72786257962.37347
2021-10-16T00:00:00Z,72724380696.23834
2021-10-15T00:00:00Z,72695168705.52657
2021-10-14T00:00:00Z,72598140875.86942
2021-10-13T00:00:00Z,72370021840.54872
2021-10-12T00:00:00Z,72425814122.03424
2021-10-11T00:00:00Z,72529908988.71243
2021-10-10T00:00:00Z,72422518328.60965
2021-10-09T00:00:00Z,72348438139.9412
2021-10-08T00:00:00Z,72262742090.7702
2021-10-07T00:00:00Z,72022091323.57817
2021-10-06T00:00:00Z,71671108735.30005
2021-10-05T00:00:00Z,71570012438.71506
2021-10-04T00:00:00Z,71428540490.35605
2021-10-03T00:00:00Z,71409610141.47455
2021-10-02T00:00:00Z,71279444810.8653
2021-10-01T00:00:00Z,71084893634.01312
2021-09-30T00:00:00Z,70761923511.26546
2021-09-29T00:00:00Z,70682154637.1502
2021-09-28T00:00:00Z,70610642932.2395
2021-09-27T00:00:00Z,70833872723.71904
2021-09-26T00:00:00Z,70676567662.8378
2021-09-25T00:00:00Z,70412708981.61307
2021-09-24T00:00:00Z,70277082142.54037
2021-09-23T00:00:00Z,69969881421.0625
2021-09-22T00:00:00Z,69673403250.37625
2021-09-21T00:00:00Z,69335892641.10384
2021-09-20T00:00:00Z,69265119920.56094
2021-09-19T00:00:00Z,69321097522.29036
2021-09-18T00:00:00Z,69261982244.14017
2021-09-17T00:00:00Z,69166434723.05731
2021-09-16T00:00:00Z,69023746497.66805
2021-09-15T00:00:00Z,68984241212.41788
2021-09-14T00:00:00Z,68974528495.43439
2021-09-13T00:00:00Z,69008496388.63812
2021-09-12T00:00:00Z,69070259574.58366
2021-09-11T00:00:00Z,69130141816.4942
2021-09-10T00:00:00Z,69053911008.24239
2021-09-09T00:00:00Z,69028747532.34848
2021-09-08T00:00:00Z,69027257434.50739
2021-09-07T00:00:00Z,68704413543.55695
2021-09-06T00:00:00Z,68407512544.983376
2021-09-05T00:00:00Z,68550053188.1179
2021-09-04T00:00:00Z,68458244330.464264
2021-09-03T00:00:00Z,68402279609.1816
2021-09-02T00:00:00Z,68404124118.27319
2021-09-01T00:00:00Z,68126600741.06212
2021-08-31T00:00:00Z,68051993457.600334
2021-08-30T00:00:00Z,68022166665.726036
2021-08-29T00:00:00Z,67924102586.63498
2021-08-28T00:00:00Z,67863867463.65093
2021-08-27T00:00:00Z,67862906058.03114
2021-08-26T00:00:00Z,67681046609.80789
2021-08-25T00:00:00Z,67714933412.00215
2021-08-24T00:00:00Z,67666089035.7661
2021-08-23T00:00:00Z,65624163261.328674
2021-08-22T00:00:00Z,65622669160.880875
2021-08-21T00:00:00Z,65629112028.13236
2021-08-20T00:00:00Z,65650506716.57081
2021-08-19T00:00:00Z,64959431882.3608
2021-08-18T00:00:00Z,65166848492.76578
2021-08-17T00:00:00Z,65082629489.594986
2021-08-16T00:00:00Z,65078234803.417816
2021-08-15T00:00:00Z,65172176686.39557
2021-08-14T00:00:00Z,65128943249.35241
2021-08-13T00:00:00Z,65103527003.51523
2021-08-12T00:00:00Z,65075830533.73976
2021-08-11T00:00:00Z,65113516448.93615
2021-08-10T00:00:00Z,65119247097.41006
2021-08-09T00:00:00Z,65152608135.88898
2021-08-08T00:00:00Z,65279342539.85401
2021-08-07T00:00:00Z,65147776873.81523
2021-08-06T00:00:00Z,65030418650.41419
2021-08-05T00:00:00Z,65059003957.64931
2021-08-04T00:00:00Z,64950288937.53343
2021-08-03T00:00:00Z,64909487698.89768
2021-08-02T00:00:00Z,64847516513.61316
2021-08-01T00:00:00Z,64833674754.90842
2021-07-31T00:00:00Z,64773100275.38872
2021-07-30T00:00:00Z,64727869261.922806
2021-07-29T00:00:00Z,64629760839.91925
2021-07-28T00:00:00Z,64697879512.56395
2021-07-27T00:00:00Z,64557646807.25706
2021-07-26T00:00:00Z,64499151649.73688
2021-07-25T00:00:00Z,64419473822.141785
2021-07-24T00:00:00Z,64389906150.67186
2021-07-23T00:00:00Z,64314799627.447784
2021-07-22T00:00:00Z,64328221844.20563
2021-07-21T00:00:00Z,64227742880.55039
2021-07-20T00:00:00Z,64094385905.60059
2021-07-19T00:00:00Z,63980230193.21738
2021-07-18T00:00:00Z,63952996709.40361
2021-07-17T00:00:00Z,63897193692.14577
2021-07-16T00:00:00Z,63758881554.8
2021-07-15T00:00:00Z,63641889599.14606
2021-07-14T00:00:00Z,64114741205.667656
2021-07-13T00:00:00Z,63903937576.88507
2021-07-12T00:00:00Z,63874008070.306015
2021-07-11T00:00:00Z,63611020571.598526
2021-07-10T00:00:00Z,63583780139.0202
2021-07-09T00:00:00Z,63604896693.85357
2021-07-08T00:00:00Z,63442297420.68703
2021-07-07T00:00:00Z,63314041855.71069
2021-07-06T00:00:00Z,63189724594.093506
2021-07-05T00:00:00Z,62978505061.9597
2021-07-04T00:00:00Z,62938544974.95784
2021-07-03T00:00:00Z,62890859185.271515
2021-07-02T00:00:00Z,62830641259.07915
2021-07-01T00:00:00Z,62558068656.221054
2021-06-30T00:00:00Z,62466174713.2921
2021-06-29T00:00:00Z,62488354221.4155
2021-06-28T00:00:00Z,62486876793.643585
2021-06-27T00:00:00Z,63119080492.6398
2021-06-26T00:00:00Z,62966385697.70822
2021-06-25T00:00:00Z,62928008789.828674
2021-06-24T00:00:00Z,62804805963.17956
2021-06-23T00:00:00Z,62639388765.94354
2021-06-22T00:00:00Z,62187681124.19745
2021-06-21T00:00:00Z,62056745136.57353
2021-06-20T00:00:00Z,61661279950.76531
2021-06-19T00:00:00Z,61561899332.763084
2021-06-18T00:00:00Z,61450396291.02983
2021-06-17T00:00:00Z,61198434300.6755
2021-06-16T00:00:00Z,61381610471.191895
2021-06-15T00:00:00Z,61325332138.55769
2021-06-14T00:00:00Z,61192806442.21071
2021-06-13T00:00:00Z,61119494681.37862
2021-06-12T00:00:00Z,61009952438.89537
2021-06-11T00:00:00Z,60907996512.73596
2021-06-10T00:00:00Z,60665366063.82317
2021-06-09T00:00:00Z,60707001868.87285
2021-06-08T00:00:00Z,60451834387.04003
2021-06-07T00:00:00Z,60341518100.066185
2021-06-06T00:00:00Z,60134952933.837746
2021-06-05T00:00:00Z,60063564315.0401
2021-06-04T00:00:00Z,59968366644.910576
2021-06-03T00:00:00Z,60067751408.16302
2021-06-02T00:00:00Z,59980921140.376755
2021-06-01T00:00:00Z,59889520898.182655
2021-05-31T00:00:00Z,59845358717.9367
2021-05-30T00:00:00Z,56685957567.597275
2021-05-29T00:00:00Z,56516912252.00311
2021-05-28T00:00:00Z,56349142118.51204
2021-05-27T00:00:00Z,56207567357.99788
2021-05-26T00:00:00Z,55772075383.68856
2021-05-25T00:00:00Z,55084593761.52498
2021-05-24T00:00:00Z,54907040600.1033
2021-05-23T00:00:00Z,54438978219.805664
2021-05-22T00:00:00Z,54068625777.49579
2021-05-21T00:00:00Z,53682090350.84793
2021-05-20T00:00:00Z,52567804958.675
2021-05-19T00:00:00Z,51757040001.86971
2021-05-18T00:00:00Z,51487845877.00786
2021-05-17T00:00:00Z,51294131394.43427
2021-05-16T00:00:00Z,49934426688.85777
2021-05-15T00:00:00Z,49844350221.93895
2021-05-14T00:00:00Z,49602091817.720276
2021-05-13T00:00:00Z,49253509928.70247
2021-05-12T00:00:00Z,49141443033.11577
2021-05-11T00:00:00Z,49055747231.00586
2021-05-10T00:00:00Z,49003356520.601234
2021-05-09T00:00:00Z,47821213436.99212
2021-05-08T00:00:00Z,47515579064.94489
2021-05-07T00:00:00Z,47194397835.46275
2021-05-06T00:00:00Z,47111826008.67154
2021-05-05T00:00:00Z,46859883939.51935
2021-05-04T00:00:00Z,46548411710.74767
2021-05-03T00:00:00Z,46040170233.49684
2021-05-02T00:00:00Z,45844622261.0903
2021-05-01T00:00:00Z,45569364441.93034
2021-04-30T00:00:00Z,45435616160.1161
2021-04-29T00:00:00Z,44235580533.17522
2021-04-28T00:00:00Z,43912595943.1232
2021-04-27T00:00:00Z,43376334458.334114
2021-04-26T00:00:00Z,43235050777.922165
2021-04-25T00:00:00Z,42996813637.88492
2021-04-24T00:00:00Z,42904287406.24277
2021-04-23T00:00:00Z,42523789084.10861
2021-04-22T00:00:00Z,42404152999.241776
2021-04-21T00:00:00Z,42351866853.20717
2021-04-20T00:00:00Z,42305371669.0726
2021-04-19T00:00:00Z,41965560608.48073
2021-04-18T00:00:00Z,41960197877.9841
2021-04-17T00:00:00Z,41596262358.84819
2021-04-16T00:00:00Z,41128307977.44649
2021-04-15T00:00:00Z,39509346118.25617
2021-04-14T00:00:00Z,39304620335.468445
2021-04-13T00:00:00Z,38934560791.31511
2021-04-12T00:00:00Z,38792232108.226555
2021-04-11T00:00:00Z,39065942741.39268
2021-04-10T00:00:00Z,38948205529.239
2021-04-09T00:00:00Z,38920528772.5589
2021-04-08T00:00:00Z,38884233148.41678
2021-04-07T00:00:00Z,38804771000.33574
2021-04-06T00:00:00Z,37736926222.893326
2021-04-05T00:00:00Z,37841055567.24208
2021-04-04T00:00:00Z,37896064591.10149
2021-04-03T00:00:00Z,37675340466.71002
2021-04-02T00:00:00Z,37725843628.757095
2021-04-01T00:00:00Z,37612704367.02792
2021-03-31T00:00:00Z,37510861300.693756
2021-03-30T00:00:00Z,37562399629.42204
2021-03-29T00:00:00Z,37422357621.14553
2021-03-28T00:00:00Z,37600204074.07443
2021-03-27T00:00:00Z,37479609121.69415
2021-03-26T00:00:00Z,37331576959.404884
2021-03-25T00:00:00Z,36997099948.74147
2021-03-24T00:00:00Z,36785602170.0299
2021-03-23T00:00:00Z,36705684607.16896
2021-03-22T00:00:00Z,36583668121.60975
2021-03-21T00:00:00Z,36560063578.69023
2021-03-20T00:00:00Z,36384978627.01345
2021-03-19T00:00:00Z,35254984386.50122
2021-03-18T00:00:00Z,34995630912.49219
2021-03-17T00:00:00Z,34898064787.46506
2021-03-16T00:00:00Z,34739270152.54039
2021-03-15T00:00:00Z,34274820722.49237
2021-03-14T00:00:00Z,34043210638.99906
2021-03-13T00:00:00Z,34006778642.966103
2021-03-12T00:00:00Z,33853525347.390938
2021-03-11T00:00:00Z,33827693678.42192
2021-03-10T00:00:00Z,33679465316.71187
2021-03-09T00:00:00Z,33218688224.37097
2021-03-08T00:00:00Z,33189371044.720943
2021-03-07T00:00:00Z,33278942511.119026
2021-03-06T00:00:00Z,33154797314.296867
2021-03-05T00:00:00Z,33031466007.32267
2021-03-04T00:00:00Z,32991299709.736965
2021-03-03T00:00:00Z,33043722617.532433
2021-03-02T00:00:00Z,33137189399.391182
2021-03-01T00:00:00Z,32785574623.33654
2021-02-28T00:00:00Z,32619725618.357388
2021-02-27T00:00:00Z,32405698986.4334
2021-02-26T00:00:00Z,32367819928.09086
2021-02-25T00:00:00Z,32014315486.429237
2021-02-24T00:00:00Z,31916041282.157616
2021-02-23T00:00:00Z,31579280272.348396
2021-02-22T00:00:00Z,31510682077.968407
2021-02-21T00:00:00Z,31330445379.852707
2021-02-20T00:00:00Z,31152599607.618526
2021-02-19T00:00:00Z,30895826826.211067
2021-02-18T00:00:00Z,30670038291.024963
2021-02-17T00:00:00Z,30182947431.61137
2021-02-16T00:00:00Z,30310838504.337452
2021-02-15T00:00:00Z,30240854973.74775
2021-02-14T00:00:00Z,29822271189.48904
2021-02-13T00:00:00Z,29601936360.57749
2021-02-12T00:00:00Z,29387416201.218094
2021-02-11T00:00:00Z,29235689000.255478
2021-02-10T00:00:00Z,29041720176.504585
2021-02-09T00:00:00Z,28755110876.820602
2021-02-08T00:00:00Z,28635501943.01538
2021-02-07T00:00:00Z,28495726886.783302
2021-02-06T00:00:00Z,28051317862.4182
2021-02-05T00:00:00Z,27917314230.94436
2021-02-04T00:00:00Z,27359723087.709324
2021-02-03T00:00:00Z,27233672931.64836
2021-02-02T00:00:00Z,24634903631.95632
2021-02-01T00:00:00Z,24169928823.635643
2021-01-31T00:00:00Z,24153460936.149925
2021-01-30T00:00:00Z,24090565230.907097
2021-01-29T00:00:00Z,24065299211.027534
2021-01-28T00:00:00Z,23476972646.281086
2021-01-27T00:00:00Z,23258378076.087967
2021-01-26T00:00:00Z,23138202998.76338
2021-01-25T00:00:00Z,22816868301.614517
2021-01-24T00:00:00Z,22857392410.32144
2021-01-23T00:00:00Z,22801076194.520065
2021-01-22T00:00:00Z,22663115007.803974
2021-01-21T00:00:00Z,22437459890.050278
2021-01-20T00:00:00Z,22402919588.682312
2021-01-19T00:00:00Z,22234523407.672916
2021-01-18T00:00:00Z,22171552414.475685
2021-01-17T00:00:00Z,22088821346.052193
2021-01-16T00:00:00Z,21995008455.41701
2021-01-15T00:00:00Z,21720534539.66799
2021-01-14T00:00:00Z,21792456601.179737
2021-01-13T00:00:00Z,21604679315.60704
2021-01-12T00:00:00Z,21603857646.950043
2021-01-11T00:00:00Z,21267360282.855236
2021-01-10T00:00:00Z,21378460244.13127
2021-01-09T00:00:00Z,21311641426.47948
2021-01-08T00:00:00Z,21088516060.57615
2021-01-07T00:00:00Z,20663508697.483105
2021-01-06T00:00:00Z,20494347378.80681
2021-01-05T00:00:00Z,20124172060.482323
2021-01-04T00:00:00Z,19870373733.526817
2021-01-03T00:00:00Z,19667273353.685333
2021-01-02T00:00:00Z,19493939680.80049
2021-01-01T00:00:00Z,19510554356.147057
2020-12-31T00:00:00Z,18952954177.44728
2020-12-30T00:00:00Z,18682946610.987305
2020-12-29T00:00:00Z,18675312125.66697
2020-12-28T00:00:00Z,18629476390.894794
2020-12-27T00:00:00Z,18375721982.583855
2020-12-26T00:00:00Z,18340596483.61376
2020-12-25T00:00:00Z,18086527891.10737
2020-12-24T00:00:00Z,18109177592.685062
2020-12-23T00:00:00Z,17793415183.723907
2020-12-22T00:00:00Z,17547369111.93463
2020-12-21T00:00:00Z,17567405656.886604
2020-12-20T00:00:00Z,17575897593.411037
2020-12-19T00:00:00Z,17583702198.661247
2020-12-18T00:00:00Z,17487686340.499237
2020-12-17T00:00:00Z,17476972709.75809
2020-12-16T00:00:00Z,17472670449.01593
2020-12-15T00:00:00Z,17405194391.627483
2020-12-14T00:00:00Z,17187932055.985954
2020-12-13T00:00:00Z,17198684749.70431
2020-12-12T00:00:00Z,17137928653.463535
2020-12-11T00:00:00Z,17039509796.039536
2020-12-10T00:00:00Z,16996322406.126263
2020-12-09T00:00:00Z,16993431142.578571
2020-12-08T00:00:00Z,16978130009.85255
2020-12-07T00:00:00Z,16980815483.123981
2020-12-06T00:00:00Z,17035503763.366234
2020-12-05T00:00:00Z,17007412682.944572
2020-12-04T00:00:00Z,16983547002.309296
2020-12-03T00:00:00Z,16922278806.936226
2020-12-02T00:00:00Z,16919662005.733042
2020-12-01T00:00:00Z,16853856227.336994
2020-11-30T00:00:00Z,16618717602.643719
2020-11-29T00:00:00Z,16422293486.457127
2020-11-28T00:00:00Z,16410985391.008835
2020-11-27T00:00:00Z,16309247942.974655
2020-11-26T00:00:00Z,16307137122.325905
2020-11-25T00:00:00Z,16364658339.770351
2020-11-24T00:00:00Z,16354021539.595325
2020-11-23T00:00:00Z,16131124995.353062
2020-11-22T00:00:00Z,15957204045.534992
2020-11-21T00:00:00Z,15856302379.1151
2020-11-20T00:00:00Z,15800090484.278612
2020-11-19T00:00:00Z,15649294000.068798
2020-11-18T00:00:00Z,15664212287.51149
2020-11-17T00:00:00Z,15662744480.241093
2020-11-16T00:00:00Z,15744243269.863403
2020-11-15T00:00:00Z,15591512537.493996
2020-11-14T00:00:00Z,15588975126.76038
2020-11-13T00:00:00Z,15563843792.155088
2020-11-12T00:00:00Z,15543078559.111975
2020-11-11T00:00:00Z,15575611013.931253
2020-11-10T00:00:00Z,15411111199.066908
2020-11-09T00:00:00Z,15431113936.177895
2020-11-08T00:00:00Z,15487446088.268211
2020-11-07T00:00:00Z,15500775618.760633
2020-11-06T00:00:00Z,15449143702.929394
2020-11-05T00:00:00Z,15326762612.72948
2020-11-04T00:00:00Z,15337375616.4282
2020-11-03T00:00:00Z,15360082040.559465
2020-11-02T00:00:00Z,15226840227.291792
2020-11-01T00:00:00Z,15227292559.653187
2020-10-31T00:00:00Z,15216862780.025482
2020-10-30T00:00:00Z,15163716673.046543
2020-10-29T00:00:00Z,15003025150.162075
2020-10-28T00:00:00Z,14931380641.617628
2020-10-27T00:00:00Z,14750721200.008406
2020-10-26T00:00:00Z,14714388968.734934
2020-10-25T00:00:00Z,14602344764.764671
2020-10-24T00:00:00Z,14572705663.164291
2020-10-23T00:00:00Z,14536483037.032694
2020-10-22T00:00:00Z,14589300075.211048
2020-10-21T00:00:00Z,14446763913.361694
2020-10-20T00:00:00Z,14340072465.98591
2020-10-19T00:00:00Z,14331044078.180696
2020-10-18T00:00:00Z,14328395924.605762
2020-10-17T00:00:00Z,14291867160.682373
2020-10-16T00:00:00Z,14291294614.905704
2020-10-15T00:00:00Z,14319708418.672531
2020-10-14T00:00:00Z,14346610194.340843
2020-10-13T00:00:00Z,14414536130.05342
2020-10-12T00:00:00Z,14481453630.444273
2020-10-11T00:00:00Z,14491274321.499767
2020-10-10T00:00:00Z,14496348367.248241
2020-10-09T00:00:00Z,14445113151.731781
2020-10-08T00:00:00Z,14401713646.202475
2020-10-07T00:00:00Z,14305212199.090017
2020-10-06T00:00:00Z,14294563775.396538
2020-10-05T00:00:00Z,14295895208.557827
2020-10-04T00:00:00Z,14281164337.045063
2020-10-03T00:00:00Z,14275690006.03396
2020-10-02T00:00:00Z,14238654890.923296
2020-10-01T00:00:00Z,14178067629.098722
2020-09-30T00:00:00Z,14020752255.696167
2020-09-29T00:00:00Z,14032808697.753735
2020-09-28T00:00:00Z,14040807613.290901
2020-09-27T00:00:00Z,14115474233.349575
2020-09-26T00:00:00Z,14076294169.40826
2020-09-25T00:00:00Z,13999677945.29297
2020-09-24T00:00:00Z,13997272155.184193
2020-09-23T00:00:00Z,13943178520.44838
2020-09-22T00:00:00Z,13896466048.334478
2020-09-21T00:00:00Z,13889540441.556973
2020-09-20T00:00:00Z,13840857749.049496
2020-09-19T00:00:00Z,13802568984.849524
2020-09-18T00:00:00Z,13539157353.132465
2020-09-17T00:00:00Z,13432259058.464901
2020-09-16T00:00:00Z,13196701935.82436
2020-09-15T00:00:00Z,13237393592.054703
2020-09-14T00:00:00Z,12098248399.108112
2020-09-13T00:00:00Z,11977126327.063383
2020-09-12T00:00:00Z,11905428063.74121
2020-09-11T00:00:00Z,11838563820.354866
2020-09-10T00:00:00Z,11753170470.116867
2020-09-09T00:00:00Z,11684887822.476118
2020-09-08T00:00:00Z,11638436105.301586
2020-09-07T00:00:00Z,11655372582.219213
2020-09-06T00:00:00Z,11585145939.678038
2020-09-05T00:00:00Z,11525732131.455639
2020-09-04T00:00:00Z,11449074099.402687
2020-09-03T00:00:00Z,11253740778.295279
2020-09-02T00:00:00Z,11169383676.496048
2020-09-01T00:00:00Z,11128996552.034573
2020-08-31T00:00:00Z,10957030826.99814
2020-08-30T00:00:00Z,11003921041.973
2020-08-29T00:00:00Z,10984742979.290247
2020-08-28T00:00:00Z,10923960734.946661
2020-08-27T00:00:00Z,10914438834.90665
2020-08-26T00:00:00Z,10901007511.250126
2020-08-25T00:00:00Z,10881746842.481167
2020-08-24T00:00:00Z,10835527600.117733
2020-08-23T00:00:00Z,10845947959.36603
2020-08-22T00:00:00Z,10811367774.91322
2020-08-21T00:00:00Z,10769752496.848425
2020-08-20T00:00:00Z,10603124481.753635
2020-08-19T00:00:00Z,9551301061.312756
2020-08-18T00:00:00Z,9535423598.555614
2020-08-17T00:00:00Z,9482567393.358929
2020-08-16T00:00:00Z,9466771599.212494
2020-08-15T00:00:00Z,9450130147.300493
2020-08-14T00:00:00Z,9426946815.215858
2020-08-13T00:00:00Z,9185260790.666826
2020-08-12T00:00:00Z,9154832934.397615
2020-08-11T00:00:00Z,9122872303.032234
2020-08-10T00:00:00Z,9123309389.845716
2020-08-09T00:00:00Z,8660510787.179455
2020-08-08T00:00:00Z,8660530458.605877
2020-08-07T00:00:00Z,8619867164.540745
2020-08-06T00:00:00Z,8490507374.45582
2020-08-05T00:00:00Z,8341354561.700721
2020-08-04T00:00:00Z,8340812043.196262
2020-08-03T00:00:00Z,8224675791.0618515
2020-08-02T00:00:00Z,8280238994.113552
2020-08-01T00:00:00Z,8289904940.973604
2020-07-31T00:00:00Z,8132316217.675252
2020-07-30T00:00:00Z,8187015833.221365
2020-07-29T00:00:00Z,8171101717.510736
2020-07-28T00:00:00Z,8140189604.567009
2020-07-27T00:00:00Z,8023473692.234457
2020-07-26T00:00:00Z,7942139941.006243
2020-07-25T00:00:00Z,7918198696.838059
2020-07-24T00:00:00Z,7987544953.22674
2020-07-23T00:00:00Z,7964560131.331249
2020-07-22T00:00:00Z,7895465921.640625
2020-07-21T00:00:00Z,7754767178.712235
2020-07-20T00:00:00Z,7728806355.519382
2020-07-19T00:00:00Z,7726478731.951544
2020-07-18T00:00:00Z,7664780246.718062
2020-07-17T00:00:00Z,7622779956.599197
2020-07-16T00:00:00Z,7621374033.266104
2020-07-15T00:00:00Z,7629950871.211461
2020-07-14T00:00:00Z,7631273383.013205
2020-07-13T00:00:00Z,7636011528.719546
2020-07-12T00:00:00Z,7641096018.621599
2020-07-11T00:00:00Z,7640768918.947727
2020-07-10T00:00:00Z,7641696804.300707
2020-07-09T00:00:00Z,7632286259.502351
2020-07-08T00:00:00Z,7616695362.339951
2020-07-07T00:00:00Z,7598014971.60795
2020-07-06T00:00:00Z,7596289988.96067
2020-07-05T00:00:00Z,7584904061.292376
2020-07-04T00:00:00Z,7583843915.882267
2020-07-03T00:00:00Z,7582169760.144539
2020-07-02T00:00:00Z,7544523389.851806
2020-07-01T00:00:00Z,7542580553.708722
2020-06-30T00:00:00Z,7519511461.385609
2020-06-29T00:00:00Z,7514921329.973242
2020-06-28T00:00:00Z,7223897969.883075
2020-06-27T00:00:00Z,7222702524.629515
2020-06-26T00:00:00Z,7189478998.840705
2020-06-25T00:00:00Z,7178984926.964557
2020-06-24T00:00:00Z,7178255455.624316
2020-06-23T00:00:00Z,7188996579.446723
2020-06-22T00:00:00Z,7200293050.213817
2020-06-21T00:00:00Z,7173149498.884129
2020-06-20T00:00:00Z,7149491093.586647
2020-06-19T00:00:00Z,7113884142.912402
2020-06-18T00:00:00Z,7066141107.393638
2020-06-17T00:00:00Z,7040478645.487389
2020-06-16T00:00:00Z,7012982291.155536
2020-06-15T00:00:00Z,6991045316.658814
2020-06-14T00:00:00Z,6982901600.638316
2020-06-13T00:00:00Z,6990736253.028547
2020-06-12T00:00:00Z,6977551425.21377
2020-06-11T00:00:00Z,6979534501.602339
2020-06-10T00:00:00Z,6980001734.749794
2020-06-09T00:00:00Z,6985710426.048341
2020-06-08T00:00:00Z,6983104931.170102
2020-06-07T00:00:00Z,6981923886.520779
2020-06-06T00:00:00Z,6978670183.167056
2020-06-05T00:00:00Z,6978963301.184243
2020-06-04T00:00:00Z,6978812213.606558
2020-06-03T00:00:00Z,6972283711.053438
2020-06-02T00:00:00Z,6978966583.370646
2020-06-01T00:00:00Z,6971017248.366755
2020-05-31T00:00:00Z,6978677422.570795
2020-05-30T00:00:00Z,6987448006.827341
2020-05-29T00:00:00Z,6983628316.69777
2020-05-28T00:00:00Z,6989153862.534705
2020-05-27T00:00:00Z,6983985779.640263
2020-05-26T00:00:00Z,6980261071.108663
2020-05-25T00:00:00Z,6986868401.823561
2020-05-24T00:00:00Z,6979898510.918627
2020-05-23T00:00:00Z,6974352683.856849
2020-05-22T00:00:00Z,6974507755.666687
2020-05-21T00:00:00Z,6970303237.337409
2020-05-20T00:00:00Z,6977485533.858217
2020-05-19T00:00:00Z,6967880203.176521
2020-05-18T00:00:00Z,6972524728.516239
2020-05-17T00:00:00Z,6965292802.691949
2020-05-16T00:00:00Z,6963077682.245945
2020-05-15T00:00:00Z,6962235610.783976
2020-05-14T00:00:00Z,6957393715.561882
2020-05-13T00:00:00Z,7001786387.969517
2020-05-12T00:00:00Z,6976210126.5826435
2020-05-11T00:00:00Z,6971922927.24918
2020-05-10T00:00:00Z,6978822208.777636
2020-05-09T00:00:00Z,6969815534.402065
2020-05-08T00:00:00Z,6966454076.176085
2020-05-07T00:00:00Z,6964852827.121425
2020-05-06T00:00:00Z,6836738113.303653
2020-05-05T00:00:00Z,6837907871.502315
2020-05-04T00:00:00Z,6831452105.470467
2020-05-03T00:00:00Z,6820683062.242671
2020-05-02T00:00:00Z,6815812435.687203
2020-05-01T00:00:00Z,6820496077.480333
2020-04-30T00:00:00Z,6838683709.4547615
2020-04-29T00:00:00Z,6839831409.841666
2020-04-28T00:00:00Z,6849504513.020533
2020-04-27T00:00:00Z,6867385552.576249
2020-04-26T00:00:00Z,6625004590.609962
2020-04-25T00:00:00Z,6625524627.403092
2020-04-24T00:00:00Z,6621747614.801816
2020-04-23T00:00:00Z,6606829675.348208
2020-04-22T00:00:00Z,6599269947.436323
2020-04-21T00:00:00Z,6479859954.301495
2020-04-20T00:00:00Z,6365376841.687026
2020-04-19T00:00:00Z,6348176839.880682
2020-04-18T00:00:00Z,6344596332.327548
2020-04-17T00:00:00Z,6222796060.304647
2020-04-16T00:00:00Z,6231128747.976159
2020-04-15T00:00:00Z,6112418764.898829
2020-04-14T00:00:00Z,6117739578.047803
2020-04-13T00:00:00Z,5981831977.937858
2020-04-12T00:00:00Z,5852657321.016265
2020-04-11T00:00:00Z,5840760970.43703
2020-04-10T00:00:00Z,5841496407.349644
2020-04-09T00:00:00Z,5843044439.103411
2020-04-08T00:00:00Z,5841182901.636668
2020-04-07T00:00:00Z,5822237380.076851
2020-04-06T00:00:00Z,5810028538.159346
2020-04-05T00:00:00Z,5700616403.343124
2020-04-04T00:00:00Z,5703506665.070168
2020-04-03T00:00:00Z,5703861014.088074
2020-04-02T00:00:00Z,5698626125.495663
2020-04-01T00:00:00Z,5572715287.112185
2020-03-31T00:00:00Z,5390513579.201147
2020-03-30T00:00:00Z,5385460656.687034
2020-03-29T00:00:00Z,5274616827.480516
2020-03-28T00:00:00Z,5271649355.106742
2020-03-27T00:00:00Z,5270444945.97275
2020-03-26T00:00:00Z,5276019631.9851675
2020-03-25T00:00:00Z,5173691622.6995945
2020-03-24T00:00:00Z,5038076134.834711
2020-03-23T00:00:00Z,4829732942.287701
2020-03-22T00:00:00Z,4806747949.253299
2020-03-21T00:00:00Z,4808330080.383806
2020-03-20T00:00:00Z,4784142995.6887
2020-03-19T00:00:00Z,4732263061.464119
2020-03-18T00:00:00Z,4523243370.396795
2020-03-17T00:00:00Z,4455041603.728783
2020-03-16T00:00:00Z,4299284971.044815
2020-03-15T00:00:00Z,4302987997.1913185
2020-03-14T00:00:00Z,4261618152.244979
2020-03-13T00:00:00Z,4259154932.6016536
2020-03-12T00:00:00Z,4110813751.211482
2020-03-11T00:00:00Z,3975390115.9993258
2020-03-10T00:00:00Z,3900290586.1531396
2020-03-09T00:00:00Z,3900215363.6032414
2020-03-08T00:00:00Z,3847312763.939927
2020-03-07T00:00:00Z,3846289673.801102
2020-03-06T00:00:00Z,3846606663.912762
2020-03-05T00:00:00Z,3839508152.678981
2020-03-04T00:00:00Z,3583916504.909938
2020-03-03T00:00:00Z,3588535796.3475766
2020-03-02T00:00:00Z,3581052110.4260693
2020-03-01T00:00:00Z,3578620564.353976
2020-02-29T00:00:00Z,3579970940.9715385
2020-02-28T00:00:00Z,3581367622.3655667
2020-02-27T00:00:00Z,3582192962.6109715
2020-02-26T00:00:00Z,3566652380.9146247
2020-02-25T00:00:00Z,3564448210.881973
2020-02-24T00:00:00Z,3565023812.478147
2020-02-23T00:00:00Z,3522586803.850542
2020-02-22T00:00:00Z,3522690205.797226
2020-02-21T00:00:00Z,3522646274.034402
2020-02-20T00:00:00Z,3514298994.003111
2020-02-19T00:00:00Z,3223132749.6115866
2020-02-18T00:00:00Z,3159523554.673491
2020-02-17T00:00:00Z,3156989462.3898306
2020-02-16T00:00:00Z,3156703979.0361433
2020-02-15T00:00:00Z,3156679432.9994316
2020-02-14T00:00:00Z,3157146352.0269127
2020-02-13T00:00:00Z,3161578868.4324093
2020-02-12T00:00:00Z,3160043591.51003
2020-02-11T00:00:00Z,3156975486.5844955
2020-02-10T00:00:00Z,3151347559.072341
2020-02-09T00:00:00Z,3160611641.9607983
2020-02-08T00:00:00Z,3156415196.8045874
2020-02-07T00:00:00Z,3151341063.529719
2020-02-06T00:00:00Z,3168096014.0235944
2020-02-05T00:00:00Z,3164329153.8406644
2020-02-04T00:00:00Z,3172245687.7519474
2020-02-03T00:00:00Z,3177551767.393979
2020-02-02T00:00:00Z,3179297073.851609
2020-02-01T00:00:00Z,3182724792.73987
2020-01-31T00:00:00Z,3183179104.271636
2020-01-30T00:00:00Z,3184562160.704503
2020-01-29T00:00:00Z,3186539188.395011
2020-01-28T00:00:00Z,3183670679.809393
2020-01-27T00:00:00Z,3177576474.836177
2020-01-26T00:00:00Z,3181596816.2105894
2020-01-25T00:00:00Z,3183399899.8289137
2020-01-24T00:00:00Z,3184032090.7007027
2020-01-23T00:00:00Z,3184806176.7544584
2020-01-22T00:00:00Z,3195605979.300746
2020-01-21T00:00:00Z,3189418600.560422
2020-01-20T00:00:00Z,3193727786.916172
2020-01-19T00:00:00Z,3192916071.7820997
2020-01-18T00:00:00Z,3194385118.9689646
2020-01-17T00:00:00Z,3200215933.223636
2020-01-16T00:00:00Z,3210976075.628744
2020-01-15T00:00:00Z,3204963641.9749985
2020-01-14T00:00:00Z,3194549285.153714
2020-01-13T00:00:00Z,3207312902.28177
2020-01-12T00:00:00Z,3222877865.458762
2020-01-11T00:00:00Z,3222050944.1064863
2020-01-10T00:00:00Z,3230590953.6802673
2020-01-09T00:00:00Z,3248383235.3001485
2020-01-08T00:00:00Z,3265245623.761022
2020-01-07T00:00:00Z,3289598896.2026215
2020-01-06T00:00:00Z,3306854959.9882355
2020-01-05T00:00:00Z,3305456052.069351
2020-01-04T00:00:00Z,3305241855.303589
2020-01-03T00:00:00Z,3305916913.343133
2020-01-02T00:00:00Z,3273659855.9076376
2020-01-01T00:00:00Z,3277576924.018793
2019-12-31T00:00:00Z,3280691759.669357
2019-12-30T00:00:00Z,3283072815.879861
2019-12-29T00:00:00Z,3282287238.932507
2019-12-28T00:00:00Z,3281307873.315297
2019-12-27T00:00:00Z,3281954020.642102
2019-12-26T00:00:00Z,3265141571.2882233
2019-12-25T00:00:00Z,3273252963.1447716
2019-12-24T00:00:00Z,3274500337.1037145
2019-12-23T00:00:00Z,3284077598.7884746
2019-12-22T00:00:00Z,3287281085.8965964
2019-12-21T00:00:00Z,3286770021.645874
2019-12-20T00:00:00Z,3287622219.5143204
2019-12-19T00:00:00Z,3250803004.8532667
2019-12-18T00:00:00Z,3217530995.2045717
2019-12-17T00:00:00Z,3176340655.49488
2019-12-16T00:00:00Z,3184494623.3900204
2019-12-15T00:00:00Z,3188281293.6198072
2019-12-14T00:00:00Z,3187518870.4022293
2019-12-13T00:00:00Z,3188337265.2892714
2019-12-12T00:00:00Z,3194108126.2569447
2019-12-11T00:00:00Z,3195804565.8127546
2019-12-10T00:00:00Z,3205456308.855583
2019-12-09T00:00:00Z,3209832326.2498794
2019-12-08T00:00:00Z,2989777171.948447
2019-12-07T00:00:00Z,2990163016.6200743
2019-12-06T00:00:00Z,2991681795.5627384
2019-12-05T00:00:00Z,2987624783.977901
2019-12-04T00:00:00Z,2994328566.4453754
2019-12-03T00:00:00Z,2997061246.032521
2019-12-02T00:00:00Z,2989455755.1657543
2019-12-01T00:00:00Z,2969306027.094741
2019-11-30T00:00:00Z,2968573518.8471413
2019-11-29T00:00:00Z,2967402556.942527
2019-11-28T00:00:00Z,2956418113.4175677
2019-11-27T00:00:00Z,2965706898.9408617
2019-11-26T00:00:00Z,2961302600.7487507
2019-11-25T00:00:00Z,2961370190.6877394
2019-11-24T00:00:00Z,2948777355.4832993
2019-11-23T00:00:00Z,2947775129.184077
2019-11-22T00:00:00Z,2946495295.92816
2019-11-21T00:00:00Z,2959980998.988036
2019-11-20T00:00:00Z,2950913963.153351
2019-11-19T00:00:00Z,2958397169.7625704
2019-11-18T00:00:00Z,2955321012.8831205
2019-11-17T00:00:00Z,2963814207.559409
2019-11-16T00:00:00Z,2964853954.0937395
2019-11-15T00:00:00Z,2962179443.6841917
2019-11-14T00:00:00Z,2968724394.0069656
2019-11-13T00:00:00Z,2978699670.4659567
2019-11-12T00:00:00Z,2978745517.649805
2019-11-11T00:00:00Z,2984458504.3906846
2019-11-10T00:00:00Z,2984080695.565588
2019-11-09T00:00:00Z,2985374415.1034274
2019-11-08T00:00:00Z,2985298126.3985634
2019-11-07T00:00:00Z,3000946462.503834
2019-11-06T00:00:00Z,3005887578.8613734
2019-11-05T00:00:00Z,3015832148.9887066
2019-11-04T00:00:00Z,2996016281.875944
2019-11-03T00:00:00Z,3006461363.62092
2019-11-02T00:00:00Z,3008065780.662881
2019-11-01T00:00:00Z,3008467295.0763683
2019-10-31T00:00:00Z,3005913601.580164
2019-10-30T00:00:00Z,3015787605.0609736
2019-10-29T00:00:00Z,3022743314.235978
2019-10-28T00:00:00Z,3029780533.366006
2019-10-27T00:00:00Z,3034626213.7947016
2019-10-26T00:00:00Z,3038271543.8422146
2019-10-25T00:00:00Z,3036324339.9537187
2019-10-24T00:00:00Z,3029785960.581994
2019-10-23T00:00:00Z,3015531357.2211275
2019-10-22T00:00:00Z,3010978137.123991
2019-10-21T00:00:00Z,3021949872.163184
2019-10-20T00:00:00Z,3022590099.2969923
2019-10-19T00:00:00Z,3022224303.1462493
2019-10-18T00:00:00Z,3021775872.0790954
2019-10-17T00:00:00Z,3020226508.8995395
2019-10-16T00:00:00Z,3022654124.758812
2019-10-15T00:00:00Z,3024347209.1802926
2019-10-14T00:00:00Z,3022748332.504014
2019-10-13T00:00:00Z,3024621084.670265
2019-10-12T00:00:00Z,3024771452.6438713
2019-10-11T00:00:00Z,3025040663.80904
2019-10-10T00:00:00Z,3020682461.5118127
2019-10-09T00:00:00Z,3004125601.9340672
2019-10-08T00:00:00Z,3002489299.5346403
2019-10-07T00:00:00Z,3006715923.4169927
2019-10-06T00:00:00Z,2993270324.0037193
2019-10-05T00:00:00Z,2992763900.536784
2019-10-04T00:00:00Z,2994212316.144884
2019-10-03T00:00:00Z,2993585311.3291287
2019-10-02T00:00:00Z,2973692843.088828
2019-10-01T00:00:00Z,2947428183.2919035
2019-09-30T00:00:00Z,2940474525.475535
2019-09-29T00:00:00Z,2917251250.609124
2019-09-28T00:00:00Z,2917308240.5369215
2019-09-27T00:00:00Z,2916732899.882764
2019-09-26T00:00:00Z,2904808385.7556715
2019-09-25T00:00:00Z,2908341191.7025337
2019-09-24T00:00:00Z,2870440417.563824
2019-09-23T00:00:00Z,2851109334.814892
2019-09-22T00:00:00Z,2845349175.5044107
2019-09-21T00:00:00Z,2844007336.7951083
2019-09-20T00:00:00Z,2844406930.8739758
2019-09-19T00:00:00Z,2853634978.154242
2019-09-18T00:00:00Z,2858399425.772169
2019-09-17T00:00:00Z,2872876647.384162
2019-09-16T00:00:00Z,2885753620.119023
2019-09-15T00:00:00Z,2895327810.2534456
2019-09-14T00:00:00Z,2891594246.376356
2019-09-13T00:00:00Z,2891436381.7446904
2019-09-12T00:00:00Z,2883547205.9792795
2019-09-11T00:00:00Z,2580680075.4587407
2019-09-10T00:00:00Z,2581046389.035983
2019-09-09T00:00:00Z,2564854678.83178
2019-09-08T00:00:00Z,2573098155.5465875
2019-09-07T00:00:00Z,2575852722.470117
2019-09-06T00:00:00Z,2574930485.4092827
2019-09-05T00:00:00Z,2536046857.9208293
2019-09-04T00:00:00Z,2501206750.207288
2019-09-03T00:00:00Z,2516294274.2260876
2019-09-02T00:00:00Z,2490953965.168843
2019-09-01T00:00:00Z,2480277882.087737
2019-08-31T00:00:00Z,2480622097.046907
2019-08-30T00:00:00Z,2480723046.4061623
2019-08-29T00:00:00Z,2471839182.020947
2019-08-28T00:00:00Z,2445359736.116144
2019-08-27T00:00:00Z,2447505879.4978
2019-08-26T00:00:00Z,2453648589.320061
2019-08-25T00:00:00Z,2461007712.896699
2019-08-24T00:00:00Z,2461263506.931432
2019-08-23T00:00:00Z,2462720812.353603
2019-08-22T00:00:00Z,2459781954.403403
2019-08-21T00:00:00Z,2458073274.3811493
2019-08-20T00:00:00Z,2435441922.139946
2019-08-19T00:00:00Z,2441038780.111679
2019-08-18T00:00:00Z,2437275181.458865
2019-08-17T00:00:00Z,2436167783.0761995
2019-08-16T00:00:00Z,2436618289.7598586
2019-08-15T00:00:00Z,2428956115.619313
2019-08-14T00:00:00Z,2438637793.9873314
2019-08-13T00:00:00Z,2437332032.157527
2019-08-12T00:00:00Z,2453325371.1935773
2019-08-11T00:00:00Z,2458450981.142889
2019-08-10T00:00:00Z,2452538113.880616
2019-08-09T00:00:00Z,2447370087.5966134
2019-08-08T00:00:00Z,2471464588.5017443
2019-08-07T00:00:00Z,2479752847.1026034
2019-08-06T00:00:00Z,2495732483.6724777
2019-08-05T00:00:00Z,2497353327.778555
2019-08-04T00:00:00Z,2405758995.667058
2019-08-03T00:00:00Z,2402745380.6943464
2019-08-02T00:00:00Z,2394066640.6339192
2019-08-01T00:00:00Z,2410237124.046042
2019-07-31T00:00:00Z,2412550950.713603
2019-07-30T00:00:00Z,2403258365.8967924
2019-07-29T00:00:00Z,2401238323.434282
2019-07-28T00:00:00Z,2372903035.4433556
2019-07-27T00:00:00Z,2366882834.787347
2019-07-26T00:00:00Z,2360337470.1800313
2019-07-25T00:00:00Z,2353345382.5662336
2019-07-24T00:00:00Z,2347934936.3711824
2019-07-23T00:00:00Z,2326554319.5114193
2019-07-22T00:00:00Z,2325877204.871123
2019-07-21T00:00:00Z,2324156661.95137
2019-07-20T00:00:00Z,2315875833.8353076
2019-07-19T00:00:00Z,2316370324.5821557
2019-07-18T00:00:00Z,2375065751.449893
2019-07-17T00:00:00Z,2364883710.47215
2019-07-16T00:00:00Z,2282555421.6005225
2019-07-15T00:00:00Z,2258021249.8070974
2019-07-14T00:00:00Z,2253445098.033275
2019-07-13T00:00:00Z,2255882719.9711876
2019-07-12T00:00:00Z,2248625273.2969537
2019-07-11T00:00:00Z,2232830319.516374
2019-07-10T00:00:00Z,2220801295.2044916
2019-07-09T00:00:00Z,2219379229.1487703
2019-07-08T00:00:00Z,2130576066.7110536
2019-07-07T00:00:00Z,2040688744.805926
2019-07-06T00:00:00Z,2040449450.2336366
2019-07-05T00:00:00Z,2039382421.5038862
2019-07-04T00:00:00Z,2032362498.709578
2019-07-03T00:00:00Z,1934187766.4078102
2019-07-02T00:00:00Z,1930131199.5471177
2019-07-01T00:00:00Z,1921414003.140586
2019-06-30T00:00:00Z,1834847630.1517
2019-06-29T00:00:00Z,1834312298.878107
2019-06-28T00:00:00Z,1830764493.5477586
2019-06-27T00:00:00Z,1813144497.6973333
2019-06-26T00:00:00Z,1795220835.6086211
2019-06-25T00:00:00Z,1795776903.8000493
2019-06-24T00:00:00Z,1799520884.3610573
2019-06-23T00:00:00Z,1813095890.790382
2019-06-22T00:00:00Z,1811213558.3914413
2019-06-21T00:00:00Z,1813184129.5685997
2019-06-20T00:00:00Z,1719787207.8406303
2019-06-19T00:00:00Z,1720962286.6088374
2019-06-18T00:00:00Z,1732815765.821615
2019-06-17T00:00:00Z,1732970869.2620466
2019-06-16T00:00:00Z,1755572468.4094598
2019-06-15T00:00:00Z,1657198074.9852626
2019-06-14T00:00:00Z,1654163222.0575988
2019-06-13T00:00:00Z,1645945311.9197292
2019-06-12T00:00:00Z,1651278560.5986161
2019-06-11T00:00:00Z,1642689952.8378375
2019-06-10T00:00:00Z,1498443452.3420134
2019-06-09T00:00:00Z,1503029703.005849
2019-06-08T00:00:00Z,1503126711.9791603
2019-06-07T00:00:00Z,1503214426.5662134
2019-06-06T00:00:00Z,1494712981.6828623
2019-06-05T00:00:00Z,1483790150.4312766
2019-06-04T00:00:00Z,1476262465.5602798
2019-06-03T00:00:00Z,1473630223.0619164
2019-06-02T00:00:00Z,1476138616.8889704
2019-06-01T00:00:00Z,1476143495.1753328
2019-05-31T00:00:00Z,1474610998.50877
2019-05-30T00:00:00Z,1479165732.4296715
2019-05-29T00:00:00Z,1499834139.4931881
2019-05-28T00:00:00Z,1347888208.3438892
2019-05-27T00:00:00Z,1347504849.080592
2019-05-26T00:00:00Z,1362767427.481268
2019-05-25T00:00:00Z,1362842260.7566402
2019-05-24T00:00:00Z,1362517043.338227
2019-05-23T00:00:00Z,1261464159.282965
2019-05-22T00:00:00Z,1261300269.993926
2019-05-21T00:00:00Z,1262804366.400834
2019-05-20T00:00:00Z,1267809166.5532134
2019-05-19T00:00:00Z,1273722261.3012154
2019-05-18T00:00:00Z,1268169820.646701
2019-05-17T00:00:00Z,1265010250.7699695
2019-05-16T00:00:00Z,1261977989.6049562
2019-05-15T00:00:00Z,1267555398.588735
2019-05-14T00:00:00Z,1267242068.5314064
2019-05-13T00:00:00Z,1250459835.7818985
2019-05-12T00:00:00Z,1239876935.1104784
2019-05-11T00:00:00Z,1236077015.0453198
2019-05-10T00:00:00Z,1234748817.623557
2019-05-09T00:00:00Z,1222390613.341186
2019-05-08T00:00:00Z,1217852181.4142408
2019-05-07T00:00:00Z,1201176824.0593433
2019-05-06T00:00:00Z,1196927632.5197039
2019-05-05T00:00:00Z,1187705657.8923867
2019-05-04T00:00:00Z,1184646175.295802
2019-05-03T00:00:00Z,1179111003.6244755
2019-05-02T00:00:00Z,1165159054.9384282
2019-05-01T00:00:00Z,1154144362.5131917
2019-04-30T00:00:00Z,1146142516.926809
2019-04-29T00:00:00Z,1135900085.98066
2019-04-28T00:00:00Z,1116604452.881037
2019-04-27T00:00:00Z,1114442589.5260518
2019-04-26T00:00:00Z,1112209935.3043594
2019-04-25T00:00:00Z,1053152130.2928691
2019-04-24T00:00:00Z,951292681.8704853
2019-04-23T00:00:00Z,875586040.396918
2019-04-22T00:00:00Z,875243606.6437424
2019-04-21T00:00:00Z,878710388.7878593
2019-04-20T00:00:00Z,881646634.413347
2019-04-19T00:00:00Z,881364530.5820658
2019-04-18T00:00:00Z,879384685.8166753
2019-04-17T00:00:00Z,886041559.9620323
2019-04-16T00:00:00Z,887201394.3349335
2019-04-15T00:00:00Z,888370040.3711808
2019-04-14T00:00:00Z,822252543.2508123
2019-04-13T00:00:00Z,820666715.6916533
2019-04-12T00:00:00Z,820603188.8099307
2019-04-11T00:00:00Z,821299095.832491
2019-04-10T00:00:00Z,828214358.9107227
2019-04-09T00:00:00Z,781600861.2473168
2019-04-08T00:00:00Z,771635118.4539336
2019-04-07T00:00:00Z,721705796.2355841
2019-04-06T00:00:00Z,720293924.6938921
2019-04-05T00:00:00Z,719740907.7537168
2019-04-04T00:00:00Z,717196418.3786566
2019-04-03T00:00:00Z,715810227.5511618
2019-04-02T00:00:00Z,714542199.711362
2019-04-01T00:00:00Z,713585808.1355163
2019-03-31T00:00:00Z,712311848.6719005
2019-03-30T00:00:00Z,712175458.9935426
2019-03-29T00:00:00Z,711889386.577779
2019-03-28T00:00:00Z,712764628.137983
2019-03-27T00:00:00Z,714688936.8806123
2019-03-26T00:00:00Z,714528645.247356
2019-03-25T00:00:00Z,716127356.2768129
2019-03-24T00:00:00Z,717731309.2201357
2019-03-23T00:00:00Z,718101373.121395
2019-03-22T00:00:00Z,718469320.8533269
2019-03-21T00:00:00Z,719611488.8765461
2019-03-20T00:00:00Z,714798334.2738385
2019-03-19T00:00:00Z,716502087.5910114
2019-03-18T00:00:00Z,715744129.0290931
2019-03-17T00:00:00Z,710848339.7744325
2019-03-16T00:00:00Z,710406925.8292935
2019-03-15T00:00:00Z,710261885.9050078
2019-03-14T00:00:00Z,710507548.5148054
2019-03-13T00:00:00Z,709715584.8663925
2019-03-12T00:00:00Z,710255281.8240249
2019-03-11T00:00:00Z,708689669.238493
2019-03-10T00:00:00Z,709036323.290026
2019-03-09T00:00:00Z,708837585.7961944
2019-03-08T00:00:00Z,712698379.9455045
2019-03-07T00:00:00Z,707407305.41909
2019-03-06T00:00:00Z,711258921.1811695
2019-03-05T00:00:00Z,710825759.7329562
2019-03-04T00:00:00Z,710919803.3103964
2019-03-03T00:00:00Z,705823407.8783258
2019-03-02T00:00:00Z,705874036.898369
2019-03-01T00:00:00Z,702359179.7065163
2019-02-28T00:00:00Z,697281468.4219985
2019-02-27T00:00:00Z,699839041.3819127
2019-02-26T00:00:00Z,698979995.0353249
2019-02-25T00:00:00Z,696408479.9511774
2019-02-24T00:00:00Z,700084559.7669159
2019-02-23T00:00:00Z,698448813.2868514
2019-02-22T00:00:00Z,698173431.3024019
2019-02-21T00:00:00Z,705491412.0259835
2019-02-20T00:00:00Z,707765338.4611689
2019-02-19T00:00:00Z,706906123.1500189
2019-02-18T00:00:00Z,704355605.0746145
2019-02-17T00:00:00Z,705268148.0599303
2019-02-16T00:00:00Z,705555319.6523501
2019-02-15T00:00:00Z,709037136.2169741
2019-02-14T00:00:00Z,709283080.2228823
2019-02-13T00:00:00Z,717841097.3292432
2019-02-12T00:00:00Z,720267216.1876088
2019-02-11T00:00:00Z,721319043.90197
2019-02-10T00:00:00Z,750307244.5324486
2019-02-09T00:00:00Z,751232683.3612987
2019-02-08T00:00:00Z,750460618.159485
2019-02-07T00:00:00Z,750971240.9104398
2019-02-06T00:00:00Z,754805105.6896502
2019-02-05T00:00:00Z,759338979.8783095
2019-02-04T00:00:00Z,766561194.0257994
2019-02-03T00:00:00Z,773702174.1698934
2019-02-02T00:00:00Z,773245018.5779797
2019-02-01T00:00:00Z,774503815.5033319
2019-01-31T00:00:00Z,778490793.7670226
2019-01-30T00:00:00Z,795612360.1873688
2019-01-29T00:00:00Z,796784475.5654602
2019-01-28T00:00:00Z,811158780.7172164
2019-01-27T00:00:00Z,819363414.9731859
2019-01-26T00:00:00Z,813381503.6924322
2019-01-25T00:00:00Z,822800354.4926194
2019-01-24T00:00:00Z,821503772.1805327
2019-01-23T00:00:00Z,826704492.626149
2019-01-22T00:00:00Z,824707492.1339658
2019-01-21T00:00:00Z,828281494.4430581
2019-01-20T00:00:00Z,829576231.2151792
2019-01-19T00:00:00Z,828746832.6724167
2019-01-18T00:00:00Z,823593776.2573556
2019-01-17T00:00:00Z,840860509.9191582
2019-01-16T00:00:00Z,826150684.9868056
2019-01-15T00:00:00Z,833881691.0553088
2019-01-14T00:00:00Z,836043405.4787575
2019-01-13T00:00:00Z,834574333.0756154
2019-01-12T00:00:00Z,827804407.1698701
2019-01-11T00:00:00Z,825179376.9403731
2019-01-10T00:00:00Z,819452290.741751
2019-01-09T00:00:00Z,807616849.9664423
2019-01-08T00:00:00Z,789168958.1400373
2019-01-07T00:00:00Z,781802496.6153864
2019-01-06T00:00:00Z,771618583.2178433
2019-01-05T00:00:00Z,761110545.2205899
2019-01-04T00:00:00Z,759589595.4273324
2019-01-03T00:00:00Z,755024238.8918216
2019-01-02T00:00:00Z,755282379.0715843
2019-01-01T00:00:00Z,741663920.5608666
2018-12-31T00:00:00Z,728189364.5963022
2018-12-30T00:00:00Z,728826260.506883
2018-12-29T00:00:00Z,727184721.7316749
2018-12-28T00:00:00Z,721465100.459116
2018-12-27T00:00:00Z,721503696.0596997
2018-12-26T00:00:00Z,717845326.5779452
2018-12-25T00:00:00Z,717226018.3566148
2018-12-24T00:00:00Z,717053973.295415
2018-12-23T00:00:00Z,717160028.014807
2018-12-22T00:00:00Z,714259104.4422083
2018-12-21T00:00:00Z,711872644.0997055
2018-12-20T00:00:00Z,702595480.9784751
2018-12-19T00:00:00Z,700214451.4348451
2018-12-18T00:00:00Z,691912932.4903115
2018-12-17T00:00:00Z,690810145.9281619
2018-12-16T00:00:00Z,683227612.2802612
2018-12-15T00:00:00Z,683174286.4367152
2018-12-14T00:00:00Z,682547349.2431678
2018-12-13T00:00:00Z,682264627.3907495
2018-12-12T00:00:00Z,684059534.5687736
2018-12-11T00:00:00Z,679248754.5637511
2018-12-10T00:00:00Z,682894985.5848541
2018-12-09T00:00:00Z,680435258.7157681
2018-12-08T00:00:00Z,679688714.4152246
2018-12-07T00:00:00Z,671467149.2580173
2018-12-06T00:00:00Z,667509834.77923
2018-12-05T00:00:00Z,662513521.06708
2018-12-04T00:00:00Z,671155592.6463144
2018-12-03T00:00:00Z,679874652.5119264
2018-12-02T00:00:00Z,661366029.129551
2018-12-01T00:00:00Z,660491295.3416108
2018-11-30T00:00:00Z,658544992.4856827
2018-11-29T00:00:00Z,634113591.7805454
2018-11-28T00:00:00Z,627079815.2553294
2018-11-27T00:00:00Z,619608251.432384
2018-11-26T00:00:00Z,606300957.0468647
2018-11-25T00:00:00Z,608634940.8045974
2018-11-24T00:00:00Z,616027246.2402867
2018-11-23T00:00:00Z,614055636.1099412
2018-11-22T00:00:00Z,609961475.1857362
2018-11-21T00:00:00Z,597348503.0345627
2018-11-20T00:00:00Z,583030626.8476846
2018-11-19T00:00:00Z,574111503.8800192
2018-11-18T00:00:00Z,574879784.8710613
2018-11-17T00:00:00Z,574741687.8675414
2018-11-16T00:00:00Z,572531481.3106761
2018-11-15T00:00:00Z,566006625.3662875
2018-11-14T00:00:00Z,562853913.1855481
2018-11-13T00:00:00Z,560955870.5912716
2018-11-12T00:00:00Z,555563129.0607972
2018-11-11T00:00:00Z,559029227.4372928
2018-11-10T00:00:00Z,559727862.5260762
2018-11-09T00:00:00Z,559446089.8345814
2018-11-08T00:00:00Z,561378375.2109946
2018-11-07T00:00:00Z,560919725.521672
2018-11-06T00:00:00Z,564166195.158419
2018-11-05T00:00:00Z,571029164.0818934
2018-11-04T00:00:00Z,572080019.1049595
2018-11-03T00:00:00Z,571918343.3654288
2018-11-02T00:00:00Z,566910175.5486445
2018-11-01T00:00:00Z,544071950.2763239
2018-10-31T00:00:00Z,537298383.7852126
2018-10-30T00:00:00Z,542333559.0305778
2018-10-29T00:00:00Z,538794746.9640064
2018-10-28T00:00:00Z,540644929.7669184
2018-10-27T00:00:00Z,538068684.2497483
2018-10-26T00:00:00Z,537234759.1748435
2018-10-25T00:00:00Z,524771527.14500636
2018-10-24T00:00:00Z,525667584.00627816
2018-10-23T00:00:00Z,487278775.7903068
2018-10-22T00:00:00Z,415628347.3551569
2018-10-21T00:00:00Z,405448011.92364085
2018-10-20T00:00:00Z,405252376.76074016
2018-10-19T00:00:00Z,397489248.48282784
2018-10-18T00:00:00Z,378027950.13081425
2018-10-17T00:00:00Z,378406700.7453367
2018-10-16T00:00:00Z,365520175.5762488
2018-10-15T00:00:00Z,344734817.2798679
2018-10-14T00:00:00Z,294434953.9815762
2018-10-13T00:00:00Z,294313353.15237856
2018-10-12T00:00:00Z,288921785.9454267
2018-10-11T00:00:00Z,272746204.0071671
2018-10-10T00:00:00Z,267242599.80155134
2018-10-09T00:00:00Z,267080147.5699249
2018-10-08T00:00:00Z,263680022.80992487
2018-10-07T00:00:00Z,265608862.76989558
2018-10-06T00:00:00Z,265259075.49989557
2018-10-05T00:00:00Z,264938539.21136504
2018-10-04T00:00:00Z,259125591.15120506
2018-10-03T00:00:00Z,260004292.8940194
2018-10-02T00:00:00Z,245588267.24888545
2018-10-01T00:00:00Z,245558167.84391126
2018-09-30T00:00:00Z,241728313.7089299
2018-09-29T00:00:00Z,242053711.78596905
2018-09-28T00:00:00Z,242031670.21096906
2018-09-27T00:00:00Z,230923626.8009643
2018-09-26T00:00:00Z,229795282.10184947
2018-09-25T00:00:00Z,229594413.75058454
2018-09-24T00:00:00Z,221792101.78027642
2018-09-23T00:00:00Z,219930288.52241847
2018-09-22T00:00:00Z,219768509.68634295
2018-09-21T00:00:00Z,218708162.6782693
2018-09-20T00:00:00Z,214319081.2727866
2018-09-19T00:00:00Z,207694954.67216387
2018-09-18T00:00:00Z,205607331.70477894
2018-09-17T00:00:00Z,197739745.39423564
2018-09-16T00:00:00Z,197922774.5374795
2018-09-15T00:00:00Z,196076801.7666356
2018-09-14T00:00:00Z,195467670.45205346
2018-09-13T00:00:00Z,191665811.38204086
2018-09-12T00:00:00Z,189860619.48531908
2018-09-11T00:00:00Z,189044000.5156821
2018-09-10T00:00:00Z,184465696.8575648
2018-09-09T00:00:00Z,181419526.84851658
2018-09-08T00:00:00Z,180504050.436605
2018-09-07T00:00:00Z,180230261.30790833
2018-09-06T00:00:00Z,178304350.31871104
2018-09-05T00:00:00Z,178973159.9740579
2018-09-04T00:00:00Z,182477831.18912697
2018-09-03T00:00:00Z,182171040.30162326
2018-09-02T00:00:00Z,182113958.18582252
2018-09-01T00:00:00Z,182024491.71199355
2018-08-31T00:00:00Z,181760963.87053782
2018-08-30T00:00:00Z,181359901.33583066
2018-08-29T00:00:00Z,181558164.9996906
2018-08-28T00:00:00Z,181523316.05064538
2018-08-27T00:00:00Z,181162441.26096818
2018-08-26T00:00:00Z,181093949.66750848
2018-08-25T00:00:00Z,181037354.37873918
2018-08-24T00:00:00Z,176461783.63025767
2018-08-23T00:00:00Z,176014702.93665737
2018-08-22T00:00:00Z,173506303.60986334
2018-08-21T00:00:00Z,172409230.69729337
2018-08-20T00:00:00Z,172649350.53847966
2018-08-19T00:00:00Z,172500456.15799272
2018-08-18T00:00:00Z,172328108.24172732
2018-08-17T00:00:00Z,171456466.28895408
2018-08-16T00:00:00Z,171153653.4938376
2018-08-15T00:00:00Z,166559408.65094087
2018-08-14T00:00:00Z,164951638.4148777
2018-08-13T00:00:00Z,171275453.4406091
2018-08-12T00:00:00Z,173997013.54936928
2018-08-11T00:00:00Z,173504604.0484159
2018-08-10T00:00:00Z,173287015.82716966
2018-08-09T00:00:00Z,175057187.87862173
2018-08-08T00:00:00Z,173489819.2862889
2018-08-07T00:00:00Z,174154792.2141084
2018-08-06T00:00:00Z,174881360.4520303
2018-08-05T00:00:00Z,175198634.73439807
2018-08-04T00:00:00Z,175186290.02871528
2018-08-03T00:00:00Z,174906181.10224098
2018-08-02T00:00:00Z,175989391.80830306
2018-08-01T00:00:00Z,173067669.12592047
2018-07-31T00:00:00Z,175649582.21777675
2018-07-30T00:00:00Z,177241854.33902475
2018-07-29T00:00:00Z,177791971.8883182
2018-07-28T00:00:00Z,177741172.52788115
2018-07-27T00:00:00Z,177698882.87700075
2018-07-26T00:00:00Z,182616242.7277315
2018-07-25T00:00:00Z,184727420.30426407
2018-07-24T00:00:00Z,185655870.07423496
2018-07-23T00:00:00Z,186879584.19331676
2018-07-22T00:00:00Z,191413103.0617417
2018-07-21T00:00:00Z,191344048.26093787
2018-07-20T00:00:00Z,191234652.00702444
2018-07-19T00:00:00Z,192246947.99727732
2018-07-18T00:00:00Z,192916806.95740062
2018-07-17T00:00:00Z,194567314.02599293
2018-07-16T00:00:00Z,192607818.1984581
2018-07-15T00:00:00Z,192708618.56791538
2018-07-14T00:00:00Z,192625367.56791538
2018-07-13T00:00:00Z,192450822.16899186
2018-07-12T00:00:00Z,192346037.3225977
2018-07-11T00:00:00Z,192609375.913163
2018-07-10T00:00:00Z,192778571.6106813
2018-07-09T00:00:00Z,193710416.3887783
2018-07-08T00:00:00Z,197803131.71408314
2018-07-07T00:00:00Z,197407506.65408313
2018-07-06T00:00:00Z,197288538.06735533
2018-07-05T00:00:00Z,199724972.7758674
2018-07-04T00:00:00Z,199599339.31107187
2018-07-03T00:00:00Z,199219016.8696738
2018-07-02T00:00:00Z,199900252.26779434
2018-07-01T00:00:00Z,194256885.25598088
2018-06-30T00:00:00Z,194071064.13998088
2018-06-29T00:00:00Z,193570569.2508827
2018-06-28T00:00:00Z,185568248.4394539
2018-06-27T00:00:00Z,184048657.93682754
2018-06-26T00:00:00Z,183984850.93171763
2018-06-25T00:00:00Z,176824690.20424312
2018-06-24T00:00:00Z,176799222.09190238
2018-06-23T00:00:00Z,176008694.04228094
2018-06-22T00:00:00Z,170222812.27636343
2018-06-21T00:00:00Z,165814905.73483306
2018-06-20T00:00:00Z,165663025.7861099
2018-06-19T00:00:00Z,165535364.56524318
2018-06-18T00:00:00Z,164808353.64392123
2018-06-17T00:00:00Z,152019415.13536072
2018-06-16T00:00:00Z,152060709.2894445
2018-06-15T00:00:00Z,152023341.96301228
2018-06-14T00:00:00Z,151119054.50301227
2018-06-13T00:00:00Z,150604429.68996692
2018-06-12T00:00:00Z,146884281.93584737
2018-06-11T00:00:00Z,146262353.95629486
2018-06-10T00:00:00Z,146098564.09631583
2018-06-09T00:00:00Z,146289357.68860227
2018-06-08T00:00:00Z,146256949.0711072
2018-06-07T00:00:00Z,146197174.90150544
2018-06-06T00:00:00Z,145688655.63485348
2018-06-05T00:00:00Z,145248461.380457
2018-06-04T00:00:00Z,145001293.66394126
2018-06-03T00:00:00Z,144854960.44423652
2018-06-02T00:00:00Z,144736311.03650653
2018-06-01T00:00:00Z,144461408.3700875
2018-05-31T00:00:00Z,142450263.4613362
2018-05-30T00:00:00Z,139140080.72717404
2018-05-29T00:00:00Z,139069780.29440558
2018-05-28T00:00:00Z,136597347.17507187
2018-05-27T00:00:00Z,136056021.2215715
2018-05-26T00:00:00Z,135807000.96946684
2018-05-25T00:00:00Z,130257107.79446684
2018-05-24T00:00:00Z,129813783.94278142
2018-05-23T00:00:00Z,129434798.43433122
2018-05-22T00:00:00Z,131158133.39191255
2018-05-21T00:00:00Z,130927140.36763443
2018-05-20T00:00:00Z,114316140.3262966
2018-05-19T00:00:00Z,114276146.99339993
2018-05-18T00:00:00Z,113948381.80211794
2018-05-17T00:00:00Z,113369792.23495725
2018-05-16T00:00:00Z,112281556.60387006
2018-05-15T00:00:00Z,109407349.57863778
2018-05-14T00:00:00Z,109158743.51352099
2018-05-13T00:00:00Z,109215963.50371441
2018-05-12T00:00:00Z,108962610.99418762
2018-05-11T00:00:00Z,108448474.6865716
2018-05-10T00:00:00Z,106587750.59507227
2018-05-09T00:00:00Z,105960547.21469282
2018-05-08T00:00:00Z,105332407.79151337
2018-05-07T00:00:00Z,104842127.30212432
2018-05-06T00:00:00Z,104386805.09961066
2018-05-05T00:00:00Z,104033382.65711331
2018-05-04T00:00:00Z,103848101.17381059
2018-05-03T00:00:00Z,103266138.08823307
2018-05-02T00:00:00Z,102662692.5738125
2018-05-01T00:00:00Z,102491898.3853125
2018-04-30T00:00:00Z,102285960.16258252
2018-04-29T00:00:00Z,102411829.12872735
2018-04-28T00:00:00Z,102239787.2389542
2018-04-27T00:00:00Z,102060208.27091315
2018-04-26T00:00:00Z,101149388.87535878
2018-04-25T00:00:00Z,101031763.87600562
2018-04-24T00:00:00Z,99634359.35417143
2018-04-23T00:00:00Z,97040706.82172932
2018-04-22T00:00:00Z,97122429.12881774
2018-04-21T00:00:00Z,96800258.43568036
2018-04-20T00:00:00Z,96456431.43568036
2018-04-19T00:00:00Z,95849159.5327502
2018-04-18T00:00:00Z,95584826.28032225
2018-04-17T00:00:00Z,95109455.54885206
2018-04-16T00:00:00Z,94918220.77339338
2018-04-15T00:00:00Z,94443676.8550435
2018-04-14T00:00:00Z,94088084.26988177
2018-04-13T00:00:00Z,93904834.845803
2018-04-12T00:00:00Z,93004065.77933824
2018-04-11T00:00:00Z,91412094.24083501
2018-04-10T00:00:00Z,90752945.4656006
2018-04-09T00:00:00Z,90317230.3324267
2018-04-08T00:00:00Z,89953408.59800345
2018-04-07T00:00:00Z,89768451.5939878
2018-04-06T00:00:00Z,89735956.67737463
2018-04-05T00:00:00Z,89733455.18230203
2018-04-04T00:00:00Z,89366071.63201807
2018-04-03T00:00:00Z,89255234.80489263
2018-04-02T00:00:00Z,89156225.71094781
2018-04-01T00:00:00Z,88961546.7569828
2018-03-31T00:00:00Z,88597703.47212096
2018-03-30T00:00:00Z,88336520.96171412
2018-03-29T00:00:00Z,87026982.64013433
2018-03-28T00:00:00Z,87027829.14167364
2018-03-27T00:00:00Z,86726429.82055727
2018-03-26T00:00:00Z,86680322.1647096
2018-03-25T00:00:00Z,86516507.84441593
2018-03-24T00:00:00Z,86457201.86741593
2018-03-23T00:00:00Z,86415950.90038909
2018-03-22T00:00:00Z,84958356.99101435
2018-03-21T00:00:00Z,84842143.81671211
2018-03-20T00:00:00Z,84631624.3487449
2018-03-19T00:00:00Z,84441907.4563682
2018-03-18T00:00:00Z,83673915.5908692
2018-03-17T00:00:00Z,89369349.35417774
2018-03-16T00:00:00Z,89300173.98179226
2018-03-15T00:00:00Z,88808746.68497148
2018-03-14T00:00:00Z,88473675.02145112
2018-03-13T00:00:00Z,88329759.81972264
2018-03-12T00:00:00Z,88310579.73704395
2018-03-11T00:00:00Z,88108080.73340602
2018-03-10T00:00:00Z,87901853.10474405
2018-03-09T00:00:00Z,87804269.55068608
2018-03-08T00:00:00Z,85206006.27171573
2018-03-07T00:00:00Z,85186637.83099654
2018-03-06T00:00:00Z,85474655.32746547
2018-03-05T00:00:00Z,85448479.38592169
2018-03-04T00:00:00Z,81206194.33692169
2018-03-03T00:00:00Z,81004463.33692169
2018-03-02T00:00:00Z,80908374.15650694
2018-03-01T00:00:00Z,80577235.98219033
2018-02-28T00:00:00Z,80318211.560224
2018-02-27T00:00:00Z,80003767.55052446
2018-02-26T00:00:00Z,79632925.62804678
2018-02-25T00:00:00Z,79155184.26254942
2018-02-24T00:00:00Z,78592474.47643402
2018-02-23T00:00:00Z,78542025.48711832
2018-02-22T00:00:00Z,77741330.15045014
2018-02-21T00:00:00Z,78089766.09322052
2018-02-20T00:00:00Z,77859587.57040945
2018-02-19T00:00:00Z,77795139.45461135
2018-02-18T00:00:00Z,77777303.99901143
2018-02-17T00:00:00Z,77569481.97759059
2018-02-16T00:00:00Z,77530766.73295859
2018-02-15T00:00:00Z,77498212.44920997
2018-02-14T00:00:00Z,75300155.57512647
2018-02-13T00:00:00Z,74834652.42739245
2018-02-12T00:00:00Z,74635370.11486708
2018-02-11T00:00:00Z,74442368.22003561
2018-02-10T00:00:00Z,74184005.49106677
2018-02-09T00:00:00Z,73979675.99958958
2018-02-08T00:00:00Z,71366138.2658898
2018-02-07T00:00:00Z,71271793.89531153
2018-02-06T00:00:00Z,70654698.68824679
2018-02-05T00:00:00Z,70896601.12205547
2018-02-04T00:00:00Z,71189832.79585217
2018-02-03T00:00:00Z,70870724.62765217
2018-02-02T00:00:00Z,70507159.92045744
2018-02-01T00:00:00Z,70615693.40325026
2018-01-31T00:00:00Z,70469633.40325026
2018-01-30T00:00:00Z,70236531.70525026
2018-01-29T00:00:00Z,70082694.73518093
2018-01-28T00:00:00Z,69554999.25490385
2018-01-27T00:00:00Z,39519361.36490385
2018-01-26T00:00:00Z,39509585.333994776
2018-01-25T00:00:00Z,39468657.547174945
2018-01-24T00:00:00Z,39963603.547477424
2018-01-23T00:00:00Z,39906292.81262078
2018-01-22T00:00:00Z,39789245.36256942
2018-01-21T00:00:00Z,40107697.741428524
2018-01-20T00:00:00Z,39708512.71443805
2018-01-19T00:00:00Z,39548552.11443806
2018-01-18T00:00:00Z,39558841.037338056
2018-01-17T00:00:00Z,39093341.037338056
2018-01-16T00:00:00Z,39013817.5328867
2018-01-15T00:00:00Z,39382281.60212077
2018-01-14T00:00:00Z,39373751.55412077
2018-01-13T00:00:00Z,39327527.93820897
2018-01-12T00:00:00Z,39196514.42653796
2018-01-11T00:00:00Z,38488188.42653796
2018-01-10T00:00:00Z,38447372.021878466
2018-01-09T00:00:00Z,8440308.071184285
2018-01-08T00:00:00Z,8430412.071184285
2018-01-07T00:00:00Z,8283092.071184285
2018-01-06T00:00:00Z,8130366.210184285
2018-01-05T00:00:00Z,7766272.210184285
2018-01-04T00:00:00Z,7889623.220184285
2018-01-03T00:00:00Z,6793058.317174168
2018-01-02T00:00:00Z,6277266.672174168
2018-01-01T00:00:00Z,6075958.004315817
2017-12-31T00:00:00Z,6049533.849085817
2017-12-30T00:00:00Z,5838362.849085817
2017-12-29T00:00:00Z,5811123.213035817
2017-12-28T00:00:00Z,5904204.213535817
2017-12-27T00:00:00Z,6067503.224635817
2017-12-26T00:00:00Z,6288057.370370378
2017-12-25T00:00:00Z,6082607.370370378
2017-12-24T00:00:00Z,5962971.450370378
2017-12-23T00:00:00Z,5305435.600370377
2017-12-22T00:00:00Z,4546534.950711275
2017-12-21T00:00:00Z,4979436.8880574
2017-12-20T00:00:00Z,4223864.6000496
2017-12-19T00:00:00Z,2049733.3500496002
2017-12-18T00:00:00Z,705296.0830293334
2017-12-17T00:00:00Z,110000
2017-12-16T00:00:00Z,110000
2017-12-15T00:00:00Z,110000
2017-12-14T00:00:00Z,110000
2017-12-13T00:00:00Z,110000
2017-12-12T00:00:00Z,110000
2017-12-11T00:00:00Z,110000
2017-12-10T00:00:00Z,110000
2017-12-09T00:00:00Z,110000
2017-12-08T00:00:00Z,110000
2017-12-07T00:00:00Z,110000
2017-12-06T00:00:00Z,110000
2017-12-05T00:00:00Z,110000
2017-12-04T00:00:00Z,110000
2017-12-03T00:00:00Z,110000
2017-12-02T00:00:00Z,110000
2017-12-01T00:00:00Z,110000
2017-11-30T00:00:00Z,110000
2017-11-29T00:00:00Z,110000
2017-11-28T00:00:00Z,110000
