Datetime,Exchange Reserve
2026-05-14T00:00:00Z,66620480381.05043
2026-05-13T00:00:00Z,66355653125.18453
2026-05-12T00:00:00Z,66591479416.36401
2026-05-11T00:00:00Z,67954332110.647156
2026-05-10T00:00:00Z,68149323045.2372
2026-05-09T00:00:00Z,67924380640.73518
2026-05-08T00:00:00Z,68945541507.08525
2026-05-07T00:00:00Z,68068677883.450325
2026-05-06T00:00:00Z,67654041745.70512
2026-05-05T00:00:00Z,67830764119.75691
2026-05-04T00:00:00Z,67176962003.6519
2026-05-03T00:00:00Z,66589566986.85466
2026-05-02T00:00:00Z,66954874932.56198
2026-05-01T00:00:00Z,67259788024.809715
2026-04-30T00:00:00Z,66821031638.07229
2026-04-29T00:00:00Z,68946916104.67754
2026-04-28T00:00:00Z,68698244403.43578
2026-04-27T00:00:00Z,69677652611.76094
2026-04-26T00:00:00Z,69676889042.95479
2026-04-25T00:00:00Z,69793915842.796
2026-04-24T00:00:00Z,69997660464.46095
2026-04-23T00:00:00Z,69568457865.53206
2026-04-22T00:00:00Z,69883922235.37346
2026-04-21T00:00:00Z,69509478332.53635
2026-04-20T00:00:00Z,69111335263.17505
2026-04-19T00:00:00Z,69039344379.39354
2026-04-18T00:00:00Z,69038297118.37863
2026-04-17T00:00:00Z,68612343165.292175
2026-04-16T00:00:00Z,67932988003.03657
2026-04-15T00:00:00Z,67708604279.03101
2026-04-14T00:00:00Z,67948821827.11078
2026-04-13T00:00:00Z,67508745596.11801
2026-04-12T00:00:00Z,67120909073.58328
2026-04-11T00:00:00Z,67020694920.792816
2026-04-10T00:00:00Z,66819570093.32402
2026-04-09T00:00:00Z,66370367173.13035
2026-04-08T00:00:00Z,66233742928.72949
2026-04-07T00:00:00Z,66265312082.11769
2026-04-06T00:00:00Z,66223567075.97822
2026-04-05T00:00:00Z,66065759122.81871
2026-04-04T00:00:00Z,65961162289.55191
2026-04-03T00:00:00Z,66147115100.52485
2026-04-02T00:00:00Z,65524240771.40786
2026-04-01T00:00:00Z,65416509323.83648
2026-03-31T00:00:00Z,65528026257.60154
2026-03-30T00:00:00Z,65303365941.44726
2026-03-29T00:00:00Z,65173057403.0701
2026-03-28T00:00:00Z,65203704235.021614
2026-03-27T00:00:00Z,64861757621.3261
2026-03-26T00:00:00Z,64983918851.973595
2026-03-25T00:00:00Z,65213451327.94061
2026-03-24T00:00:00Z,65232307384.669235
2026-03-23T00:00:00Z,65100406642.122505
2026-03-22T00:00:00Z,65002593433.0274
2026-03-21T00:00:00Z,67262956794.67225
2026-03-20T00:00:00Z,67758525878.26506
2026-03-19T00:00:00Z,68745870914.2605
2026-03-18T00:00:00Z,68839836108.25555
2026-03-17T00:00:00Z,68596539512.28725
2026-03-16T00:00:00Z,66236684076.654434
2026-03-15T00:00:00Z,65598134639.91691
2026-03-14T00:00:00Z,65651659428.65367
2026-03-13T00:00:00Z,65722647374.975815
2026-03-12T00:00:00Z,65271270044.27552
2026-03-11T00:00:00Z,65477625807.92699
2026-03-10T00:00:00Z,66089550553.899826
2026-03-09T00:00:00Z,64846009376.63687
2026-03-08T00:00:00Z,64089673810.30791
2026-03-07T00:00:00Z,65484145802.7436
2026-03-06T00:00:00Z,66099221107.93202
2026-03-05T00:00:00Z,65941670868.07437
2026-03-04T00:00:00Z,66507369863.47786
2026-03-03T00:00:00Z,66300292009.364784
2026-03-02T00:00:00Z,65134681998.21156
2026-03-01T00:00:00Z,64883366447.34
2026-02-28T00:00:00Z,64800939160.87062
2026-02-27T00:00:00Z,64752543917.08003
2026-02-26T00:00:00Z,64601863504.26544
2026-02-25T00:00:00Z,64607120710.14605
2026-02-24T00:00:00Z,64560506914.40221
2026-02-23T00:00:00Z,64566589345.448814
2026-02-22T00:00:00Z,64290699968.30026
2026-02-21T00:00:00Z,64665550363.36105
2026-02-20T00:00:00Z,64555154441.71883
2026-02-19T00:00:00Z,65110763587.83354
2026-02-18T00:00:00Z,64960289539.09812
2026-02-17T00:00:00Z,64951833238.977104
2026-02-16T00:00:00Z,64828269239.04482
2026-02-15T00:00:00Z,64797794355.30327
2026-02-14T00:00:00Z,64773897505.79524
2026-02-13T00:00:00Z,65281294310.41527
2026-02-12T00:00:00Z,65126773591.09492
2026-02-11T00:00:00Z,66209644044.070045
2026-02-10T00:00:00Z,66224956922.1819
2026-02-09T00:00:00Z,66957860091.379135
2026-02-08T00:00:00Z,66149185676.529396
2026-02-07T00:00:00Z,66448818854.167244
2026-02-06T00:00:00Z,66785266558.73626
2026-02-05T00:00:00Z,67476182606.93852
2026-02-04T00:00:00Z,67357269473.74829
2026-02-03T00:00:00Z,67999973834.39404
2026-02-02T00:00:00Z,68194669724.42884
2026-02-01T00:00:00Z,67596464026.333405
2026-01-31T00:00:00Z,67380258614.09638
2026-01-30T00:00:00Z,67397048344.05117
2026-01-29T00:00:00Z,67147727831.69775
2026-01-28T00:00:00Z,67920371593.677605
2026-01-27T00:00:00Z,67996832185.65309
2026-01-26T00:00:00Z,67695027693.37377
2026-01-25T00:00:00Z,67818385372.925446
2026-01-24T00:00:00Z,67839139489.01405
2026-01-23T00:00:00Z,68367097923.736664
2026-01-22T00:00:00Z,69747327530.83466
2026-01-21T00:00:00Z,70625795559.88774
2026-01-20T00:00:00Z,71105161663.44043
2026-01-19T00:00:00Z,71865060455.06947
2026-01-18T00:00:00Z,72447383708.47205
2026-01-17T00:00:00Z,72535117182.06891
2026-01-16T00:00:00Z,72477335874.78769
2026-01-15T00:00:00Z,72024962617.82405
2026-01-14T00:00:00Z,71849781317.95949
2026-01-13T00:00:00Z,71943352638.77347
2026-01-12T00:00:00Z,71499178547.166
2026-01-11T00:00:00Z,71846792730.14354
2026-01-10T00:00:00Z,71955820979.03656
2026-01-09T00:00:00Z,71978892268.63354
2026-01-08T00:00:00Z,73599966218.39075
2026-01-07T00:00:00Z,72768461277.89099
2026-01-06T00:00:00Z,72366236104.78944
2026-01-05T00:00:00Z,71888695715.1709
2026-01-04T00:00:00Z,72008698824.35814
2026-01-03T00:00:00Z,71769468035.48814
2026-01-02T00:00:00Z,72044775704.78119
2026-01-01T00:00:00Z,72177933024.6234
2025-12-31T00:00:00Z,72101674021.47562
2025-12-30T00:00:00Z,73072977981.35847
2025-12-29T00:00:00Z,72886036065.4066
2025-12-28T00:00:00Z,72863712368.50743
2025-12-27T00:00:00Z,72723392555.45845
2025-12-26T00:00:00Z,72805838551.64418
2025-12-25T00:00:00Z,72456758763.49347
2025-12-24T00:00:00Z,72375093055.8563
2025-12-23T00:00:00Z,72465318143.96756
2025-12-22T00:00:00Z,72332770909.63463
2025-12-21T00:00:00Z,72234969806.02113
2025-12-20T00:00:00Z,72166975724.47806
2025-12-19T00:00:00Z,72299382767.85504
2025-12-18T00:00:00Z,72259379624.86743
2025-12-17T00:00:00Z,72589786052.63213
2025-12-16T00:00:00Z,72275970049.24263
2025-12-15T00:00:00Z,72617098055.36998
2025-12-14T00:00:00Z,72488028826.18077
2025-12-13T00:00:00Z,73533374777.23254
2025-12-12T00:00:00Z,73311397397.1167
2025-12-11T00:00:00Z,73334248900.03886
2025-12-10T00:00:00Z,72849007482.78795
2025-12-09T00:00:00Z,73032512893.29108
2025-12-08T00:00:00Z,72232263981.9099
2025-12-07T00:00:00Z,72623070013.02539
2025-12-06T00:00:00Z,72744547377.26419
2025-12-05T00:00:00Z,73239869847.46117
2025-12-04T00:00:00Z,74226489781.38557
2025-12-03T00:00:00Z,74500644995.72208
2025-12-02T00:00:00Z,74053957335.17838
2025-12-01T00:00:00Z,73731366987.1153
2025-11-30T00:00:00Z,73519870882.06023
2025-11-29T00:00:00Z,73726377546.41641
2025-11-28T00:00:00Z,73754234400.40813
2025-11-27T00:00:00Z,74162829749.78857
2025-11-26T00:00:00Z,74046770919.19513
2025-11-25T00:00:00Z,74095671087.00488
2025-11-24T00:00:00Z,74476708257.9511
2025-11-23T00:00:00Z,74133600976.12772
2025-11-22T00:00:00Z,74383334308.18832
2025-11-21T00:00:00Z,73894792162.03073
2025-11-20T00:00:00Z,73978737872.919
2025-11-19T00:00:00Z,73564749188.7895
2025-11-18T00:00:00Z,73829232490.95068
2025-11-17T00:00:00Z,73713005234.63179
2025-11-16T00:00:00Z,74065605629.68068
2025-11-15T00:00:00Z,74736290596.33871
2025-11-14T00:00:00Z,74446140740.89287
2025-11-13T00:00:00Z,74589930856.28105
2025-11-12T00:00:00Z,75118597418.90448
2025-11-11T00:00:00Z,75033873923.75821
2025-11-10T00:00:00Z,74871311906.33905
2025-11-09T00:00:00Z,73588529009.63783
2025-11-08T00:00:00Z,73638901969.9785
2025-11-07T00:00:00Z,73864583140.47057
2025-11-06T00:00:00Z,73978805736.4955
2025-11-05T00:00:00Z,73943214157.25743
2025-11-04T00:00:00Z,72197398014.62115
2025-11-03T00:00:00Z,71247131802.05362
2025-11-02T00:00:00Z,71308077020.0674
2025-11-01T00:00:00Z,71329416442.22917
2025-10-31T00:00:00Z,71087543064.73181
2025-10-30T00:00:00Z,69322264293.46622
2025-10-29T00:00:00Z,68838290559.17287
2025-10-28T00:00:00Z,69017900710.25882
2025-10-27T00:00:00Z,68664452755.1617
2025-10-26T00:00:00Z,68178824555.706215
2025-10-25T00:00:00Z,68660934118.732574
2025-10-24T00:00:00Z,68553413133.2832
2025-10-23T00:00:00Z,68601527575.08506
2025-10-22T00:00:00Z,69076338190.0535
2025-10-21T00:00:00Z,68651766122.52476
2025-10-20T00:00:00Z,68156769529.48848
2025-10-19T00:00:00Z,67903908028.776115
2025-10-18T00:00:00Z,68150121289.70219
2025-10-17T00:00:00Z,68027316250.996994
2025-10-16T00:00:00Z,67378111119.82267
2025-10-15T00:00:00Z,66772093601.93751
2025-10-14T00:00:00Z,66678253513.64934
2025-10-13T00:00:00Z,65261955393.82702
2025-10-12T00:00:00Z,65341246486.76366
2025-10-11T00:00:00Z,66180472019.39734
2025-10-10T00:00:00Z,65446257556.80995
2025-10-09T00:00:00Z,65215556496.89444
2025-10-08T00:00:00Z,64467535122.409935
2025-10-07T00:00:00Z,64760833265.36293
2025-10-06T00:00:00Z,64473637768.111176
2025-10-05T00:00:00Z,64144112618.52183
2025-10-04T00:00:00Z,64307564716.560715
2025-10-03T00:00:00Z,64105746861.15712
2025-10-02T00:00:00Z,63453704757.412636
2025-10-01T00:00:00Z,63361099009.847496
2025-09-30T00:00:00Z,62673731197.88326
2025-09-29T00:00:00Z,62464957370.26424
2025-09-28T00:00:00Z,62956213414.96013
2025-09-27T00:00:00Z,63325864939.928345
2025-09-26T00:00:00Z,63482363367.63539
2025-09-25T00:00:00Z,63954278734.81571
2025-09-24T00:00:00Z,65107447828.48278
2025-09-23T00:00:00Z,65660060765.35784
2025-09-22T00:00:00Z,66059271950.49701
2025-09-21T00:00:00Z,65129143180.24945
2025-09-20T00:00:00Z,65340341805.071304
2025-09-19T00:00:00Z,65707620498.47881
2025-09-18T00:00:00Z,65270043381.78248
2025-09-17T00:00:00Z,64543321253.79101
2025-09-16T00:00:00Z,64356318576.14541
2025-09-15T00:00:00Z,61928053744.84248
2025-09-14T00:00:00Z,62116939112.49129
2025-09-13T00:00:00Z,62149878112.40218
2025-09-12T00:00:00Z,62006222393.82852
2025-09-11T00:00:00Z,61190214996.08896
2025-09-10T00:00:00Z,61243137301.79637
2025-09-09T00:00:00Z,61074995871.73851
2025-09-08T00:00:00Z,60919367741.04185
2025-09-07T00:00:00Z,60647636584.93484
2025-09-06T00:00:00Z,61746333377.19231
2025-09-05T00:00:00Z,61786017562.62106
2025-09-04T00:00:00Z,61629065027.61075
2025-09-03T00:00:00Z,59735803221.41002
2025-09-02T00:00:00Z,59371359850.447266
2025-09-01T00:00:00Z,59881136210.55722
2025-08-31T00:00:00Z,60200403982.90588
2025-08-30T00:00:00Z,60098604357.52065
2025-08-29T00:00:00Z,59833070260.60049
2025-08-28T00:00:00Z,59665793434.22238
2025-08-27T00:00:00Z,58578698402.27592
2025-08-26T00:00:00Z,58347423225.075
2025-08-25T00:00:00Z,57402269211.32893
2025-08-24T00:00:00Z,57064035630.578766
2025-08-23T00:00:00Z,57278210592.57646
2025-08-22T00:00:00Z,58223225125.62615
2025-08-21T00:00:00Z,57566158648.91102
2025-08-20T00:00:00Z,57319402832.107025
2025-08-19T00:00:00Z,57157407825.07612
2025-08-18T00:00:00Z,57680801697.96408
2025-08-17T00:00:00Z,57408841220.4261
2025-08-16T00:00:00Z,57676092150.19583
2025-08-15T00:00:00Z,58078891915.58554
2025-08-14T00:00:00Z,57248632026.786446
2025-08-13T00:00:00Z,55605998900.26596
2025-08-12T00:00:00Z,55452822422.9831
2025-08-11T00:00:00Z,54728957249.90102
2025-08-10T00:00:00Z,54178880697.30454
2025-08-09T00:00:00Z,54313025012.14066
2025-08-08T00:00:00Z,54379262611.005325
2025-08-07T00:00:00Z,54566644170.25598
2025-08-06T00:00:00Z,54335168521.55509
2025-08-05T00:00:00Z,55534414317.268654
2025-08-04T00:00:00Z,55256602635.65968
2025-08-03T00:00:00Z,55390965265.49427
2025-08-02T00:00:00Z,55340103694.77631
2025-08-01T00:00:00Z,55338908550.59762
2025-07-31T00:00:00Z,55529129764.494896
2025-07-30T00:00:00Z,55702148966.34068
2025-07-29T00:00:00Z,55554415655.66726
2025-07-28T00:00:00Z,55181549421.20802
2025-07-27T00:00:00Z,55684390653.90439
2025-07-26T00:00:00Z,56059737758.23172
2025-07-25T00:00:00Z,55967192316.91476
2025-07-24T00:00:00Z,57157090719.818405
2025-07-23T00:00:00Z,56725357727.27758
2025-07-22T00:00:00Z,57246909130.295105
2025-07-21T00:00:00Z,56896037584.95431
2025-07-20T00:00:00Z,56414095843.070015
2025-07-19T00:00:00Z,57201081575.35777
2025-07-18T00:00:00Z,57689577053.05807
2025-07-17T00:00:00Z,56878436703.257935
2025-07-16T00:00:00Z,56655242293.8876
2025-07-15T00:00:00Z,53875522481.64499
2025-07-14T00:00:00Z,54914852475.58683
2025-07-13T00:00:00Z,55403002260.39911
2025-07-12T00:00:00Z,55710081595.57743
2025-07-11T00:00:00Z,55151751199.34695
2025-07-10T00:00:00Z,54363026538.97703
2025-07-09T00:00:00Z,54048146001.19851
2025-07-08T00:00:00Z,53686695831.15761
2025-07-07T00:00:00Z,53843253296.42254
2025-07-06T00:00:00Z,54046512064.097206
2025-07-05T00:00:00Z,53950090562.824104
2025-07-04T00:00:00Z,53868088765.12755
2025-07-03T00:00:00Z,54299522202.73016
2025-07-02T00:00:00Z,53800227481.69695
2025-07-01T00:00:00Z,53657795713.912125
2025-06-30T00:00:00Z,53773193335.036316
2025-06-29T00:00:00Z,53489127433.71074
2025-06-28T00:00:00Z,53559608584.34248
2025-06-27T00:00:00Z,53605635382.82247
2025-06-26T00:00:00Z,54136329872.02431
2025-06-25T00:00:00Z,54021340402.47632
2025-06-24T00:00:00Z,53938960196.20045
2025-06-23T00:00:00Z,53613264918.819626
2025-06-22T00:00:00Z,54831059892.99412
2025-06-21T00:00:00Z,53951007664.26216
2025-06-20T00:00:00Z,53639658759.70262
2025-06-19T00:00:00Z,53993847011.78618
2025-06-18T00:00:00Z,53969854479.28286
2025-06-17T00:00:00Z,53999176001.01544
2025-06-16T00:00:00Z,53689797671.669014
2025-06-15T00:00:00Z,53182068183.15899
2025-06-14T00:00:00Z,53211410850.03218
2025-06-13T00:00:00Z,53317460239.228165
2025-06-12T00:00:00Z,52621002971.051735
2025-06-11T00:00:00Z,52986752078.66664
2025-06-10T00:00:00Z,52550938870.55107
2025-06-09T00:00:00Z,53317355627.085304
2025-06-08T00:00:00Z,52634451225.504166
2025-06-07T00:00:00Z,52796728101.08597
2025-06-06T00:00:00Z,52840041141.87807
2025-06-05T00:00:00Z,52425448844.767494
2025-06-04T00:00:00Z,52928400202.9474
2025-06-03T00:00:00Z,52925679881.17953
2025-06-02T00:00:00Z,52499798295.274124
2025-06-01T00:00:00Z,52088244407.20452
2025-05-31T00:00:00Z,51822511808.864006
2025-05-30T00:00:00Z,51729419876.0362
2025-05-29T00:00:00Z,51801711652.143745
2025-05-28T00:00:00Z,52457383208.23009
2025-05-27T00:00:00Z,52628404816.418816
2025-05-26T00:00:00Z,52458352821.43197
2025-05-25T00:00:00Z,52682981652.80467
2025-05-24T00:00:00Z,52689091995.1546
2025-05-23T00:00:00Z,52760688293.30436
2025-05-22T00:00:00Z,52069568390.66673
2025-05-21T00:00:00Z,52651786406.89338
2025-05-20T00:00:00Z,51254199753.66509
2025-05-19T00:00:00Z,50914965961.38546
2025-05-18T00:00:00Z,51148597397.53853
2025-05-17T00:00:00Z,51590263552.081955
2025-05-16T00:00:00Z,51889083679.40833
2025-05-15T00:00:00Z,50666521836.427765
2025-05-14T00:00:00Z,51183206734.481316
2025-05-13T00:00:00Z,50729495777.62981
2025-05-12T00:00:00Z,50574656268.51799
2025-05-11T00:00:00Z,50332180380.84362
2025-05-10T00:00:00Z,49982715468.014824
2025-05-09T00:00:00Z,50094944172.85096
2025-05-08T00:00:00Z,50240186483.19427
2025-05-07T00:00:00Z,50463071747.48971
2025-05-06T00:00:00Z,50131209096.609886
2025-05-05T00:00:00Z,49439910073.66933
2025-05-04T00:00:00Z,49201337151.469864
2025-05-03T00:00:00Z,49722999395.4323
2025-05-02T00:00:00Z,49819851825.066376
2025-05-01T00:00:00Z,49914392179.06135
2025-04-30T00:00:00Z,49659780127.07916
2025-04-29T00:00:00Z,49833273945.16117
2025-04-28T00:00:00Z,49866979579.93596
2025-04-27T00:00:00Z,49279739754.72787
2025-04-26T00:00:00Z,49569554642.63057
2025-04-25T00:00:00Z,49309185316.466705
2025-04-24T00:00:00Z,48959292555.64855
2025-04-23T00:00:00Z,49167867547.296165
2025-04-22T00:00:00Z,49406811862.757355
2025-04-21T00:00:00Z,48808764514.899956
2025-04-20T00:00:00Z,48815480895.7816
2025-04-19T00:00:00Z,48892606590.58585
2025-04-18T00:00:00Z,48960055121.74575
2025-04-17T00:00:00Z,48748350637.67555
2025-04-16T00:00:00Z,48482117564.95524
2025-04-15T00:00:00Z,48533548223.09108
2025-04-14T00:00:00Z,48818603948.05129
2025-04-13T00:00:00Z,48981674174.04628
2025-04-12T00:00:00Z,49319688286.40634
2025-04-11T00:00:00Z,49463884497.21981
2025-04-10T00:00:00Z,48643287018.81092
2025-04-09T00:00:00Z,48230625747.44052
2025-04-08T00:00:00Z,47875319140.77868
2025-04-07T00:00:00Z,47691308245.03708
2025-04-06T00:00:00Z,47955895406.1927
2025-04-05T00:00:00Z,48331896050.396904
2025-04-04T00:00:00Z,48781255142.3883
2025-04-03T00:00:00Z,48761027573.29379
2025-04-02T00:00:00Z,49351047421.91726
2025-04-01T00:00:00Z,49541218565.76287
2025-03-31T00:00:00Z,49479515118.7588
2025-03-30T00:00:00Z,51115656221.749565
2025-03-29T00:00:00Z,51091165161.76618
2025-03-28T00:00:00Z,51209977456.93638
2025-03-27T00:00:00Z,51484541870.791466
2025-03-26T00:00:00Z,50490864640.30026
2025-03-25T00:00:00Z,50952648477.42992
2025-03-24T00:00:00Z,50585773666.313545
2025-03-23T00:00:00Z,50988151167.59853
2025-03-22T00:00:00Z,51221794182.099266
2025-03-21T00:00:00Z,51331683114.67745
2025-03-20T00:00:00Z,50957714709.833595
2025-03-19T00:00:00Z,50926527223.42671
2025-03-18T00:00:00Z,50883011038.97748
2025-03-17T00:00:00Z,51110297009.77226
2025-03-16T00:00:00Z,51334727439.60725
2025-03-15T00:00:00Z,51237681281.30159
2025-03-14T00:00:00Z,51274010677.68416
2025-03-13T00:00:00Z,51220869748.53728
2025-03-12T00:00:00Z,51240174447.71175
2025-03-11T00:00:00Z,50869151608.84432
2025-03-10T00:00:00Z,50769103348.45635
2025-03-09T00:00:00Z,50790457767.0215
2025-03-08T00:00:00Z,50656850227.61781
2025-03-07T00:00:00Z,50733019365.552124
2025-03-06T00:00:00Z,51055055967.59497
2025-03-05T00:00:00Z,50999496161.1846
2025-03-04T00:00:00Z,50843406494.23557
2025-03-03T00:00:00Z,50511733279.66358
2025-03-02T00:00:00Z,51038197591.86432
2025-03-01T00:00:00Z,50186267872.57586
2025-02-28T00:00:00Z,50016302677.169914
2025-02-27T00:00:00Z,50264463925.746086
2025-02-26T00:00:00Z,50400077791.43728
2025-02-25T00:00:00Z,50071801062.02094
2025-02-24T00:00:00Z,50221472237.53953
2025-02-23T00:00:00Z,50510660469.22193
2025-02-22T00:00:00Z,50838056795.35008
2025-02-21T00:00:00Z,51793303936.96451
2025-02-20T00:00:00Z,51813655380.43947
2025-02-19T00:00:00Z,51366313558.407166
2025-02-18T00:00:00Z,51226531865.73895
2025-02-17T00:00:00Z,51489119976.015236
2025-02-16T00:00:00Z,51530232478.52224
2025-02-15T00:00:00Z,51486051625.22374
2025-02-14T00:00:00Z,51533530804.06305
2025-02-13T00:00:00Z,51569007149.9048
2025-02-12T00:00:00Z,51368315629.72319
2025-02-11T00:00:00Z,50330040780.829124
2025-02-10T00:00:00Z,50573340902.80412
2025-02-09T00:00:00Z,50820926506.9099
2025-02-08T00:00:00Z,50813293161.17858
2025-02-07T00:00:00Z,51394760946.81917
2025-02-06T00:00:00Z,51587763409.310745
2025-02-05T00:00:00Z,51826010452.23143
2025-02-04T00:00:00Z,51557361979.7976
2025-02-03T00:00:00Z,51316525106.72544
2025-02-02T00:00:00Z,50491553102.1454
2025-02-01T00:00:00Z,50334514151.33955
2025-01-31T00:00:00Z,50561499469.1249
2025-01-30T00:00:00Z,50784307990.26362
2025-01-29T00:00:00Z,50502056709.67798
2025-01-28T00:00:00Z,50463357408.72011
2025-01-27T00:00:00Z,50979637584.05693
2025-01-26T00:00:00Z,51129868393.8329
2025-01-25T00:00:00Z,50946850837.20238
2025-01-24T00:00:00Z,51317246883.319435
2025-01-23T00:00:00Z,51071140970.06169
2025-01-22T00:00:00Z,50757631935.06969
2025-01-21T00:00:00Z,51128069193.52654
2025-01-20T00:00:00Z,50885630545.2901
2025-01-19T00:00:00Z,51276914869.283325
2025-01-18T00:00:00Z,51763590456.483635
2025-01-17T00:00:00Z,52246985745.96411
2025-01-16T00:00:00Z,51630697375.664734
2025-01-15T00:00:00Z,51387015322.07242
2025-01-14T00:00:00Z,51005820516.71121
2025-01-13T00:00:00Z,50892240078.09817
2025-01-12T00:00:00Z,50630272107.607056
2025-01-11T00:00:00Z,50646025621.122665
2025-01-10T00:00:00Z,50811667628.76452
2025-01-09T00:00:00Z,50711805465.997986
2025-01-08T00:00:00Z,50758908649.92658
2025-01-07T00:00:00Z,51157675778.52512
2025-01-06T00:00:00Z,50894880710.57333
2025-01-05T00:00:00Z,50496188627.10753
2025-01-04T00:00:00Z,50441404782.785774
2025-01-03T00:00:00Z,50549286998.17439
2025-01-02T00:00:00Z,50238162023.817345
2025-01-01T00:00:00Z,50337456940.65083
2024-12-31T00:00:00Z,50309780386.11001
2024-12-30T00:00:00Z,50839989681.84582
2024-12-29T00:00:00Z,50248901111.3135
2024-12-28T00:00:00Z,50101461322.422585
2024-12-27T00:00:00Z,50230830701.603584
2024-12-26T00:00:00Z,49866186609.20193
2024-12-25T00:00:00Z,49776184899.669106
2024-12-24T00:00:00Z,49874342574.6705
2024-12-23T00:00:00Z,49969746069.656425
2024-12-22T00:00:00Z,50646829886.58149
2024-12-21T00:00:00Z,50901095251.06993
2024-12-20T00:00:00Z,51067303634.15874
2024-12-19T00:00:00Z,50581041472.60778
2024-12-18T00:00:00Z,50713251560.93216
2024-12-17T00:00:00Z,51033519405.62014
2024-12-16T00:00:00Z,51038700017.21249
2024-12-15T00:00:00Z,51288151786.76345
2024-12-14T00:00:00Z,51147725505.21885
2024-12-13T00:00:00Z,51337713341.78845
2024-12-12T00:00:00Z,50436274255.873055
2024-12-11T00:00:00Z,50513951415.56733
2024-12-10T00:00:00Z,49431813003.516914
2024-12-09T00:00:00Z,48745197097.480515
2024-12-08T00:00:00Z,48796923938.157364
2024-12-07T00:00:00Z,48892634735.97421
2024-12-06T00:00:00Z,48552657226.25629
2024-12-05T00:00:00Z,47338969917.75929
2024-12-04T00:00:00Z,47005328419.66682
2024-12-03T00:00:00Z,46406776800.32877
2024-12-02T00:00:00Z,45886232207.64677
2024-12-01T00:00:00Z,45722406694.36018
2024-11-30T00:00:00Z,45574781523.00499
2024-11-29T00:00:00Z,45685271416.952324
2024-11-28T00:00:00Z,45210881315.7999
2024-11-27T00:00:00Z,44696662088.98993
2024-11-26T00:00:00Z,43374795063.693474
2024-11-25T00:00:00Z,43356842609.86068
2024-11-24T00:00:00Z,43483480922.354004
2024-11-23T00:00:00Z,43241764227.32373
2024-11-22T00:00:00Z,42835249350.407425
2024-11-21T00:00:00Z,41333221130.85547
2024-11-20T00:00:00Z,41721290802.20418
2024-11-19T00:00:00Z,40672979643.226
2024-11-18T00:00:00Z,40591851268.81625
2024-11-17T00:00:00Z,38986506725.50475
2024-11-16T00:00:00Z,38974797052.980965
2024-11-15T00:00:00Z,38775869449.150444
2024-11-14T00:00:00Z,38744977358.72042
2024-11-13T00:00:00Z,38248632863.725204
2024-11-12T00:00:00Z,37338495954.29841
2024-11-11T00:00:00Z,35556712196.93339
2024-11-10T00:00:00Z,34864023194.9927
2024-11-09T00:00:00Z,34534155326.55403
2024-11-08T00:00:00Z,34324349857.49238
2024-11-07T00:00:00Z,33419560642.094624
2024-11-06T00:00:00Z,33225012557.947147
2024-11-05T00:00:00Z,31192253907.764847
2024-11-04T00:00:00Z,30994965946.762287
2024-11-03T00:00:00Z,30527707297.19271
2024-11-02T00:00:00Z,30508557208.466137
2024-11-01T00:00:00Z,30536360476.13934
2024-10-31T00:00:00Z,30314089894.065163
2024-10-30T00:00:00Z,30452718459.191277
2024-10-29T00:00:00Z,30637329716.845253
2024-10-28T00:00:00Z,30376735231.67754
2024-10-27T00:00:00Z,30102573018.15292
2024-10-26T00:00:00Z,30077907912.007046
2024-10-25T00:00:00Z,30121015981.30038
2024-10-24T00:00:00Z,29582864962.43795
2024-10-23T00:00:00Z,29620995125.703003
2024-10-22T00:00:00Z,30036390598.305256
2024-10-21T00:00:00Z,30041231314.784985
2024-10-20T00:00:00Z,30179397283.659782
2024-10-19T00:00:00Z,30195467168.68502
2024-10-18T00:00:00Z,30170200124.96614
2024-10-17T00:00:00Z,29880396071.466503
2024-10-16T00:00:00Z,29863008764.724434
2024-10-15T00:00:00Z,29695835620.723515
2024-10-14T00:00:00Z,29457208966.166355
2024-10-13T00:00:00Z,29308080561.30101
2024-10-12T00:00:00Z,29317570911.059807
2024-10-11T00:00:00Z,29287047432.450806
2024-10-10T00:00:00Z,28694444573.6485
2024-10-09T00:00:00Z,28706882024.63181
2024-10-08T00:00:00Z,29148717237.921234
2024-10-07T00:00:00Z,29369339816.310387
2024-10-06T00:00:00Z,29420866165.374702
2024-10-05T00:00:00Z,29432961560.981945
2024-10-04T00:00:00Z,29410322514.04178
2024-10-03T00:00:00Z,29182750882.57616
2024-10-02T00:00:00Z,29179173209.5922
2024-10-01T00:00:00Z,29054760213.48292
2024-09-30T00:00:00Z,29085914106.109177
2024-09-29T00:00:00Z,29438357746.65634
2024-09-28T00:00:00Z,29593893471.731457
2024-09-27T00:00:00Z,29419326889.56963
2024-09-26T00:00:00Z,29387974723.22375
2024-09-25T00:00:00Z,29101207470.299908
2024-09-24T00:00:00Z,29059277491.07319
2024-09-23T00:00:00Z,28837635749.00603
2024-09-22T00:00:00Z,28912147899.023354
2024-09-21T00:00:00Z,28955125700.569607
2024-09-20T00:00:00Z,28866989458.505722
2024-09-19T00:00:00Z,29203371445.951954
2024-09-18T00:00:00Z,29290504923.386005
2024-09-17T00:00:00Z,29464625147.583214
2024-09-16T00:00:00Z,29163310540.23899
2024-09-15T00:00:00Z,29277174535.506588
2024-09-14T00:00:00Z,29309842119.317265
2024-09-13T00:00:00Z,29380802673.861816
2024-09-12T00:00:00Z,29410823465.258347
2024-09-11T00:00:00Z,29541897853.38217
2024-09-10T00:00:00Z,29407033909.246414
2024-09-09T00:00:00Z,28875268965.625355
2024-09-08T00:00:00Z,28675859429.38274
2024-09-07T00:00:00Z,28618588198.28522
2024-09-06T00:00:00Z,28444032324.295246
2024-09-05T00:00:00Z,28684592161.50898
2024-09-04T00:00:00Z,28768758228.13832
2024-09-03T00:00:00Z,28436071933.394047
2024-09-02T00:00:00Z,28625111438.524372
2024-09-01T00:00:00Z,28606528086.92606
2024-08-31T00:00:00Z,28568275342.070457
2024-08-30T00:00:00Z,28643006716.41127
2024-08-29T00:00:00Z,28921168279.000786
2024-08-28T00:00:00Z,28652075631.58309
2024-08-27T00:00:00Z,28524456515.363106
2024-08-26T00:00:00Z,28697595634.495052
2024-08-25T00:00:00Z,28714581957.44091
2024-08-24T00:00:00Z,28537004143.885563
2024-08-23T00:00:00Z,28537910395.94087
2024-08-22T00:00:00Z,28242445575.35734
2024-08-21T00:00:00Z,28295210375.751175
2024-08-20T00:00:00Z,28220152607.28724
2024-08-19T00:00:00Z,27932450483.398132
2024-08-18T00:00:00Z,27731665569.995914
2024-08-17T00:00:00Z,27766171625.004593
2024-08-16T00:00:00Z,27579649388.733295
2024-08-15T00:00:00Z,27288390858.894325
2024-08-14T00:00:00Z,27120446552.14777
2024-08-13T00:00:00Z,26829081788.699078
2024-08-12T00:00:00Z,26477820217.855854
2024-08-11T00:00:00Z,26312999276.318924
2024-08-10T00:00:00Z,26342930675.79801
2024-08-09T00:00:00Z,26374506539.94023
2024-08-08T00:00:00Z,26153074898.361374
2024-08-07T00:00:00Z,25594653459.8719
2024-08-06T00:00:00Z,25070668593.27928
2024-08-05T00:00:00Z,24379299736.62347
2024-08-04T00:00:00Z,24288002762.22993
2024-08-03T00:00:00Z,24239589489.91477
2024-08-02T00:00:00Z,24153057733.471954
2024-08-01T00:00:00Z,24447816682.84624
2024-07-31T00:00:00Z,24838517511.853745
2024-07-30T00:00:00Z,25088403873.364155
2024-07-29T00:00:00Z,25239130609.594856
2024-07-28T00:00:00Z,25606050258.656433
2024-07-27T00:00:00Z,25604201455.862675
2024-07-26T00:00:00Z,25447331115.49413
2024-07-25T00:00:00Z,25182201639.626976
2024-07-24T00:00:00Z,25349579734.240273
2024-07-23T00:00:00Z,25411960435.181736
2024-07-22T00:00:00Z,25575738907.745502
2024-07-21T00:00:00Z,25655581979.861126
2024-07-20T00:00:00Z,25582696509.145496
2024-07-19T00:00:00Z,25572090274.377735
2024-07-18T00:00:00Z,25375767696.575565
2024-07-17T00:00:00Z,25365452477.085514
2024-07-16T00:00:00Z,25263108255.027447
2024-07-15T00:00:00Z,24895678378.704735
2024-07-14T00:00:00Z,24679835784.053684
2024-07-13T00:00:00Z,24637627819.967495
2024-07-12T00:00:00Z,24634108360.592632
2024-07-11T00:00:00Z,24679846182.63243
2024-07-10T00:00:00Z,24766127132.39192
2024-07-09T00:00:00Z,24724522589.7959
2024-07-08T00:00:00Z,24823261208.21648
2024-07-07T00:00:00Z,24756651140.057213
2024-07-06T00:00:00Z,24734630576.506313
2024-07-05T00:00:00Z,24526742205.560627
2024-07-04T00:00:00Z,24065487234.15076
2024-07-03T00:00:00Z,24093183918.52963
2024-07-02T00:00:00Z,24101814509.211452
2024-07-01T00:00:00Z,24108349916.761417
2024-06-30T00:00:00Z,24019237884.25304
2024-06-29T00:00:00Z,24181138413.908585
2024-06-28T00:00:00Z,24070339892.2576
2024-06-27T00:00:00Z,24099485158.405018
2024-06-26T00:00:00Z,24255020682.621387
2024-06-25T00:00:00Z,24206417877.614574
2024-06-24T00:00:00Z,24236655824.38892
2024-06-23T00:00:00Z,24513037679.252438
2024-06-22T00:00:00Z,24530785395.438633
2024-06-21T00:00:00Z,24618818921.894028
2024-06-20T00:00:00Z,24657296890.340332
2024-06-19T00:00:00Z,24586883943.81164
2024-06-18T00:00:00Z,24670569567.85219
2024-06-17T00:00:00Z,24324248853.029846
2024-06-16T00:00:00Z,23865911120.257328
2024-06-15T00:00:00Z,23922529900.223778
2024-06-14T00:00:00Z,24049597788.12449
2024-06-13T00:00:00Z,24069085906.772575
2024-06-12T00:00:00Z,24039473425.42314
2024-06-11T00:00:00Z,23863634541.792725
2024-06-10T00:00:00Z,23776351742.361633
2024-06-09T00:00:00Z,23745303828.865738
2024-06-08T00:00:00Z,23858660534.047173
2024-06-07T00:00:00Z,23961237278.027676
2024-06-06T00:00:00Z,24152140177.475227
2024-06-05T00:00:00Z,24040299231.255547
2024-06-04T00:00:00Z,24044665722.982246
2024-06-03T00:00:00Z,23892576164.632343
2024-06-02T00:00:00Z,23672851284.88592
2024-06-01T00:00:00Z,23726285538.448975
2024-05-31T00:00:00Z,23767697854.91346
2024-05-30T00:00:00Z,23761047898.92793
2024-05-29T00:00:00Z,23565310113.271637
2024-05-28T00:00:00Z,23713829018.136272
2024-05-27T00:00:00Z,23912375877.877205
2024-05-26T00:00:00Z,24011868851.86801
2024-05-25T00:00:00Z,24193148097.05262
2024-05-24T00:00:00Z,24205745847.527225
2024-05-23T00:00:00Z,23817923653.303608
2024-05-22T00:00:00Z,23995996334.55188
2024-05-21T00:00:00Z,24024486851.884415
2024-05-20T00:00:00Z,24541270099.51125
2024-05-19T00:00:00Z,24496152716.247734
2024-05-18T00:00:00Z,24393837042.121475
2024-05-17T00:00:00Z,24387217181.709793
2024-05-16T00:00:00Z,24237529255.60815
2024-05-15T00:00:00Z,23931287225.93087
2024-05-14T00:00:00Z,23323112001.592358
2024-05-13T00:00:00Z,23220775433.491997
2024-05-12T00:00:00Z,23257649512.87943
2024-05-11T00:00:00Z,23306524179.85887
2024-05-10T00:00:00Z,23280800260.096222
2024-05-09T00:00:00Z,23522310950.194355
2024-05-08T00:00:00Z,23710928223.915684
2024-05-07T00:00:00Z,23774161435.977867
2024-05-06T00:00:00Z,23822455560.655895
2024-05-05T00:00:00Z,23931472037.668564
2024-05-04T00:00:00Z,23885229813.599632
2024-05-03T00:00:00Z,24208884550.0085
2024-05-02T00:00:00Z,23878827503.033943
2024-05-01T00:00:00Z,23520056372.864662
2024-04-30T00:00:00Z,23670708475.96161
2024-04-29T00:00:00Z,24036549846.24361
2024-04-28T00:00:00Z,24040750437.178017
2024-04-27T00:00:00Z,24118092115.22044
2024-04-26T00:00:00Z,24288873507.60268
2024-04-25T00:00:00Z,24439906564.37413
2024-04-24T00:00:00Z,25177146974.291965
2024-04-23T00:00:00Z,25728197573.77807
2024-04-22T00:00:00Z,25643507047.936523
2024-04-21T00:00:00Z,25462191974.97014
2024-04-20T00:00:00Z,25462089897.078968
2024-04-19T00:00:00Z,25728927709.953117
2024-04-18T00:00:00Z,25393723558.977272
2024-04-17T00:00:00Z,24409198995.87331
2024-04-16T00:00:00Z,24277240814.272057
2024-04-15T00:00:00Z,24336009355.606583
2024-04-14T00:00:00Z,24184218086.100807
2024-04-13T00:00:00Z,23878489454.402092
2024-04-12T00:00:00Z,23691287323.92114
2024-04-11T00:00:00Z,24023881407.98927
2024-04-10T00:00:00Z,23995925683.981487
2024-04-09T00:00:00Z,24149894921.558395
2024-04-08T00:00:00Z,24062449446.917492
2024-04-07T00:00:00Z,24448217782.87437
2024-04-06T00:00:00Z,24273609256.94408
2024-04-05T00:00:00Z,24302849764.22349
2024-04-04T00:00:00Z,24539708640.13556
2024-04-03T00:00:00Z,24418396490.432358
2024-04-02T00:00:00Z,23813895420.913776
2024-04-01T00:00:00Z,23922241086.9536
2024-03-31T00:00:00Z,24162232907.144
2024-03-30T00:00:00Z,24412981206.67278
2024-03-29T00:00:00Z,24358866171.810177
2024-03-28T00:00:00Z,24718275595.42179
2024-03-27T00:00:00Z,24773466086.215042
2024-03-26T00:00:00Z,25323853583.341118
2024-03-25T00:00:00Z,25764956427.238815
2024-03-24T00:00:00Z,25378179785.32954
2024-03-23T00:00:00Z,25482998575.968964
2024-03-22T00:00:00Z,25504509306.23866
2024-03-21T00:00:00Z,25697811240.054012
2024-03-20T00:00:00Z,25308956536.284805
2024-03-19T00:00:00Z,25151757469.6764
2024-03-18T00:00:00Z,25138522370.71485
2024-03-17T00:00:00Z,25148407642.190468
2024-03-16T00:00:00Z,25180348855.435978
2024-03-15T00:00:00Z,25078236265.124107
2024-03-14T00:00:00Z,24806586152.661404
2024-03-13T00:00:00Z,24982127053.203907
2024-03-12T00:00:00Z,24616532742.108162
2024-03-11T00:00:00Z,24519480081.014908
2024-03-10T00:00:00Z,24550395715.101765
2024-03-09T00:00:00Z,24541606251.032856
2024-03-08T00:00:00Z,23957935676.51203
2024-03-07T00:00:00Z,23347924560.431007
2024-03-06T00:00:00Z,22918600716.46219
2024-03-05T00:00:00Z,22597447482.743233
2024-03-04T00:00:00Z,22665975349.784702
2024-03-03T00:00:00Z,22437098401.832092
2024-03-02T00:00:00Z,22321756811.087673
2024-03-01T00:00:00Z,22140090496.728294
2024-02-29T00:00:00Z,21938352297.377384
2024-02-28T00:00:00Z,22030803101.04589
2024-02-27T00:00:00Z,21843961790.1058
2024-02-26T00:00:00Z,21627722277.436867
2024-02-25T00:00:00Z,21428364814.11049
2024-02-24T00:00:00Z,21455873022.139843
2024-02-23T00:00:00Z,21468874857.093433
2024-02-22T00:00:00Z,21584805870.578777
2024-02-21T00:00:00Z,21790228525.748646
2024-02-20T00:00:00Z,22101589815.037563
2024-02-19T00:00:00Z,22109264914.702545
2024-02-18T00:00:00Z,22136255463.9171
2024-02-17T00:00:00Z,22242557018.139797
2024-02-16T00:00:00Z,22246463703.691574
2024-02-15T00:00:00Z,22170949160.571293
2024-02-14T00:00:00Z,21866925353.102604
2024-02-13T00:00:00Z,21568945129.66284
2024-02-12T00:00:00Z,21717386238.39109
2024-02-11T00:00:00Z,21753085622.821568
2024-02-10T00:00:00Z,21759362856.262245
2024-02-09T00:00:00Z,21720486397.13811
2024-02-08T00:00:00Z,22082664954.466473
2024-02-07T00:00:00Z,21704117033.552177
2024-02-06T00:00:00Z,21631955736.313206
2024-02-05T00:00:00Z,21610671848.870056
2024-02-04T00:00:00Z,21612527214.086494
2024-02-03T00:00:00Z,21566344848.761593
2024-02-02T00:00:00Z,21502374334.753426
2024-02-01T00:00:00Z,21611118006.388702
2024-01-31T00:00:00Z,21812986498.830524
2024-01-30T00:00:00Z,21638700962.023026
2024-01-29T00:00:00Z,21961254668.041214
2024-01-28T00:00:00Z,21942796457.896038
2024-01-27T00:00:00Z,21878134943.129665
2024-01-26T00:00:00Z,21861338978.620888
2024-01-25T00:00:00Z,21393043599.50548
2024-01-24T00:00:00Z,21311929472.081444
2024-01-23T00:00:00Z,21190818673.74943
2024-01-22T00:00:00Z,21229875830.080036
2024-01-21T00:00:00Z,21226528825.833347
2024-01-20T00:00:00Z,21339042785.800785
2024-01-19T00:00:00Z,21561265589.64957
2024-01-18T00:00:00Z,22042651433.60066
2024-01-17T00:00:00Z,22248760143.43237
2024-01-16T00:00:00Z,22023236394.991104
2024-01-15T00:00:00Z,21808170833.14738
2024-01-14T00:00:00Z,21812214628.763535
2024-01-13T00:00:00Z,21760482942.078663
2024-01-12T00:00:00Z,21820301541.35182
2024-01-11T00:00:00Z,22053199614.14027
2024-01-10T00:00:00Z,22011663485.76014
2024-01-09T00:00:00Z,22105433286.73245
2024-01-08T00:00:00Z,22149280586.933548
2024-01-07T00:00:00Z,22131744117.44696
2024-01-06T00:00:00Z,21914058461.17254
2024-01-05T00:00:00Z,21899530022.242878
2024-01-04T00:00:00Z,21535776234.35366
2024-01-03T00:00:00Z,21252401182.95679
2024-01-02T00:00:00Z,20766686583.25363
2024-01-01T00:00:00Z,20195953915.00939
2023-12-31T00:00:00Z,20367021199.232895
2023-12-30T00:00:00Z,20493160643.92491
2023-12-29T00:00:00Z,20583123615.38806
2023-12-28T00:00:00Z,20619406893.33454
2023-12-27T00:00:00Z,20339900855.794342
2023-12-26T00:00:00Z,20126541961.49862
2023-12-25T00:00:00Z,20320910813.116726
2023-12-24T00:00:00Z,20218907193.117374
2023-12-23T00:00:00Z,20171266595.717
2023-12-22T00:00:00Z,20037962068.276657
2023-12-21T00:00:00Z,19905780541.905594
2023-12-20T00:00:00Z,19871406779.3241
2023-12-19T00:00:00Z,19749603411.290806
2023-12-18T00:00:00Z,19713030582.275635
2023-12-17T00:00:00Z,19816858624.002872
2023-12-16T00:00:00Z,19805873838.791042
2023-12-15T00:00:00Z,19835031993.812805
2023-12-14T00:00:00Z,19935768697.52961
2023-12-13T00:00:00Z,19890552553.726185
2023-12-12T00:00:00Z,19898553473.44071
2023-12-11T00:00:00Z,20114259714.666653
2023-12-10T00:00:00Z,20181428239.181168
2023-12-09T00:00:00Z,20301341237.803234
2023-12-08T00:00:00Z,20262664079.516773
2023-12-07T00:00:00Z,20021800051.770752
2023-12-06T00:00:00Z,19924807206.34384
2023-12-05T00:00:00Z,20020652089.42251
2023-12-04T00:00:00Z,19984477197.79754
2023-12-03T00:00:00Z,20019386378.982315
2023-12-02T00:00:00Z,19827883696.929676
2023-12-01T00:00:00Z,19895822176.929924
2023-11-30T00:00:00Z,19711968422.748535
2023-11-29T00:00:00Z,19794576736.8048
2023-11-28T00:00:00Z,19782102386.104004
2023-11-27T00:00:00Z,19632391467.05076
2023-11-26T00:00:00Z,19763816826.61398
2023-11-25T00:00:00Z,19771460717.54457
2023-11-24T00:00:00Z,19774310215.82581
2023-11-23T00:00:00Z,19561169932.489002
2023-11-22T00:00:00Z,19382122159.353405
2023-11-21T00:00:00Z,19419265750.959003
2023-11-20T00:00:00Z,19558592789.212032
2023-11-19T00:00:00Z,19432160297.09952
2023-11-18T00:00:00Z,19389352078.306656
2023-11-17T00:00:00Z,19321384412.259
2023-11-16T00:00:00Z,19314334408.58954
2023-11-15T00:00:00Z,19297542062.66854
2023-11-14T00:00:00Z,19252162068.33839
2023-11-13T00:00:00Z,19240990059.419624
2023-11-12T00:00:00Z,19423795326.001736
2023-11-11T00:00:00Z,19401167431.447124
2023-11-10T00:00:00Z,19445671940.53181
2023-11-09T00:00:00Z,19288431369.34776
2023-11-08T00:00:00Z,19301427376.98718
2023-11-07T00:00:00Z,19323480218.197132
2023-11-06T00:00:00Z,19275390374.865116
2023-11-05T00:00:00Z,19253016290.35523
2023-11-04T00:00:00Z,19223259953.017376
2023-11-03T00:00:00Z,19141770867.302197
2023-11-02T00:00:00Z,19041839393.327213
2023-11-01T00:00:00Z,19041500982.57785
2023-10-31T00:00:00Z,19021875896.19397
2023-10-30T00:00:00Z,19267801530.78865
2023-10-29T00:00:00Z,19300386848.629417
2023-10-28T00:00:00Z,19270690690.715675
2023-10-27T00:00:00Z,19251329363.72569
2023-10-26T00:00:00Z,19296897724.476425
2023-10-25T00:00:00Z,19326672858.472404
2023-10-24T00:00:00Z,19270742064.570988
2023-10-23T00:00:00Z,19484496084.31495
2023-10-22T00:00:00Z,19362283831.652615
2023-10-21T00:00:00Z,19230604450.476078
2023-10-20T00:00:00Z,19241346660.582832
2023-10-19T00:00:00Z,19157367121.149277
2023-10-18T00:00:00Z,19123217369.237213
2023-10-17T00:00:00Z,19145759467.353985
2023-10-16T00:00:00Z,19101249732.463562
2023-10-15T00:00:00Z,18857731610.12253
2023-10-14T00:00:00Z,18761889658.349533
2023-10-13T00:00:00Z,18743745560.81711
2023-10-12T00:00:00Z,18789166547.836395
2023-10-11T00:00:00Z,18847073246.33396
2023-10-10T00:00:00Z,18985983841.208603
2023-10-09T00:00:00Z,19013092647.288475
2023-10-08T00:00:00Z,18999099161.19545
2023-10-07T00:00:00Z,18999390337.547462
2023-10-06T00:00:00Z,18991943419.84289
2023-10-05T00:00:00Z,19007068929.862354
2023-10-04T00:00:00Z,18924639681.971764
2023-10-03T00:00:00Z,19029725764.644936
2023-10-02T00:00:00Z,19159244234.23891
2023-10-01T00:00:00Z,18835065213.78465
2023-09-30T00:00:00Z,18810955216.715405
2023-09-29T00:00:00Z,18735831206.157997
2023-09-28T00:00:00Z,18876618437.43201
2023-09-27T00:00:00Z,18710867853.7467
2023-09-26T00:00:00Z,18793108964.847572
2023-09-25T00:00:00Z,18790907241.75366
2023-09-24T00:00:00Z,18963887817.442856
2023-09-23T00:00:00Z,18979031578.25612
2023-09-22T00:00:00Z,18990297066.42359
2023-09-21T00:00:00Z,19027228194.22965
2023-09-20T00:00:00Z,19122796000.54541
2023-09-19T00:00:00Z,19251859609.42936
2023-09-18T00:00:00Z,19125705715.837177
2023-09-17T00:00:00Z,19159977800.98921
2023-09-16T00:00:00Z,19149358891.025146
2023-09-15T00:00:00Z,19107109639.265694
2023-09-14T00:00:00Z,19279124157.782223
2023-09-13T00:00:00Z,19177730093.25868
2023-09-12T00:00:00Z,19142225714.288177
2023-09-11T00:00:00Z,19260890846.100967
2023-09-10T00:00:00Z,19140787068.730755
2023-09-09T00:00:00Z,19116381132.477997
2023-09-08T00:00:00Z,19066587007.302647
2023-09-07T00:00:00Z,19079689200.7657
2023-09-06T00:00:00Z,19230791394.018066
2023-09-05T00:00:00Z,19340217812.817623
2023-09-04T00:00:00Z,19432191877.70807
2023-09-03T00:00:00Z,19417156747.104225
2023-09-02T00:00:00Z,19372066889.910522
2023-09-01T00:00:00Z,19394639747.185535
2023-08-31T00:00:00Z,19529044522.453533
2023-08-30T00:00:00Z,19720850271.490906
2023-08-29T00:00:00Z,19696937112.66172
2023-08-28T00:00:00Z,19393548898.332542
2023-08-27T00:00:00Z,19178337415.389065
2023-08-26T00:00:00Z,19175493512.754913
2023-08-25T00:00:00Z,19111114293.47519
2023-08-24T00:00:00Z,19242040155.779438
2023-08-23T00:00:00Z,19312269686.499836
2023-08-22T00:00:00Z,19154884101.39298
2023-08-21T00:00:00Z,19160802249.42038
2023-08-20T00:00:00Z,19055883222.625923
2023-08-19T00:00:00Z,19026779006.370502
2023-08-18T00:00:00Z,18845613194.182102
2023-08-17T00:00:00Z,18903349868.838432
2023-08-16T00:00:00Z,19091310810.388653
2023-08-15T00:00:00Z,19112237857.74046
2023-08-14T00:00:00Z,19054440559.070423
2023-08-13T00:00:00Z,19129986139.16152
2023-08-12T00:00:00Z,19155229146.14134
2023-08-11T00:00:00Z,19169909177.97854
2023-08-10T00:00:00Z,19133047550.376945
2023-08-09T00:00:00Z,19316899521.950066
2023-08-08T00:00:00Z,19340458593.216694
2023-08-07T00:00:00Z,19137701784.554565
2023-08-06T00:00:00Z,19151203972.444447
2023-08-05T00:00:00Z,19221021951.3789
2023-08-04T00:00:00Z,19243665608.999226
2023-08-03T00:00:00Z,19485631870.352932
2023-08-02T00:00:00Z,19373537626.39699
2023-08-01T00:00:00Z,19418658291.04198
2023-07-31T00:00:00Z,19436482546.74509
2023-07-30T00:00:00Z,19517479507.860588
2023-07-29T00:00:00Z,19492391944.306305
2023-07-28T00:00:00Z,19378308599.48266
2023-07-27T00:00:00Z,19393542314.080883
2023-07-26T00:00:00Z,19342289583.183468
2023-07-25T00:00:00Z,19278848419.26785
2023-07-24T00:00:00Z,19245893687.042633
2023-07-23T00:00:00Z,19261235139.156708
2023-07-22T00:00:00Z,19280652780.465763
2023-07-21T00:00:00Z,19192039950.67053
2023-07-20T00:00:00Z,19161145821.179264
2023-07-19T00:00:00Z,19091922474.80219
2023-07-18T00:00:00Z,19037745818.248905
2023-07-17T00:00:00Z,19144351121.43344
2023-07-16T00:00:00Z,19298368442.173054
2023-07-15T00:00:00Z,19230291914.278908
2023-07-14T00:00:00Z,19267100344.29213
2023-07-13T00:00:00Z,19224750327.788216
2023-07-12T00:00:00Z,19064710746.91768
2023-07-11T00:00:00Z,19373371807.55529
2023-07-10T00:00:00Z,19245703162.37336
2023-07-09T00:00:00Z,19277156567.913315
2023-07-08T00:00:00Z,19259269745.10871
2023-07-07T00:00:00Z,19265319578.303303
2023-07-06T00:00:00Z,19347203445.814953
2023-07-05T00:00:00Z,19359543451.043877
2023-07-04T00:00:00Z,19323662343.14941
2023-07-03T00:00:00Z,19302725890.604877
2023-07-02T00:00:00Z,18895714639.77417
2023-07-01T00:00:00Z,18852860213.931164
2023-06-30T00:00:00Z,18778327284.22716
2023-06-29T00:00:00Z,19251429277.004723
2023-06-28T00:00:00Z,19225399019.134098
2023-06-27T00:00:00Z,19283477404.28751
2023-06-26T00:00:00Z,19432446562.02934
2023-06-25T00:00:00Z,19314442924.519814
2023-06-24T00:00:00Z,19377303758.98877
2023-06-23T00:00:00Z,19382871728.72639
2023-06-22T00:00:00Z,19412358081.07112
2023-06-21T00:00:00Z,19350326202.03464
2023-06-20T00:00:00Z,19237584205.840496
2023-06-19T00:00:00Z,18831523807.86957
2023-06-18T00:00:00Z,18620093611.759117
2023-06-17T00:00:00Z,18568372313.57797
2023-06-16T00:00:00Z,18579649211.191147
2023-06-15T00:00:00Z,17279357573.029198
2023-06-14T00:00:00Z,16753291198.50767
2023-06-13T00:00:00Z,16824479179.764053
2023-06-12T00:00:00Z,16783486591.705023
2023-06-11T00:00:00Z,16221306604.81286
2023-06-10T00:00:00Z,16399783742.635326
2023-06-09T00:00:00Z,16465311227.692976
2023-06-08T00:00:00Z,16755129925.942139
2023-06-07T00:00:00Z,16758444417.767546
2023-06-06T00:00:00Z,17093550980.055073
2023-06-05T00:00:00Z,17363011699.145325
2023-06-04T00:00:00Z,17641321317.02168
2023-06-03T00:00:00Z,17652891687.380173
2023-06-02T00:00:00Z,17699490639.998695
2023-06-01T00:00:00Z,17767268696.334473
2023-05-31T00:00:00Z,17742215509.162567
2023-05-30T00:00:00Z,18027125652.1775
2023-05-29T00:00:00Z,18000082172.828293
2023-05-28T00:00:00Z,17957996345.45969
2023-05-27T00:00:00Z,18010704758.258953
2023-05-26T00:00:00Z,17995116151.547855
2023-05-25T00:00:00Z,17569361532.668903
2023-05-24T00:00:00Z,17559493239.57445
2023-05-23T00:00:00Z,17401061494.200447
2023-05-22T00:00:00Z,17460524122.38944
2023-05-21T00:00:00Z,17377288212.764168
2023-05-20T00:00:00Z,17258800805.627766
2023-05-19T00:00:00Z,17176123795.767658
2023-05-18T00:00:00Z,17264460707.934803
2023-05-17T00:00:00Z,17347132684.635975
2023-05-16T00:00:00Z,17537302896.650726
2023-05-15T00:00:00Z,17786964031.22879
2023-05-14T00:00:00Z,17868562172.573288
2023-05-13T00:00:00Z,17872129184.5929
2023-05-12T00:00:00Z,17790561974.38238
2023-05-11T00:00:00Z,17759499923.41703
2023-05-10T00:00:00Z,17815509818.75246
2023-05-09T00:00:00Z,17990480465.33684
2023-05-08T00:00:00Z,18216269938.462173
2023-05-07T00:00:00Z,18200523388.99632
2023-05-06T00:00:00Z,18265691557.65427
2023-05-05T00:00:00Z,18348101318.388203
2023-05-04T00:00:00Z,18120607735.103916
2023-05-03T00:00:00Z,18187397988.897594
2023-05-02T00:00:00Z,18370306034.905575
2023-05-01T00:00:00Z,18439069499.343643
2023-04-30T00:00:00Z,18488299453.51844
2023-04-29T00:00:00Z,18524242062.170513
2023-04-28T00:00:00Z,18414552572.660175
2023-04-27T00:00:00Z,18627736370.765026
2023-04-26T00:00:00Z,18964676157.03718
2023-04-25T00:00:00Z,18935967287.223408
2023-04-24T00:00:00Z,18945217298.597862
2023-04-23T00:00:00Z,18978604474.97162
2023-04-22T00:00:00Z,18967456461.45046
2023-04-21T00:00:00Z,19065963801.710606
2023-04-20T00:00:00Z,19275353052.085773
2023-04-19T00:00:00Z,19228205615.234253
2023-04-18T00:00:00Z,19162184511.861668
2023-04-17T00:00:00Z,19353425492.213737
2023-04-16T00:00:00Z,19322680720.119118
2023-04-15T00:00:00Z,19369787181.031208
2023-04-14T00:00:00Z,19274914730.5143
2023-04-13T00:00:00Z,19526683370.441086
2023-04-12T00:00:00Z,19565067249.179596
2023-04-11T00:00:00Z,19552682244.62908
2023-04-10T00:00:00Z,19413824459.415703
2023-04-09T00:00:00Z,19091410548.946835
2023-04-08T00:00:00Z,19171156787.488068
2023-04-07T00:00:00Z,19163112653.06982
2023-04-06T00:00:00Z,19132721963.663086
2023-04-05T00:00:00Z,18962112759.41169
2023-04-04T00:00:00Z,18940916524.764122
2023-04-03T00:00:00Z,18870482462.21655
2023-04-02T00:00:00Z,19085449202.73935
2023-04-01T00:00:00Z,19128714182.107483
2023-03-31T00:00:00Z,19266276342.973927
2023-03-30T00:00:00Z,19410981745.839832
2023-03-29T00:00:00Z,19709328387.12906
2023-03-28T00:00:00Z,20059771400.14988
2023-03-27T00:00:00Z,20117512298.72484
2023-03-26T00:00:00Z,20731588439.917633
2023-03-25T00:00:00Z,20761422414.476425
2023-03-24T00:00:00Z,20758307539.774162
2023-03-23T00:00:00Z,21290356593.82612
2023-03-22T00:00:00Z,21996256331.967457
2023-03-21T00:00:00Z,22088511984.686523
2023-03-20T00:00:00Z,22474209967.42091
2023-03-19T00:00:00Z,22960380704.88424
2023-03-18T00:00:00Z,22964512280.84524
2023-03-17T00:00:00Z,22909962854.592594
2023-03-16T00:00:00Z,23587729989.3344
2023-03-15T00:00:00Z,23619807164.154724
2023-03-14T00:00:00Z,24134364161.704
2023-03-13T00:00:00Z,24368817639.644802
2023-03-12T00:00:00Z,25099051561.41795
2023-03-11T00:00:00Z,25072410480.230877
2023-03-10T00:00:00Z,24188522840.278877
2023-03-09T00:00:00Z,24406742949.26874
2023-03-08T00:00:00Z,24662116078.334404
2023-03-07T00:00:00Z,24737447084.68488
2023-03-06T00:00:00Z,25024728760.470646
2023-03-05T00:00:00Z,25296778580.346443
2023-03-04T00:00:00Z,25231312262.12628
2023-03-03T00:00:00Z,23863515387.79665
2023-03-02T00:00:00Z,23511497988.948593
2023-03-01T00:00:00Z,23512321127.086964
2023-02-28T00:00:00Z,23703501458.66734
2023-02-27T00:00:00Z,23815391271.807198
2023-02-26T00:00:00Z,24012300101.796936
2023-02-25T00:00:00Z,23958919929.115948
2023-02-24T00:00:00Z,24015222070.238346
2023-02-23T00:00:00Z,24320131739.63377
2023-02-22T00:00:00Z,24434916623.058533
2023-02-21T00:00:00Z,24923662659.993607
2023-02-20T00:00:00Z,25123982490.840694
2023-02-19T00:00:00Z,25234592288.6518
2023-02-18T00:00:00Z,25231372942.98967
2023-02-17T00:00:00Z,25193046576.454853
2023-02-16T00:00:00Z,25594417587.67585
2023-02-15T00:00:00Z,25679813695.110725
2023-02-14T00:00:00Z,26117464666.59502
2023-02-13T00:00:00Z,26270920034.733604
2023-02-12T00:00:00Z,26887091790.38043
2023-02-11T00:00:00Z,26922676332.521946
2023-02-10T00:00:00Z,27066432010.67872
2023-02-09T00:00:00Z,26954072384.66365
2023-02-08T00:00:00Z,27201162265.80844
2023-02-07T00:00:00Z,27475499671.986954
2023-02-06T00:00:00Z,27500886486.08176
2023-02-05T00:00:00Z,27967382495.873257
2023-02-04T00:00:00Z,27853184321.411854
2023-02-03T00:00:00Z,27866715256.657
2023-02-02T00:00:00Z,28025786138.49472
2023-02-01T00:00:00Z,27941767678.573654
2023-01-31T00:00:00Z,27744775670.295555
2023-01-30T00:00:00Z,27753652880.587803
2023-01-29T00:00:00Z,28049782880.075474
2023-01-28T00:00:00Z,28138616879.240486
2023-01-27T00:00:00Z,28271816131.72635
2023-01-26T00:00:00Z,28514931823.27786
2023-01-25T00:00:00Z,28243923440.40466
2023-01-24T00:00:00Z,28257517851.269638
2023-01-23T00:00:00Z,28508849691.377277
2023-01-22T00:00:00Z,28809476552.8827
2023-01-21T00:00:00Z,29105835750.6536
2023-01-20T00:00:00Z,29025492384.03426
2023-01-19T00:00:00Z,28897242192.09749
2023-01-18T00:00:00Z,29091016882.79142
2023-01-17T00:00:00Z,29416219760.863476
2023-01-16T00:00:00Z,29761507946.458084
2023-01-15T00:00:00Z,29671010965.60524
2023-01-14T00:00:00Z,29590720099.776722
2023-01-13T00:00:00Z,29595488283.495472
2023-01-12T00:00:00Z,30300108472.348743
2023-01-11T00:00:00Z,29990544837.57387
2023-01-10T00:00:00Z,29958930633.057575
2023-01-09T00:00:00Z,29898632344.303127
2023-01-08T00:00:00Z,30193566956.79096
2023-01-07T00:00:00Z,30169182261.90101
2023-01-06T00:00:00Z,30143884270.840286
2023-01-05T00:00:00Z,30534067146.17967
2023-01-04T00:00:00Z,30607429259.09917
2023-01-03T00:00:00Z,30371632773.67421
2023-01-02T00:00:00Z,30529112359.379124
2023-01-01T00:00:00Z,30244492042.161766
2022-12-31T00:00:00Z,30154452347.233017
2022-12-30T00:00:00Z,30202201230.81897
2022-12-29T00:00:00Z,30228436256.168983
2022-12-28T00:00:00Z,30389839410.728638
2022-12-27T00:00:00Z,30315287007.95368
2022-12-26T00:00:00Z,30445981712.380264
2022-12-25T00:00:00Z,30332634208.165432
2022-12-24T00:00:00Z,30524008755.712265
2022-12-23T00:00:00Z,30362959685.534718
2022-12-22T00:00:00Z,30755276747.766266
2022-12-21T00:00:00Z,30895153088.86418
2022-12-20T00:00:00Z,31002353841.16834
2022-12-19T00:00:00Z,31214431060.85542
2022-12-18T00:00:00Z,31494797469.98891
2022-12-17T00:00:00Z,31554204490.190315
2022-12-16T00:00:00Z,31720426402.059517
2022-12-15T00:00:00Z,32264331843.079597
2022-12-14T00:00:00Z,32341393299.285057
2022-12-13T00:00:00Z,32847968147.05499
2022-12-12T00:00:00Z,32080322858.70228
2022-12-11T00:00:00Z,32939161791.079235
2022-12-10T00:00:00Z,32964337170.205776
2022-12-09T00:00:00Z,32799892769.77983
2022-12-08T00:00:00Z,32892060364.08696
2022-12-07T00:00:00Z,32865280260.845745
2022-12-06T00:00:00Z,32983440971.227013
2022-12-05T00:00:00Z,32969269897.385338
2022-12-04T00:00:00Z,33109944229.826584
2022-12-03T00:00:00Z,33144154211.61184
2022-12-02T00:00:00Z,33087330372.45998
2022-12-01T00:00:00Z,32919379649.313206
2022-11-30T00:00:00Z,33059019998.501293
2022-11-29T00:00:00Z,32984156845.40794
2022-11-28T00:00:00Z,33399903504.246048
2022-11-27T00:00:00Z,33963728989.82321
2022-11-26T00:00:00Z,33981171995.04559
2022-11-25T00:00:00Z,33746304592.30678
2022-11-24T00:00:00Z,34136104322.736073
2022-11-23T00:00:00Z,34124457046.02469
2022-11-22T00:00:00Z,34066976127.52621
2022-11-21T00:00:00Z,33827241742.675888
2022-11-20T00:00:00Z,34016667411.06858
2022-11-19T00:00:00Z,33955079237.17468
2022-11-18T00:00:00Z,34167416892.23549
2022-11-17T00:00:00Z,32685421579.77502
2022-11-16T00:00:00Z,32861286426.09192
2022-11-15T00:00:00Z,33734479971.42905
2022-11-14T00:00:00Z,33441992528.573326
2022-11-13T00:00:00Z,33419581788.908386
2022-11-12T00:00:00Z,34425616745.5997
2022-11-11T00:00:00Z,35092568451.31577
2022-11-10T00:00:00Z,35186384052.20241
2022-11-09T00:00:00Z,34897401614.234116
2022-11-08T00:00:00Z,35475405360.86103
2022-11-07T00:00:00Z,35720354730.44918
2022-11-06T00:00:00Z,35704780508.362686
2022-11-05T00:00:00Z,35987863403.72696
2022-11-04T00:00:00Z,36382729665.71658
2022-11-03T00:00:00Z,36101115987.12728
2022-11-02T00:00:00Z,35654165269.2291
2022-11-01T00:00:00Z,36008512252.692406
2022-10-31T00:00:00Z,35615756951.25647
2022-10-30T00:00:00Z,35759225122.856384
2022-10-29T00:00:00Z,35775335379.0388
2022-10-28T00:00:00Z,35736220374.40427
2022-10-27T00:00:00Z,35335522807.8052
2022-10-26T00:00:00Z,35566321270.780945
2022-10-25T00:00:00Z,35611220991.937706
2022-10-24T00:00:00Z,35548163555.812096
2022-10-23T00:00:00Z,35500010215.10238
2022-10-22T00:00:00Z,35462275957.36547
2022-10-21T00:00:00Z,35353043408.98173
2022-10-20T00:00:00Z,35449305087.027016
2022-10-19T00:00:00Z,35684394601.68183
2022-10-18T00:00:00Z,35459423942.98593
2022-10-17T00:00:00Z,35345528464.11869
2022-10-16T00:00:00Z,35272212539.74575
2022-10-15T00:00:00Z,35355010364.10315
2022-10-14T00:00:00Z,35348251898.22389
2022-10-13T00:00:00Z,35497240302.5985
2022-10-12T00:00:00Z,35056940316.37118
2022-10-11T00:00:00Z,35441205708.123505
2022-10-10T00:00:00Z,34926693738.02629
2022-10-09T00:00:00Z,35107740045.1234
2022-10-08T00:00:00Z,35078949879.70519
2022-10-07T00:00:00Z,35262084697.05187
2022-10-06T00:00:00Z,35017408679.68951
2022-10-05T00:00:00Z,35485790387.420456
2022-10-04T00:00:00Z,35235942527.54417
2022-10-03T00:00:00Z,34972433535.09093
2022-10-02T00:00:00Z,34926838566.75108
2022-10-01T00:00:00Z,34769950267.26085
2022-09-30T00:00:00Z,34751457381.462715
2022-09-29T00:00:00Z,34987598972.189514
2022-09-28T00:00:00Z,35486533327.15726
2022-09-27T00:00:00Z,35854060579.63478
2022-09-26T00:00:00Z,35649375095.52797
2022-09-25T00:00:00Z,35623238709.585335
2022-09-24T00:00:00Z,35807340261.405754
2022-09-23T00:00:00Z,35871279184.61379
2022-09-22T00:00:00Z,36060645878.23062
2022-09-21T00:00:00Z,35921956116.37222
2022-09-20T00:00:00Z,35780748958.175255
2022-09-19T00:00:00Z,35723679237.3053
2022-09-18T00:00:00Z,35308291224.19843
2022-09-17T00:00:00Z,35324739480.39802
2022-09-16T00:00:00Z,35301446945.18667
2022-09-15T00:00:00Z,35356870485.65252
2022-09-14T00:00:00Z,34827670957.312225
2022-09-13T00:00:00Z,35030938737.46982
2022-09-12T00:00:00Z,34972910570.97108
2022-09-11T00:00:00Z,35119666121.09989
2022-09-10T00:00:00Z,35127573736.21546
2022-09-09T00:00:00Z,35180999643.488
2022-09-08T00:00:00Z,35017439305.06627
2022-09-07T00:00:00Z,34731252013.16557
2022-09-06T00:00:00Z,34850986068.97892
2022-09-05T00:00:00Z,34646465810.09229
2022-09-04T00:00:00Z,34582242591.07211
2022-09-03T00:00:00Z,34716368583.36749
2022-09-02T00:00:00Z,34691674273.443695
2022-09-01T00:00:00Z,34583826469.08836
2022-08-31T00:00:00Z,34589179232.86054
2022-08-30T00:00:00Z,34620907848.67784
2022-08-29T00:00:00Z,34542956584.7547
2022-08-28T00:00:00Z,34329461886.01363
2022-08-27T00:00:00Z,34583098597.842804
2022-08-26T00:00:00Z,34466358067.91982
2022-08-25T00:00:00Z,34296039362.25991
2022-08-24T00:00:00Z,34415490224.12685
2022-08-23T00:00:00Z,34499294000.630135
2022-08-22T00:00:00Z,34639095484.324455
2022-08-21T00:00:00Z,34715608874.64958
2022-08-20T00:00:00Z,34773950259.072334
2022-08-19T00:00:00Z,34863057441.18411
2022-08-18T00:00:00Z,35104277252.55913
2022-08-17T00:00:00Z,35357682794.457535
2022-08-16T00:00:00Z,35172537442.01182
2022-08-15T00:00:00Z,35527472477.53751
2022-08-14T00:00:00Z,35257027983.61725
2022-08-13T00:00:00Z,35321602781.18522
2022-08-12T00:00:00Z,35413009990.25699
2022-08-11T00:00:00Z,35642653667.450165
2022-08-10T00:00:00Z,35614528857.1976
2022-08-09T00:00:00Z,35287520184.1657
2022-08-08T00:00:00Z,35271185857.07545
2022-08-07T00:00:00Z,35235037555.773575
2022-08-06T00:00:00Z,35295420625.18617
2022-08-05T00:00:00Z,35333448840.56422
2022-08-04T00:00:00Z,35311804911.79702
2022-08-03T00:00:00Z,35443115346.1549
2022-08-02T00:00:00Z,35473416543.95046
2022-08-01T00:00:00Z,35379879142.84272
2022-07-31T00:00:00Z,35247457054.28052
2022-07-30T00:00:00Z,35233916837.27952
2022-07-29T00:00:00Z,35247958798.503
2022-07-28T00:00:00Z,35073313596.98401
2022-07-27T00:00:00Z,35148725311.43484
2022-07-26T00:00:00Z,35168933175.24331
2022-07-25T00:00:00Z,35312488071.54464
2022-07-24T00:00:00Z,35117476872.96753
2022-07-23T00:00:00Z,35234527814.835106
2022-07-22T00:00:00Z,35185488832.94784
2022-07-21T00:00:00Z,34936663720.403275
2022-07-20T00:00:00Z,35075681769.55119
2022-07-19T00:00:00Z,35211304417.100975
2022-07-18T00:00:00Z,35307992777.37019
2022-07-17T00:00:00Z,35251188409.17018
2022-07-16T00:00:00Z,35253991022.12336
2022-07-15T00:00:00Z,35237460231.56505
2022-07-14T00:00:00Z,35739039744.67854
2022-07-13T00:00:00Z,35731794154.85435
2022-07-12T00:00:00Z,35453704029.09526
2022-07-11T00:00:00Z,35401867874.444664
2022-07-10T00:00:00Z,35433111633.985374
2022-07-09T00:00:00Z,35371532189.10682
2022-07-08T00:00:00Z,35337571071.404526
2022-07-07T00:00:00Z,35153186663.4385
2022-07-06T00:00:00Z,35195150495.168274
2022-07-05T00:00:00Z,34991395863.50419
2022-07-04T00:00:00Z,34972227310.25056
2022-07-03T00:00:00Z,34970858550.81482
2022-07-02T00:00:00Z,35026116150.20381
2022-07-01T00:00:00Z,35411447021.61278
2022-06-30T00:00:00Z,35404069942.778854
2022-06-29T00:00:00Z,35263511698.912796
2022-06-28T00:00:00Z,34987125496.992905
2022-06-27T00:00:00Z,35198700696.72735
2022-06-26T00:00:00Z,34943864277.98844
2022-06-25T00:00:00Z,34938085037.25332
2022-06-24T00:00:00Z,34712947151.63191
2022-06-23T00:00:00Z,34715210987.35136
2022-06-22T00:00:00Z,35070448183.01326
2022-06-21T00:00:00Z,35630491795.67087
2022-06-20T00:00:00Z,35335114745.70571
2022-06-19T00:00:00Z,35514750835.76971
2022-06-18T00:00:00Z,35490032030.011856
2022-06-17T00:00:00Z,35845342954.58656
2022-06-16T00:00:00Z,36675082692.78324
2022-06-15T00:00:00Z,36117628661.02507
2022-06-14T00:00:00Z,36118581730.77676
2022-06-13T00:00:00Z,36186884937.4371
2022-06-12T00:00:00Z,36249554834.265724
2022-06-11T00:00:00Z,36470204018.906975
2022-06-10T00:00:00Z,36364089557.16001
2022-06-09T00:00:00Z,36255309291.934685
2022-06-08T00:00:00Z,36338962827.56435
2022-06-07T00:00:00Z,36402365791.13223
2022-06-06T00:00:00Z,36145716112.14259
2022-06-05T00:00:00Z,36102218532.64881
2022-06-04T00:00:00Z,36160766032.57343
2022-06-03T00:00:00Z,36235879562.86203
2022-06-02T00:00:00Z,36483635376.62378
2022-06-01T00:00:00Z,36700919061.17082
2022-05-31T00:00:00Z,36734660720.77762
2022-05-30T00:00:00Z,36386398946.82007
2022-05-29T00:00:00Z,36147892123.961426
2022-05-28T00:00:00Z,36226005267.35698
2022-05-27T00:00:00Z,36191671866.839516
2022-05-26T00:00:00Z,36544340279.91223
2022-05-25T00:00:00Z,36925333209.71941
2022-05-24T00:00:00Z,37020331213.359055
2022-05-23T00:00:00Z,36918043004.36523
2022-05-22T00:00:00Z,37425890884.210976
2022-05-21T00:00:00Z,37952327253.34211
2022-05-20T00:00:00Z,37596919013.04703
2022-05-19T00:00:00Z,38002434200.573135
2022-05-18T00:00:00Z,37587538205.41028
2022-05-17T00:00:00Z,37158470528.55699
2022-05-16T00:00:00Z,37946243950.49579
2022-05-15T00:00:00Z,37083316270.92259
2022-05-14T00:00:00Z,37011205824.700836
2022-05-13T00:00:00Z,36628896681.2688
2022-05-12T00:00:00Z,36821442096.628
2022-05-11T00:00:00Z,34387019215.644714
2022-05-10T00:00:00Z,34307255525.51463
2022-05-09T00:00:00Z,34353832561.347744
2022-05-08T00:00:00Z,35011177217.85994
2022-05-07T00:00:00Z,34998097532.10891
2022-05-06T00:00:00Z,34910881430.221016
2022-05-05T00:00:00Z,35119798642.66094
2022-05-04T00:00:00Z,34909169173.69856
2022-05-03T00:00:00Z,35040443884.220825
2022-05-02T00:00:00Z,35376203079.43856
2022-05-01T00:00:00Z,35301395270.4878
2022-04-30T00:00:00Z,35211523657.09458
2022-04-29T00:00:00Z,35056001701.582855
2022-04-28T00:00:00Z,34952471453.54216
2022-04-27T00:00:00Z,34844066397.89223
2022-04-26T00:00:00Z,35033225003.7053
2022-04-25T00:00:00Z,35686367411.7409
2022-04-24T00:00:00Z,35717160043.40755
2022-04-23T00:00:00Z,36230509852.15392
2022-04-22T00:00:00Z,36143079361.460335
2022-04-21T00:00:00Z,35826715396.72617
2022-04-20T00:00:00Z,35748130495.35665
2022-04-19T00:00:00Z,35154098985.05902
2022-04-18T00:00:00Z,35209009562.08453
2022-04-17T00:00:00Z,35252280408.18182
2022-04-16T00:00:00Z,35216345419.418785
2022-04-15T00:00:00Z,35267940503.08493
2022-04-14T00:00:00Z,35364279749.0964
2022-04-13T00:00:00Z,35388056796.44644
2022-04-12T00:00:00Z,35739415507.8795
2022-04-11T00:00:00Z,35745417917.7337
2022-04-10T00:00:00Z,35910857851.779816
2022-04-09T00:00:00Z,35726995790.73242
2022-04-08T00:00:00Z,35536537238.8149
2022-04-07T00:00:00Z,35744324618.44165
2022-04-06T00:00:00Z,35870701287.56201
2022-04-05T00:00:00Z,35940191484.686844
2022-04-04T00:00:00Z,36061089254.40154
2022-04-03T00:00:00Z,36307133080.593475
2022-04-02T00:00:00Z,36291849862.778465
2022-04-01T00:00:00Z,36184507682.90249
2022-03-31T00:00:00Z,35454141711.313736
2022-03-30T00:00:00Z,35620632252.791275
2022-03-29T00:00:00Z,35402338086.724144
2022-03-28T00:00:00Z,35475920960.144325
2022-03-27T00:00:00Z,35471026820.77004
2022-03-26T00:00:00Z,35280370947.91344
2022-03-25T00:00:00Z,35363793288.01251
2022-03-24T00:00:00Z,35584682926.30797
2022-03-23T00:00:00Z,35540773824.787636
2022-03-22T00:00:00Z,35690974994.418724
2022-03-21T00:00:00Z,35762624620.66792
2022-03-20T00:00:00Z,35740222378.31232
2022-03-19T00:00:00Z,35823700856.142
2022-03-18T00:00:00Z,35703305745.80866
2022-03-17T00:00:00Z,35451149215.38667
2022-03-16T00:00:00Z,35641056328.15022
2022-03-15T00:00:00Z,35602647550.31006
2022-03-14T00:00:00Z,35803530377.4597
2022-03-13T00:00:00Z,35885572156.701126
2022-03-12T00:00:00Z,35690149597.142204
2022-03-11T00:00:00Z,35748972592.1339
2022-03-10T00:00:00Z,35757301270.06894
2022-03-09T00:00:00Z,35507651888.67883
2022-03-08T00:00:00Z,35694056997.58022
2022-03-07T00:00:00Z,35486309675.57675
2022-03-06T00:00:00Z,35721305656.55903
2022-03-05T00:00:00Z,35627359291.52319
2022-03-04T00:00:00Z,35824775826.24098
2022-03-03T00:00:00Z,35960803189.41138
2022-03-02T00:00:00Z,36448569791.9399
2022-03-01T00:00:00Z,36886404649.58194
2022-02-28T00:00:00Z,37087970352.25081
2022-02-27T00:00:00Z,37310187334.55986
2022-02-26T00:00:00Z,37361638882.16904
2022-02-25T00:00:00Z,37479497825.08018
2022-02-24T00:00:00Z,37900056471.80562
2022-02-23T00:00:00Z,37448657550.01633
2022-02-22T00:00:00Z,37363645553.32946
2022-02-21T00:00:00Z,37266715738.343575
2022-02-20T00:00:00Z,37544361245.8798
2022-02-19T00:00:00Z,37515747066.98483
2022-02-18T00:00:00Z,37570406878.734665
2022-02-17T00:00:00Z,37440263442.89061
2022-02-16T00:00:00Z,37044635837.58612
2022-02-15T00:00:00Z,37237214673.18923
2022-02-14T00:00:00Z,37037260095.76956
2022-02-13T00:00:00Z,37414362458.899666
2022-02-12T00:00:00Z,37377262460.79273
2022-02-11T00:00:00Z,37681395828.72974
2022-02-10T00:00:00Z,37502355053.669235
2022-02-09T00:00:00Z,37354411356.27815
2022-02-08T00:00:00Z,37323463504.85472
2022-02-07T00:00:00Z,37104263578.09079
2022-02-06T00:00:00Z,36839844121.16884
2022-02-05T00:00:00Z,36911550041.03422
2022-02-04T00:00:00Z,37031728004.48139
2022-02-03T00:00:00Z,36849537011.77371
2022-02-02T00:00:00Z,36562126819.24298
2022-02-01T00:00:00Z,36079900095.00184
2022-01-31T00:00:00Z,35866914061.48736
2022-01-30T00:00:00Z,35593785053.564865
2022-01-29T00:00:00Z,35563131611.734634
2022-01-28T00:00:00Z,34959999174.10936
2022-01-27T00:00:00Z,34424773253.8904
2022-01-26T00:00:00Z,34060000223.75928
2022-01-25T00:00:00Z,33681117560.89001
2022-01-24T00:00:00Z,33310095224.657677
2022-01-23T00:00:00Z,32435394347.69089
2022-01-22T00:00:00Z,32520391674.042637
2022-01-21T00:00:00Z,30637456139.702705
2022-01-20T00:00:00Z,30863901749.59414
2022-01-19T00:00:00Z,30976585679.319775
2022-01-18T00:00:00Z,31101349815.198757
2022-01-17T00:00:00Z,31202308498.36143
2022-01-16T00:00:00Z,31307176664.337166
2022-01-15T00:00:00Z,31450002417.878925
2022-01-14T00:00:00Z,31430096950.45605
2022-01-13T00:00:00Z,31392306555.910656
2022-01-12T00:00:00Z,31231209296.56156
2022-01-11T00:00:00Z,30968420381.551086
2022-01-10T00:00:00Z,30930056456.838646
2022-01-09T00:00:00Z,31069371093.29326
2022-01-08T00:00:00Z,31205393994.514828
2022-01-07T00:00:00Z,31174440488.805977
2022-01-06T00:00:00Z,31121885175.2337
2022-01-05T00:00:00Z,30967990624.986557
2022-01-04T00:00:00Z,30918487614.095608
2022-01-03T00:00:00Z,31010915242.01968
2022-01-02T00:00:00Z,31218139779.50912
2022-01-01T00:00:00Z,31344652264.811012
2021-12-31T00:00:00Z,31146136323.238735
2021-12-30T00:00:00Z,31920083061.29743
2021-12-29T00:00:00Z,32704564055.674694
2021-12-28T00:00:00Z,33278320220.486225
2021-12-27T00:00:00Z,32909825484.234596
2021-12-26T00:00:00Z,32734384868.152645
2021-12-25T00:00:00Z,32925868957.20329
2021-12-24T00:00:00Z,33338649973.41691
2021-12-23T00:00:00Z,32697443226.45349
2021-12-22T00:00:00Z,31731931948.63561
2021-12-21T00:00:00Z,31224345483.96018
2021-12-20T00:00:00Z,31292796353.286877
2021-12-19T00:00:00Z,31558013345.596245
2021-12-18T00:00:00Z,31626887438.526966
2021-12-17T00:00:00Z,31525053445.436855
2021-12-16T00:00:00Z,31336235847.549015
2021-12-15T00:00:00Z,31604969515.767265
2021-12-14T00:00:00Z,31517255005.76693
2021-12-13T00:00:00Z,31553174700.951633
2021-12-12T00:00:00Z,31415641976.526134
2021-12-11T00:00:00Z,31542669519.85982
2021-12-10T00:00:00Z,31492562838.664356
2021-12-09T00:00:00Z,31275052223.876312
2021-12-08T00:00:00Z,29567480012.876476
2021-12-07T00:00:00Z,29712861961.96888
2021-12-06T00:00:00Z,29612473240.09361
2021-12-05T00:00:00Z,30469253505.40436
2021-12-04T00:00:00Z,30539324170.756577
2021-12-03T00:00:00Z,29800588552.108585
2021-12-02T00:00:00Z,29156414203.55164
2021-12-01T00:00:00Z,29200375681.46853
2021-11-30T00:00:00Z,28776433283.94994
2021-11-29T00:00:00Z,27842113211.99786
2021-11-28T00:00:00Z,27959612489.175922
2021-11-27T00:00:00Z,28064453295.52689
2021-11-26T00:00:00Z,27805918206.15562
2021-11-25T00:00:00Z,27174008521.072155
2021-11-24T00:00:00Z,27287991435.28058
2021-11-23T00:00:00Z,27185679262.25582
2021-11-22T00:00:00Z,27640942600.297935
2021-11-21T00:00:00Z,27625473018.051933
2021-11-20T00:00:00Z,27173277637.969246
2021-11-19T00:00:00Z,27243793206.449448
2021-11-18T00:00:00Z,27821505424.707024
2021-11-17T00:00:00Z,28237681835.443504
2021-11-16T00:00:00Z,28648731657.000595
2021-11-15T00:00:00Z,28252811252.510666
2021-11-14T00:00:00Z,28774303734.57007
2021-11-13T00:00:00Z,28690587023.84164
2021-11-12T00:00:00Z,28820091661.731045
2021-11-11T00:00:00Z,29025734296.903206
2021-11-10T00:00:00Z,29281705639.563828
2021-11-09T00:00:00Z,29934797513.087364
2021-11-08T00:00:00Z,27732143615.51662
2021-11-07T00:00:00Z,28142907605.003944
2021-11-06T00:00:00Z,28433753513.51565
2021-11-05T00:00:00Z,28444156019.64722
2021-11-04T00:00:00Z,27986194668.546333
2021-11-03T00:00:00Z,27744422557.56152
2021-11-02T00:00:00Z,27535984366.53032
2021-11-01T00:00:00Z,27125367774.16868
2021-10-31T00:00:00Z,27054047636.121407
2021-10-30T00:00:00Z,26933644905.041054
2021-10-29T00:00:00Z,26839896881.714546
2021-10-28T00:00:00Z,26765776461.0379
2021-10-27T00:00:00Z,26675870514.114
2021-10-26T00:00:00Z,26344671985.732075
2021-10-25T00:00:00Z,26427281714.931343
2021-10-24T00:00:00Z,26566559364.38609
2021-10-23T00:00:00Z,26553250548.72556
2021-10-22T00:00:00Z,26613601919.211933
2021-10-21T00:00:00Z,26534520499.54292
2021-10-20T00:00:00Z,26413893506.16201
2021-10-19T00:00:00Z,26072400492.396717
2021-10-18T00:00:00Z,26296694847.3693
2021-10-17T00:00:00Z,26586735571.58279
2021-10-16T00:00:00Z,26580183782.024788
2021-10-15T00:00:00Z,26400744288.34918
2021-10-14T00:00:00Z,26449910282.42242
2021-10-13T00:00:00Z,26292546294.01647
2021-10-12T00:00:00Z,26690309179.132286
2021-10-11T00:00:00Z,26643083228.095505
2021-10-10T00:00:00Z,25940186598.818962
2021-10-09T00:00:00Z,25860446086.313244
2021-10-08T00:00:00Z,25815837623.15529
2021-10-07T00:00:00Z,25862621955.737
2021-10-06T00:00:00Z,26379669511.905804
2021-10-05T00:00:00Z,26494560356.583286
2021-10-04T00:00:00Z,26883780993.322624
2021-10-03T00:00:00Z,27038154280.462303
2021-10-02T00:00:00Z,27222617261.512146
2021-10-01T00:00:00Z,27181818632.769848
2021-09-30T00:00:00Z,27091641054.761726
2021-09-29T00:00:00Z,28184961193.17949
2021-09-28T00:00:00Z,28424045134.179043
2021-09-27T00:00:00Z,28907119763.11745
2021-09-26T00:00:00Z,29354325241.83305
2021-09-25T00:00:00Z,29335338977.449894
2021-09-24T00:00:00Z,29313775121.180885
2021-09-23T00:00:00Z,28893337414.401306
2021-09-22T00:00:00Z,28972404496.104435
2021-09-21T00:00:00Z,28487278901.29796
2021-09-20T00:00:00Z,28364620631.31988
2021-09-19T00:00:00Z,27336183900.207348
2021-09-18T00:00:00Z,27252502990.01275
2021-09-17T00:00:00Z,27050447996.52975
2021-09-16T00:00:00Z,26847479624.122982
2021-09-15T00:00:00Z,26863929448.42742
2021-09-14T00:00:00Z,27097219558.77735
2021-09-13T00:00:00Z,26887157224.701363
2021-09-12T00:00:00Z,27015713167.53682
2021-09-11T00:00:00Z,27151494538.95569
2021-09-10T00:00:00Z,27283978249.817863
2021-09-09T00:00:00Z,27428779486.51482
2021-09-08T00:00:00Z,27873643927.586777
2021-09-07T00:00:00Z,28012028971.67156
2021-09-06T00:00:00Z,27612305029.867996
2021-09-05T00:00:00Z,27562929107.901787
2021-09-04T00:00:00Z,27699356103.043972
2021-09-03T00:00:00Z,27705555879.16566
2021-09-02T00:00:00Z,27716284232.873905
2021-09-01T00:00:00Z,27508542821.86953
2021-08-31T00:00:00Z,27447749112.116905
2021-08-30T00:00:00Z,27501527970.074482
2021-08-29T00:00:00Z,27621207039.648903
2021-08-28T00:00:00Z,27587880695.46993
2021-08-27T00:00:00Z,27609141293.68509
2021-08-26T00:00:00Z,27641829525.672623
2021-08-25T00:00:00Z,27709572817.97215
2021-08-24T00:00:00Z,27525905325.250793
2021-08-23T00:00:00Z,25718917319.16055
2021-08-22T00:00:00Z,25921251399.18321
2021-08-21T00:00:00Z,25845529698.36735
2021-08-20T00:00:00Z,25834179047.678745
2021-08-19T00:00:00Z,25341320586.661972
2021-08-18T00:00:00Z,25626034879.533924
2021-08-17T00:00:00Z,25396909335.666367
2021-08-16T00:00:00Z,25419221903.073467
2021-08-15T00:00:00Z,25598643673.789413
2021-08-14T00:00:00Z,25653936507.837154
2021-08-13T00:00:00Z,25546766960.3937
2021-08-12T00:00:00Z,25627251475.127525
2021-08-11T00:00:00Z,25650274240.63768
2021-08-10T00:00:00Z,25752534236.73647
2021-08-09T00:00:00Z,25577537061.578754
2021-08-08T00:00:00Z,25874279815.404976
2021-08-07T00:00:00Z,25896104895.497894
2021-08-06T00:00:00Z,25978660842.14909
2021-08-05T00:00:00Z,25950343331.885586
2021-08-04T00:00:00Z,25091650290.435055
2021-08-03T00:00:00Z,25277985584.3798
2021-08-02T00:00:00Z,25575702604.96962
2021-08-01T00:00:00Z,25677626431.789333
2021-07-31T00:00:00Z,25834162300.76569
2021-07-30T00:00:00Z,25909190738.005802
2021-07-29T00:00:00Z,25821177806.734406
2021-07-28T00:00:00Z,25992186551.16481
2021-07-27T00:00:00Z,25962982347.58602
2021-07-26T00:00:00Z,25737485580.3875
2021-07-25T00:00:00Z,25895116640.760185
2021-07-24T00:00:00Z,25912338169.918297
2021-07-23T00:00:00Z,25835901109.73494
2021-07-22T00:00:00Z,25790563050.094997
2021-07-21T00:00:00Z,25603765065.56866
2021-07-20T00:00:00Z,25735872966.74992
2021-07-19T00:00:00Z,25324827175.376778
2021-07-18T00:00:00Z,25154691653.578957
2021-07-17T00:00:00Z,25027698688.631824
2021-07-16T00:00:00Z,25043518287.393093
2021-07-15T00:00:00Z,25157949424.77968
2021-07-14T00:00:00Z,24890877378.52527
2021-07-13T00:00:00Z,24358021198.31639
2021-07-12T00:00:00Z,24943985861.73667
2021-07-11T00:00:00Z,25565855919.117702
2021-07-10T00:00:00Z,25690559327.873085
2021-07-09T00:00:00Z,25844072043.444088
2021-07-08T00:00:00Z,25870791973.29202
2021-07-07T00:00:00Z,25638350179.47451
2021-07-06T00:00:00Z,25535040107.81082
2021-07-05T00:00:00Z,25694576271.42034
2021-07-04T00:00:00Z,25705608692.15421
2021-07-03T00:00:00Z,25733098742.63673
2021-07-02T00:00:00Z,25690259475.89822
2021-07-01T00:00:00Z,25526581715.892128
2021-06-30T00:00:00Z,25277160810.356506
2021-06-29T00:00:00Z,25436726405.34366
2021-06-28T00:00:00Z,25717716481.30502
2021-06-27T00:00:00Z,25901017162.82906
2021-06-26T00:00:00Z,26015891126.7643
2021-06-25T00:00:00Z,25763122754.134686
2021-06-24T00:00:00Z,25932949522.28879
2021-06-23T00:00:00Z,25497359131.399784
2021-06-22T00:00:00Z,25475584046.545746
2021-06-21T00:00:00Z,24915053061.59451
2021-06-20T00:00:00Z,24614092758.471428
2021-06-19T00:00:00Z,24491816522.832302
2021-06-18T00:00:00Z,24474367777.07176
2021-06-17T00:00:00Z,24330160958.89781
2021-06-16T00:00:00Z,24478387017.995705
2021-06-15T00:00:00Z,24577113254.556686
2021-06-14T00:00:00Z,24685808498.86004
2021-06-13T00:00:00Z,24844429399.666412
2021-06-12T00:00:00Z,24826513686.385216
2021-06-11T00:00:00Z,24709721875.519714
2021-06-10T00:00:00Z,24346269332.484444
2021-06-09T00:00:00Z,24625744675.188797
2021-06-08T00:00:00Z,24686730588.0596
2021-06-07T00:00:00Z,24559131461.289925
2021-06-06T00:00:00Z,24624469319.157814
2021-06-05T00:00:00Z,24668533162.544434
2021-06-04T00:00:00Z,24540309429.860863
2021-06-03T00:00:00Z,23921305979.448727
2021-06-02T00:00:00Z,24004225813.235424
2021-06-01T00:00:00Z,23996187016.988884
2021-05-31T00:00:00Z,23172389820.40439
2021-05-30T00:00:00Z,21167434855.300537
2021-05-29T00:00:00Z,21294442843.45446
2021-05-28T00:00:00Z,21856389684.5447
2021-05-27T00:00:00Z,21905484242.694324
2021-05-26T00:00:00Z,22261473880.549194
2021-05-25T00:00:00Z,22541690181.725937
2021-05-24T00:00:00Z,22259125834.1985
2021-05-23T00:00:00Z,22420063812.26394
2021-05-22T00:00:00Z,22829106500.090954
2021-05-21T00:00:00Z,22828101028.4253
2021-05-20T00:00:00Z,22250752832.301533
2021-05-19T00:00:00Z,21718084128.348408
2021-05-18T00:00:00Z,20851723996.504967
2021-05-17T00:00:00Z,21188362277.087494
2021-05-16T00:00:00Z,20049651926.220036
2021-05-15T00:00:00Z,20373334999.1144
2021-05-14T00:00:00Z,20436392808.70477
2021-05-13T00:00:00Z,19836202370.90088
2021-05-12T00:00:00Z,19695413887.182594
2021-05-11T00:00:00Z,20136788203.571556
2021-05-10T00:00:00Z,20226160626.521378
2021-05-09T00:00:00Z,19638186944.223923
2021-05-08T00:00:00Z,19732258807.515656
2021-05-07T00:00:00Z,19876549546.98722
2021-05-06T00:00:00Z,20182286141.80517
2021-05-05T00:00:00Z,19828039986.26378
2021-05-04T00:00:00Z,19116216471.022827
2021-05-03T00:00:00Z,18994447557.189404
2021-05-02T00:00:00Z,19192108613.510937
2021-05-01T00:00:00Z,18872322815.755764
2021-04-30T00:00:00Z,18709206842.170803
2021-04-29T00:00:00Z,18131271398.934372
2021-04-28T00:00:00Z,17984589353.71524
2021-04-27T00:00:00Z,18411026360.640587
2021-04-26T00:00:00Z,18388862464.599983
2021-04-25T00:00:00Z,18402194205.07824
2021-04-24T00:00:00Z,17852511923.068657
2021-04-23T00:00:00Z,17675950677.18544
2021-04-22T00:00:00Z,17388928571.608753
2021-04-21T00:00:00Z,17953345883.937344
2021-04-20T00:00:00Z,17605744856.85042
2021-04-19T00:00:00Z,17157854013.118046
2021-04-18T00:00:00Z,17332771847.08403
2021-04-17T00:00:00Z,17081264554.48853
2021-04-16T00:00:00Z,16621706777.918842
2021-04-15T00:00:00Z,15441631326.400265
2021-04-14T00:00:00Z,15164248406.826715
2021-04-13T00:00:00Z,14744940154.537592
2021-04-12T00:00:00Z,14880725308.81854
2021-04-11T00:00:00Z,15057743947.378159
2021-04-10T00:00:00Z,14934525728.62055
2021-04-09T00:00:00Z,14971680263.058704
2021-04-08T00:00:00Z,14468748050.152372
2021-04-07T00:00:00Z,13714885605.861486
2021-04-06T00:00:00Z,13416500035.852692
2021-04-05T00:00:00Z,13426049977.725246
2021-04-04T00:00:00Z,13631191497.19836
2021-04-03T00:00:00Z,13367491791.523354
2021-04-02T00:00:00Z,13130917888.94117
2021-04-01T00:00:00Z,12641781138.433203
2021-03-31T00:00:00Z,12616306455.515064
2021-03-30T00:00:00Z,12868343977.015675
2021-03-29T00:00:00Z,12798244311.023157
2021-03-28T00:00:00Z,13003283851.174345
2021-03-27T00:00:00Z,12930279163.378204
2021-03-26T00:00:00Z,12206193943.971306
2021-03-25T00:00:00Z,11505476588.63182
2021-03-24T00:00:00Z,11436693387.063892
2021-03-23T00:00:00Z,11481151986.525259
2021-03-22T00:00:00Z,11316663569.788649
2021-03-21T00:00:00Z,11233802458.363865
2021-03-20T00:00:00Z,11267746567.791206
2021-03-19T00:00:00Z,10938287566.604492
2021-03-18T00:00:00Z,11249501908.054253
2021-03-17T00:00:00Z,11280532546.623163
2021-03-16T00:00:00Z,11060322108.203184
2021-03-15T00:00:00Z,10751002183.780685
2021-03-14T00:00:00Z,10474836939.208105
2021-03-13T00:00:00Z,10418273259.49733
2021-03-12T00:00:00Z,10650141931.407986
2021-03-11T00:00:00Z,10310959301.086634
2021-03-10T00:00:00Z,10643402882.438837
2021-03-09T00:00:00Z,10347814498.827738
2021-03-08T00:00:00Z,10359406883.421366
2021-03-07T00:00:00Z,10686329951.592203
2021-03-06T00:00:00Z,11455737952.358873
2021-03-05T00:00:00Z,11459362649.472107
2021-03-04T00:00:00Z,11182142690.368126
2021-03-03T00:00:00Z,11359090548.445261
2021-03-02T00:00:00Z,11646769363.705072
2021-03-01T00:00:00Z,11323612378.85968
2021-02-28T00:00:00Z,11064929525.411255
2021-02-27T00:00:00Z,10889252206.527046
2021-02-26T00:00:00Z,10684626799.893911
2021-02-25T00:00:00Z,10476216514.081964
2021-02-24T00:00:00Z,10524212689.338581
2021-02-23T00:00:00Z,10077935377.010075
2021-02-22T00:00:00Z,10165986391.52581
2021-02-21T00:00:00Z,9812119747.963512
2021-02-20T00:00:00Z,9682701611.412321
2021-02-19T00:00:00Z,9462784639.272362
2021-02-18T00:00:00Z,9145367290.91411
2021-02-17T00:00:00Z,9305108078.081089
2021-02-16T00:00:00Z,9149788877.670404
2021-02-15T00:00:00Z,9248609797.069466
2021-02-14T00:00:00Z,9330851699.309078
2021-02-13T00:00:00Z,9229842718.597353
2021-02-12T00:00:00Z,9088211996.883976
2021-02-11T00:00:00Z,9117483123.984991
2021-02-10T00:00:00Z,8869598850.13029
2021-02-09T00:00:00Z,8736553352.189892
2021-02-08T00:00:00Z,8670804732.899345
2021-02-07T00:00:00Z,8852440384.786606
2021-02-06T00:00:00Z,8469620674.438957
2021-02-05T00:00:00Z,8532731664.447224
2021-02-04T00:00:00Z,8442531123.113928
2021-02-03T00:00:00Z,8361350094.566703
2021-02-02T00:00:00Z,6013899673.5505295
2021-02-01T00:00:00Z,5943032839.176848
2021-01-31T00:00:00Z,6104920517.554459
2021-01-30T00:00:00Z,6133654214.921384
2021-01-29T00:00:00Z,5985846362.656152
2021-01-28T00:00:00Z,5854000129.251477
2021-01-27T00:00:00Z,5857399232.597066
2021-01-26T00:00:00Z,5439216324.940213
2021-01-25T00:00:00Z,5149441470.96473
2021-01-24T00:00:00Z,5162177831.018225
2021-01-23T00:00:00Z,5038818491.8853655
2021-01-22T00:00:00Z,5006846371.681387
2021-01-21T00:00:00Z,4782526714.724794
2021-01-20T00:00:00Z,4846293840.955756
2021-01-19T00:00:00Z,4861445290.978964
2021-01-18T00:00:00Z,4983346677.044751
2021-01-17T00:00:00Z,5046135194.166673
2021-01-16T00:00:00Z,5057400986.014357
2021-01-15T00:00:00Z,4952315039.811717
2021-01-14T00:00:00Z,4714944436.360267
2021-01-13T00:00:00Z,4892878883.990278
2021-01-12T00:00:00Z,4887849809.71006
2021-01-11T00:00:00Z,4652875964.058549
2021-01-10T00:00:00Z,4470705131.398865
2021-01-09T00:00:00Z,4483555570.689712
2021-01-08T00:00:00Z,4377875451.153864
2021-01-07T00:00:00Z,4263352977.8726716
2021-01-06T00:00:00Z,4289678105.9462433
2021-01-05T00:00:00Z,4199229016.7217536
2021-01-04T00:00:00Z,4145146754.7868853
2021-01-03T00:00:00Z,3948487236.1957297
2021-01-02T00:00:00Z,4001613618.885629
2021-01-01T00:00:00Z,3973046862.2562504
2020-12-31T00:00:00Z,3653078628.0594163
2020-12-30T00:00:00Z,3476910777.569701
2020-12-29T00:00:00Z,3431477840.9284215
2020-12-28T00:00:00Z,3280802389.9395
2020-12-27T00:00:00Z,3353238595.7017837
2020-12-26T00:00:00Z,3424530388.746788
2020-12-25T00:00:00Z,3429851584.870882
2020-12-24T00:00:00Z,3516519479.056441
2020-12-23T00:00:00Z,3345908375.6731787
2020-12-22T00:00:00Z,3207509920.132353
2020-12-21T00:00:00Z,3381390527.327207
2020-12-20T00:00:00Z,3328357260.612499
2020-12-19T00:00:00Z,3372587059.903383
2020-12-18T00:00:00Z,3185373948.8235335
2020-12-17T00:00:00Z,3196934741.7181916
2020-12-16T00:00:00Z,3275127695.5598106
2020-12-15T00:00:00Z,3258612390.109432
2020-12-14T00:00:00Z,3136754373.0036945
2020-12-13T00:00:00Z,3215025368.289083
2020-12-12T00:00:00Z,3356328682.8649554
2020-12-11T00:00:00Z,3324990244.7048087
2020-12-10T00:00:00Z,3269535211.26654
2020-12-09T00:00:00Z,3347915892.03716
2020-12-08T00:00:00Z,3280625952.748945
2020-12-07T00:00:00Z,3249083144.569128
2020-12-06T00:00:00Z,3279319638.6267056
2020-12-05T00:00:00Z,3279802797.978349
2020-12-04T00:00:00Z,3274843482.2099295
2020-12-03T00:00:00Z,3296571001.4819365
2020-12-02T00:00:00Z,3296166699.1177745
2020-12-01T00:00:00Z,3353621668.020914
2020-11-30T00:00:00Z,3394737992.8776426
2020-11-29T00:00:00Z,3423526594.1183763
2020-11-28T00:00:00Z,3469912689.0223784
2020-11-27T00:00:00Z,3429361977.8442535
2020-11-26T00:00:00Z,3524510650.4181614
2020-11-25T00:00:00Z,3593028249.8914967
2020-11-24T00:00:00Z,3540463898.301446
2020-11-23T00:00:00Z,3435958788.0015216
2020-11-22T00:00:00Z,3121436353.12894
2020-11-21T00:00:00Z,3001870202.6866727
2020-11-20T00:00:00Z,3039956101.681653
2020-11-19T00:00:00Z,3077859358.8014717
2020-11-18T00:00:00Z,3117192790.44195
2020-11-17T00:00:00Z,3004950582.7486334
2020-11-16T00:00:00Z,3089086699.140605
2020-11-15T00:00:00Z,3060805456.24781
2020-11-14T00:00:00Z,3079280972.580207
2020-11-13T00:00:00Z,3108621619.957915
2020-11-12T00:00:00Z,3160090455.0911336
2020-11-11T00:00:00Z,3200187577.1037335
2020-11-10T00:00:00Z,3139054844.394929
2020-11-09T00:00:00Z,3157814770.9896483
2020-11-08T00:00:00Z,3067600902.4706573
2020-11-07T00:00:00Z,3136288210.016436
2020-11-06T00:00:00Z,3152879591.8985233
2020-11-05T00:00:00Z,3170190629.7738185
2020-11-04T00:00:00Z,3215016848.837202
2020-11-03T00:00:00Z,3319702221.026717
2020-11-02T00:00:00Z,3250233695.6897154
2020-11-01T00:00:00Z,3292285041.1888084
2020-10-31T00:00:00Z,3304610412.3884983
2020-10-30T00:00:00Z,3342468183.0079417
2020-10-29T00:00:00Z,3309271851.0010295
2020-10-28T00:00:00Z,3331178592.9197416
2020-10-27T00:00:00Z,3209013697.341115
2020-10-26T00:00:00Z,3207350507.1796117
2020-10-25T00:00:00Z,3080790423.688655
2020-10-24T00:00:00Z,3143143048.291361
2020-10-23T00:00:00Z,3109697839.0970454
2020-10-22T00:00:00Z,3129529184.0802045
2020-10-21T00:00:00Z,3085167722.353121
2020-10-20T00:00:00Z,3039486048.331069
2020-10-19T00:00:00Z,3015679872.9913325
2020-10-18T00:00:00Z,3022223897.656254
2020-10-17T00:00:00Z,3077456902.101288
2020-10-16T00:00:00Z,3092499408.9095583
2020-10-15T00:00:00Z,3183036512.8000903
2020-10-14T00:00:00Z,3185890496.3012166
2020-10-13T00:00:00Z,3099650423.407743
2020-10-12T00:00:00Z,3014764575.774125
2020-10-11T00:00:00Z,3010259695.6884336
2020-10-10T00:00:00Z,3011898628.8811803
2020-10-09T00:00:00Z,3030460116.5471253
2020-10-08T00:00:00Z,2983911798.3642645
2020-10-07T00:00:00Z,2991622657.758357
2020-10-06T00:00:00Z,3024962934.852535
2020-10-05T00:00:00Z,2992192376.151824
2020-10-04T00:00:00Z,2876038944.4532995
2020-10-03T00:00:00Z,2855097479.141824
2020-10-02T00:00:00Z,2758243212.1492376
2020-10-01T00:00:00Z,2721526571.223401
2020-09-30T00:00:00Z,2667683759.949535
2020-09-29T00:00:00Z,2621854236.5754766
2020-09-28T00:00:00Z,2647359654.69009
2020-09-27T00:00:00Z,2640331156.8719535
2020-09-26T00:00:00Z,2716722880.2950144
2020-09-25T00:00:00Z,2754632280.1252055
2020-09-24T00:00:00Z,2830520811.4010286
2020-09-23T00:00:00Z,2828474496.6780624
2020-09-22T00:00:00Z,2795345031.6849713
2020-09-21T00:00:00Z,2792264082.6242723
2020-09-20T00:00:00Z,2610078162.4060717
2020-09-19T00:00:00Z,2667972342.6088386
2020-09-18T00:00:00Z,2621754370.287537
2020-09-17T00:00:00Z,2602150608.116091
2020-09-16T00:00:00Z,2702154613.479935
2020-09-15T00:00:00Z,2707400233.0164857
2020-09-14T00:00:00Z,1834988396.240179
2020-09-13T00:00:00Z,1804255699.1228044
2020-09-12T00:00:00Z,1843764487.0986464
2020-09-11T00:00:00Z,1880047816.4386437
2020-09-10T00:00:00Z,1921015208.6731906
2020-09-09T00:00:00Z,1927887776.7811224
2020-09-08T00:00:00Z,1978900651.4235399
2020-09-07T00:00:00Z,1936331408.52059
2020-09-06T00:00:00Z,1962401088.667051
2020-09-05T00:00:00Z,1907933661.8082502
2020-09-04T00:00:00Z,1985944475.4900212
2020-09-03T00:00:00Z,1785333199.351028
2020-09-02T00:00:00Z,1823249096.7399244
2020-09-01T00:00:00Z,1877187969.2752495
2020-08-31T00:00:00Z,2059216551.1139135
2020-08-30T00:00:00Z,2128070695.9619105
2020-08-29T00:00:00Z,2252725142.9467673
2020-08-28T00:00:00Z,2313532818.1038327
2020-08-27T00:00:00Z,2430268664.973455
2020-08-26T00:00:00Z,2468444721.809851
2020-08-25T00:00:00Z,2481131563.432745
2020-08-24T00:00:00Z,2555611833.8203864
2020-08-23T00:00:00Z,2650518768.8281803
2020-08-22T00:00:00Z,2679492204.897686
2020-08-21T00:00:00Z,2711235929.669713
2020-08-20T00:00:00Z,2657927494.0130515
2020-08-19T00:00:00Z,1708350259.67588
2020-08-18T00:00:00Z,1687480231.9272063
2020-08-17T00:00:00Z,1743655979.3324895
2020-08-16T00:00:00Z,1762417477.3893754
2020-08-15T00:00:00Z,1790774225.3325071
2020-08-14T00:00:00Z,1891827730.5690637
2020-08-13T00:00:00Z,1956037575.200293
2020-08-12T00:00:00Z,1863559573.89584
2020-08-11T00:00:00Z,1983046893.4383514
2020-08-10T00:00:00Z,1965338037.2966204
2020-08-09T00:00:00Z,1658346324.3739738
2020-08-08T00:00:00Z,1703527845.2322936
2020-08-07T00:00:00Z,1721582365.0409782
2020-08-06T00:00:00Z,1739240977.2709394
2020-08-05T00:00:00Z,1685691689.3767765
2020-08-04T00:00:00Z,1705294469.4074016
2020-08-03T00:00:00Z,1689482759.4597929
2020-08-02T00:00:00Z,1680246305.6150653
2020-08-01T00:00:00Z,1671937365.9846818
2020-07-31T00:00:00Z,1623511607.2702496
2020-07-30T00:00:00Z,1688612246.8457646
2020-07-29T00:00:00Z,1773251541.9686227
2020-07-28T00:00:00Z,1851880646.7744002
2020-07-27T00:00:00Z,1857775586.8532896
2020-07-26T00:00:00Z,1804892714.7523954
2020-07-25T00:00:00Z,1786679409.683983
2020-07-24T00:00:00Z,1850186734.3207922
2020-07-23T00:00:00Z,1902106404.8121274
2020-07-22T00:00:00Z,1950635152.1850996
2020-07-21T00:00:00Z,1917241587.0853155
2020-07-20T00:00:00Z,1949625272.286259
2020-07-19T00:00:00Z,2002773239.9048455
2020-07-18T00:00:00Z,2050456660.8156824
2020-07-17T00:00:00Z,2047457996.6340733
2020-07-16T00:00:00Z,2060758600.9809456
2020-07-15T00:00:00Z,2094123263.0865877
2020-07-14T00:00:00Z,2115512176.0901906
2020-07-13T00:00:00Z,2023856792.1691306
2020-07-12T00:00:00Z,2083543527.2578523
2020-07-11T00:00:00Z,2120599867.7154913
2020-07-10T00:00:00Z,2119657699.6273355
2020-07-09T00:00:00Z,2140183928.8358862
2020-07-08T00:00:00Z,2192976133.719836
2020-07-07T00:00:00Z,2215239644.923483
2020-07-06T00:00:00Z,2239947641.590879
2020-07-05T00:00:00Z,2289876727.0820904
2020-07-04T00:00:00Z,2310597003.1502657
2020-07-03T00:00:00Z,2342762290.757701
2020-07-02T00:00:00Z,2362891439.7308073
2020-07-01T00:00:00Z,2370670648.3836584
2020-06-30T00:00:00Z,2381268013.8524013
2020-06-29T00:00:00Z,2414144005.214508
2020-06-28T00:00:00Z,2102706612.3188953
2020-06-27T00:00:00Z,2101214505.534403
2020-06-26T00:00:00Z,2090855733.1401532
2020-06-25T00:00:00Z,2078105629.433741
2020-06-24T00:00:00Z,2067110954.3796644
2020-06-23T00:00:00Z,2020398538.9243724
2020-06-22T00:00:00Z,2082328879.232945
2020-06-21T00:00:00Z,2084506081.2891092
2020-06-20T00:00:00Z,2093690461.96402
2020-06-19T00:00:00Z,2103474484.6713645
2020-06-18T00:00:00Z,2073422507.9753914
2020-06-17T00:00:00Z,2058044265.152307
2020-06-16T00:00:00Z,2084265958.1908174
2020-06-15T00:00:00Z,2086132003.9195528
2020-06-14T00:00:00Z,2082675715.8280103
2020-06-13T00:00:00Z,2098125587.5602386
2020-06-12T00:00:00Z,2106076207.029795
2020-06-11T00:00:00Z,2069704585.4354782
2020-06-10T00:00:00Z,2069769048.1648214
2020-06-09T00:00:00Z,2079357572.555744
2020-06-08T00:00:00Z,2096200214.338929
2020-06-07T00:00:00Z,2117090034.3892283
2020-06-06T00:00:00Z,2129150409.4516253
2020-06-05T00:00:00Z,2154623799.5921335
2020-06-04T00:00:00Z,2155686573.1119914
2020-06-03T00:00:00Z,2166138745.933508
2020-06-02T00:00:00Z,2167047384.7821193
2020-06-01T00:00:00Z,2105110526.063178
2020-05-31T00:00:00Z,2118022287.0224051
2020-05-30T00:00:00Z,2136598569.606349
2020-05-29T00:00:00Z,2113565427.1635306
2020-05-28T00:00:00Z,2149868847.0387726
2020-05-27T00:00:00Z,2135679199.1288335
2020-05-26T00:00:00Z,2135244209.0071647
2020-05-25T00:00:00Z,2160041474.883917
2020-05-24T00:00:00Z,2195479412.324575
2020-05-23T00:00:00Z,2207756742.1191216
2020-05-22T00:00:00Z,2196531593.214244
2020-05-21T00:00:00Z,2224736815.5520864
2020-05-20T00:00:00Z,2266042165.7504687
2020-05-19T00:00:00Z,2292276305.860963
2020-05-18T00:00:00Z,2352727844.7034016
2020-05-17T00:00:00Z,2389335444.520945
2020-05-16T00:00:00Z,2405025659.378268
2020-05-15T00:00:00Z,2392628887.3640966
2020-05-14T00:00:00Z,2460500096.409929
2020-05-13T00:00:00Z,2528527675.152281
2020-05-12T00:00:00Z,2574696105.406348
2020-05-11T00:00:00Z,2573097611.2523756
2020-05-10T00:00:00Z,2587981227.667284
2020-05-09T00:00:00Z,2521930430.4045267
2020-05-08T00:00:00Z,2573756156.6562557
2020-05-07T00:00:00Z,2604111783.83735
2020-05-06T00:00:00Z,2592881163.4832783
2020-05-05T00:00:00Z,2589951649.579519
2020-05-04T00:00:00Z,2569739551.356921
2020-05-03T00:00:00Z,2583841328.349083
2020-05-02T00:00:00Z,2587074738.145531
2020-05-01T00:00:00Z,2591741785.789168
2020-04-30T00:00:00Z,2647900654.636257
2020-04-29T00:00:00Z,2822714008.1303525
2020-04-28T00:00:00Z,2794639487.451103
2020-04-27T00:00:00Z,2803724129.095935
2020-04-26T00:00:00Z,2797793639.7517686
2020-04-25T00:00:00Z,2808263156.52213
2020-04-24T00:00:00Z,2821554311.7735124
2020-04-23T00:00:00Z,2899288232.4941363
2020-04-22T00:00:00Z,2903358011.5074563
2020-04-21T00:00:00Z,2844683530.6694326
2020-04-20T00:00:00Z,2741716194.1357718
2020-04-19T00:00:00Z,2725229208.8350005
2020-04-18T00:00:00Z,2737416756.9919257
2020-04-17T00:00:00Z,2732763406.69486
2020-04-16T00:00:00Z,2705951118.0911694
2020-04-15T00:00:00Z,2724344931.4507365
2020-04-14T00:00:00Z,2720614042.8096995
2020-04-13T00:00:00Z,2665383085.968733
2020-04-12T00:00:00Z,2606091378.29516
2020-04-11T00:00:00Z,2582061507.5269136
2020-04-10T00:00:00Z,2568603341.7632318
2020-04-09T00:00:00Z,2562397288.183336
2020-04-08T00:00:00Z,2559274651.8694644
2020-04-07T00:00:00Z,2570385347.7083645
2020-04-06T00:00:00Z,2574805203.8992157
2020-04-05T00:00:00Z,2566082966.2232904
2020-04-04T00:00:00Z,2586995173.80459
2020-04-03T00:00:00Z,2591559883.7895813
2020-04-02T00:00:00Z,2579446394.033255
2020-04-01T00:00:00Z,2567775832.384357
2020-03-31T00:00:00Z,2485018970.290153
2020-03-30T00:00:00Z,2466006632.9404397
2020-03-29T00:00:00Z,2413047539.659974
2020-03-28T00:00:00Z,2459454742.648503
2020-03-27T00:00:00Z,2423375874.8643208
2020-03-26T00:00:00Z,2406801348.2375054
2020-03-25T00:00:00Z,2366475766.981755
2020-03-24T00:00:00Z,2274877742.2124257
2020-03-23T00:00:00Z,2208787068.112214
2020-03-22T00:00:00Z,2187224008.358171
2020-03-21T00:00:00Z,2206865576.363312
2020-03-20T00:00:00Z,2214289676.1838665
2020-03-19T00:00:00Z,2155411625.47228
2020-03-18T00:00:00Z,2063496402.2888992
2020-03-17T00:00:00Z,2006660565.8340433
2020-03-16T00:00:00Z,1912967243.187745
2020-03-15T00:00:00Z,1806750560.7229614
2020-03-14T00:00:00Z,1843703987.5496385
2020-03-13T00:00:00Z,1770838550.1678746
2020-03-12T00:00:00Z,1564984907.0243614
2020-03-11T00:00:00Z,1531148919.1398792
2020-03-10T00:00:00Z,1508068677.3397894
2020-03-09T00:00:00Z,1486612715.470119
2020-03-08T00:00:00Z,1428307471.9937189
2020-03-07T00:00:00Z,1400675479.452977
2020-03-06T00:00:00Z,1401153286.622423
2020-03-05T00:00:00Z,1377272247.617528
2020-03-04T00:00:00Z,1184602454.0996466
2020-03-03T00:00:00Z,1180038824.98296
2020-03-02T00:00:00Z,1178573791.132789
2020-03-01T00:00:00Z,1117600925.4935422
2020-02-29T00:00:00Z,1131191162.7105258
2020-02-28T00:00:00Z,1148778971.4896884
2020-02-27T00:00:00Z,1151154778.338094
2020-02-26T00:00:00Z,1145793149.692046
2020-02-25T00:00:00Z,1156534610.7658162
2020-02-24T00:00:00Z,1161562609.4337823
2020-02-23T00:00:00Z,1188399709.0920887
2020-02-22T00:00:00Z,1207975827.089732
2020-02-21T00:00:00Z,1256413550.4432068
2020-02-20T00:00:00Z,1227236153.9545927
2020-02-19T00:00:00Z,908235154.8015865
2020-02-18T00:00:00Z,912771762.426998
2020-02-17T00:00:00Z,910228792.6749845
2020-02-16T00:00:00Z,887241820.5388368
2020-02-15T00:00:00Z,883495715.1176547
2020-02-14T00:00:00Z,889168342.0963429
2020-02-13T00:00:00Z,884459506.9947004
2020-02-12T00:00:00Z,887289821.4507467
2020-02-11T00:00:00Z,884265093.7487366
2020-02-10T00:00:00Z,846582815.9530075
2020-02-09T00:00:00Z,872158294.8617902
2020-02-08T00:00:00Z,876367054.8056056
2020-02-07T00:00:00Z,872916346.6539612
2020-02-06T00:00:00Z,883903723.6756734
2020-02-05T00:00:00Z,862850315.7604995
2020-02-04T00:00:00Z,866087759.257645
2020-02-03T00:00:00Z,862552452.3503145
2020-02-02T00:00:00Z,857418032.046641
2020-02-01T00:00:00Z,871430432.2384291
2020-01-31T00:00:00Z,882661257.3910681
2020-01-30T00:00:00Z,875954204.756667
2020-01-29T00:00:00Z,876528880.0200214
2020-01-28T00:00:00Z,875222562.6797832
2020-01-27T00:00:00Z,880613332.1792142
2020-01-26T00:00:00Z,885473461.7345781
2020-01-25T00:00:00Z,890532401.8392704
2020-01-24T00:00:00Z,892821733.3104347
2020-01-23T00:00:00Z,891978260.5537484
2020-01-22T00:00:00Z,929687054.1546105
2020-01-21T00:00:00Z,912986389.7528971
2020-01-20T00:00:00Z,922431448.490146
2020-01-19T00:00:00Z,972105706.2180408
2020-01-18T00:00:00Z,967644273.5007945
2020-01-17T00:00:00Z,983835161.3520387
2020-01-16T00:00:00Z,1008903560.9219476
2020-01-15T00:00:00Z,985988231.9367987
2020-01-14T00:00:00Z,1011889046.5037445
2020-01-13T00:00:00Z,996331182.5452826
2020-01-12T00:00:00Z,994094963.244826
2020-01-11T00:00:00Z,997939194.3644636
2020-01-10T00:00:00Z,1003822297.4518938
2020-01-09T00:00:00Z,1033997215.9289674
2020-01-08T00:00:00Z,1058830184.5949868
2020-01-07T00:00:00Z,1057497329.8044597
2020-01-06T00:00:00Z,1065068848.4719657
2020-01-05T00:00:00Z,1071143429.2984165
2020-01-04T00:00:00Z,1083967487.6423693
2020-01-03T00:00:00Z,1144498785.7487338
2020-01-02T00:00:00Z,1130506215.000977
2020-01-01T00:00:00Z,1130582044.0462956
2019-12-31T00:00:00Z,1140249638.9604595
2019-12-30T00:00:00Z,1144921165.605776
2019-12-29T00:00:00Z,1149284953.1020427
2019-12-28T00:00:00Z,1145163982.7383044
2019-12-27T00:00:00Z,1148863924.91322
2019-12-26T00:00:00Z,1151700822.6718845
2019-12-25T00:00:00Z,1155318381.6325126
2019-12-24T00:00:00Z,1172927677.9763246
2019-12-23T00:00:00Z,1179546535.2809863
2019-12-22T00:00:00Z,1158411333.4526687
2019-12-21T00:00:00Z,1171069882.9040647
2019-12-20T00:00:00Z,1174400672.9185612
2019-12-19T00:00:00Z,1194429749.622785
2019-12-18T00:00:00Z,1187278321.1414804
2019-12-17T00:00:00Z,1176834483.2973688
2019-12-16T00:00:00Z,1161320693.15314
2019-12-15T00:00:00Z,1157323754.2830074
2019-12-14T00:00:00Z,1157489190.6920114
2019-12-13T00:00:00Z,1166952997.8818684
2019-12-12T00:00:00Z,1177756020.3690114
2019-12-11T00:00:00Z,1170085672.339311
2019-12-10T00:00:00Z,1200337296.9595037
2019-12-09T00:00:00Z,990846482.0813407
2019-12-08T00:00:00Z,989694837.4294643
2019-12-07T00:00:00Z,1007228716.521521
2019-12-06T00:00:00Z,999914070.4653552
2019-12-05T00:00:00Z,994982733.0907196
2019-12-04T00:00:00Z,998762507.3370389
2019-12-03T00:00:00Z,1007540777.384918
2019-12-02T00:00:00Z,1029912133.577645
2019-12-01T00:00:00Z,1040463577.8451514
2019-11-30T00:00:00Z,1082270528.1473887
2019-11-29T00:00:00Z,1087408097.750948
2019-11-28T00:00:00Z,1010153311.83904
2019-11-27T00:00:00Z,1015493501.1937009
2019-11-26T00:00:00Z,1031768687.434184
2019-11-25T00:00:00Z,1034879621.4155579
2019-11-24T00:00:00Z,1015769192.518587
2019-11-23T00:00:00Z,1021969308.0924736
2019-11-22T00:00:00Z,1044444470.8918606
2019-11-21T00:00:00Z,1028601561.2537568
2019-11-20T00:00:00Z,1017445340.564882
2019-11-19T00:00:00Z,1028774322.7702007
2019-11-18T00:00:00Z,1019533000.781483
2019-11-17T00:00:00Z,1035598392.3170903
2019-11-16T00:00:00Z,1044374149.0879772
2019-11-15T00:00:00Z,1049985878.0087892
2019-11-14T00:00:00Z,1069325097.2774527
2019-11-13T00:00:00Z,1077849634.1316476
2019-11-12T00:00:00Z,1073489326.8556366
2019-11-11T00:00:00Z,998515101.4045777
2019-11-10T00:00:00Z,996640592.4852481
2019-11-09T00:00:00Z,1000881836.1158055
2019-11-08T00:00:00Z,987897355.4216174
2019-11-07T00:00:00Z,1006217781.9725147
2019-11-06T00:00:00Z,1023678590.4748423
2019-11-05T00:00:00Z,1036090533.7449155
2019-11-04T00:00:00Z,1048541193.7754624
2019-11-03T00:00:00Z,1068215868.4748735
2019-11-02T00:00:00Z,1105142098.4090781
2019-11-01T00:00:00Z,1123549232.2234302
2019-10-31T00:00:00Z,1147495898.833335
2019-10-30T00:00:00Z,1198683605.1325169
2019-10-29T00:00:00Z,1224198416.0252671
2019-10-28T00:00:00Z,899051668.3654759
2019-10-27T00:00:00Z,888274762.4378746
2019-10-26T00:00:00Z,931642541.7991598
2019-10-25T00:00:00Z,1029095085.0825115
2019-10-24T00:00:00Z,1189186821.717517
2019-10-23T00:00:00Z,1276985788.8533518
2019-10-22T00:00:00Z,1319936264.0565362
2019-10-21T00:00:00Z,1361654601.9179325
2019-10-20T00:00:00Z,1386562062.7400951
2019-10-19T00:00:00Z,1380875764.3601415
2019-10-18T00:00:00Z,1388537760.1092968
2019-10-17T00:00:00Z,1424155419.455955
2019-10-16T00:00:00Z,1429527383.429935
2019-10-15T00:00:00Z,1430963813.9729753
2019-10-14T00:00:00Z,1453226254.6875963
2019-10-13T00:00:00Z,1469258415.5982976
2019-10-12T00:00:00Z,1469979852.4622679
2019-10-11T00:00:00Z,1464730808.990711
2019-10-10T00:00:00Z,1464368037.635988
2019-10-09T00:00:00Z,1463068845.8589768
2019-10-08T00:00:00Z,1474484511.58358
2019-10-07T00:00:00Z,1476200024.6518497
2019-10-06T00:00:00Z,1477895836.4813156
2019-10-05T00:00:00Z,1472334702.9594216
2019-10-04T00:00:00Z,1478392663.624307
2019-10-03T00:00:00Z,1486356939.73844
2019-10-02T00:00:00Z,1501783610.7901
2019-10-01T00:00:00Z,1499815280.4039798
2019-09-30T00:00:00Z,1491877155.678958
2019-09-29T00:00:00Z,1500464687.7772255
2019-09-28T00:00:00Z,1507027998.2485409
2019-09-27T00:00:00Z,1504825325.6845903
2019-09-26T00:00:00Z,1519027355.918902
2019-09-25T00:00:00Z,1538858398.4563012
2019-09-24T00:00:00Z,1445813794.1202006
2019-09-23T00:00:00Z,1421395645.6903226
2019-09-22T00:00:00Z,1436105419.709074
2019-09-21T00:00:00Z,1445258433.2125874
2019-09-20T00:00:00Z,1457823755.987939
2019-09-19T00:00:00Z,1458997826.2639854
2019-09-18T00:00:00Z,1455798372.972453
2019-09-17T00:00:00Z,1501511883.769263
2019-09-16T00:00:00Z,1490852703.5549958
2019-09-15T00:00:00Z,1439776974.3231096
2019-09-14T00:00:00Z,1446797723.5970075
2019-09-13T00:00:00Z,1461629684.6541123
2019-09-12T00:00:00Z,1443086141.415076
2019-09-11T00:00:00Z,1163732676.3486004
2019-09-10T00:00:00Z,1209611308.1405082
2019-09-09T00:00:00Z,1217358970.2798498
2019-09-08T00:00:00Z,1234521362.1635413
2019-09-07T00:00:00Z,1257777513.1357117
2019-09-06T00:00:00Z,1262618887.1346743
2019-09-05T00:00:00Z,1249725913.88452
2019-09-04T00:00:00Z,1250268832.1136956
2019-09-03T00:00:00Z,1255103297.6847818
2019-09-02T00:00:00Z,1244157526.3017204
2019-09-01T00:00:00Z,1223924567.111014
2019-08-31T00:00:00Z,1241750967.4733803
2019-08-30T00:00:00Z,1251074830.8698463
2019-08-29T00:00:00Z,1247906681.193965
2019-08-28T00:00:00Z,1254140853.4631822
2019-08-27T00:00:00Z,1267066457.0321963
2019-08-26T00:00:00Z,1295934460.1455417
2019-08-25T00:00:00Z,1328841656.5867152
2019-08-24T00:00:00Z,1344260202.2752304
2019-08-23T00:00:00Z,1340842089.385261
2019-08-22T00:00:00Z,1346553029.108949
2019-08-21T00:00:00Z,1352025231.5216568
2019-08-20T00:00:00Z,1337838262.1691678
2019-08-19T00:00:00Z,1359038249.1571245
2019-08-18T00:00:00Z,1367241413.9528613
2019-08-17T00:00:00Z,1374239671.096017
2019-08-16T00:00:00Z,1385737190.6361554
2019-08-15T00:00:00Z,1366669624.9959042
2019-08-14T00:00:00Z,1376690952.386615
2019-08-13T00:00:00Z,1402345516.0152192
2019-08-12T00:00:00Z,1423576482.7095215
2019-08-11T00:00:00Z,1441937061.7731829
2019-08-10T00:00:00Z,1431691940.005087
2019-08-09T00:00:00Z,1411148753.3902903
2019-08-08T00:00:00Z,1451033508.2098136
2019-08-07T00:00:00Z,1470536006.6712227
2019-08-06T00:00:00Z,1479066945.2159925
2019-08-05T00:00:00Z,1500629962.664938
2019-08-04T00:00:00Z,1452185512.6577544
2019-08-03T00:00:00Z,1450327143.9661016
2019-08-02T00:00:00Z,1449507174.1703913
2019-08-01T00:00:00Z,1440164960.1081762
2019-07-31T00:00:00Z,1480929891.1970325
2019-07-30T00:00:00Z,1487773956.462822
2019-07-29T00:00:00Z,1458785609.4557283
2019-07-28T00:00:00Z,1473342288.7598352
2019-07-27T00:00:00Z,1472769788.6131413
2019-07-26T00:00:00Z,1439690266.7727406
2019-07-25T00:00:00Z,1433490491.5292907
2019-07-24T00:00:00Z,1464581491.648006
2019-07-23T00:00:00Z,1465090638.1597035
2019-07-22T00:00:00Z,1491301621.873205
2019-07-21T00:00:00Z,1493367372.770718
2019-07-20T00:00:00Z,1491026480.8946376
2019-07-19T00:00:00Z,1444480449.3682654
2019-07-18T00:00:00Z,1491707505.944862
2019-07-17T00:00:00Z,1505935281.1189592
2019-07-16T00:00:00Z,1465883620.2926779
2019-07-15T00:00:00Z,1513652350.0987163
2019-07-14T00:00:00Z,1501983148.5217578
2019-07-13T00:00:00Z,1493948193.47727
2019-07-12T00:00:00Z,1489881397.308156
2019-07-11T00:00:00Z,1491128117.9268491
2019-07-10T00:00:00Z,1443004777.4855857
2019-07-09T00:00:00Z,1474655753.0684516
2019-07-08T00:00:00Z,1465830740.2299325
2019-07-07T00:00:00Z,1422455616.346037
2019-07-06T00:00:00Z,1421465510.882259
2019-07-05T00:00:00Z,1387222532.2466846
2019-07-04T00:00:00Z,1345539900.0751042
2019-07-03T00:00:00Z,1322454914.666239
2019-07-02T00:00:00Z,1277834432.352389
2019-07-01T00:00:00Z,1261832690.2521465
2019-06-30T00:00:00Z,1241321665.7805488
2019-06-29T00:00:00Z,1242360679.9353263
2019-06-28T00:00:00Z,1219587393.351832
2019-06-27T00:00:00Z,1196094867.6632535
2019-06-26T00:00:00Z,1178649937.8971958
2019-06-25T00:00:00Z,1171672481.0040138
2019-06-24T00:00:00Z,1160262075.1724231
2019-06-23T00:00:00Z,1166060529.3051567
2019-06-22T00:00:00Z,1158752176.997095
2019-06-21T00:00:00Z,1136956090.268804
2019-06-20T00:00:00Z,1123896210.400085
2019-06-19T00:00:00Z,1104754817.5225086
2019-06-18T00:00:00Z,1123660465.7161186
2019-06-17T00:00:00Z,1117835720.8570836
2019-06-16T00:00:00Z,1091175267.7101603
2019-06-15T00:00:00Z,1094194474.322492
2019-06-14T00:00:00Z,1079855639.4159114
2019-06-13T00:00:00Z,1049022348.6951385
2019-06-12T00:00:00Z,1029725912.9027925
2019-06-11T00:00:00Z,1005427249.6598053
2019-06-10T00:00:00Z,984705544.565928
2019-06-09T00:00:00Z,959098886.1950079
2019-06-08T00:00:00Z,961648952.9657918
2019-06-07T00:00:00Z,957065331.9038129
2019-06-06T00:00:00Z,941214367.0335184
2019-06-05T00:00:00Z,920898882.8727926
2019-06-04T00:00:00Z,883438742.4548428
2019-06-03T00:00:00Z,853178906.5378845
2019-06-02T00:00:00Z,857079113.817066
2019-06-01T00:00:00Z,854350747.837502
2019-05-31T00:00:00Z,843197440.6197608
2019-05-30T00:00:00Z,820317510.6074008
2019-05-29T00:00:00Z,824782428.7779248
2019-05-28T00:00:00Z,804279951.6117071
2019-05-27T00:00:00Z,802923155.0633385
2019-05-26T00:00:00Z,812631993.8125839
2019-05-25T00:00:00Z,804431789.6138675
2019-05-24T00:00:00Z,788561792.6821661
2019-05-23T00:00:00Z,770803786.9948633
2019-05-22T00:00:00Z,754737444.3048203
2019-05-21T00:00:00Z,749201410.7738137
2019-05-20T00:00:00Z,727836704.8232175
2019-05-19T00:00:00Z,711177124.8955413
2019-05-18T00:00:00Z,712021284.3242948
2019-05-17T00:00:00Z,712603823.4277158
2019-05-16T00:00:00Z,701263003.8403308
2019-05-15T00:00:00Z,706827707.3163087
2019-05-14T00:00:00Z,705631712.4877312
2019-05-13T00:00:00Z,690619288.3423808
2019-05-12T00:00:00Z,694047181.771648
2019-05-11T00:00:00Z,690385850.9187007
2019-05-10T00:00:00Z,681627528.3370609
2019-05-09T00:00:00Z,675490638.1362493
2019-05-08T00:00:00Z,676586872.6867659
2019-05-07T00:00:00Z,667972543.3257282
2019-05-06T00:00:00Z,671164604.6669073
2019-05-05T00:00:00Z,670005456.8354012
2019-05-04T00:00:00Z,675923006.6978936
2019-05-03T00:00:00Z,667238365.1875819
2019-05-02T00:00:00Z,640772146.2629619
2019-05-01T00:00:00Z,636353988.272958
2019-04-30T00:00:00Z,626668065.249458
2019-04-29T00:00:00Z,585533787.123784
2019-04-28T00:00:00Z,597310720.8546579
2019-04-27T00:00:00Z,604555000.0820341
2019-04-26T00:00:00Z,605074684.301214
2019-04-25T00:00:00Z,603103423.32807
2019-04-24T00:00:00Z,542803201.3048427
2019-04-23T00:00:00Z,515869452.6187739
2019-04-22T00:00:00Z,508892921.3990659
2019-04-21T00:00:00Z,502431423.5264475
2019-04-20T00:00:00Z,507299999.83448744
2019-04-19T00:00:00Z,513407064.3459561
2019-04-18T00:00:00Z,507134447.68248624
2019-04-17T00:00:00Z,486962824.9326407
2019-04-16T00:00:00Z,477613994.25914764
2019-04-15T00:00:00Z,471864117.6795858
2019-04-14T00:00:00Z,458474240.63532287
2019-04-13T00:00:00Z,463661551.8480222
2019-04-12T00:00:00Z,464510983.1430465
2019-04-11T00:00:00Z,453903423.7078327
2019-04-10T00:00:00Z,438314997.5846236
2019-04-09T00:00:00Z,411814737.09420466
2019-04-08T00:00:00Z,402835841.03887767
2019-04-07T00:00:00Z,383981102.6924767
2019-04-06T00:00:00Z,387773066.59705925
2019-04-05T00:00:00Z,389392284.4893745
2019-04-04T00:00:00Z,383535842.2744973
2019-04-03T00:00:00Z,387753803.7892579
2019-04-02T00:00:00Z,382046953.86843836
2019-04-01T00:00:00Z,368709148.33031934
2019-03-31T00:00:00Z,365514064.7451772
2019-03-30T00:00:00Z,366208123.22778606
2019-03-29T00:00:00Z,366694509.39195085
2019-03-28T00:00:00Z,372140926.9722837
2019-03-27T00:00:00Z,373128613.0063455
2019-03-26T00:00:00Z,375490399.465822
2019-03-25T00:00:00Z,377035519.29887986
2019-03-24T00:00:00Z,383355978.1247152
2019-03-23T00:00:00Z,383607675.6180788
2019-03-22T00:00:00Z,384126582.7231193
2019-03-21T00:00:00Z,382812143.44848204
2019-03-20T00:00:00Z,375823166.70700353
2019-03-19T00:00:00Z,372304539.2539035
2019-03-18T00:00:00Z,372635907.380044
2019-03-17T00:00:00Z,364170087.46682733
2019-03-16T00:00:00Z,363350066.3864198
2019-03-15T00:00:00Z,364817587.9479557
2019-03-14T00:00:00Z,365873470.53016526
2019-03-13T00:00:00Z,368250116.216389
2019-03-12T00:00:00Z,362982719.58015513
2019-03-11T00:00:00Z,365832366.891057
2019-03-10T00:00:00Z,369984866.6059681
2019-03-09T00:00:00Z,372959895.2268393
2019-03-08T00:00:00Z,369454999.47422284
2019-03-07T00:00:00Z,367117794.7321421
2019-03-06T00:00:00Z,369661663.76726377
2019-03-05T00:00:00Z,374208089.1547605
2019-03-04T00:00:00Z,376329709.01099324
2019-03-03T00:00:00Z,380426792.273948
2019-03-02T00:00:00Z,382578072.90760136
2019-03-01T00:00:00Z,380313418.01708585
2019-02-28T00:00:00Z,378546644.8394535
2019-02-27T00:00:00Z,386594293.2511403
2019-02-26T00:00:00Z,377920007.27593374
2019-02-25T00:00:00Z,376460969.18730754
2019-02-24T00:00:00Z,377106883.421641
2019-02-23T00:00:00Z,382990138.4022502
2019-02-22T00:00:00Z,386544889.81983024
2019-02-21T00:00:00Z,356963303.68853337
2019-02-20T00:00:00Z,364598092.62807566
2019-02-19T00:00:00Z,372472586.52014315
2019-02-18T00:00:00Z,371473809.1044271
2019-02-17T00:00:00Z,374071364.32584655
2019-02-16T00:00:00Z,375679754.52058005
2019-02-15T00:00:00Z,378387816.5334607
2019-02-14T00:00:00Z,373800754.19689137
2019-02-13T00:00:00Z,375298624.54105276
2019-02-12T00:00:00Z,376377829.10959053
2019-02-11T00:00:00Z,379693083.5662232
2019-02-10T00:00:00Z,381903686.1249729
2019-02-09T00:00:00Z,383311461.4637801
2019-02-08T00:00:00Z,385402156.45047003
2019-02-07T00:00:00Z,389393063.0626725
2019-02-06T00:00:00Z,388547970.8473612
2019-02-05T00:00:00Z,389658107.5677243
2019-02-04T00:00:00Z,387160759.8528759
2019-02-03T00:00:00Z,391913913.62309486
2019-02-02T00:00:00Z,392726606.11324114
2019-02-01T00:00:00Z,397184542.2319966
2019-01-31T00:00:00Z,392125663.20285016
2019-01-30T00:00:00Z,391873916.37731427
2019-01-29T00:00:00Z,404310170.76751363
2019-01-28T00:00:00Z,413521171.29186696
2019-01-27T00:00:00Z,418040652.23882526
2019-01-26T00:00:00Z,418910830.0475806
2019-01-25T00:00:00Z,420723777.26979154
2019-01-24T00:00:00Z,425336021.40215105
2019-01-23T00:00:00Z,423442673.80972
2019-01-22T00:00:00Z,424538370.05600816
2019-01-21T00:00:00Z,426367558.95102334
2019-01-20T00:00:00Z,429271155.3365369
2019-01-19T00:00:00Z,432099508.21453047
2019-01-18T00:00:00Z,435013107.4664862
2019-01-17T00:00:00Z,442903584.73643225
2019-01-16T00:00:00Z,431031783.92066896
2019-01-15T00:00:00Z,434314232.50992507
2019-01-14T00:00:00Z,422485556.148441
2019-01-13T00:00:00Z,416976301.5748127
2019-01-12T00:00:00Z,416928950.70517796
2019-01-11T00:00:00Z,419585463.24140674
2019-01-10T00:00:00Z,417129507.5540004
2019-01-09T00:00:00Z,413502568.6989385
2019-01-08T00:00:00Z,406171434.4577674
2019-01-07T00:00:00Z,402290601.2623889
2019-01-06T00:00:00Z,402182029.5672419
2019-01-05T00:00:00Z,401589895.9673539
2019-01-04T00:00:00Z,405386903.7557049
2019-01-03T00:00:00Z,408048432.76523256
2019-01-02T00:00:00Z,408185704.8732723
2019-01-01T00:00:00Z,403759503.1880426
2018-12-31T00:00:00Z,398935942.4665584
2018-12-30T00:00:00Z,402938238.72598785
2018-12-29T00:00:00Z,401777641.5650959
2018-12-28T00:00:00Z,405268491.9996523
2018-12-27T00:00:00Z,414664126.3007777
2018-12-26T00:00:00Z,422117576.89849395
2018-12-25T00:00:00Z,427765580.54532164
2018-12-24T00:00:00Z,434168258.8217315
2018-12-23T00:00:00Z,434052153.69958055
2018-12-22T00:00:00Z,432951549.8883367
2018-12-21T00:00:00Z,436974876.0760867
2018-12-20T00:00:00Z,440747920.3891237
2018-12-19T00:00:00Z,433069644.6824536
2018-12-18T00:00:00Z,416744352.8345245
2018-12-17T00:00:00Z,414991896.2509683
2018-12-16T00:00:00Z,405452560.1882551
2018-12-15T00:00:00Z,408559107.71122205
2018-12-14T00:00:00Z,413180362.7540014
2018-12-13T00:00:00Z,411456064.32775646
2018-12-12T00:00:00Z,419899161.1803632
2018-12-11T00:00:00Z,421840957.9399028
2018-12-10T00:00:00Z,425804899.89099914
2018-12-09T00:00:00Z,416861292.2624262
2018-12-08T00:00:00Z,415365278.9409549
2018-12-07T00:00:00Z,402252320.0273472
2018-12-06T00:00:00Z,392668517.80994207
2018-12-05T00:00:00Z,383748582.3965373
2018-12-04T00:00:00Z,387003070.6545388
2018-12-03T00:00:00Z,382002130.82097375
2018-12-02T00:00:00Z,362555503.7892665
2018-12-01T00:00:00Z,364933518.4588889
2018-11-30T00:00:00Z,364876163.6060452
2018-11-29T00:00:00Z,345229713.5358823
2018-11-28T00:00:00Z,324862421.4350798
2018-11-27T00:00:00Z,307564629.5375192
2018-11-26T00:00:00Z,292776042.7167243
2018-11-25T00:00:00Z,290119576.40417
2018-11-24T00:00:00Z,292093477.7039154
2018-11-23T00:00:00Z,287840544.21873534
2018-11-22T00:00:00Z,284385330.1197896
2018-11-21T00:00:00Z,276220562.5664276
2018-11-20T00:00:00Z,266333207.71614194
2018-11-19T00:00:00Z,252596406.317743
2018-11-18T00:00:00Z,252976278.17207336
2018-11-17T00:00:00Z,252317666.7100943
2018-11-16T00:00:00Z,250771031.81932154
2018-11-15T00:00:00Z,242520357.08738282
2018-11-14T00:00:00Z,245549710.6208167
2018-11-13T00:00:00Z,236558493.98900157
2018-11-12T00:00:00Z,230692293.80230603
2018-11-11T00:00:00Z,227524560.27297303
2018-11-10T00:00:00Z,234319625.49159715
2018-11-09T00:00:00Z,237867232.52962822
2018-11-08T00:00:00Z,238063040.18113467
2018-11-07T00:00:00Z,247134905.07644254
2018-11-06T00:00:00Z,255307259.35734844
2018-11-05T00:00:00Z,252228284.7884657
2018-11-04T00:00:00Z,252213397.29750684
2018-11-03T00:00:00Z,256398704.1713382
2018-11-02T00:00:00Z,252878187.90692332
2018-11-01T00:00:00Z,237344130.48769447
2018-10-31T00:00:00Z,240460102.38833782
2018-10-30T00:00:00Z,237579255.63553992
2018-10-29T00:00:00Z,241311436.48125896
2018-10-28T00:00:00Z,240493011.36898783
2018-10-27T00:00:00Z,236101779.13786224
2018-10-26T00:00:00Z,234002205.07621548
2018-10-25T00:00:00Z,226589394.25768182
2018-10-24T00:00:00Z,228918803.6386671
2018-10-23T00:00:00Z,225606470.48981786
2018-10-22T00:00:00Z,209938900.19385543
2018-10-21T00:00:00Z,201818499.19532695
2018-10-20T00:00:00Z,205241873.99199823
2018-10-19T00:00:00Z,197225666.2078429
2018-10-18T00:00:00Z,184618205.1887439
2018-10-17T00:00:00Z,189257610.85304844
2018-10-16T00:00:00Z,188805422.61793223
2018-10-15T00:00:00Z,174634905.56685963
2018-10-14T00:00:00Z,136381686.67933282
2018-10-13T00:00:00Z,136895545.9330166
2018-10-12T00:00:00Z,133044340.61482379
2018-10-11T00:00:00Z,115887765.99166861
2018-10-10T00:00:00Z,112024029.5321065
2018-10-09T00:00:00Z,112130838.12882182
2018-10-08T00:00:00Z,109533081.73259507
2018-10-07T00:00:00Z,109436695.95265414
2018-10-06T00:00:00Z,109760747.7601846
2018-10-05T00:00:00Z,112129800.14321806
2018-10-04T00:00:00Z,106036274.30306439
2018-10-03T00:00:00Z,103751073.34859408
2018-10-02T00:00:00Z,82734846.17105602
2018-10-01T00:00:00Z,83713237.68826678
2018-09-30T00:00:00Z,78253875.46522225
2018-09-29T00:00:00Z,77894001.60773079
2018-09-28T00:00:00Z,79843939.20471856
2018-09-27T00:00:00Z,68831487.18489741
2018-09-26T00:00:00Z,68370689.6297436
2018-09-25T00:00:00Z,66548022.41619977
2018-09-24T00:00:00Z,67096814.45401879
2018-09-23T00:00:00Z,66626806.82553365
2018-09-22T00:00:00Z,66454977.745934114
2018-09-21T00:00:00Z,66149855.93556957
2018-09-20T00:00:00Z,66361121.4871932
2018-09-19T00:00:00Z,64848932.725950345
2018-09-18T00:00:00Z,64914777.213010766
2018-09-17T00:00:00Z,59139518.40607071
2018-09-16T00:00:00Z,60215095.751281224
2018-09-15T00:00:00Z,61083641.807369776
2018-09-14T00:00:00Z,60687571.71579219
2018-09-13T00:00:00Z,57985036.87718958
2018-09-12T00:00:00Z,59286931.526710324
2018-09-11T00:00:00Z,61055952.292760625
2018-09-10T00:00:00Z,58003556.30080597
2018-09-09T00:00:00Z,59930868.438619114
2018-09-08T00:00:00Z,59451592.751243964
2018-09-07T00:00:00Z,60476813.68296426
2018-09-06T00:00:00Z,59722964.77135767
2018-09-05T00:00:00Z,59916514.43880557
2018-09-04T00:00:00Z,49923991.79476063
2018-09-03T00:00:00Z,50534525.477853894
2018-09-02T00:00:00Z,52720769.52431822
2018-09-01T00:00:00Z,53045462.23163068
2018-08-31T00:00:00Z,52990454.5655401
2018-08-30T00:00:00Z,52508418.45397364
2018-08-29T00:00:00Z,53316770.08701924
2018-08-28T00:00:00Z,53429897.85215473
2018-08-27T00:00:00Z,54344993.933731824
2018-08-26T00:00:00Z,53996165.311882496
2018-08-25T00:00:00Z,54781235.328251585
2018-08-24T00:00:00Z,51036287.48408482
2018-08-23T00:00:00Z,51145761.48214281
2018-08-22T00:00:00Z,48817694.373661935
2018-08-21T00:00:00Z,49046029.23160393
2018-08-20T00:00:00Z,49425544.208333485
2018-08-19T00:00:00Z,49817166.4917165
2018-08-18T00:00:00Z,48849293.98853453
2018-08-17T00:00:00Z,48612354.26820592
2018-08-16T00:00:00Z,48940091.23530543
2018-08-15T00:00:00Z,44347332.66095701
2018-08-14T00:00:00Z,44718133.1843622
2018-08-13T00:00:00Z,46572684.869503684
2018-08-12T00:00:00Z,46495596.07694556
2018-08-11T00:00:00Z,46321935.6897567
2018-08-10T00:00:00Z,46669575.67698005
2018-08-09T00:00:00Z,46253094.96188658
2018-08-08T00:00:00Z,46738832.59554529
2018-08-07T00:00:00Z,46965808.656085156
2018-08-06T00:00:00Z,46967948.523461126
2018-08-05T00:00:00Z,47895203.784064844
2018-08-04T00:00:00Z,47629592.40874698
2018-08-03T00:00:00Z,48070255.2634355
2018-08-02T00:00:00Z,46956747.14920374
2018-08-01T00:00:00Z,44113665.2141763
2018-07-31T00:00:00Z,42456504.39600382
2018-07-30T00:00:00Z,43057453.077427216
2018-07-29T00:00:00Z,59567565.44822238
2018-07-28T00:00:00Z,60193406.6010346
2018-07-27T00:00:00Z,90512281.51718524
2018-07-26T00:00:00Z,97994479.82837273
2018-07-25T00:00:00Z,100757974.47994134
2018-07-24T00:00:00Z,100214792.5129875
2018-07-23T00:00:00Z,101130565.12531503
2018-07-22T00:00:00Z,102313956.53360215
2018-07-21T00:00:00Z,102141704.92438677
2018-07-20T00:00:00Z,103756511.6919006
2018-07-19T00:00:00Z,101445950.48261648
2018-07-18T00:00:00Z,102941867.3113474
2018-07-17T00:00:00Z,104038556.89571515
2018-07-16T00:00:00Z,104736463.75507078
2018-07-15T00:00:00Z,105569950.51281907
2018-07-14T00:00:00Z,107236458.43620333
2018-07-13T00:00:00Z,107130569.83168307
2018-07-12T00:00:00Z,107473620.73796543
2018-07-11T00:00:00Z,108100932.43073878
2018-07-10T00:00:00Z,108872321.71328366
2018-07-09T00:00:00Z,114220853.29762296
2018-07-08T00:00:00Z,118847227.4763214
2018-07-07T00:00:00Z,116338284.26419753
2018-07-06T00:00:00Z,113620324.88970608
2018-07-05T00:00:00Z,116606233.33207111
2018-07-04T00:00:00Z,115166092.65899637
2018-07-03T00:00:00Z,117032814.33998434
2018-07-02T00:00:00Z,118427840.27184811
2018-07-01T00:00:00Z,114679674.79734614
2018-06-30T00:00:00Z,115223814.44480523
2018-06-29T00:00:00Z,94632332.65191862
2018-06-28T00:00:00Z,91226096.8669512
2018-06-27T00:00:00Z,91835180.97056933
2018-06-26T00:00:00Z,92901941.7379325
2018-06-25T00:00:00Z,86513323.5696919
2018-06-24T00:00:00Z,86449093.46179126
2018-06-23T00:00:00Z,84488026.46496582
2018-06-22T00:00:00Z,79341499.3789531
2018-06-21T00:00:00Z,76812019.52725
2018-06-20T00:00:00Z,80310857.8035144
2018-06-19T00:00:00Z,81035757.4909643
2018-06-18T00:00:00Z,80072019.744073
2018-06-17T00:00:00Z,68008655.26161845
2018-06-16T00:00:00Z,68516717.55739316
2018-06-15T00:00:00Z,69041268.72554883
2018-06-14T00:00:00Z,68784631.84760751
2018-06-13T00:00:00Z,68335255.5037187
2018-06-12T00:00:00Z,65206634.67002909
2018-06-11T00:00:00Z,84909487.7464639
2018-06-10T00:00:00Z,85485935.08389375
2018-06-09T00:00:00Z,85987076.1035639
2018-06-08T00:00:00Z,86232266.15873216
2018-06-07T00:00:00Z,86054933.28006035
2018-06-06T00:00:00Z,85831828.6458202
2018-06-05T00:00:00Z,85789668.99597931
2018-06-04T00:00:00Z,84076661.17541157
2018-06-03T00:00:00Z,84557174.38915169
2018-06-02T00:00:00Z,84802785.345655
2018-06-01T00:00:00Z,85137177.36672118
2018-05-31T00:00:00Z,84070245.14508593
2018-05-30T00:00:00Z,81289566.2207577
2018-05-29T00:00:00Z,82941790.22761625
2018-05-28T00:00:00Z,81300449.161873
2018-05-27T00:00:00Z,81694146.45121846
2018-05-26T00:00:00Z,82085023.96445805
2018-05-25T00:00:00Z,78478625.95474988
2018-05-24T00:00:00Z,79200164.4261581
2018-05-23T00:00:00Z,78388904.47547694
2018-05-22T00:00:00Z,81132567.39082688
2018-05-21T00:00:00Z,81309089.62890987
2018-05-20T00:00:00Z,64294576.27865036
2018-05-19T00:00:00Z,64579611.01247856
2018-05-18T00:00:00Z,64103655.54981541
2018-05-17T00:00:00Z,63650422.80818795
2018-05-16T00:00:00Z,64132414.78257215
2018-05-15T00:00:00Z,58262549.367257215
2018-05-14T00:00:00Z,57919142.746121556
2018-05-13T00:00:00Z,58551734.12020359
2018-05-12T00:00:00Z,58238389.13352257
2018-05-11T00:00:00Z,57599181.64367681
2018-05-10T00:00:00Z,57833085.369126916
2018-05-09T00:00:00Z,58758483.85642025
2018-05-08T00:00:00Z,58018763.17148249
2018-05-07T00:00:00Z,59673931.34468076
2018-05-06T00:00:00Z,59641874.29070394
2018-05-05T00:00:00Z,59784259.15365851
2018-05-04T00:00:00Z,60034131.98294248
2018-05-03T00:00:00Z,59712915.57349375
2018-05-02T00:00:00Z,59820534.02029146
2018-05-01T00:00:00Z,59473374.94849588
2018-04-30T00:00:00Z,59084322.87986016
2018-04-29T00:00:00Z,58987374.784664534
2018-04-28T00:00:00Z,59336541.05242014
2018-04-27T00:00:00Z,59749627.12876206
2018-04-26T00:00:00Z,60572173.44610214
2018-04-25T00:00:00Z,59353275.66136429
2018-04-24T00:00:00Z,60558073.34527882
2018-04-23T00:00:00Z,64896276.08724591
2018-04-22T00:00:00Z,65076483.36520905
2018-04-21T00:00:00Z,65381668.93264023
2018-04-20T00:00:00Z,54924394.81654798
2018-04-19T00:00:00Z,54235670.550778225
2018-04-18T00:00:00Z,54077364.134236
2018-04-17T00:00:00Z,53991876.474200204
2018-04-16T00:00:00Z,53958408.269967034
2018-04-15T00:00:00Z,54736979.6063977
2018-04-14T00:00:00Z,56100535.41536086
2018-04-13T00:00:00Z,59203368.650223315
2018-04-12T00:00:00Z,59517297.93954157
2018-04-11T00:00:00Z,61946089.29363828
2018-04-10T00:00:00Z,64095560.1083713
2018-04-09T00:00:00Z,64523569.07603845
2018-04-08T00:00:00Z,63873622.01733582
2018-04-07T00:00:00Z,63723517.47679425
2018-04-06T00:00:00Z,63442053.6617745
2018-04-05T00:00:00Z,63139874.398844145
2018-04-04T00:00:00Z,62900993.649703495
2018-04-03T00:00:00Z,61648827.049123704
2018-04-02T00:00:00Z,62790342.219362035
2018-04-01T00:00:00Z,62993338.12400156
2018-03-31T00:00:00Z,62435151.379979804
2018-03-30T00:00:00Z,62553120.13647172
2018-03-29T00:00:00Z,59903413.236403294
2018-03-28T00:00:00Z,58369851.39549755
2018-03-27T00:00:00Z,58051994.42650573
2018-03-26T00:00:00Z,59637433.58645795
2018-03-25T00:00:00Z,59899160.16628069
2018-03-24T00:00:00Z,62269455.27304971
2018-03-23T00:00:00Z,62412271.01027496
2018-03-22T00:00:00Z,59531360.507515006
2018-03-21T00:00:00Z,59121194.59270159
2018-03-20T00:00:00Z,58658765.174935
2018-03-19T00:00:00Z,58695657.11397388
2018-03-18T00:00:00Z,58800702.016196325
2018-03-17T00:00:00Z,57906872.01483912
2018-03-16T00:00:00Z,56769014.40693227
2018-03-15T00:00:00Z,56450869.61938279
2018-03-14T00:00:00Z,53349739.99918436
2018-03-13T00:00:00Z,52142774.118041605
2018-03-12T00:00:00Z,53108511.24474547
2018-03-11T00:00:00Z,53380529.23875993
2018-03-10T00:00:00Z,52277834.682676144
2018-03-09T00:00:00Z,54181543.17658539
2018-03-08T00:00:00Z,51629251.591436565
2018-03-07T00:00:00Z,51501305.72453004
2018-03-06T00:00:00Z,50844655.6166654
2018-03-05T00:00:00Z,45151204.27746973
2018-03-04T00:00:00Z,45047153.192109
2018-03-03T00:00:00Z,44637421.75133787
2018-03-02T00:00:00Z,44307479.74734547
2018-03-01T00:00:00Z,44082123.562509395
2018-02-28T00:00:00Z,42435555.46021548
2018-02-27T00:00:00Z,42270311.36549093
2018-02-26T00:00:00Z,42520970.73654718
2018-02-25T00:00:00Z,42370592.72964577
2018-02-24T00:00:00Z,42154082.390154965
2018-02-23T00:00:00Z,40605234.82129502
2018-02-22T00:00:00Z,40655805.62984143
2018-02-21T00:00:00Z,38505214.84438134
2018-02-20T00:00:00Z,36564356.08840587
2018-02-19T00:00:00Z,36094904.77877841
2018-02-18T00:00:00Z,35801314.30489005
2018-02-17T00:00:00Z,35140587.138778694
2018-02-16T00:00:00Z,35655779.45901373
2018-02-15T00:00:00Z,35745386.55063945
2018-02-14T00:00:00Z,36338975.7183756
2018-02-13T00:00:00Z,35329973.66647749
2018-02-12T00:00:00Z,34538671.54141753
2018-02-11T00:00:00Z,34690227.101175465
2018-02-10T00:00:00Z,33981298.13293825
2018-02-09T00:00:00Z,34492489.67856268
2018-02-08T00:00:00Z,32984852.15115624
2018-02-07T00:00:00Z,33132502.006291293
2018-02-06T00:00:00Z,33532368.056987662
2018-02-05T00:00:00Z,32070482.68328952
2018-02-04T00:00:00Z,28389382.80517869
2018-02-03T00:00:00Z,26154074.46402743
2018-02-02T00:00:00Z,26924692.631234072
2018-02-01T00:00:00Z,17934180.91053483
2018-01-31T00:00:00Z,17650954.95323526
2018-01-30T00:00:00Z,16330049.411103811
2018-01-29T00:00:00Z,29332870.44826596
2018-01-28T00:00:00Z,29695837.31469115
2018-01-27T00:00:00Z,5639212.45511997
2018-01-26T00:00:00Z,14611094.157697449
2018-01-25T00:00:00Z,26174549.04977265
2018-01-24T00:00:00Z,28296716.77794616
2018-01-23T00:00:00Z,29448839.09399201
2018-01-22T00:00:00Z,30512542.67990783
2018-01-21T00:00:00Z,587746.99822443
2018-01-20T00:00:00Z,643505.21480696
2018-01-19T00:00:00Z,719022.56039591
2018-01-18T00:00:00Z,532198.27926586
2018-01-17T00:00:00Z,611834.05396004
2018-01-16T00:00:00Z,620369.47701829
2018-01-15T00:00:00Z,672410.47701829
2018-01-14T00:00:00Z,736778.89512674
2018-01-13T00:00:00Z,763278.89512674
2018-01-12T00:00:00Z,829594.83777925
2018-01-11T00:00:00Z,773045.99377757
2018-01-10T00:00:00Z,642217.69275683
2018-01-09T00:00:00Z,758682.01096817
2018-01-08T00:00:00Z,780170.65576213
2018-01-07T00:00:00Z,4049.88925848
2018-01-06T00:00:00Z,12434.60269848
2018-01-05T00:00:00Z,47671.3865408
2018-01-04T00:00:00Z,12378.00591756
2018-01-03T00:00:00Z,46568.078017
2018-01-02T00:00:00Z,76984.638317
2018-01-01T00:00:00Z,107692.85774922
2017-12-31T00:00:00Z,135620.73026172
2017-12-30T00:00:00Z,162788.71676172
2017-12-29T00:00:00Z,188788.71676172
2017-12-28T00:00:00Z,219827.12877107
2017-12-27T00:00:00Z,269922.85996687
2017-12-26T00:00:00Z,372751.68526725
2017-12-25T00:00:00Z,67123.43091882
2017-12-24T00:00:00Z,77375.4712874
2017-12-23T00:00:00Z,86591.51002174
2017-12-22T00:00:00Z,173868.27964045
2017-12-21T00:00:00Z,200000
2017-12-20T00:00:00Z,200000
